customer_id,first_name,last_name,country,city,segment,signup_date
C00001,Junior,Agossou,Togo,Lomé,Particulier,2025-09-03
C00002,Fabrice,Baba,Sénégal,Dakar,Particulier,2025-09-08
C00003,Aïcha,Tchibozo,Bénin,Porto-Novo,Particulier,2024-10-28
C00004,Grâce,Ndiaye,Nigeria,Port Harcourt,Particulier,2026-02-24
C00005,Junior,Kaboré,Sénégal,Touba,Particulier,2025-05-15
C00006,Fabrice,Sow,Ghana,Tamale,PME,2024-01-30
C00007,Hervé,Sow,Côte d'Ivoire,Bouaké,Particulier,2024-03-01
C00008,Arnaud,Traoré,Nigeria,Abuja,Particulier,2026-02-20
C00009,Oumar,Ouédraogo,Nigeria,Ibadan,PME,2025-12-05
C00010,Estelle,Kouassi,Ghana,Accra,PME,2025-04-02
C00011,Kevin,Kouassi,Bénin,Porto-Novo,Particulier,2026-02-08
C00012,Grâce,Ouédraogo,Côte d'Ivoire,San-Pédro,Particulier,2025-12-21
C00013,David,Amoussou,Bénin,Porto-Novo,Particulier,2024-06-17
C00014,Joël,Sagna,Bénin,Cotonou,Particulier,2024-03-04
C00015,Samuel,Mensah,Sénégal,Saint-Louis,Particulier,2026-05-10
C00016,Natacha,Tchibozo,Ghana,Kumasi,Particulier,2026-03-09
C00017,Koffi,Amani,Nigeria,Ibadan,Particulier,2025-09-09
C00018,Fatou,Kouassi,Togo,Lomé,PME,2026-01-03
C00019,Hervé,Mensah,Côte d'Ivoire,Abidjan,Particulier,2026-06-17
C00020,Aminata,Sow,Côte d'Ivoire,Abidjan,Particulier,2026-02-15
C00021,Yannick,Mensah,Bénin,Parakou,PME,2024-12-30
C00022,Mariam,Ndiaye,Bénin,Parakou,Particulier,2025-09-22
C00023,Chantal,Ahouansou,Côte d'Ivoire,San-Pédro,Particulier,2025-07-07
C00024,Ruth,Amani,Togo,Lomé,Entreprise,2024-05-20
C00025,Grâce,Ndiaye,Sénégal,Touba,Particulier,2026-06-13
C00026,Moussa,Baba,Côte d'Ivoire,Abidjan,Particulier,2024-02-28
C00027,Rodrigue,Mensah,Nigeria,Port Harcourt,Particulier,2025-12-29
C00028,Samuel,Amoussou,Ghana,Accra,Particulier,2025-06-14
C00029,Franck,Yao,Togo,Lomé,PME,2025-02-28
C00030,Fabrice,Diallo,Nigeria,Lagos,Particulier,2024-11-11
C00031,David,Dossou,Nigeria,Lagos,Particulier,2025-05-13
C00032,Natacha,Adjovi,Côte d'Ivoire,San-Pédro,Particulier,2025-07-18
C00033,Aminata,Baba,Togo,Kara,PME,2024-08-20
C00034,Aïcha,Gomis,Sénégal,Thiès,Entreprise,2025-07-11
C00035,Aminata,Adjovi,Bénin,Parakou,Particulier,2026-02-07
C00036,Koffi,Zinsou,Bénin,Abomey-Calavi,Particulier,2025-05-10
C00037,Yannick,Traoré,Bénin,Abomey-Calavi,Particulier,2024-06-30
C00038,Yannick,Adjovi,Ghana,Accra,PME,2025-10-29
C00039,Malick,Amani,Sénégal,Dakar,Entreprise,2024-04-01
C00040,Moussa,Zinsou,Ghana,Accra,PME,2025-03-02
C00041,Moussa,Baba,Ghana,Tamale,Particulier,2024-01-17
C00042,Ismaël,Ndiaye,Côte d'Ivoire,San-Pédro,Particulier,2025-12-31
C00043,Clarisse,Sow,Sénégal,Dakar,Particulier,2025-05-26
C00044,Sarah,Diop,Bénin,Abomey-Calavi,PME,2026-05-04
C00045,Ruth,Tchibozo,Bénin,Porto-Novo,PME,2025-04-12
C00046,Junior,Kaboré,Sénégal,Saint-Louis,PME,2024-03-02
C00047,Yannick,Kouassi,Côte d'Ivoire,Yamoussoukro,PME,2026-03-14
C00048,Natacha,Mensah,Sénégal,Touba,Particulier,2024-10-09
C00049,Sarah,Sow,Ghana,Kumasi,Particulier,2024-08-06
C00050,Blandine,Zinsou,Sénégal,Touba,PME,2026-05-30
C00051,Clarisse,Dossou,Sénégal,Saint-Louis,Particulier,2025-03-03
C00052,David,Sow,Sénégal,Thiès,Particulier,2025-01-23
C00053,Clarisse,Dossou,Togo,Kara,Particulier,2025-04-05
C00054,Rodrigue,Assogba,Bénin,Parakou,PME,2024-06-01
C00055,Grâce,Sow,Côte d'Ivoire,Yamoussoukro,Particulier,2026-03-17
C00056,Ismaël,Traoré,Togo,Kara,Particulier,2024-10-15
C00057,Estelle,Ahouansou,Côte d'Ivoire,Abidjan,Entreprise,2026-01-27
C00058,Mariam,Mensah,Nigeria,Ibadan,PME,2024-05-18
C00059,Rodrigue,Mensah,Togo,Lomé,PME,2024-06-29
C00060,Ismaël,Baba,Bénin,Porto-Novo,Particulier,2025-08-11
C00061,Samuel,Ouédraogo,Togo,Sokodé,PME,2024-06-11
C00062,Junior,Yao,Togo,Sokodé,PME,2025-12-01
C00063,Sarah,Mensah,Sénégal,Touba,Particulier,2024-01-18
C00064,Samuel,Zinsou,Sénégal,Touba,Entreprise,2025-06-19
C00065,Arnaud,Dossou,Ghana,Kumasi,Particulier,2026-02-26
C00066,Chantal,Sagna,Sénégal,Thiès,PME,2024-02-17
C00067,David,Ouédraogo,Côte d'Ivoire,Abidjan,PME,2024-08-19
C00068,Prisca,Amani,Nigeria,Port Harcourt,Particulier,2024-01-13
C00069,Ismaël,Diallo,Bénin,Abomey-Calavi,Particulier,2024-10-01
C00070,Nadia,Baba,Bénin,Abomey-Calavi,Particulier,2024-07-24
C00071,Arnaud,Mensah,Bénin,Porto-Novo,Particulier,2024-06-17
C00072,Sonia,Diallo,Ghana,Accra,Particulier,2024-01-27
C00073,Ruth,Traoré,Côte d'Ivoire,San-Pédro,Particulier,2026-01-18
C00074,Rodrigue,Adjovi,Bénin,Abomey-Calavi,PME,2025-05-25
C00075,Sonia,Diallo,Côte d'Ivoire,Bouaké,Particulier,2024-09-23
C00076,Yannick,Diallo,Bénin,Porto-Novo,PME,2024-10-10
C00077,Malick,Ndiaye,Ghana,Tamale,Particulier,2024-04-08
C00078,Arnaud,Kouassi,Côte d'Ivoire,Yamoussoukro,Particulier,2025-03-16
C00079,Aïcha,Ahouansou,Côte d'Ivoire,Yamoussoukro,Entreprise,2026-01-28
C00080,Oumar,Zinsou,Togo,Sokodé,Particulier,2025-08-17
C00081,Ibrahim,Sagna,Sénégal,Dakar,Particulier,2024-05-14
C00082,Yannick,Sow,Côte d'Ivoire,Bouaké,Particulier,2026-01-12
C00083,Fatou,Diop,Bénin,Abomey-Calavi,Entreprise,2024-10-21
C00084,Junior,Zinsou,Bénin,Abomey-Calavi,Particulier,2024-05-16
C00085,Blandine,Kaboré,Nigeria,Abuja,Particulier,2026-06-11
C00086,Ruth,Amani,Nigeria,Lagos,PME,2024-09-07
C00087,Yannick,Amani,Ghana,Accra,PME,2025-03-22
C00088,Prisca,Zinsou,Togo,Sokodé,PME,2024-08-02
C00089,Fabrice,Gomis,Nigeria,Abuja,PME,2025-02-17
C00090,Aminata,Sow,Ghana,Tamale,PME,2024-08-05
C00091,Kevin,Diop,Ghana,Kumasi,Particulier,2025-11-29
C00092,Mariam,Tchibozo,Côte d'Ivoire,San-Pédro,Particulier,2025-04-25
C00093,Joël,Assogba,Togo,Kara,Particulier,2026-06-15
C00094,Kevin,Adjovi,Bénin,Cotonou,Particulier,2024-11-17
C00095,Estelle,Assogba,Nigeria,Lagos,PME,2026-02-09
C00096,Aïcha,Sagna,Côte d'Ivoire,Bouaké,Particulier,2025-02-13
C00097,Samuel,Adjovi,Togo,Kara,Particulier,2024-04-27
C00098,Fatou,Yao,Togo,Kara,PME,2024-06-17
C00099,Ibrahim,Tchibozo,Sénégal,Dakar,Particulier,2025-06-14
C00100,Ruth,Kaboré,Bénin,Parakou,Particulier,2024-04-19
C00101,Mariam,Sagna,Nigeria,Lagos,Particulier,2025-01-23
C00102,Hervé,Kaboré,Ghana,Kumasi,Particulier,2024-08-08
C00103,Fatou,Kaboré,Ghana,Kumasi,PME,2025-11-27
C00104,Sarah,Adjovi,Côte d'Ivoire,Bouaké,PME,2025-05-17
C00105,Blandine,Yao,Sénégal,Touba,Particulier,2024-07-29
C00106,Hervé,Sagna,Sénégal,Saint-Louis,PME,2024-10-12
C00107,Estelle,Mensah,Sénégal,Touba,Particulier,2025-03-28
C00108,Blandine,Gomis,Bénin,Cotonou,Particulier,2026-02-18
C00109,Chantal,Amani,Côte d'Ivoire,Abidjan,Particulier,2024-02-13
C00110,Fabrice,Sow,Bénin,Porto-Novo,Particulier,2025-03-20
C00111,Kevin,Sow,Côte d'Ivoire,Yamoussoukro,Particulier,2026-06-01
C00112,Sarah,Kouassi,Togo,Lomé,Particulier,2024-09-12
C00113,Blandine,Baba,Bénin,Porto-Novo,PME,2024-01-02
C00114,Kevin,Amoussou,Bénin,Porto-Novo,PME,2025-11-02
C00115,Sarah,Dossou,Sénégal,Saint-Louis,PME,2024-01-23
C00116,Fabrice,Kaboré,Bénin,Abomey-Calavi,Particulier,2024-08-06
C00117,Koffi,Ahouansou,Nigeria,Port Harcourt,PME,2024-05-24
C00118,Hervé,Assogba,Sénégal,,Particulier,2024-02-03
C00119,Rodrigue,Mensah,Côte d'Ivoire,San-Pédro,PME,2024-09-30
C00120,Junior,Sow,Sénégal,Touba,PME,2024-11-23
C00121,Grâce,Diallo,Bénin,Parakou,Particulier,2026-01-09
C00122,Estelle,Ndiaye,Nigeria,Port Harcourt,PME,2024-03-08
C00123,Aminata,Amani,Côte d'Ivoire,Yamoussoukro,Entreprise,2026-02-03
C00124,Blandine,Mensah,Ghana,Tamale,Particulier,2025-11-23
C00125,Malick,Agossou,Bénin,Porto-Novo,PME,2025-08-02
C00126,Sonia,Zinsou,Côte d'Ivoire,San-Pédro,PME,2025-03-23
C00127,Grâce,Dossou,Côte d'Ivoire,Abidjan,Entreprise,2024-07-09
C00128,Fatou,Assogba,Nigeria,Port Harcourt,Particulier,2024-06-12
C00129,Arnaud,Gomis,Sénégal,Dakar,Entreprise,2025-07-14
C00130,Fabrice,Dossou,Côte d'Ivoire,Yamoussoukro,PME,2025-08-09
C00131,Ibrahim,Amani,Togo,Kara,Particulier,2026-02-10
C00132,Clarisse,Ahouansou,Côte d'Ivoire,Yamoussoukro,PME,2026-05-25
C00133,Mariam,Agossou,Côte d'Ivoire,Bouaké,Particulier,2025-08-30
C00134,Ibrahim,Ndiaye,Côte d'Ivoire,San-Pédro,Particulier,2024-09-15
C00135,Prisca,Ndiaye,Bénin,Porto-Novo,Particulier,2025-02-05
C00136,Grâce,Sagna,Nigeria,Abuja,PME,2026-04-24
C00137,Ruth,Mensah,Nigeria,Port Harcourt,PME,2024-04-08
C00138,Joël,Zinsou,Bénin,Porto-Novo,Particulier,2024-10-24
C00139,Kevin,Dossou,Sénégal,Dakar,Particulier,2024-09-02
C00140,Ibrahim,Mensah,Bénin,Abomey-Calavi,PME,2024-09-01
C00141,Yannick,Yao,Sénégal,Touba,PME,2024-11-02
C00142,Junior,Kaboré,Togo,Lomé,Particulier,2024-07-17
C00143,Aïcha,Adjovi,Sénégal,Dakar,Particulier,2025-03-02
C00144,Kevin,Ndiaye,Ghana,Kumasi,Entreprise,2026-06-14
C00145,Grâce,Tchibozo,Ghana,Accra,Particulier,2024-10-06
C00146,Joël,Ndiaye,Bénin,Cotonou,Particulier,2025-12-23
C00147,Clarisse,Sagna,Nigeria,Ibadan,PME,2025-01-10
C00148,Ruth,Ahouansou,Togo,Sokodé,Particulier,2024-04-06
C00149,David,Diallo,Bénin,Porto-Novo,Entreprise,2025-09-09
C00150,Samuel,Amoussou,Sénégal,Thiès,Particulier,2024-03-15
C00151,Fatou,Sagna,Côte d'Ivoire,Abidjan,Particulier,2025-12-30
C00152,Joël,Sow,Nigeria,Abuja,Particulier,2024-09-03
C00153,Mariam,Kaboré,Nigeria,Abuja,Particulier,2024-02-01
C00154,Blandine,Sagna,Togo,Lomé,Particulier,2024-05-08
C00155,David,Sow,Nigeria,Abuja,PME,2024-03-10
C00156,Natacha,Amani,Togo,Kara,PME,2024-02-11
C00157,Sarah,Traoré,Côte d'Ivoire,Bouaké,Particulier,2026-06-16
C00158,Mariam,Diallo,Togo,Lomé,PME,2025-02-11
C00159,Sarah,Adjovi,Nigeria,Port Harcourt,Particulier,2025-02-28
C00160,Sarah,Traoré,Bénin,Porto-Novo,Particulier,2026-02-08
C00161,Blandine,Gomis,Bénin,Porto-Novo,Particulier,2024-12-26
C00162,Ismaël,Zinsou,Côte d'Ivoire,Abidjan,Entreprise,2025-11-29
C00163,Samuel,Tchibozo,Nigeria,Port Harcourt,Particulier,2024-11-04
C00164,David,Yao,Nigeria,Abuja,Particulier,2024-09-24
C00165,Fatou,Gomis,Ghana,Kumasi,Particulier,2024-05-30
C00166,Aminata,Kouassi,Nigeria,Abuja,Particulier,2024-08-09
C00167,Ruth,Gomis,Nigeria,Abuja,Particulier,2025-05-25
C00168,Chantal,Gomis,Côte d'Ivoire,San-Pédro,Particulier,2025-06-15
C00169,David,Gomis,Togo,Sokodé,Particulier,2025-02-06
C00170,Kevin,Kaboré,Ghana,Tamale,Particulier,2025-07-05
C00171,Ibrahim,Sow,Sénégal,Touba,Particulier,2025-12-24
C00172,Nadia,Traoré,Côte d'Ivoire,Abidjan,Particulier,2025-01-04
C00173,Malick,Ahouansou,Bénin,Porto-Novo,Particulier,2024-11-04
C00174,Malick,Dossou,Ghana,Tamale,PME,2025-11-02
C00175,Yannick,Diop,Togo,Lomé,PME,2024-04-28
C00176,Grâce,Adjovi,Nigeria,Ibadan,PME,2024-07-22
C00177,Mariam,Ndiaye,Togo,Sokodé,Particulier,2024-03-05
C00178,Samuel,Ndiaye,Bénin,Abomey-Calavi,PME,2025-07-09
C00179,Clarisse,Amani,Nigeria,Port Harcourt,Particulier,2024-06-26
C00180,Chantal,Assogba,Bénin,Cotonou,Entreprise,2025-03-10
C00181,Prisca,Kouassi,Bénin,Cotonou,Entreprise,2025-01-08
C00182,Moussa,Amani,Sénégal,Thiès,Particulier,2026-04-18
C00183,Ismaël,Kouassi,Nigeria,Port Harcourt,Particulier,2026-04-09
C00184,Samuel,Sagna,Bénin,Cotonou,PME,2024-09-02
C00185,Rodrigue,Tchibozo,Togo,Lomé,PME,2024-07-11
C00186,Oumar,Baba,Ghana,Accra,Particulier,2024-12-23
C00187,Samuel,Amani,Nigeria,Lagos,Particulier,2024-01-06
C00188,Fatou,Kouassi,Côte d'Ivoire,Bouaké,Particulier,2024-03-14
C00189,Oumar,Ndiaye,Bénin,Parakou,Entreprise,2024-10-04
C00190,Malick,Assogba,Bénin,Parakou,Entreprise,2025-06-10
C00191,Joël,Amoussou,Togo,Kara,PME,2024-10-14
C00192,David,Amoussou,Bénin,Porto-Novo,Particulier,2025-09-08
C00193,Aïcha,Tchibozo,Sénégal,Touba,Entreprise,2024-09-03
C00194,Ibrahim,Baba,Bénin,Abomey-Calavi,Particulier,2024-06-12
C00195,Estelle,Sagna,Côte d'Ivoire,Bouaké,PME,2026-01-28
C00196,Fatou,Amoussou,Ghana,Kumasi,Particulier,2024-07-06
C00197,Samuel,Kouassi,Sénégal,Thiès,PME,2026-01-03
C00198,Fatou,Tchibozo,Bénin,Cotonou,Particulier,2025-06-19
C00199,Rodrigue,Amoussou,Nigeria,Abuja,PME,2025-04-10
C00200,Ismaël,Dossou,Ghana,Tamale,Particulier,2026-04-26
C00201,Aïcha,Assogba,Ghana,Accra,Particulier,2024-07-31
C00202,Prisca,Zinsou,Bénin,Parakou,PME,2025-05-12
C00203,Kevin,Kouassi,Bénin,Porto-Novo,PME,2025-08-21
C00204,Fatou,Diallo,Nigeria,Port Harcourt,Particulier,2024-12-27
C00205,Fatou,Yao,Côte d'Ivoire,San-Pédro,Entreprise,2025-12-09
C00206,Rodrigue,Ahouansou,Togo,Lomé,PME,2024-09-26
C00207,Sarah,Amoussou,Côte d'Ivoire,Yamoussoukro,PME,2024-10-25
C00208,Moussa,Dossou,Sénégal,Touba,Particulier,2024-01-10
C00209,David,Adjovi,Nigeria,Port Harcourt,Particulier,2026-03-02
C00210,Kevin,Sow,Togo,Sokodé,Particulier,2025-01-21
C00211,Mariam,Ouédraogo,Nigeria,Lagos,PME,2024-05-04
C00212,David,Tchibozo,Bénin,Porto-Novo,Particulier,2025-11-28
C00213,Sarah,Agossou,Sénégal,Thiès,Particulier,2025-12-26
C00214,Moussa,Ahouansou,Sénégal,Touba,Particulier,2026-05-04
C00215,Oumar,Ouédraogo,Bénin,Abomey-Calavi,Particulier,2024-01-21
C00216,Ismaël,Ahouansou,Bénin,Parakou,Particulier,2026-03-08
C00217,Hervé,Yao,Côte d'Ivoire,San-Pédro,Particulier,2025-08-18
C00218,Mariam,Dossou,Nigeria,Ibadan,Particulier,2024-08-02
C00219,Oumar,Diop,Sénégal,Touba,Particulier,2025-01-25
C00220,Franck,Baba,Nigeria,Ibadan,Particulier,2025-06-10
C00221,Prisca,Traoré,Nigeria,Abuja,PME,2024-07-18
C00222,Arnaud,Zinsou,Côte d'Ivoire,Bouaké,Particulier,2024-11-23
C00223,Nadia,Tchibozo,Ghana,Tamale,Particulier,2025-06-26
C00224,Joël,Ahouansou,Bénin,Abomey-Calavi,Particulier,2026-01-30
C00225,Franck,Yao,Bénin,Cotonou,Entreprise,2024-12-20
C00226,Sonia,Kaboré,Nigeria,Abuja,Particulier,2024-09-09
C00227,Kevin,Sagna,Ghana,Kumasi,Particulier,2025-09-14
C00228,Sonia,Kaboré,Togo,Lomé,PME,2025-03-31
C00229,Aminata,Sow,Côte d'Ivoire,Yamoussoukro,Particulier,2025-03-24
C00230,Junior,Zinsou,Sénégal,Touba,PME,2026-03-01
C00231,Rodrigue,Diop,Nigeria,Port Harcourt,Particulier,2026-03-02
C00232,Blandine,Kouassi,Sénégal,Dakar,Particulier,2024-07-14
C00233,Samuel,Adjovi,Côte d'Ivoire,Abidjan,Entreprise,2024-12-14
C00234,Ibrahim,Agossou,Côte d'Ivoire,San-Pédro,PME,2026-01-03
C00235,Blandine,Ndiaye,Côte d'Ivoire,Abidjan,Particulier,2026-04-08
C00236,Arnaud,Sagna,Sénégal,Touba,Particulier,2024-05-24
C00237,Ruth,Sagna,Nigeria,Ibadan,Particulier,2025-03-02
C00238,Grâce,Sagna,Côte d'Ivoire,San-Pédro,PME,2025-03-12
C00239,Mariam,Mensah,Togo,Sokodé,PME,2025-11-12
C00240,Aminata,Baba,Togo,Sokodé,PME,2024-08-13
C00241,David,Traoré,Ghana,Kumasi,PME,2024-11-23
C00242,Oumar,Mensah,Nigeria,Port Harcourt,PME,2024-06-18
C00243,Yannick,Baba,Bénin,Porto-Novo,Entreprise,2025-06-19
C00244,Prisca,Ndiaye,Bénin,Parakou,Particulier,2025-12-21
C00245,Aminata,Traoré,Sénégal,Thiès,PME,2025-08-13
C00246,Sonia,Diallo,Bénin,Abomey-Calavi,Particulier,2025-10-29
C00247,Fabrice,Ouédraogo,Nigeria,Port Harcourt,Particulier,2024-07-24
C00248,Joël,Mensah,Togo,Sokodé,Particulier,2024-08-06
C00249,Franck,Assogba,Bénin,Abomey-Calavi,Particulier,2024-05-22
C00250,Estelle,Ndiaye,Nigeria,Lagos,Particulier,2024-08-07
C00251,Aïcha,Adjovi,Bénin,Porto-Novo,Particulier,2024-11-29
C00252,Aïcha,Ouédraogo,Togo,Sokodé,PME,2025-07-13
C00253,Moussa,Amoussou,Bénin,Parakou,PME,2024-10-12
C00254,Rodrigue,Gomis,Bénin,Parakou,Particulier,2025-01-05
C00255,Grâce,Tchibozo,Bénin,Abomey-Calavi,Entreprise,2025-12-31
C00256,Malick,Tchibozo,Bénin,Cotonou,Particulier,2024-07-20
C00257,Junior,Baba,Bénin,Parakou,Particulier,2024-10-03
C00258,Oumar,Ndiaye,Bénin,Abomey-Calavi,Entreprise,2024-06-19
C00259,Clarisse,Gomis,Sénégal,Thiès,PME,2024-01-07
C00260,Franck,Kouassi,Sénégal,Thiès,Particulier,2024-11-15
C00261,Sonia,Amani,Côte d'Ivoire,Bouaké,Particulier,2024-05-31
C00262,Chantal,Ndiaye,Togo,Kara,Particulier,2025-07-07
C00263,Blandine,Baba,Côte d'Ivoire,Yamoussoukro,Particulier,2025-11-21
C00264,Yannick,Sagna,Nigeria,Port Harcourt,PME,2025-01-30
C00265,Oumar,Yao,Nigeria,Ibadan,Particulier,2025-09-23
C00266,Sonia,Ouédraogo,Bénin,Cotonou,Particulier,2025-04-23
C00267,Sarah,Tchibozo,Bénin,Parakou,Particulier,2024-06-26
C00268,Ismaël,Traoré,Togo,Kara,Particulier,2025-03-14
C00269,Fatou,Ouédraogo,Togo,Kara,PME,2026-04-07
C00270,Ruth,Kouassi,Sénégal,Saint-Louis,PME,2025-07-20
C00271,Nadia,Traoré,Côte d'Ivoire,Bouaké,Particulier,2025-01-26
C00272,Rodrigue,Mensah,Bénin,Abomey-Calavi,Particulier,2024-01-23
C00273,Joël,Agossou,Côte d'Ivoire,San-Pédro,Particulier,2024-02-11
C00274,Nadia,Baba,Côte d'Ivoire,Bouaké,PME,2024-06-27
C00275,Grâce,Ndiaye,Bénin,Parakou,PME,2026-03-07
C00276,Sonia,Assogba,Nigeria,Lagos,Particulier,2024-05-15
C00277,Arnaud,Gomis,Bénin,Abomey-Calavi,Entreprise,2024-08-09
C00278,Sonia,Traoré,Nigeria,Ibadan,Particulier,2026-01-17
C00279,Fabrice,Traoré,Bénin,Abomey-Calavi,Particulier,2024-07-21
C00280,Prisca,Tchibozo,Nigeria,Abuja,PME,2024-04-18
C00281,Kevin,Agossou,Nigeria,Ibadan,Particulier,2025-05-09
C00282,Nadia,Mensah,Nigeria,Port Harcourt,Particulier,2024-02-19
C00283,Junior,Zinsou,Nigeria,Ibadan,Particulier,2024-09-28
C00284,Malick,Diallo,Ghana,Accra,PME,2025-04-06
C00285,Chantal,Dossou,Sénégal,Dakar,Particulier,2024-09-05
C00286,Mariam,Gomis,Ghana,Kumasi,Particulier,2024-11-05
C00287,Ismaël,Ouédraogo,Bénin,Parakou,Particulier,2026-06-04
C00288,Estelle,Kouassi,Côte d'Ivoire,Bouaké,Particulier,2024-05-14
C00289,Franck,Yao,Côte d'Ivoire,San-Pédro,Particulier,2024-06-06
C00290,Fatou,Diop,Nigeria,Abuja,Entreprise,2024-02-16
C00291,Fatou,Mensah,Côte d'Ivoire,Abidjan,Particulier,2025-12-06
C00292,Malick,Yao,Côte d'Ivoire,Yamoussoukro,Particulier,2024-09-18
C00293,Hervé,Yao,Sénégal,Dakar,Particulier,2024-11-05
C00294,Fabrice,Adjovi,Togo,Lomé,PME,2025-05-15
C00295,Oumar,Ouédraogo,Bénin,Parakou,PME,2026-01-15
C00296,Rodrigue,Yao,Côte d'Ivoire,Abidjan,Particulier,2024-09-22
C00297,Nadia,Tchibozo,Côte d'Ivoire,San-Pédro,Particulier,2026-01-12
C00298,Junior,Yao,Togo,Kara,Particulier,2024-09-16
C00299,Koffi,Diop,Côte d'Ivoire,Yamoussoukro,Particulier,2024-06-03
C00300,Hervé,Diop,Côte d'Ivoire,San-Pédro,Particulier,2026-04-22
C00301,Malick,Amoussou,Togo,Lomé,PME,2025-06-25
C00302,Yannick,Dossou,Côte d'Ivoire,San-Pédro,PME,2025-03-31
C00303,Mariam,Ahouansou,Sénégal,Saint-Louis,Particulier,2025-01-23
C00304,Prisca,Ndiaye,Togo,Kara,Particulier,2024-02-07
C00305,Grâce,Traoré,Nigeria,Lagos,Entreprise,2026-04-05
C00306,Mariam,Amani,Nigeria,Lagos,Particulier,2024-06-06
C00307,Estelle,Diop,Côte d'Ivoire,Bouaké,Particulier,2026-02-26
C00308,Yannick,Baba,Togo,Sokodé,Particulier,2024-02-05
C00309,Koffi,Sow,Côte d'Ivoire,Bouaké,Particulier,2025-07-13
C00310,Ibrahim,Tchibozo,Nigeria,Ibadan,Particulier,2026-04-16
C00311,Koffi,Agossou,Sénégal,Thiès,Particulier,2026-03-17
C00312,Ruth,Tchibozo,Nigeria,Ibadan,PME,2024-09-06
C00313,Moussa,Kaboré,Côte d'Ivoire,Abidjan,Particulier,2025-03-02
C00314,Moussa,Diop,Sénégal,Dakar,Particulier,2024-01-04
C00315,Rodrigue,Diallo,Togo,Sokodé,Particulier,2025-02-13
C00316,Fabrice,Kouassi,Ghana,Tamale,Particulier,2026-04-25
C00317,Fatou,Ouédraogo,Togo,Kara,PME,2025-08-06
C00318,Chantal,Diallo,Ghana,Kumasi,Particulier,2025-11-02
C00319,Ibrahim,Sagna,Nigeria,Port Harcourt,PME,2025-10-06
C00320,Koffi,Amani,Bénin,Abomey-Calavi,Particulier,2024-02-12
C00321,Yannick,Baba,Sénégal,Touba,Particulier,2024-06-21
C00322,Ismaël,Kaboré,Bénin,Cotonou,PME,2025-04-20
C00323,Arnaud,Ndiaye,Ghana,Kumasi,PME,2024-01-03
C00324,Yannick,Ahouansou,Bénin,Porto-Novo,Particulier,2026-02-18
C00325,Ismaël,Gomis,Nigeria,Ibadan,Particulier,2026-03-16
C00326,Nadia,Assogba,Bénin,Abomey-Calavi,Particulier,2025-09-05
C00327,Blandine,Ahouansou,Nigeria,Lagos,Entreprise,2026-03-03
C00328,Samuel,Baba,Nigeria,Ibadan,PME,2024-11-06
C00329,Prisca,Kaboré,Sénégal,Dakar,Particulier,2024-08-19
C00330,Junior,Diallo,Ghana,Tamale,Particulier,2025-02-17
C00331,Aïcha,Kaboré,Ghana,Kumasi,Entreprise,2024-02-16
C00332,Moussa,Tchibozo,Nigeria,Lagos,Particulier,2024-03-06
C00333,Sonia,Amoussou,Togo,Kara,Entreprise,2026-05-16
C00334,Arnaud,Ndiaye,Sénégal,Thiès,Particulier,2025-02-07
C00335,Yannick,Diop,Bénin,Abomey-Calavi,Particulier,2024-09-20
C00336,Clarisse,Diop,Sénégal,Thiès,Particulier,2025-05-19
C00337,Clarisse,Gomis,Bénin,Porto-Novo,Particulier,2025-03-08
C00338,David,Agossou,Sénégal,Touba,Particulier,2024-01-05
C00339,Sonia,Kaboré,Sénégal,Dakar,Entreprise,2025-12-21
C00340,Arnaud,Diop,Côte d'Ivoire,Abidjan,PME,2024-12-30
C00341,Oumar,Tchibozo,Côte d'Ivoire,Yamoussoukro,Particulier,2024-06-14
C00342,Samuel,Sagna,Ghana,Tamale,Particulier,2025-05-23
C00343,Mariam,Ahouansou,Ghana,Tamale,Particulier,2024-10-02
C00344,Samuel,Yao,Côte d'Ivoire,San-Pédro,Particulier,2025-08-10
C00345,Grâce,Ndiaye,Sénégal,Thiès,PME,2024-04-02
C00346,Estelle,Sagna,Nigeria,Lagos,Particulier,2024-02-25
C00347,Aminata,Gomis,Bénin,Cotonou,PME,2025-11-07
C00348,Nadia,Diop,Bénin,Parakou,Particulier,2025-01-15
C00349,Grâce,Kaboré,Bénin,Abomey-Calavi,Particulier,2025-08-08
C00350,David,Zinsou,Sénégal,Thiès,Particulier,2026-03-08
C00351,Yannick,Tchibozo,Côte d'Ivoire,Bouaké,PME,2024-10-22
C00352,Malick,Amoussou,Ghana,Accra,Entreprise,2025-03-17
C00353,Ruth,Ouédraogo,Sénégal,Saint-Louis,PME,2026-01-12
C00354,Arnaud,Kaboré,Côte d'Ivoire,Bouaké,Particulier,2025-11-11
C00355,Sarah,Tchibozo,Nigeria,Port Harcourt,PME,2024-06-09
C00356,Natacha,Diop,Ghana,Tamale,Entreprise,2024-09-29
C00357,Arnaud,Amani,Togo,Lomé,Particulier,2024-06-28
C00358,Aminata,Ouédraogo,Côte d'Ivoire,Abidjan,Particulier,2025-05-14
C00359,Nadia,Tchibozo,Togo,Sokodé,Particulier,2024-10-25
C00360,Joël,Dossou,Bénin,Abomey-Calavi,PME,2025-08-24
C00361,Rodrigue,Diallo,Bénin,Parakou,Particulier,2026-06-11
C00362,Kevin,Yao,Nigeria,Abuja,Particulier,2024-03-24
C00363,Nadia,Tchibozo,Côte d'Ivoire,Abidjan,Particulier,2025-10-15
C00364,Aïcha,Diop,Côte d'Ivoire,Abidjan,Entreprise,2025-07-23
C00365,Mariam,Kaboré,Ghana,Kumasi,Particulier,2024-06-14
C00366,Fatou,Kaboré,Sénégal,Thiès,Particulier,2024-08-13
C00367,Oumar,Sow,Nigeria,Abuja,Particulier,2024-11-06
C00368,Yannick,Agossou,Ghana,Kumasi,Particulier,2026-04-06
C00369,Ibrahim,Kouassi,Côte d'Ivoire,San-Pédro,PME,2024-03-18
C00370,Joël,Diop,Côte d'Ivoire,San-Pédro,Particulier,2024-02-07
C00371,David,Amani,Nigeria,Ibadan,Entreprise,2025-06-26
C00372,Samuel,Amoussou,Ghana,Tamale,PME,2024-11-05
C00373,Sarah,Diallo,Nigeria,Abuja,Particulier,2024-08-10
C00374,Chantal,Diallo,Bénin,Porto-Novo,PME,2025-11-29
C00375,Blandine,Baba,Nigeria,Ibadan,Particulier,2026-01-16
C00376,Ibrahim,Sow,Sénégal,Touba,PME,2024-02-08
C00377,Rodrigue,Yao,Bénin,Abomey-Calavi,Particulier,2024-09-25
C00378,Sarah,Tchibozo,Sénégal,Saint-Louis,PME,2025-11-04
C00379,Grâce,Kouassi,Sénégal,Touba,PME,2026-04-01
C00380,Blandine,Ouédraogo,Bénin,Abomey-Calavi,Entreprise,2025-08-08
C00381,Malick,Ouédraogo,Côte d'Ivoire,Bouaké,Particulier,2025-06-20
C00382,Chantal,Diallo,Nigeria,Ibadan,PME,2026-01-07
C00383,Moussa,Yao,Togo,Lomé,Entreprise,2024-05-07
C00384,Ruth,Gomis,Côte d'Ivoire,Bouaké,Particulier,2026-05-06
C00385,Aminata,Adjovi,Côte d'Ivoire,Bouaké,Particulier,2026-01-15
C00386,David,Kouassi,Togo,Sokodé,Particulier,2026-06-16
C00387,Nadia,Agossou,Nigeria,Ibadan,PME,2025-08-08
C00388,Kevin,Tchibozo,Ghana,Accra,Particulier,2025-10-11
C00389,Koffi,Assogba,Bénin,Abomey-Calavi,PME,2024-07-16
C00390,Aminata,Amani,Nigeria,Port Harcourt,Particulier,2024-06-19
C00391,Hervé,Sagna,Nigeria,Lagos,Particulier,2024-03-18
C00392,Samuel,Diallo,Togo,Sokodé,Particulier,2026-04-17
C00393,Arnaud,Yao,Nigeria,Abuja,Particulier,2026-05-30
C00394,Fatou,Ouédraogo,Bénin,Cotonou,Particulier,2025-01-05
C00395,Ibrahim,Dossou,Nigeria,Abuja,Particulier,2025-09-11
C00396,Blandine,Baba,Sénégal,Saint-Louis,Particulier,2024-06-30
C00397,David,Ahouansou,Sénégal,Saint-Louis,PME,2025-05-12
C00398,Chantal,Amoussou,Bénin,Abomey-Calavi,Particulier,2024-05-27
C00399,Koffi,Zinsou,Nigeria,Ibadan,PME,2024-08-28
C00400,Ibrahim,Ouédraogo,Bénin,Abomey-Calavi,PME,2024-06-18
C00401,Samuel,Diop,Togo,Lomé,Entreprise,2024-01-29
C00402,David,Adjovi,Bénin,Porto-Novo,Particulier,2024-11-14
C00403,Estelle,Tchibozo,Ghana,Tamale,Particulier,2025-12-07
C00404,Malick,Ahouansou,Bénin,Parakou,Entreprise,2025-08-04
C00405,Koffi,Sagna,Nigeria,Abuja,Particulier,2026-04-15
C00406,Chantal,Adjovi,Sénégal,Dakar,PME,2025-02-02
C00407,Fatou,Dossou,Bénin,Porto-Novo,Particulier,2025-10-20
C00408,Koffi,Kouassi,Bénin,Abomey-Calavi,Entreprise,2024-07-02
C00409,David,Agossou,Bénin,Parakou,PME,2024-04-26
C00410,Koffi,Adjovi,Sénégal,Dakar,Entreprise,2025-10-26
C00411,Kevin,Baba,Nigeria,Abuja,Particulier,2026-01-13
C00412,Prisca,Sagna,Togo,Kara,Particulier,2025-02-05
C00413,Rodrigue,Mensah,Nigeria,Lagos,Particulier,2025-11-03
C00414,Malick,Ouédraogo,Bénin,Parakou,Particulier,2025-04-22
C00415,Oumar,Gomis,Nigeria,Lagos,Particulier,2024-06-21
C00416,Blandine,Ouédraogo,Nigeria,Ibadan,Particulier,2024-04-09
C00417,Sarah,Diallo,Ghana,Tamale,PME,2024-02-19
C00418,Aminata,Kouassi,Ghana,Accra,Particulier,2024-05-07
C00419,Clarisse,Dossou,Nigeria,Ibadan,Particulier,2025-07-23
C00420,Natacha,Traoré,Bénin,Abomey-Calavi,PME,2024-07-05
C00421,David,Amani,Togo,Lomé,Particulier,2024-07-07
C00422,Rodrigue,Sagna,Bénin,Abomey-Calavi,Particulier,2026-06-17
C00423,Aïcha,Dossou,Côte d'Ivoire,Abidjan,Particulier,2024-11-11
C00424,Ruth,Baba,Ghana,Accra,PME,2026-04-01
C00425,David,Ouédraogo,Sénégal,Touba,PME,2025-01-05
C00426,Ibrahim,Amani,Nigeria,Ibadan,Particulier,2025-08-19
C00427,Ibrahim,Kouassi,Bénin,Parakou,Particulier,2026-02-13
C00428,Natacha,Diallo,Ghana,Tamale,Particulier,2024-10-02
C00429,Kevin,Yao,Bénin,Abomey-Calavi,Particulier,2024-06-03
C00430,Clarisse,Kouassi,Togo,Sokodé,PME,2025-07-17
C00431,Chantal,Adjovi,Ghana,Kumasi,Particulier,2024-05-31
C00432,Aminata,Amoussou,Nigeria,Port Harcourt,Particulier,2025-06-16
C00433,Prisca,Agossou,Sénégal,Saint-Louis,Particulier,2025-02-25
C00434,Clarisse,Assogba,Bénin,Porto-Novo,Particulier,2026-06-02
C00435,Grâce,Gomis,Sénégal,Thiès,Particulier,2024-05-11
C00436,Samuel,Diallo,Bénin,Abomey-Calavi,Particulier,2024-08-12
C00437,Blandine,Agossou,Nigeria,Abuja,Entreprise,2024-09-10
C00438,Mariam,Amoussou,Ghana,Tamale,Entreprise,2024-06-27
C00439,Aminata,Tchibozo,Bénin,Parakou,PME,2024-11-04
C00440,Ismaël,Yao,Bénin,Parakou,PME,2024-11-08
C00441,Hervé,Gomis,Bénin,Porto-Novo,Particulier,2024-09-25
C00442,Chantal,Tchibozo,Nigeria,Abuja,Entreprise,2024-01-01
C00443,Prisca,Adjovi,Côte d'Ivoire,Yamoussoukro,Particulier,2025-06-22
C00444,Prisca,Ndiaye,Ghana,Accra,Entreprise,2024-09-18
C00445,Nadia,Tchibozo,Sénégal,Saint-Louis,Particulier,2025-08-26
C00446,Mariam,Kaboré,Sénégal,Touba,Particulier,2024-02-27
C00447,Junior,Baba,Bénin,Abomey-Calavi,PME,2025-08-18
C00448,Mariam,Ndiaye,Nigeria,Port Harcourt,PME,2024-10-26
C00449,David,Baba,Togo,Lomé,Particulier,2026-04-16
C00450,Clarisse,Baba,Sénégal,Saint-Louis,Entreprise,2024-06-06
C00451,Sonia,Ouédraogo,Ghana,Tamale,Particulier,2025-08-19
C00452,Grâce,Ndiaye,Sénégal,Saint-Louis,Particulier,2026-03-02
C00453,Aïcha,Sow,Nigeria,Port Harcourt,PME,2025-03-27
C00454,Ibrahim,Adjovi,Bénin,Parakou,Entreprise,2024-04-25
C00455,Blandine,Baba,Côte d'Ivoire,Yamoussoukro,PME,2026-02-04
C00456,Franck,Mensah,Côte d'Ivoire,Bouaké,Particulier,2024-12-12
C00457,Franck,Tchibozo,Côte d'Ivoire,San-Pédro,Entreprise,2025-10-07
C00458,Rodrigue,Agossou,Bénin,Cotonou,Particulier,2024-09-22
C00459,Nadia,Gomis,Bénin,,PME,2025-01-19
C00460,Rodrigue,Ndiaye,Togo,Lomé,Particulier,2024-01-09
C00461,Oumar,Sagna,Togo,Lomé,Particulier,2026-04-03
C00462,Rodrigue,Mensah,Côte d'Ivoire,Abidjan,Particulier,2025-03-03
C00463,Moussa,Diallo,Sénégal,Thiès,Entreprise,2026-03-18
C00464,Prisca,Gomis,Sénégal,Saint-Louis,Particulier,2025-05-15
C00465,Nadia,Ndiaye,Côte d'Ivoire,Bouaké,PME,2025-01-21
C00466,Yannick,Gomis,Côte d'Ivoire,Yamoussoukro,Particulier,2025-10-01
C00467,Oumar,Gomis,Togo,Kara,Particulier,2025-07-18
C00468,Samuel,Agossou,Sénégal,Dakar,Particulier,2026-01-22
C00469,Moussa,Ouédraogo,Togo,Kara,Particulier,2025-02-02
C00470,Oumar,Amoussou,Bénin,Abomey-Calavi,Particulier,2025-07-07
C00471,Nadia,Diop,Côte d'Ivoire,San-Pédro,PME,2025-10-23
C00472,Yannick,Sagna,Côte d'Ivoire,Abidjan,Particulier,2024-09-30
C00473,Junior,Kaboré,Togo,Kara,Particulier,2025-01-13
C00474,Clarisse,Gomis,Sénégal,Touba,Particulier,2025-08-24
C00475,Franck,Kouassi,Sénégal,Dakar,Particulier,2024-02-13
C00476,Arnaud,Ahouansou,Ghana,Accra,PME,2025-12-18
C00477,Arnaud,Baba,Sénégal,Dakar,Particulier,2025-07-14
C00478,Rodrigue,Yao,Sénégal,Touba,Particulier,2024-03-14
C00479,Junior,Kaboré,Togo,Lomé,Particulier,2026-03-06
C00480,Rodrigue,Assogba,Ghana,Tamale,Particulier,2024-11-20
C00481,Grâce,Sow,Côte d'Ivoire,San-Pédro,PME,2026-03-31
C00482,David,Traoré,Côte d'Ivoire,Abidjan,Particulier,2025-11-03
C00483,Aïcha,Diallo,Sénégal,Saint-Louis,Particulier,2025-04-20
C00484,Grâce,Kaboré,Côte d'Ivoire,Abidjan,Particulier,2025-09-18
C00485,Ruth,Diop,Côte d'Ivoire,Yamoussoukro,PME,2025-08-14
C00486,Nadia,Ndiaye,Ghana,Tamale,Particulier,2026-02-20
C00487,Prisca,Baba,Nigeria,Ibadan,Entreprise,2025-04-09
C00488,Junior,Kaboré,Nigeria,,PME,2025-06-04
C00489,Chantal,Yao,Côte d'Ivoire,Bouaké,Particulier,2026-02-19
C00490,Junior,Tchibozo,Côte d'Ivoire,San-Pédro,Particulier,2025-06-09
C00491,Aïcha,Tchibozo,Ghana,Tamale,Particulier,2024-03-03
C00492,Hervé,Ahouansou,Togo,Kara,Particulier,2026-03-13
C00493,Clarisse,Baba,Nigeria,Lagos,PME,2025-04-25
C00494,Sarah,Adjovi,Côte d'Ivoire,Abidjan,Particulier,2024-09-18
C00495,Ruth,Sagna,Bénin,Abomey-Calavi,Particulier,2026-02-07
C00496,Koffi,Adjovi,Bénin,Porto-Novo,Particulier,2024-03-28
C00497,Hervé,Sagna,Nigeria,Port Harcourt,Particulier,2025-04-27
C00498,Ruth,Gomis,Bénin,Parakou,Particulier,2026-01-25
C00499,Nadia,Mensah,Togo,Sokodé,Particulier,2025-11-26
C00500,Fabrice,Kaboré,Côte d'Ivoire,Bouaké,Particulier,2025-09-09
C00501,Grâce,Mensah,Bénin,Porto-Novo,Entreprise,2026-01-13
C00502,Clarisse,Kaboré,Togo,Lomé,PME,2024-03-31
C00503,Moussa,Diallo,Ghana,Accra,PME,2024-03-02
C00504,Aminata,Traoré,Bénin,Parakou,PME,2026-03-04
C00505,Ibrahim,Gomis,Nigeria,Port Harcourt,Particulier,2026-03-26
C00506,Kevin,Ouédraogo,Nigeria,Lagos,PME,2026-03-08
C00507,Ruth,Tchibozo,Côte d'Ivoire,San-Pédro,Entreprise,2024-05-20
C00508,Nadia,Kaboré,Bénin,Parakou,Entreprise,2025-08-24
C00509,Arnaud,Baba,Sénégal,Dakar,PME,2025-10-09
C00510,Aminata,Diallo,Bénin,Parakou,PME,2026-03-18
C00511,Moussa,Adjovi,Côte d'Ivoire,Yamoussoukro,Entreprise,2024-06-13
C00512,Natacha,Agossou,Nigeria,Abuja,Particulier,2026-05-20
C00513,Arnaud,Diallo,Nigeria,Port Harcourt,PME,2025-11-14
C00514,Moussa,Diop,Ghana,Accra,Particulier,2025-07-02
C00515,Estelle,Gomis,Togo,Kara,Particulier,2024-08-03
C00516,Moussa,Baba,Sénégal,Saint-Louis,PME,2026-03-30
C00517,Malick,Yao,Ghana,Kumasi,Particulier,2025-02-26
C00518,Chantal,Yao,Côte d'Ivoire,San-Pédro,Particulier,2025-07-08
C00519,Sarah,Traoré,Sénégal,Touba,PME,2025-12-22
C00520,Sonia,Kaboré,Bénin,Parakou,Particulier,2025-04-19
C00521,Yannick,Sow,Togo,Sokodé,Particulier,2025-09-29
C00522,Sarah,Zinsou,Côte d'Ivoire,Bouaké,Entreprise,2024-03-19
C00523,Fabrice,Assogba,Bénin,Parakou,PME,2025-02-22
C00524,Sonia,Agossou,Bénin,Abomey-Calavi,PME,2025-10-25
C00525,Koffi,Traoré,Nigeria,Port Harcourt,Particulier,2025-12-31
C00526,Koffi,Ahouansou,Nigeria,Port Harcourt,Particulier,2025-09-13
C00527,Clarisse,Zinsou,Sénégal,Dakar,PME,2025-11-25
C00528,Ismaël,Ouédraogo,Nigeria,Ibadan,PME,2026-03-27
C00529,Arnaud,Zinsou,Nigeria,Ibadan,Particulier,2025-01-07
C00530,Hervé,Tchibozo,Bénin,Abomey-Calavi,Particulier,2025-05-22
C00531,Sarah,Zinsou,Côte d'Ivoire,Bouaké,PME,2025-09-26
C00532,Moussa,Diop,Côte d'Ivoire,Bouaké,Particulier,2025-11-10
C00533,Moussa,Sagna,Bénin,Parakou,PME,2025-09-03
C00534,Ismaël,Ouédraogo,Ghana,Kumasi,Particulier,2025-12-15
C00535,Grâce,Diop,Côte d'Ivoire,Bouaké,Particulier,2024-11-11
C00536,Franck,Diallo,Côte d'Ivoire,Yamoussoukro,PME,2026-01-30
C00537,Junior,Gomis,Bénin,Cotonou,Particulier,2024-11-25
C00538,Blandine,Tchibozo,Bénin,Porto-Novo,Particulier,2024-08-11
C00539,Aminata,Dossou,Nigeria,Ibadan,Particulier,2025-08-26
C00540,Ibrahim,Diop,Bénin,Parakou,Particulier,2025-08-11
C00541,Clarisse,Zinsou,Togo,Lomé,Particulier,2026-02-25
C00542,Estelle,Agossou,Togo,Kara,Particulier,2024-06-27
C00543,Ibrahim,Ouédraogo,Côte d'Ivoire,San-Pédro,Particulier,2024-08-31
C00544,Samuel,Ahouansou,Sénégal,Dakar,Entreprise,2026-03-11
C00545,Sonia,Sow,Côte d'Ivoire,San-Pédro,PME,2024-03-31
C00546,Fabrice,Yao,Bénin,Abomey-Calavi,Particulier,2026-02-16
C00547,Kevin,Gomis,Togo,Kara,PME,2024-02-09
C00548,Rodrigue,Sagna,Nigeria,Port Harcourt,Particulier,2025-04-07
C00549,Kevin,Kouassi,Sénégal,Touba,Particulier,2025-06-25
C00550,Oumar,Sow,Sénégal,Thiès,PME,2025-10-22
C00551,Ibrahim,Dossou,Sénégal,Saint-Louis,PME,2026-01-13
C00552,David,Assogba,Ghana,Accra,PME,2024-06-24
C00553,Mariam,Ndiaye,Bénin,Abomey-Calavi,Particulier,2024-04-17
C00554,Junior,Ahouansou,Côte d'Ivoire,Abidjan,Particulier,2025-03-06
C00555,Junior,Adjovi,Côte d'Ivoire,Bouaké,Particulier,2025-10-03
C00556,Mariam,Assogba,Côte d'Ivoire,Abidjan,PME,2024-07-20
C00557,Natacha,Diop,Nigeria,Ibadan,Particulier,2025-03-19
C00558,Kevin,Kouassi,Côte d'Ivoire,Bouaké,PME,2024-05-22
C00559,Moussa,Ahouansou,Ghana,Tamale,Particulier,2026-05-19
C00560,Ismaël,Mensah,Nigeria,Abuja,Particulier,2026-02-01
C00561,Hervé,Diallo,Côte d'Ivoire,Yamoussoukro,PME,2024-04-14
C00562,Ismaël,Kaboré,Nigeria,Abuja,PME,2024-02-25
C00563,Aïcha,Sow,Sénégal,Saint-Louis,PME,2024-05-04
C00564,Samuel,Baba,Nigeria,Port Harcourt,PME,2026-03-04
C00565,Nadia,Ndiaye,Côte d'Ivoire,Abidjan,Particulier,2024-09-20
C00566,Natacha,Ndiaye,Côte d'Ivoire,Yamoussoukro,Particulier,2024-04-04
C00567,Kevin,Ouédraogo,Côte d'Ivoire,Yamoussoukro,Particulier,2024-08-25
C00568,Aminata,Zinsou,Bénin,Abomey-Calavi,PME,2025-11-30
C00569,Mariam,Mensah,Côte d'Ivoire,Abidjan,Particulier,2025-02-23
C00570,Sarah,Yao,Nigeria,Lagos,Particulier,2024-09-29
C00571,Junior,Mensah,Sénégal,Thiès,PME,2026-01-07
C00572,Ruth,Baba,Bénin,Abomey-Calavi,Entreprise,2024-02-11
C00573,Sonia,Yao,Côte d'Ivoire,Yamoussoukro,Particulier,2024-10-05
C00574,Kevin,Baba,Bénin,Cotonou,Particulier,2025-05-12
C00575,Arnaud,Ouédraogo,Bénin,Abomey-Calavi,PME,2025-08-13
C00576,Franck,Ouédraogo,Nigeria,Lagos,Particulier,2025-06-18
C00577,Koffi,Zinsou,Côte d'Ivoire,Bouaké,Particulier,2024-02-03
C00578,Yannick,Mensah,Togo,Lomé,Particulier,2025-08-23
C00579,Oumar,Zinsou,Sénégal,Touba,Particulier,2024-11-08
C00580,Samuel,Yao,Bénin,Abomey-Calavi,Particulier,2024-02-11
C00581,Oumar,Traoré,Togo,Lomé,Particulier,2025-05-06
C00582,Blandine,Diallo,Ghana,Kumasi,Particulier,2024-10-04
C00583,David,Kaboré,Sénégal,Dakar,Particulier,2025-03-23
C00584,Franck,Assogba,Nigeria,Port Harcourt,PME,2024-08-04
C00585,Mariam,Diop,Sénégal,Dakar,PME,2025-07-12
C00586,Arnaud,Dossou,Côte d'Ivoire,Bouaké,Particulier,2024-02-12
C00587,Fabrice,Amoussou,Ghana,Kumasi,Particulier,2026-05-22
C00588,Hervé,Diop,Nigeria,Ibadan,Particulier,2024-11-06
C00589,Blandine,Zinsou,Ghana,Accra,Particulier,2025-03-26
C00590,Koffi,Ouédraogo,Nigeria,Abuja,PME,2024-10-29
C00591,Chantal,Ndiaye,Ghana,Tamale,Particulier,2024-02-08
C00592,Natacha,Amani,Nigeria,Ibadan,Particulier,2025-03-10
C00593,Franck,Sow,Bénin,Porto-Novo,Entreprise,2026-05-17
C00594,Rodrigue,Ahouansou,Ghana,Tamale,Particulier,2024-12-04
C00595,Koffi,Agossou,Côte d'Ivoire,San-Pédro,PME,2026-02-14
C00596,Samuel,Agossou,Sénégal,Saint-Louis,Particulier,2024-04-16
C00597,Junior,Mensah,Sénégal,Saint-Louis,Particulier,2024-02-24
C00598,Oumar,Kaboré,Nigeria,Ibadan,PME,2026-02-07
C00599,Joël,Dossou,Nigeria,Lagos,PME,2025-11-15
C00600,Aïcha,Amoussou,Togo,Kara,Particulier,2025-07-17
C00601,Yannick,Kaboré,Ghana,Tamale,PME,2024-05-20
C00602,Sarah,Sow,Ghana,Kumasi,Entreprise,2026-05-03
C00603,Ruth,Tchibozo,Côte d'Ivoire,Yamoussoukro,PME,2024-04-29
C00604,Koffi,Ahouansou,Bénin,Cotonou,Particulier,2026-02-22
C00605,Clarisse,Ndiaye,Bénin,Abomey-Calavi,Particulier,2026-04-11
C00606,Chantal,Agossou,Ghana,Kumasi,Particulier,2025-02-14
C00607,Aïcha,Amani,Côte d'Ivoire,Bouaké,PME,2026-06-13
C00608,Malick,Amoussou,Nigeria,Abuja,Particulier,2024-09-13
C00609,Fatou,Dossou,Côte d'Ivoire,San-Pédro,Particulier,2025-02-11
C00610,Hervé,Yao,Nigeria,Port Harcourt,Particulier,2026-06-16
C00611,Arnaud,Yao,Côte d'Ivoire,Bouaké,Particulier,2024-12-19
C00612,Kevin,Gomis,Ghana,Accra,Particulier,2025-03-27
C00613,Prisca,Agossou,Bénin,Cotonou,Particulier,2026-02-03
C00614,Aïcha,Dossou,Sénégal,Thiès,Particulier,2024-02-04
C00615,Rodrigue,Baba,Nigeria,Ibadan,PME,2025-12-28
C00616,Oumar,Zinsou,Nigeria,Ibadan,Particulier,2024-12-28
C00617,Arnaud,Yao,Nigeria,Port Harcourt,PME,2024-10-26
C00618,Estelle,Traoré,Bénin,Porto-Novo,Particulier,2024-07-22
C00619,David,Diop,Côte d'Ivoire,Yamoussoukro,Particulier,2026-04-06
C00620,Aïcha,Adjovi,Bénin,Porto-Novo,PME,2024-06-13
C00621,Ismaël,Sow,Bénin,Cotonou,Particulier,2025-07-17
C00622,Moussa,Ahouansou,Sénégal,Touba,Particulier,2026-02-09
C00623,Yannick,Ahouansou,Ghana,Accra,Particulier,2025-05-30
C00624,Clarisse,Sow,Ghana,Tamale,Particulier,2025-12-21
C00625,Sonia,Yao,Nigeria,Lagos,PME,2024-11-09
C00626,Moussa,Agossou,Ghana,Tamale,Particulier,2024-04-14
C00627,Nadia,Amoussou,Nigeria,Lagos,Particulier,2026-05-25
C00628,Moussa,Agossou,Bénin,Porto-Novo,PME,2025-04-28
C00629,David,Mensah,Togo,Sokodé,Particulier,2025-05-12
C00630,Joël,Baba,Sénégal,Saint-Louis,Particulier,2026-01-21
C00631,Natacha,Baba,Nigeria,Port Harcourt,Particulier,2026-05-31
C00632,Chantal,Amani,Bénin,Cotonou,Particulier,2025-06-24
C00633,Arnaud,Kouassi,Côte d'Ivoire,Yamoussoukro,Entreprise,2024-08-23
C00634,Fatou,Agossou,Sénégal,Saint-Louis,Particulier,2025-11-17
C00635,David,Mensah,Bénin,Abomey-Calavi,Particulier,2026-02-15
C00636,Yannick,Mensah,Côte d'Ivoire,Abidjan,PME,2024-11-23
C00637,Ibrahim,Kaboré,Nigeria,Lagos,Particulier,2024-02-29
C00638,Sonia,Kaboré,Sénégal,Saint-Louis,Particulier,2024-01-05
C00639,Clarisse,Ahouansou,Togo,Lomé,PME,2024-09-15
C00640,Sarah,Diallo,Nigeria,Abuja,Particulier,2024-08-25
C00641,Sonia,Diallo,Côte d'Ivoire,San-Pédro,Particulier,2026-05-11
C00642,Junior,Amoussou,Nigeria,Port Harcourt,Particulier,2025-02-04
C00643,Junior,Traoré,Togo,Kara,PME,2024-03-27
C00644,Nadia,Sow,Sénégal,Thiès,PME,2025-08-08
C00645,Ibrahim,Tchibozo,Côte d'Ivoire,Yamoussoukro,PME,2026-04-06
C00646,Aminata,Diallo,Togo,Kara,Particulier,2025-10-10
C00647,Mariam,Yao,Nigeria,Port Harcourt,Particulier,2025-01-15
C00648,Samuel,Mensah,Bénin,Abomey-Calavi,Particulier,2024-02-08
C00649,Malick,Amoussou,Bénin,Porto-Novo,Particulier,2025-09-12
C00650,Ibrahim,Assogba,Côte d'Ivoire,San-Pédro,PME,2025-05-28
C00651,Oumar,Sagna,Ghana,Tamale,Particulier,2025-06-26
C00652,Chantal,Adjovi,Nigeria,Port Harcourt,Entreprise,2025-09-20
C00653,Fatou,Ndiaye,Nigeria,Abuja,Particulier,2024-12-18
C00654,Fatou,Assogba,Togo,Kara,PME,2026-06-10
C00655,Chantal,Kaboré,Côte d'Ivoire,Yamoussoukro,Particulier,2024-11-30
C00656,Yannick,Kaboré,Bénin,Cotonou,PME,2025-04-20
C00657,Blandine,Sow,Sénégal,Saint-Louis,PME,2024-06-27
C00658,Sarah,Ahouansou,Nigeria,Lagos,PME,2024-08-24
C00659,Nadia,Agossou,Ghana,Tamale,Particulier,2026-01-25
C00660,Grâce,Mensah,Sénégal,Touba,Particulier,2025-03-13
C00661,Fatou,Kouassi,Côte d'Ivoire,Abidjan,Particulier,2025-12-10
C00662,Samuel,Kaboré,Nigeria,Port Harcourt,Particulier,2026-06-09
C00663,Estelle,Diallo,Côte d'Ivoire,Bouaké,Particulier,2025-05-17
C00664,David,Yao,Bénin,Porto-Novo,Particulier,2025-09-01
C00665,Mariam,Amani,Côte d'Ivoire,Abidjan,PME,2024-01-29
C00666,Yannick,Kouassi,Bénin,Abomey-Calavi,Particulier,2025-11-05
C00667,Nadia,Zinsou,Togo,Sokodé,Particulier,2024-08-10
C00668,Prisca,Diop,Bénin,Abomey-Calavi,Particulier,2025-09-18
C00669,Fatou,Dossou,Côte d'Ivoire,Yamoussoukro,Particulier,2025-02-04
C00670,Rodrigue,Agossou,Sénégal,Thiès,Particulier,2024-05-11
C00671,Clarisse,Yao,Côte d'Ivoire,Yamoussoukro,Particulier,2025-03-12
C00672,Samuel,Kouassi,Côte d'Ivoire,Abidjan,Entreprise,2025-01-25
C00673,Estelle,Kaboré,Nigeria,Port Harcourt,Particulier,2026-01-06
C00674,Chantal,Ahouansou,Ghana,Kumasi,Particulier,2024-03-08
C00675,Blandine,Agossou,Côte d'Ivoire,San-Pédro,Particulier,2026-01-24
C00676,Oumar,Adjovi,Togo,Kara,Particulier,2024-06-08
C00677,Aminata,Amoussou,Nigeria,Lagos,Particulier,2024-05-30
C00678,Natacha,Ouédraogo,Togo,Lomé,Particulier,2026-05-17
C00679,Arnaud,Amoussou,Togo,Lomé,Particulier,2026-01-19
C00680,Fatou,Diallo,Nigeria,Abuja,Entreprise,2024-11-17
C00681,Malick,Kaboré,Côte d'Ivoire,Yamoussoukro,Particulier,2025-08-08
C00682,Estelle,Sow,Ghana,Tamale,PME,2024-08-08
C00683,David,Sagna,Sénégal,Thiès,PME,2024-02-18
C00684,Samuel,Dossou,Sénégal,Saint-Louis,Particulier,2026-01-24
C00685,Aminata,Kouassi,Togo,Lomé,Particulier,2024-02-03
C00686,Samuel,Agossou,Togo,Kara,Particulier,2024-07-18
C00687,Aïcha,Agossou,Togo,Kara,PME,2024-02-01
C00688,Grâce,Sagna,Bénin,Abomey-Calavi,PME,2025-08-13
C00689,Yannick,Dossou,Nigeria,Abuja,Particulier,2025-11-23
C00690,Arnaud,Kouassi,Togo,Kara,PME,2024-03-18
C00691,Prisca,Traoré,Sénégal,Dakar,Entreprise,2025-03-30
C00692,Ibrahim,Dossou,Ghana,Accra,PME,2026-03-12
C00693,Malick,Yao,Ghana,Tamale,Entreprise,2026-03-28
C00694,David,Ahouansou,Côte d'Ivoire,Yamoussoukro,PME,2025-12-17
C00695,Oumar,Tchibozo,Côte d'Ivoire,San-Pédro,Entreprise,2024-09-07
C00696,Grâce,Amani,Nigeria,Port Harcourt,Particulier,2025-03-25
C00697,Junior,Diop,Sénégal,Saint-Louis,Particulier,2025-10-12
C00698,Franck,Gomis,Nigeria,Lagos,Particulier,2026-02-02
C00699,Franck,Yao,Nigeria,Lagos,PME,2024-05-21
C00700,Natacha,Zinsou,Ghana,,PME,2024-05-17
C00701,Ismaël,Agossou,Bénin,Cotonou,PME,2025-04-23
C00702,Estelle,Sagna,Sénégal,Touba,Particulier,2025-06-24
C00703,Arnaud,Tchibozo,Bénin,Cotonou,Particulier,2026-02-17
C00704,Nadia,Dossou,Sénégal,Saint-Louis,PME,2024-06-14
C00705,Rodrigue,Baba,Nigeria,Ibadan,Particulier,2024-12-28
C00706,Fatou,Agossou,Côte d'Ivoire,Bouaké,Particulier,2026-05-11
C00707,Estelle,Yao,Côte d'Ivoire,Bouaké,Particulier,2025-11-02
C00708,Fatou,Ndiaye,Bénin,Porto-Novo,Particulier,2024-10-30
C00709,Franck,Mensah,Nigeria,Ibadan,Entreprise,2026-02-24
C00710,Ruth,Diop,Bénin,Cotonou,Particulier,2025-02-10
C00711,Oumar,Kaboré,Bénin,Parakou,PME,2026-05-09
C00712,Estelle,Tchibozo,Togo,Sokodé,PME,2025-09-11
C00713,Malick,Ahouansou,Bénin,Abomey-Calavi,Particulier,2025-11-17
C00714,Kevin,Zinsou,Côte d'Ivoire,San-Pédro,Particulier,2025-03-25
C00715,Natacha,Ahouansou,Côte d'Ivoire,Bouaké,Particulier,2025-04-02
C00716,Chantal,Ahouansou,Togo,Sokodé,Particulier,2025-07-29
C00717,David,Amani,Bénin,Porto-Novo,Particulier,2026-02-21
C00718,Fatou,Baba,Bénin,Abomey-Calavi,Particulier,2024-07-04
C00719,Franck,Kouassi,Côte d'Ivoire,Abidjan,Particulier,2026-03-04
C00720,Fabrice,Diop,Bénin,Porto-Novo,Particulier,2025-09-25
C00721,Grâce,Diop,Ghana,Kumasi,PME,2024-09-23
C00722,Mariam,Yao,Togo,Lomé,PME,2025-02-20
C00723,Joël,Dossou,Togo,,PME,2025-08-15
C00724,Junior,Assogba,Côte d'Ivoire,Yamoussoukro,Particulier,2026-02-28
C00725,David,Amani,Côte d'Ivoire,Abidjan,Particulier,2026-05-28
C00726,David,Ndiaye,Bénin,Porto-Novo,Particulier,2025-07-17
C00727,David,Dossou,Bénin,Cotonou,PME,2025-06-25
C00728,Aminata,Kouassi,Nigeria,Abuja,Particulier,2024-05-19
C00729,Koffi,Zinsou,Bénin,Abomey-Calavi,Particulier,2024-05-24
C00730,Aïcha,Agossou,Côte d'Ivoire,Abidjan,Particulier,2025-04-17
C00731,Sarah,Ouédraogo,Côte d'Ivoire,Abidjan,Particulier,2026-05-15
C00732,Oumar,Ahouansou,Côte d'Ivoire,Bouaké,Particulier,2024-07-09
C00733,Hervé,Mensah,Côte d'Ivoire,Bouaké,Entreprise,2025-01-25
C00734,Prisca,Amani,Ghana,Kumasi,Particulier,2024-05-21
C00735,Grâce,Ahouansou,Nigeria,Abuja,PME,2026-03-01
C00736,Ibrahim,Ouédraogo,Togo,Lomé,PME,2025-04-20
C00737,Aminata,Baba,Togo,Sokodé,Particulier,2024-03-13
C00738,Clarisse,Baba,Togo,Lomé,Particulier,2024-12-21
C00739,David,Amani,Côte d'Ivoire,San-Pédro,Particulier,2025-01-05
C00740,Clarisse,Ouédraogo,Sénégal,Thiès,Particulier,2026-04-04
C00741,Arnaud,Ahouansou,Togo,Sokodé,Particulier,2025-04-01
C00742,Joël,Baba,Côte d'Ivoire,San-Pédro,Particulier,2025-06-01
C00743,Malick,Ouédraogo,Nigeria,Ibadan,PME,2026-01-24
C00744,Sonia,Adjovi,Bénin,Parakou,PME,2024-05-17
C00745,Samuel,Adjovi,Côte d'Ivoire,Yamoussoukro,PME,2025-09-07
C00746,Mariam,Agossou,Ghana,Accra,Particulier,2024-09-13
C00747,Kevin,Baba,Bénin,Porto-Novo,PME,2025-08-23
C00748,Estelle,Ahouansou,Bénin,Abomey-Calavi,Particulier,2025-10-13
C00749,Franck,Amani,Bénin,Cotonou,PME,2024-07-21
C00750,Franck,Sow,Nigeria,Abuja,Particulier,2024-08-27
C00751,Joël,Diop,Bénin,Porto-Novo,PME,2024-08-12
C00752,Natacha,Traoré,Bénin,Abomey-Calavi,Particulier,2026-02-18
C00753,Nadia,Tchibozo,Bénin,Cotonou,Particulier,2026-06-11
C00754,Clarisse,Adjovi,Bénin,Abomey-Calavi,PME,2024-02-10
C00755,Fatou,Kouassi,Sénégal,Thiès,Particulier,2024-08-10
C00756,Hervé,Ahouansou,Togo,Kara,PME,2025-02-22
C00757,Sarah,Adjovi,Sénégal,Touba,PME,2026-05-26
C00758,Kevin,Adjovi,Sénégal,Touba,Particulier,2025-08-16
C00759,Fabrice,Diop,Nigeria,Abuja,PME,2024-08-22
C00760,Joël,Ndiaye,Bénin,Porto-Novo,PME,2024-05-24
C00761,Aïcha,Sagna,Nigeria,Lagos,Particulier,2025-02-01
C00762,Chantal,Baba,Sénégal,Dakar,Entreprise,2025-06-11
C00763,Ibrahim,Baba,Bénin,Cotonou,PME,2025-06-05
C00764,Hervé,Assogba,Ghana,Tamale,Entreprise,2024-02-06
C00765,Yannick,Sagna,Nigeria,Abuja,Particulier,2025-06-13
C00766,Aminata,Adjovi,Togo,Kara,Particulier,2024-05-13
C00767,Hervé,Assogba,Nigeria,Lagos,Particulier,2024-05-14
C00768,Sarah,Zinsou,Côte d'Ivoire,Yamoussoukro,Particulier,2025-08-09
C00769,Mariam,Agossou,Sénégal,Thiès,Particulier,2026-05-22
C00770,Yannick,Zinsou,Nigeria,Abuja,Particulier,2024-07-16
C00771,Fabrice,Assogba,Côte d'Ivoire,Abidjan,Particulier,2024-09-29
C00772,Ismaël,Baba,Nigeria,Lagos,Particulier,2024-03-16
C00773,Fabrice,Diallo,Togo,Sokodé,Particulier,2025-09-26
C00774,Samuel,Mensah,Ghana,Kumasi,Particulier,2024-06-03
C00775,Rodrigue,Adjovi,Sénégal,Touba,PME,2025-03-31
C00776,Ruth,Assogba,Togo,Lomé,Entreprise,2024-08-10
C00777,Ismaël,Sagna,Côte d'Ivoire,Yamoussoukro,PME,2024-08-20
C00778,Yannick,Agossou,Togo,Kara,PME,2025-05-18
C00779,Kevin,Diallo,Bénin,Parakou,Particulier,2026-02-16
C00780,Koffi,Amani,Bénin,Cotonou,Particulier,2024-03-11
C00781,Arnaud,Gomis,Côte d'Ivoire,Abidjan,Particulier,2026-02-07
C00782,Ruth,Sagna,Bénin,Abomey-Calavi,Particulier,2024-07-25
C00783,Chantal,Ahouansou,Bénin,Porto-Novo,Entreprise,2024-04-16
C00784,Samuel,Amani,Ghana,Kumasi,Particulier,2025-09-13
C00785,Ismaël,Ouédraogo,Ghana,Tamale,PME,2025-07-08
C00786,Franck,Adjovi,Ghana,Accra,PME,2025-04-24
C00787,Nadia,Diop,Togo,Lomé,PME,2025-01-24
C00788,Samuel,Amani,Nigeria,Lagos,Entreprise,2025-11-12
C00789,Natacha,Diop,Sénégal,Dakar,Particulier,2026-01-08
C00790,Sarah,Baba,Bénin,Abomey-Calavi,Particulier,2024-06-09
C00791,Kevin,Ndiaye,Bénin,Abomey-Calavi,Entreprise,2024-01-04
C00792,Joël,Diop,Ghana,Tamale,,2025-04-07
C00793,Franck,Dossou,Bénin,Abomey-Calavi,PME,2025-01-26
C00794,Fabrice,Tchibozo,Côte d'Ivoire,San-Pédro,Particulier,2024-11-10
C00795,Kevin,Dossou,Nigeria,Port Harcourt,Particulier,2024-03-25
C00796,Aïcha,Yao,Bénin,Abomey-Calavi,Particulier,2024-04-12
C00797,Junior,Yao,Bénin,Porto-Novo,Particulier,2025-10-20
C00798,Joël,Ahouansou,Nigeria,Ibadan,Particulier,2024-07-18
C00799,Aïcha,Kouassi,Sénégal,Thiès,Particulier,2025-10-05
C00800,Ismaël,Amoussou,Bénin,Porto-Novo,Entreprise,2024-04-10
C00801,David,Diallo,Nigeria,Ibadan,PME,2025-01-05
C00802,Sonia,Adjovi,Nigeria,Port Harcourt,PME,2024-08-28
C00803,Kevin,Baba,Côte d'Ivoire,Bouaké,Particulier,2024-01-03
C00804,Aïcha,Assogba,Sénégal,Saint-Louis,PME,2026-03-29
C00805,Rodrigue,Dossou,Togo,Sokodé,PME,2024-06-30
C00806,Blandine,Ouédraogo,Bénin,Abomey-Calavi,PME,2024-02-24
C00807,Rodrigue,Assogba,Sénégal,Saint-Louis,Particulier,2025-12-14
C00808,Clarisse,Amani,Togo,Sokodé,PME,2025-09-24
C00809,Arnaud,Sagna,Sénégal,Dakar,PME,2024-01-22
C00810,Grâce,Tchibozo,Nigeria,Ibadan,PME,2024-11-01
C00811,Clarisse,Adjovi,Bénin,Cotonou,Particulier,2024-03-05
C00812,Malick,Amoussou,Sénégal,Touba,PME,2024-10-07
C00813,Fabrice,Ouédraogo,Togo,Sokodé,Particulier,2025-08-25
C00814,Ismaël,Amani,Nigeria,Abuja,Particulier,2024-12-05
C00815,Natacha,Mensah,Togo,Kara,Particulier,2025-12-10
C00816,Ibrahim,Sow,Sénégal,Thiès,Particulier,2026-03-06
C00817,Joël,Amani,Sénégal,Touba,PME,2024-08-17
C00818,Aminata,Amani,Côte d'Ivoire,San-Pédro,Particulier,2025-03-05
C00819,Joël,Adjovi,Sénégal,Touba,Particulier,2024-11-26
C00820,Ismaël,Kouassi,Ghana,Kumasi,PME,2025-01-26
C00821,David,Diop,Sénégal,Dakar,PME,2025-01-27
C00822,Yannick,Ahouansou,Ghana,Kumasi,PME,2025-02-15
C00823,Ruth,Kouassi,Nigeria,Lagos,PME,2025-06-18
C00824,Sonia,Diop,Côte d'Ivoire,Yamoussoukro,Entreprise,2024-11-13
C00825,Ruth,Diop,Côte d'Ivoire,San-Pédro,Particulier,2025-05-17
C00826,Samuel,Traoré,Bénin,Abomey-Calavi,PME,2024-02-22
C00827,Koffi,Dossou,Ghana,Tamale,Particulier,2025-02-14
C00828,Ibrahim,Kouassi,Côte d'Ivoire,Yamoussoukro,PME,2024-04-20
C00829,Prisca,Amani,Côte d'Ivoire,Yamoussoukro,PME,2024-07-29
C00830,Fabrice,Agossou,Bénin,Porto-Novo,Particulier,2024-04-20
C00831,Estelle,Gomis,Nigeria,Port Harcourt,Particulier,2024-05-30
C00832,Nadia,Gomis,Côte d'Ivoire,Yamoussoukro,Particulier,2024-05-21
C00833,Joël,Zinsou,Sénégal,Saint-Louis,PME,2024-10-07
C00834,Oumar,Dossou,Bénin,Cotonou,PME,2026-01-25
C00835,Koffi,Mensah,Nigeria,Abuja,Particulier,2025-07-16
C00836,Arnaud,Adjovi,Bénin,Parakou,Particulier,2024-12-07
C00837,David,Diop,Bénin,Cotonou,Particulier,2025-01-16
C00838,Yannick,Baba,Nigeria,Abuja,PME,2024-09-04
C00839,Rodrigue,Sagna,Nigeria,Lagos,Particulier,2025-12-26
C00840,Joël,Assogba,Togo,Kara,Particulier,2025-12-17
C00841,Fabrice,Amoussou,Côte d'Ivoire,Yamoussoukro,Particulier,2024-01-14
C00842,Aminata,Dossou,Ghana,Accra,Particulier,2024-10-25
C00843,Chantal,Diallo,Nigeria,Lagos,Particulier,2024-02-24
C00844,Clarisse,Diop,Côte d'Ivoire,San-Pédro,Particulier,2024-03-29
C00845,Ismaël,Tchibozo,Côte d'Ivoire,Abidjan,PME,2025-02-13
C00846,Aïcha,Gomis,Ghana,Accra,PME,2024-08-31
C00847,Malick,Kouassi,Ghana,Kumasi,Particulier,2025-01-29
C00848,Aminata,Diallo,Ghana,Kumasi,Particulier,2026-03-07
C00849,Sonia,Kaboré,Sénégal,Touba,Particulier,2024-02-09
C00850,Malick,Kaboré,Bénin,Abomey-Calavi,Particulier,2025-09-02
C00851,Oumar,Adjovi,Nigeria,Port Harcourt,Particulier,2026-01-18
C00852,Koffi,Baba,Nigeria,Abuja,Particulier,2024-12-18
C00853,Rodrigue,Zinsou,Ghana,Accra,Entreprise,2025-02-22
C00854,Ismaël,Mensah,Bénin,Cotonou,Particulier,2024-12-12
C00855,Prisca,Assogba,Togo,Lomé,PME,2024-11-15
C00856,Arnaud,Agossou,Ghana,Accra,Particulier,2024-12-11
C00857,Yannick,Ndiaye,Bénin,Porto-Novo,Particulier,2025-08-12
C00858,Samuel,Sagna,Nigeria,Lagos,PME,2025-10-09
C00859,Joël,Diop,Côte d'Ivoire,Abidjan,Particulier,2024-12-03
C00860,Franck,Sagna,Ghana,Accra,PME,2025-06-07
C00861,Prisca,Mensah,Nigeria,Lagos,Particulier,2025-11-26
C00862,Prisca,Amani,Côte d'Ivoire,Abidjan,Particulier,2024-05-22
C00863,Blandine,Diallo,Togo,Lomé,Particulier,2025-03-19
C00864,Ruth,Diallo,Sénégal,Dakar,Particulier,2025-11-26
C00865,Natacha,Sagna,Sénégal,Dakar,PME,2025-01-16
C00866,Junior,Ouédraogo,Côte d'Ivoire,San-Pédro,Particulier,2024-09-14
C00867,Clarisse,Sow,Sénégal,Dakar,Particulier,2025-03-27
C00868,Oumar,Ndiaye,Nigeria,Port Harcourt,Particulier,2024-06-20
C00869,Fabrice,Dossou,Côte d'Ivoire,Abidjan,Entreprise,2025-08-15
C00870,Estelle,Kouassi,Bénin,Porto-Novo,Particulier,2024-01-31
C00871,Prisca,Tchibozo,Côte d'Ivoire,Bouaké,PME,2024-01-14
C00872,Nadia,Agossou,Côte d'Ivoire,Yamoussoukro,Particulier,2025-11-01
C00873,Nadia,Ahouansou,Bénin,Abomey-Calavi,Entreprise,2024-08-19
C00874,Arnaud,Amani,Bénin,Porto-Novo,Particulier,2024-05-26
C00875,Oumar,Diop,Sénégal,Dakar,PME,2026-06-04
C00876,Franck,Mensah,Côte d'Ivoire,Yamoussoukro,PME,2026-06-10
C00877,Ibrahim,Baba,Nigeria,Lagos,Particulier,2025-06-25
C00878,Sonia,Agossou,Togo,Sokodé,Particulier,2025-01-10
C00879,Natacha,Diop,Bénin,Porto-Novo,Particulier,2026-06-15
C00880,Franck,Kouassi,Ghana,Kumasi,Particulier,2025-01-01
C00881,Ibrahim,Traoré,Nigeria,Lagos,Particulier,2024-07-29
C00882,Grâce,Assogba,Togo,Sokodé,Particulier,2024-04-11
C00883,Ruth,Dossou,Togo,Kara,Particulier,2024-03-17
C00884,Ismaël,Diallo,Bénin,Porto-Novo,Particulier,2024-11-15
C00885,Yannick,Kouassi,Côte d'Ivoire,Yamoussoukro,Particulier,2025-08-06
C00886,Blandine,Dossou,Côte d'Ivoire,Yamoussoukro,Particulier,2025-05-25
C00887,Chantal,Amoussou,Togo,Lomé,Particulier,2024-07-22
C00888,Aïcha,Zinsou,Bénin,Parakou,PME,2024-10-22
C00889,Clarisse,Kaboré,Côte d'Ivoire,San-Pédro,PME,2024-02-26
C00890,Arnaud,Ahouansou,Nigeria,Abuja,Entreprise,2025-12-22
C00891,Natacha,Zinsou,Sénégal,Saint-Louis,Particulier,2025-01-18
C00892,Nadia,Gomis,Côte d'Ivoire,San-Pédro,PME,2025-07-19
C00893,Ibrahim,Kaboré,Bénin,Porto-Novo,Particulier,2024-02-27
C00894,David,Ahouansou,Togo,Lomé,Entreprise,2024-04-21
C00895,Aïcha,Zinsou,Togo,Sokodé,Entreprise,2025-06-25
C00896,Chantal,Traoré,Ghana,Kumasi,PME,2025-04-19
C00897,Ibrahim,Agossou,Nigeria,Port Harcourt,PME,2025-03-05
C00898,Sarah,Yao,Nigeria,Abuja,Entreprise,2025-12-28
C00899,Chantal,Gomis,Nigeria,Ibadan,Particulier,2025-11-03
C00900,Blandine,Gomis,Nigeria,Ibadan,PME,2025-10-27
C00901,Ruth,Amani,Nigeria,Port Harcourt,PME,2024-11-10
C00902,Kevin,Sow,Bénin,Cotonou,PME,2025-06-19
C00903,Aminata,Ndiaye,Bénin,Cotonou,Particulier,2025-01-13
C00904,Ibrahim,Assogba,Togo,Sokodé,Particulier,2024-06-01
C00905,Malick,Ahouansou,Sénégal,Saint-Louis,Entreprise,2024-10-05
C00906,Sonia,Gomis,Bénin,Abomey-Calavi,Particulier,2025-10-12
C00907,Franck,Sow,Nigeria,Abuja,PME,2025-08-02
C00908,Ruth,Zinsou,Sénégal,Dakar,Particulier,2025-05-22
C00909,Kevin,Baba,Côte d'Ivoire,San-Pédro,Particulier,2025-09-29
C00910,Prisca,Diallo,Bénin,Abomey-Calavi,Particulier,2025-06-20
C00911,Hervé,Yao,Togo,Kara,PME,2025-10-13
C00912,Franck,Yao,Bénin,Parakou,Particulier,2026-03-12
C00913,Natacha,Dossou,Nigeria,Ibadan,PME,2024-04-17
C00914,Franck,Adjovi,Sénégal,Thiès,Particulier,2025-03-05
C00915,Prisca,Amoussou,Ghana,Tamale,Entreprise,2024-11-24
C00916,Chantal,Diop,Togo,Lomé,Particulier,2024-06-07
C00917,Arnaud,Sagna,Côte d'Ivoire,Bouaké,Particulier,2024-03-27
C00918,Prisca,Yao,Côte d'Ivoire,Abidjan,Particulier,2024-06-04
C00919,Rodrigue,Tchibozo,Ghana,Tamale,Particulier,2025-11-27
C00920,Sonia,Yao,Ghana,Tamale,Particulier,2026-05-06
C00921,Aïcha,Sow,Togo,Kara,Particulier,2026-01-08
C00922,Aminata,Adjovi,Nigeria,Port Harcourt,Entreprise,2025-09-26
C00923,Natacha,Ndiaye,Bénin,Cotonou,PME,2024-09-03
C00924,Ibrahim,Kaboré,Nigeria,Port Harcourt,Particulier,2025-07-20
C00925,Yannick,Agossou,Bénin,Parakou,Particulier,2024-01-05
C00926,David,Agossou,Togo,Kara,Entreprise,2024-08-19
C00927,Ismaël,Traoré,Nigeria,Abuja,PME,2025-12-18
C00928,Sarah,Mensah,Bénin,Parakou,PME,2024-12-18
C00929,Sarah,Dossou,Côte d'Ivoire,Yamoussoukro,Entreprise,2025-10-30
C00930,Nadia,Assogba,Côte d'Ivoire,Yamoussoukro,PME,2025-04-20
C00931,Samuel,Yao,Togo,Kara,Particulier,2025-12-31
C00932,Aïcha,Ndiaye,Ghana,Accra,Particulier,2025-04-20
C00933,Fabrice,Ndiaye,Nigeria,Port Harcourt,PME,2024-01-05
C00934,Sonia,Yao,Nigeria,Ibadan,Particulier,2026-05-20
C00935,Aïcha,Mensah,Côte d'Ivoire,Yamoussoukro,Particulier,2024-01-25
C00936,Fabrice,Mensah,Côte d'Ivoire,Yamoussoukro,Particulier,2026-05-31
C00937,Estelle,Ouédraogo,Togo,Kara,Particulier,2024-03-31
C00938,Nadia,Agossou,Togo,Lomé,Particulier,2024-08-13
C00939,Ruth,Traoré,Bénin,Parakou,Particulier,2024-01-01
C00940,Grâce,Kouassi,Nigeria,Abuja,Particulier,2024-04-21
C00941,Oumar,Amoussou,Nigeria,Ibadan,PME,2024-04-02
C00942,Ruth,Assogba,Ghana,Accra,PME,2026-04-13
C00943,Grâce,Dossou,Côte d'Ivoire,Abidjan,Particulier,2024-03-17
C00944,Natacha,Kaboré,Côte d'Ivoire,Abidjan,Particulier,2026-05-16
C00945,Ibrahim,Gomis,Côte d'Ivoire,Bouaké,Particulier,2025-04-04
C00946,Fabrice,Diop,Côte d'Ivoire,San-Pédro,Particulier,2024-07-18
C00947,Fatou,Adjovi,Côte d'Ivoire,San-Pédro,Particulier,2024-04-22
C00948,Joël,Zinsou,Bénin,Porto-Novo,Particulier,2024-05-06
C00949,Fatou,Gomis,Bénin,Porto-Novo,Particulier,2024-06-02
C00950,Kevin,Amoussou,Nigeria,Lagos,Particulier,2024-02-25
C00951,Aminata,Zinsou,Côte d'Ivoire,Abidjan,Entreprise,2025-10-09
C00952,Fatou,Adjovi,Nigeria,Abuja,PME,2025-09-29
C00953,Grâce,Ouédraogo,Bénin,Parakou,Particulier,2024-09-30
C00954,Aminata,Dossou,Sénégal,Dakar,Particulier,2025-02-19
C00955,Fabrice,Dossou,Togo,Sokodé,Entreprise,2024-04-14
C00956,Aminata,Baba,Togo,Kara,PME,2026-01-25
C00957,Grâce,Amani,Bénin,Parakou,PME,2025-07-23
C00958,Sarah,Assogba,Bénin,Cotonou,Particulier,2024-09-01
C00959,Ibrahim,Dossou,Nigeria,Port Harcourt,Particulier,2025-03-07
C00960,Koffi,Kouassi,Togo,Sokodé,PME,2025-11-23
C00961,Kevin,Ouédraogo,Sénégal,Dakar,Particulier,2025-03-06
C00962,Sonia,Traoré,Côte d'Ivoire,Abidjan,Particulier,2024-01-10
C00963,Kevin,Yao,Côte d'Ivoire,San-Pédro,Particulier,2025-05-29
C00964,Kevin,Diop,Côte d'Ivoire,San-Pédro,PME,2024-02-10
C00965,Rodrigue,Amoussou,Bénin,Parakou,Particulier,2024-10-30
C00966,Natacha,Ndiaye,Nigeria,Port Harcourt,PME,2025-06-09
C00967,Prisca,Traoré,Nigeria,Lagos,PME,2025-12-26
C00968,Arnaud,Gomis,Ghana,Kumasi,Particulier,2025-09-13
C00969,Oumar,Tchibozo,Côte d'Ivoire,Bouaké,Particulier,2024-12-25
C00970,Natacha,Ndiaye,Bénin,Porto-Novo,Particulier,2026-02-20
C00971,Fabrice,Zinsou,Nigeria,Port Harcourt,Particulier,2024-10-12
C00972,Joël,Gomis,Côte d'Ivoire,San-Pédro,Particulier,2024-10-01
C00973,Blandine,Amani,Bénin,Porto-Novo,Particulier,2024-04-27
C00974,Mariam,Kouassi,Côte d'Ivoire,Abidjan,Particulier,2025-09-01
C00975,Sonia,Baba,Ghana,Kumasi,Particulier,2025-10-02
C00976,Fatou,Diop,Sénégal,Saint-Louis,PME,2025-10-03
C00977,Clarisse,Traoré,Ghana,Kumasi,PME,2026-02-05
C00978,Ibrahim,Diop,Ghana,Accra,PME,2025-11-18
C00979,Nadia,Assogba,Togo,Lomé,PME,2025-05-17
C00980,Fabrice,Yao,Nigeria,Lagos,PME,2025-06-04
C00981,Sarah,Dossou,Côte d'Ivoire,Abidjan,Entreprise,2026-02-09
C00982,Grâce,Ahouansou,Sénégal,Thiès,Particulier,2024-05-28
C00983,Samuel,Amoussou,Bénin,Porto-Novo,PME,2025-05-28
C00984,Malick,Agossou,Nigeria,Lagos,PME,2025-01-10
C00985,Grâce,Kouassi,Togo,Sokodé,Particulier,2025-04-26
C00986,Ismaël,Baba,Bénin,Cotonou,PME,2025-05-05
C00987,Oumar,Yao,Côte d'Ivoire,Abidjan,Particulier,2024-11-18
C00988,Clarisse,Zinsou,Bénin,Porto-Novo,Entreprise,2026-05-25
C00989,Ibrahim,Gomis,Bénin,Abomey-Calavi,Particulier,2024-08-20
C00990,Franck,Dossou,Sénégal,Thiès,Particulier,2024-11-17
C00991,Arnaud,Kaboré,Côte d'Ivoire,Abidjan,Particulier,2024-08-22
C00992,Junior,Ndiaye,Nigeria,Abuja,Particulier,2025-08-15
C00993,Kevin,Sow,Togo,Sokodé,Particulier,2025-05-13
C00994,Aminata,Diallo,Ghana,Kumasi,Particulier,2026-05-10
C00995,Ruth,Baba,Côte d'Ivoire,Bouaké,PME,2025-09-26
C00996,Chantal,Diop,Sénégal,Dakar,Particulier,2024-11-05
C00997,Fabrice,Zinsou,Sénégal,Saint-Louis,Particulier,2025-06-29
C00998,Prisca,Agossou,Côte d'Ivoire,Yamoussoukro,Particulier,2024-02-06
C00999,Nadia,Ndiaye,Nigeria,Abuja,PME,2025-04-07
C01000,Blandine,Kaboré,Côte d'Ivoire,San-Pédro,PME,2025-06-25
C01001,Moussa,Amani,Bénin,Parakou,PME,2025-09-13
C01002,Kevin,Assogba,Sénégal,Touba,Particulier,2024-06-25
C01003,Grâce,Amoussou,Nigeria,Abuja,Particulier,2025-04-16
C01004,Blandine,Sow,Bénin,Abomey-Calavi,Particulier,2024-04-04
C01005,Ibrahim,Yao,Côte d'Ivoire,Abidjan,Entreprise,2024-06-21
C01006,Mariam,Ahouansou,Nigeria,Port Harcourt,Particulier,2024-07-18
C01007,Chantal,Tchibozo,Ghana,Kumasi,PME,2025-06-29
C01008,Chantal,Mensah,Nigeria,Port Harcourt,Particulier,2025-07-17
C01009,Joël,Amani,Côte d'Ivoire,Bouaké,Particulier,2025-05-27
C01010,Franck,Sagna,Sénégal,Thiès,Particulier,2026-01-08
C01011,Fabrice,Amoussou,Togo,Kara,Particulier,2026-03-02
C01012,Aminata,Kaboré,Nigeria,Port Harcourt,Particulier,2025-06-24
C01013,Ismaël,Diallo,Côte d'Ivoire,Yamoussoukro,Particulier,2026-02-07
C01014,Prisca,Ouédraogo,Ghana,Tamale,Particulier,2024-02-13
C01015,Malick,Zinsou,Côte d'Ivoire,Bouaké,Particulier,2025-10-02
C01016,Ruth,Kouassi,Sénégal,Touba,Particulier,2026-01-14
C01017,Aïcha,Tchibozo,Ghana,Accra,Particulier,2025-05-21
C01018,Ibrahim,Diop,Côte d'Ivoire,San-Pédro,Entreprise,2025-07-20
C01019,Chantal,Baba,Nigeria,Ibadan,Entreprise,2026-02-13
C01020,Aïcha,Zinsou,Côte d'Ivoire,Bouaké,PME,2024-08-03
C01021,Hervé,Agossou,Sénégal,Dakar,PME,2024-12-19
C01022,Nadia,Kouassi,Côte d'Ivoire,Yamoussoukro,PME,2025-10-27
C01023,Moussa,Sow,Côte d'Ivoire,Abidjan,Particulier,2024-05-22
C01024,Malick,Amoussou,Côte d'Ivoire,Abidjan,PME,2026-04-02
C01025,Clarisse,Diop,Bénin,Parakou,Particulier,2025-05-31
C01026,Chantal,Assogba,Bénin,Cotonou,PME,2024-08-28
C01027,David,Mensah,Sénégal,Touba,Entreprise,2025-08-04
C01028,Blandine,Adjovi,Sénégal,Saint-Louis,Entreprise,2024-03-12
C01029,Oumar,Assogba,Sénégal,Thiès,PME,2025-02-14
C01030,Ruth,Amani,Bénin,Cotonou,Particulier,2025-03-05
C01031,Samuel,Adjovi,Togo,Kara,PME,2024-03-06
C01032,David,Amoussou,Bénin,Parakou,Particulier,2024-12-21
C01033,Kevin,Ahouansou,Ghana,Kumasi,Particulier,2024-12-28
C01034,Mariam,Ndiaye,Nigeria,Abuja,PME,2024-06-04
C01035,Fabrice,Adjovi,Togo,Lomé,Particulier,2025-02-16
C01036,Yannick,Tchibozo,Sénégal,Dakar,Particulier,2024-02-03
C01037,Malick,Traoré,Bénin,Parakou,Particulier,2025-10-19
C01038,Natacha,Dossou,Togo,Lomé,Particulier,2025-01-20
C01039,Fatou,Ndiaye,Bénin,Abomey-Calavi,PME,2024-07-09
C01040,Chantal,Diallo,Togo,Sokodé,Particulier,2025-08-15
C01041,Ruth,Assogba,Sénégal,Touba,Particulier,2025-08-01
C01042,David,Sagna,Nigeria,Lagos,Particulier,2026-03-22
C01043,Mariam,Ouédraogo,Togo,Sokodé,Particulier,2026-03-01
C01044,Ibrahim,Sow,Côte d'Ivoire,Bouaké,Particulier,2025-04-28
C01045,Estelle,Ndiaye,Ghana,Tamale,Particulier,2024-08-25
C01046,Yannick,Ouédraogo,Nigeria,Lagos,Entreprise,2024-05-21
C01047,Rodrigue,Ahouansou,Sénégal,Saint-Louis,Particulier,2025-03-16
C01048,Franck,Baba,Togo,Kara,Particulier,2024-05-07
C01049,Oumar,Ndiaye,Sénégal,Thiès,PME,2025-03-07
C01050,Ruth,Diop,Togo,Kara,Particulier,2026-01-11
C01051,Moussa,Kaboré,Nigeria,Lagos,PME,2024-06-01
C01052,Malick,Zinsou,Côte d'Ivoire,Bouaké,Particulier,2026-04-12
C01053,Koffi,Zinsou,Sénégal,Dakar,PME,2025-04-27
C01054,Prisca,Sagna,Bénin,Porto-Novo,Particulier,2024-05-11
C01055,Natacha,Gomis,Côte d'Ivoire,San-Pédro,Particulier,2025-01-18
C01056,Chantal,Ouédraogo,Nigeria,Ibadan,Entreprise,2024-12-07
C01057,Moussa,Mensah,Sénégal,Dakar,PME,2024-04-17
C01058,Prisca,Traoré,Côte d'Ivoire,Bouaké,Particulier,2024-04-25
C01059,Sonia,Amani,Nigeria,Abuja,Particulier,2024-08-22
C01060,Grâce,Baba,Nigeria,Lagos,PME,2025-10-26
C01061,Ruth,Kouassi,Togo,Kara,Particulier,2024-12-16
C01062,Fabrice,Assogba,Côte d'Ivoire,Yamoussoukro,Particulier,2025-11-23
C01063,Kevin,Amoussou,Côte d'Ivoire,Bouaké,Particulier,2024-10-16
C01064,Prisca,Traoré,Sénégal,Dakar,Entreprise,2024-01-13
C01065,Rodrigue,Zinsou,Côte d'Ivoire,Yamoussoukro,Particulier,2025-06-14
C01066,Hervé,Diallo,Togo,Kara,Particulier,2025-10-25
C01067,Nadia,Ouédraogo,Nigeria,Lagos,PME,2025-08-15
C01068,Grâce,Ahouansou,Nigeria,Abuja,Particulier,2026-02-28
C01069,Clarisse,Amoussou,Nigeria,Lagos,Particulier,2024-04-05
C01070,Mariam,Sow,Nigeria,Lagos,PME,2025-03-22
C01071,Junior,Sow,Ghana,Kumasi,Particulier,2026-06-12
C01072,Nadia,Kaboré,Ghana,Accra,,2026-04-16
C01073,Oumar,Tchibozo,Ghana,Kumasi,Particulier,2025-10-05
C01074,Aïcha,Gomis,Côte d'Ivoire,San-Pédro,Particulier,2025-01-25
C01075,Chantal,Ahouansou,Côte d'Ivoire,Bouaké,Entreprise,2024-07-20
C01076,Ruth,Tchibozo,Togo,Sokodé,PME,2026-01-07
C01077,David,Sow,Sénégal,Saint-Louis,PME,2024-02-13
C01078,Oumar,Dossou,Togo,Kara,Particulier,2024-11-28
C01079,Estelle,Mensah,Togo,Sokodé,Particulier,2024-08-03
C01080,Fatou,Ahouansou,Sénégal,Thiès,Entreprise,2025-06-26
C01081,Prisca,Mensah,Côte d'Ivoire,Bouaké,PME,2025-10-20
C01082,Clarisse,Diop,Togo,Kara,Particulier,2025-08-10
C01083,Rodrigue,Tchibozo,Nigeria,Lagos,Entreprise,2024-02-04
C01084,Natacha,Diop,Nigeria,Ibadan,Particulier,2024-01-04
C01085,Junior,Amani,Bénin,Cotonou,Particulier,2025-12-04
C01086,Junior,Kaboré,Bénin,Porto-Novo,Particulier,2026-01-02
C01087,Samuel,Dossou,Côte d'Ivoire,San-Pédro,Particulier,2024-12-14
C01088,Estelle,Gomis,Ghana,Accra,Particulier,2024-09-04
C01089,Malick,Mensah,Nigeria,Abuja,Entreprise,2025-03-28
C01090,Prisca,Amoussou,Bénin,Cotonou,Particulier,2025-11-22
C01091,Aminata,Dossou,Ghana,Accra,Particulier,2024-08-25
C01092,Junior,Ahouansou,Bénin,Porto-Novo,Entreprise,2024-01-20
C01093,Fabrice,Baba,Côte d'Ivoire,,Particulier,2025-11-17
C01094,Ruth,Sagna,Nigeria,Lagos,Particulier,2025-10-31
C01095,Ismaël,Mensah,Bénin,Abomey-Calavi,Particulier,2025-08-18
C01096,Ismaël,Ndiaye,Bénin,Cotonou,Particulier,2025-10-21
C01097,Samuel,Kaboré,Côte d'Ivoire,Bouaké,PME,2025-04-24
C01098,Natacha,Sagna,Sénégal,Thiès,PME,2026-02-02
C01099,Rodrigue,Ahouansou,Nigeria,Lagos,Particulier,2025-06-26
C01100,Yannick,Sagna,Nigeria,Abuja,PME,2025-09-20
C01101,Ismaël,Agossou,Bénin,Parakou,PME,2026-02-22
C01102,Chantal,Ouédraogo,Bénin,Parakou,Particulier,2024-01-18
C01103,Chantal,Adjovi,Ghana,Kumasi,Particulier,2025-02-19
C01104,Grâce,Ahouansou,Togo,Lomé,PME,2024-07-26
C01105,Hervé,Sow,Nigeria,Ibadan,Particulier,2024-12-10
C01106,Clarisse,Tchibozo,Sénégal,Saint-Louis,Particulier,2024-03-19
C01107,Yannick,Baba,Bénin,Abomey-Calavi,Entreprise,2024-10-27
C01108,Ismaël,Diop,Nigeria,Ibadan,Particulier,2026-01-10
C01109,Kevin,Kouassi,Bénin,Cotonou,Particulier,2026-05-01
C01110,Oumar,Baba,Côte d'Ivoire,Abidjan,Particulier,2026-05-28
C01111,Mariam,Kouassi,Sénégal,Touba,Particulier,2025-04-23
C01112,Clarisse,Sagna,Côte d'Ivoire,Bouaké,PME,2024-01-07
C01113,Blandine,Sagna,Sénégal,,Particulier,2024-09-25
C01114,Blandine,Zinsou,Sénégal,Saint-Louis,Particulier,2026-04-07
C01115,Ibrahim,Ouédraogo,Nigeria,Ibadan,PME,2026-02-07
C01116,Malick,Agossou,Nigeria,Port Harcourt,Particulier,2024-09-20
C01117,Samuel,Agossou,Côte d'Ivoire,Abidjan,PME,2024-09-23
C01118,Yannick,Sagna,Bénin,Parakou,Entreprise,2025-07-24
C01119,Fabrice,Ahouansou,Ghana,Kumasi,Entreprise,2025-08-08
C01120,Moussa,Assogba,Nigeria,Ibadan,Particulier,2024-11-19
C01121,Fabrice,Mensah,Togo,Kara,Particulier,2026-03-23
C01122,Aïcha,Traoré,Côte d'Ivoire,Yamoussoukro,Particulier,2024-11-26
C01123,Joël,Ndiaye,Côte d'Ivoire,Yamoussoukro,PME,2024-05-24
C01124,Prisca,Kaboré,Bénin,Porto-Novo,Particulier,2024-12-05
C01125,Fabrice,Tchibozo,Sénégal,Saint-Louis,Particulier,2025-07-10
C01126,Chantal,Ouédraogo,Côte d'Ivoire,Abidjan,PME,2026-03-26
C01127,Aminata,Assogba,Ghana,Accra,PME,2025-07-08
C01128,Mariam,Mensah,Nigeria,Ibadan,Particulier,2025-09-25
C01129,Nadia,Adjovi,Nigeria,Abuja,Entreprise,2026-06-17
C01130,Ismaël,Gomis,Côte d'Ivoire,Abidjan,PME,2025-05-31
C01131,Fabrice,Sow,Togo,Lomé,Particulier,2025-12-01
C01132,Ibrahim,Traoré,Ghana,Kumasi,PME,2026-03-17
C01133,Sarah,Ahouansou,Nigeria,Lagos,Particulier,2025-08-24
C01134,Arnaud,Zinsou,Côte d'Ivoire,Bouaké,Particulier,2025-12-29
C01135,Blandine,Assogba,Nigeria,Ibadan,PME,2025-10-15
C01136,Ibrahim,Diop,Bénin,Abomey-Calavi,Particulier,2025-10-29
C01137,David,Kaboré,Nigeria,Ibadan,Particulier,2025-01-10
C01138,Natacha,Mensah,Bénin,Cotonou,Particulier,2026-03-22
C01139,Koffi,Kouassi,Bénin,Porto-Novo,PME,2025-04-02
C01140,Ruth,Ouédraogo,Côte d'Ivoire,San-Pédro,Particulier,2025-06-03
C01141,Aïcha,Sow,Bénin,Abomey-Calavi,Entreprise,2025-03-23
C01142,Rodrigue,Kouassi,Bénin,Abomey-Calavi,Particulier,2024-12-01
C01143,Malick,Agossou,Bénin,Abomey-Calavi,PME,2024-10-21
C01144,Franck,Agossou,Côte d'Ivoire,Yamoussoukro,Particulier,2024-08-16
C01145,Arnaud,Kaboré,Ghana,Kumasi,PME,2024-10-12
C01146,Koffi,Yao,Bénin,Abomey-Calavi,Particulier,2024-07-19
C01147,Yannick,Kouassi,Sénégal,Touba,PME,2024-07-11
C01148,Aminata,Kaboré,Nigeria,Lagos,Particulier,2025-11-29
C01149,Prisca,Traoré,Bénin,Porto-Novo,Entreprise,2025-01-15
C01150,Oumar,Sow,Bénin,Parakou,Particulier,2026-04-21
C01151,Samuel,Traoré,Nigeria,Ibadan,Particulier,2025-11-25
C01152,Oumar,Sagna,Nigeria,Abuja,Entreprise,2025-04-05
C01153,Junior,Traoré,Côte d'Ivoire,Bouaké,Particulier,2026-04-21
C01154,Samuel,Agossou,Nigeria,Abuja,Particulier,2025-04-20
C01155,Natacha,Assogba,Bénin,Abomey-Calavi,Entreprise,2026-03-31
C01156,Fabrice,Sagna,Côte d'Ivoire,Bouaké,Particulier,2025-08-25
C01157,Joël,Traoré,Ghana,Kumasi,PME,2024-01-22
C01158,Estelle,Diop,Togo,Kara,Particulier,2025-08-28
C01159,Chantal,Adjovi,Ghana,Kumasi,Particulier,2024-01-29
C01160,Fatou,Kaboré,Côte d'Ivoire,Yamoussoukro,Particulier,2024-07-21
C01161,Rodrigue,Diallo,Ghana,Accra,PME,2024-10-12
C01162,Clarisse,Baba,Côte d'Ivoire,Abidjan,Particulier,2025-06-03
C01163,Ismaël,Kaboré,Côte d'Ivoire,Abidjan,PME,2025-05-12
C01164,Fatou,Tchibozo,Togo,Lomé,Particulier,2025-04-03
C01165,Samuel,Ndiaye,Togo,Sokodé,PME,2024-12-01
C01166,Fatou,Dossou,Ghana,Accra,Particulier,2025-12-02
C01167,Sonia,Assogba,Bénin,Porto-Novo,Particulier,2024-09-03
C01168,Prisca,Assogba,Bénin,Cotonou,PME,2026-01-17
C01169,Samuel,Gomis,Bénin,Porto-Novo,PME,2024-06-25
C01170,Yannick,Ndiaye,Bénin,Porto-Novo,PME,2024-12-25
C01171,Arnaud,Zinsou,Nigeria,Port Harcourt,Particulier,2024-04-16
C01172,Nadia,Dossou,Côte d'Ivoire,San-Pédro,PME,2024-05-16
C01173,Samuel,Amoussou,Nigeria,Port Harcourt,Particulier,2024-10-27
C01174,Koffi,Mensah,Bénin,Cotonou,PME,2024-12-23
C01175,Samuel,Baba,Sénégal,Dakar,Particulier,2024-03-23
C01176,Ismaël,Traoré,Côte d'Ivoire,Yamoussoukro,,2025-02-16
C01177,Malick,Assogba,Côte d'Ivoire,Yamoussoukro,Particulier,2025-12-09
C01178,Prisca,Yao,Nigeria,Lagos,Particulier,2025-08-03
C01179,Aminata,Gomis,Nigeria,Ibadan,Particulier,2026-02-10
C01180,Ruth,Ndiaye,Nigeria,Lagos,Particulier,2026-02-02
C01181,Malick,Ndiaye,Bénin,Cotonou,Particulier,2024-04-18
C01182,Chantal,Gomis,Togo,Lomé,Particulier,2025-05-23
C01183,Natacha,Tchibozo,Sénégal,Saint-Louis,Particulier,2024-08-17
C01184,Oumar,Diallo,Togo,Sokodé,PME,2024-01-04
C01185,Arnaud,Baba,Ghana,Accra,PME,2026-05-29
C01186,Yannick,Baba,Sénégal,Thiès,Particulier,2024-03-24
C01187,Natacha,Diallo,Sénégal,Saint-Louis,Particulier,2025-09-07
C01188,Grâce,Gomis,Nigeria,Abuja,Particulier,2026-02-25
C01189,Franck,Agossou,Ghana,Kumasi,Particulier,2025-11-17
C01190,Ismaël,Amani,Bénin,Porto-Novo,Particulier,2024-07-19
C01191,Natacha,Gomis,Bénin,Parakou,PME,2025-09-15
C01192,Prisca,Kaboré,Sénégal,Saint-Louis,PME,2024-08-03
C01193,Ismaël,Yao,Côte d'Ivoire,Abidjan,Particulier,2024-06-08
C01194,Oumar,Amoussou,Togo,Kara,Particulier,2025-10-23
C01195,Ruth,Agossou,Côte d'Ivoire,San-Pédro,Particulier,2024-12-07
C01196,Grâce,Sagna,Ghana,Tamale,Particulier,2025-12-24
C01197,Estelle,Ahouansou,Nigeria,Ibadan,PME,2024-07-19
C01198,Hervé,Sow,Sénégal,Saint-Louis,Entreprise,2024-11-01
C01199,Aïcha,Traoré,Côte d'Ivoire,San-Pédro,Particulier,2024-04-29
C01200,Franck,Ouédraogo,Togo,Kara,Particulier,2024-08-13
C01201,Ibrahim,Adjovi,Côte d'Ivoire,Yamoussoukro,PME,2025-05-13
C01202,Fabrice,Sagna,Togo,Sokodé,PME,2025-02-14
C01203,Rodrigue,Amani,Sénégal,Saint-Louis,Particulier,2024-10-12
C01204,Fabrice,Ouédraogo,Sénégal,Saint-Louis,PME,2024-07-05
C01205,David,Dossou,Bénin,Porto-Novo,Particulier,2025-12-24
C01206,Natacha,Gomis,Bénin,Cotonou,Particulier,2025-09-09
C01207,Franck,Diop,Togo,Sokodé,Particulier,2025-06-27
C01208,Kevin,Baba,Nigeria,Abuja,PME,2025-10-08
C01209,Ibrahim,Amani,Sénégal,Thiès,Particulier,2026-02-27
C01210,Moussa,Kouassi,Bénin,Abomey-Calavi,Particulier,2025-06-23
C01211,Kevin,Ahouansou,Nigeria,Lagos,Particulier,2025-04-01
C01212,Grâce,Adjovi,Côte d'Ivoire,Bouaké,Particulier,2025-09-24
C01213,Koffi,Assogba,Côte d'Ivoire,Yamoussoukro,Particulier,2025-06-07
C01214,Kevin,Traoré,Nigeria,Lagos,Particulier,2025-12-13
C01215,Sonia,Tchibozo,Bénin,Porto-Novo,PME,2026-01-27
C01216,Nadia,Zinsou,Togo,Kara,Particulier,2024-02-05
C01217,Estelle,Agossou,Sénégal,Touba,Particulier,2025-11-02
C01218,Aïcha,Zinsou,Bénin,Porto-Novo,Particulier,2024-06-14
C01219,Franck,Yao,Sénégal,Saint-Louis,Particulier,2024-01-31
C01220,Kevin,Yao,Togo,Kara,Particulier,2024-03-16
C01221,Clarisse,Adjovi,Bénin,Parakou,PME,2025-08-06
C01222,Fabrice,Mensah,Togo,Lomé,Particulier,2026-05-03
C01223,Aïcha,Ahouansou,Côte d'Ivoire,Bouaké,PME,2024-10-23
C01224,Yannick,Sagna,Bénin,Cotonou,Particulier,2024-11-19
C01225,Sonia,Baba,Bénin,Porto-Novo,PME,2025-09-27
C01226,Prisca,Kouassi,Nigeria,Lagos,Particulier,2026-03-30
C01227,David,Zinsou,Togo,Kara,PME,2024-12-11
C01228,Rodrigue,Assogba,Côte d'Ivoire,Bouaké,Entreprise,2024-03-07
C01229,Mariam,Diop,Bénin,Parakou,PME,2024-11-19
C01230,Natacha,Dossou,Côte d'Ivoire,San-Pédro,Entreprise,2025-08-19
C01231,Grâce,Dossou,Togo,Sokodé,PME,2025-07-10
C01232,Ismaël,Amoussou,Sénégal,Dakar,Entreprise,2024-11-21
C01233,David,Sow,Togo,Lomé,PME,2025-01-04
C01234,Ruth,Traoré,Nigeria,Port Harcourt,PME,2026-06-01
C01235,Yannick,Traoré,Nigeria,Ibadan,Particulier,2026-04-16
C01236,Oumar,Sagna,Bénin,Abomey-Calavi,PME,2024-12-20
C01237,Rodrigue,Agossou,Bénin,Parakou,Particulier,2026-01-30
C01238,Junior,Sow,Bénin,Porto-Novo,Particulier,2025-01-31
C01239,Franck,Traoré,Sénégal,Dakar,Particulier,2024-09-23
C01240,Moussa,Traoré,Bénin,Parakou,PME,2024-06-02
C01241,Mariam,Amoussou,Nigeria,Lagos,Particulier,2024-07-12
C01242,Grâce,Agossou,Ghana,Accra,Particulier,2025-07-14
C01243,Chantal,Agossou,Nigeria,Ibadan,Particulier,2025-09-11
C01244,Nadia,Ahouansou,Côte d'Ivoire,Yamoussoukro,Entreprise,2024-08-13
C01245,Fatou,Zinsou,Nigeria,Lagos,Entreprise,2024-09-15
C01246,Oumar,Sow,Bénin,Parakou,PME,2025-07-06
C01247,Yannick,Ouédraogo,Côte d'Ivoire,Abidjan,,2026-01-23
C01248,Chantal,Gomis,Togo,Sokodé,Particulier,2024-08-18
C01249,Natacha,Sow,Nigeria,Abuja,Particulier,2024-05-07
C01250,Franck,Zinsou,Sénégal,Thiès,Particulier,2025-10-01
C01251,Koffi,Sagna,Nigeria,Lagos,PME,2025-04-04
C01252,Moussa,Dossou,Bénin,Parakou,PME,2024-02-08
C01253,David,Kouassi,Nigeria,Lagos,Particulier,2025-04-17
C01254,Hervé,Sow,Côte d'Ivoire,Abidjan,PME,2026-03-20
C01255,Natacha,Gomis,Côte d'Ivoire,Yamoussoukro,Particulier,2026-03-23
C01256,Arnaud,Amoussou,Nigeria,Ibadan,Entreprise,2026-03-17
C01257,Fabrice,Ouédraogo,Côte d'Ivoire,Bouaké,Particulier,2025-11-22
C01258,Natacha,Sagna,Côte d'Ivoire,San-Pédro,PME,2026-05-02
C01259,Joël,Assogba,Sénégal,Thiès,Entreprise,2025-05-20
C01260,Clarisse,Diop,Bénin,Porto-Novo,Particulier,2026-02-16
C01261,Ibrahim,Diop,Togo,Lomé,Particulier,2024-05-01
C01262,Sonia,Sagna,Bénin,Cotonou,Particulier,2026-05-06
C01263,Ruth,Amani,Bénin,Cotonou,Particulier,2024-09-07
C01264,Hervé,Adjovi,Nigeria,Port Harcourt,Particulier,2025-09-24
C01265,Koffi,Dossou,Sénégal,Dakar,Particulier,2026-01-26
C01266,Natacha,Ndiaye,Côte d'Ivoire,Bouaké,PME,2025-10-09
C01267,Chantal,Assogba,Côte d'Ivoire,Abidjan,Particulier,2024-01-03
C01268,Hervé,Amoussou,Côte d'Ivoire,Yamoussoukro,Particulier,2025-09-30
C01269,Oumar,Sagna,Sénégal,Saint-Louis,Particulier,2024-06-24
C01270,Natacha,Ahouansou,Nigeria,Abuja,Particulier,2025-01-06
C01271,Estelle,Sow,Nigeria,Port Harcourt,PME,2024-12-14
C01272,Natacha,Zinsou,Côte d'Ivoire,Bouaké,Particulier,2025-06-16
C01273,Chantal,Amoussou,Togo,Kara,Particulier,2025-05-23
C01274,Aïcha,Sow,Côte d'Ivoire,Bouaké,Particulier,2026-02-18
C01275,Estelle,Amani,Sénégal,Dakar,PME,2024-03-16
C01276,Junior,Adjovi,Côte d'Ivoire,Yamoussoukro,PME,2025-01-04
C01277,Samuel,Gomis,Sénégal,Touba,Particulier,2026-04-18
C01278,Franck,Baba,Sénégal,Saint-Louis,Particulier,2026-05-30
C01279,Franck,Zinsou,Togo,Sokodé,PME,2024-12-19
C01280,Malick,Tchibozo,Côte d'Ivoire,San-Pédro,Entreprise,2025-09-24
C01281,Rodrigue,Adjovi,Côte d'Ivoire,Abidjan,Particulier,2025-06-03
C01282,Franck,Ndiaye,Bénin,Parakou,PME,2026-03-04
C01283,Sonia,Assogba,Bénin,Cotonou,PME,2025-05-04
C01284,Natacha,Dossou,Ghana,Kumasi,Particulier,2024-05-20
C01285,Fatou,Yao,Côte d'Ivoire,Bouaké,Entreprise,2024-04-23
C01286,Fatou,Assogba,Togo,Lomé,Particulier,2025-04-25
C01287,Samuel,Traoré,Sénégal,Thiès,Particulier,2026-06-05
C01288,Aïcha,Traoré,Ghana,Tamale,Entreprise,2024-08-06
C01289,Fabrice,Ouédraogo,Togo,Sokodé,Particulier,2024-07-08
C01290,Moussa,Sagna,Nigeria,Abuja,Particulier,2025-06-03
C01291,Koffi,Zinsou,Nigeria,Ibadan,Particulier,2026-04-25
C01292,Samuel,Baba,Sénégal,Saint-Louis,Particulier,2024-04-01
C01293,Moussa,Ahouansou,Sénégal,Saint-Louis,Entreprise,2024-08-26
C01294,Yannick,Adjovi,Bénin,Porto-Novo,Particulier,2026-02-12
C01295,Ismaël,Diop,Nigeria,Port Harcourt,Entreprise,2025-02-10
C01296,Grâce,Tchibozo,Côte d'Ivoire,San-Pédro,PME,2024-06-10
C01297,Sarah,Assogba,Nigeria,Lagos,Particulier,2025-09-21
C01298,Kevin,Amani,Sénégal,Touba,Particulier,2026-01-25
C01299,Nadia,Ndiaye,Bénin,Porto-Novo,Particulier,2024-09-23
C01300,Natacha,Amoussou,Bénin,Parakou,Particulier,2025-10-16
C01301,Natacha,Assogba,Sénégal,Saint-Louis,Particulier,2025-06-08
C01302,Arnaud,Diop,Sénégal,Dakar,Particulier,2025-10-14
C01303,Rodrigue,Amani,Bénin,Parakou,Particulier,2025-10-01
C01304,Natacha,Adjovi,Ghana,Tamale,Particulier,2024-11-16
C01305,Franck,Assogba,Nigeria,Port Harcourt,Particulier,2025-07-01
C01306,Oumar,Amani,Côte d'Ivoire,San-Pédro,PME,2026-03-23
C01307,Koffi,Traoré,Côte d'Ivoire,Abidjan,Particulier,2024-08-20
C01308,Prisca,Agossou,Bénin,Porto-Novo,PME,2024-02-09
C01309,Ibrahim,Amoussou,Ghana,Accra,Particulier,2024-09-11
C01310,Mariam,Sagna,Côte d'Ivoire,Bouaké,Particulier,2024-10-31
C01311,Rodrigue,Amani,Nigeria,Ibadan,Particulier,2024-08-18
C01312,Koffi,Zinsou,Côte d'Ivoire,Abidjan,Particulier,2024-03-24
C01313,Ismaël,Sow,Sénégal,Dakar,PME,2025-05-31
C01314,Nadia,Diallo,Togo,Lomé,PME,2026-05-26
C01315,Grâce,Tchibozo,Bénin,Abomey-Calavi,Particulier,2024-08-05
C01316,Arnaud,Ndiaye,Ghana,Tamale,Particulier,2025-05-12
C01317,Sonia,Amani,Côte d'Ivoire,Bouaké,PME,2024-12-09
C01318,Franck,Ndiaye,Côte d'Ivoire,San-Pédro,Particulier,2026-05-28
C01319,Arnaud,Yao,Nigeria,Lagos,PME,2026-05-18
C01320,Rodrigue,Assogba,Nigeria,Lagos,Particulier,2025-04-30
C01321,Ruth,Sow,Nigeria,Port Harcourt,Particulier,2025-07-16
C01322,Prisca,Diallo,Bénin,Abomey-Calavi,Particulier,2024-12-18
C01323,Hervé,Zinsou,Sénégal,Touba,Particulier,2025-04-03
C01324,Arnaud,Ahouansou,Nigeria,Ibadan,Particulier,2026-04-15
C01325,Fatou,Kouassi,Côte d'Ivoire,Yamoussoukro,PME,2025-07-15
C01326,Blandine,Kaboré,Bénin,Cotonou,Particulier,2026-02-04
C01327,Malick,Yao,Nigeria,Ibadan,Particulier,2026-03-24
C01328,Nadia,Traoré,Côte d'Ivoire,Yamoussoukro,Particulier,2024-07-10
C01329,Grâce,Diop,Sénégal,Touba,Entreprise,2024-01-20
C01330,Kevin,Sow,Nigeria,Port Harcourt,Particulier,2025-06-17
C01331,Chantal,Sow,Sénégal,Touba,Particulier,2024-12-23
C01332,Oumar,Diallo,Côte d'Ivoire,San-Pédro,Particulier,2026-05-14
C01333,Fabrice,Tchibozo,Côte d'Ivoire,Abidjan,Particulier,2025-08-24
C01334,Sonia,Agossou,Côte d'Ivoire,Abidjan,PME,2024-02-26
C01335,Rodrigue,Ahouansou,Bénin,Cotonou,PME,2025-01-07
C01336,Mariam,Amani,Ghana,Tamale,Particulier,2025-12-06
C01337,Malick,Assogba,Nigeria,Lagos,Particulier,2024-08-29
C01338,Franck,Amoussou,Togo,Kara,Entreprise,2024-05-26
C01339,Oumar,Amoussou,Togo,Sokodé,Particulier,2024-07-26
C01340,Malick,Diallo,Nigeria,Ibadan,PME,2025-07-01
C01341,Clarisse,Kaboré,Bénin,Cotonou,Particulier,2026-04-12
C01342,Blandine,Tchibozo,Côte d'Ivoire,Yamoussoukro,Particulier,2024-12-01
C01343,Natacha,Amoussou,Côte d'Ivoire,Abidjan,Particulier,2026-06-14
C01344,Natacha,Diop,Ghana,Accra,Particulier,2024-05-30
C01345,Moussa,Kouassi,Bénin,Parakou,Particulier,2024-12-18
C01346,Arnaud,Ahouansou,Sénégal,Saint-Louis,PME,2024-05-04
C01347,Koffi,Agossou,Côte d'Ivoire,Yamoussoukro,Particulier,2025-09-11
C01348,Hervé,Ouédraogo,Sénégal,Saint-Louis,PME,2024-08-12
C01349,Rodrigue,Mensah,Bénin,Cotonou,Particulier,2024-11-26
C01350,Koffi,Gomis,Côte d'Ivoire,San-Pédro,PME,2026-04-25
C01351,Natacha,Ouédraogo,Côte d'Ivoire,Yamoussoukro,Particulier,2026-04-20
C01352,Sarah,Yao,Togo,Sokodé,Particulier,2024-11-10
C01353,Junior,Diop,Bénin,Porto-Novo,PME,2026-05-27
C01354,Kevin,Sagna,Bénin,Parakou,Particulier,2024-11-30
C01355,Sarah,Tchibozo,Côte d'Ivoire,San-Pédro,Particulier,2026-04-13
C01356,Estelle,Agossou,Bénin,Abomey-Calavi,Particulier,2025-06-17
C01357,Ismaël,Ndiaye,Nigeria,Lagos,Particulier,2024-04-05
C01358,Arnaud,Dossou,Côte d'Ivoire,Abidjan,Particulier,2026-04-03
C01359,Sonia,Kaboré,Nigeria,Ibadan,Entreprise,2025-10-30
C01360,Samuel,Tchibozo,Nigeria,Lagos,PME,2024-01-08
C01361,Fatou,Yao,Bénin,Parakou,Particulier,2025-08-29
C01362,Aïcha,Ahouansou,Sénégal,Touba,PME,2024-11-06
C01363,Arnaud,Amani,Nigeria,Lagos,Particulier,2024-07-16
C01364,Hervé,Yao,Sénégal,Touba,PME,2024-04-17
C01365,Blandine,Ouédraogo,Côte d'Ivoire,Bouaké,Entreprise,2024-11-29
C01366,Ruth,Diallo,Côte d'Ivoire,San-Pédro,Particulier,2024-10-11
C01367,Mariam,Kaboré,Bénin,Cotonou,Particulier,2024-07-03
C01368,Malick,Ahouansou,Côte d'Ivoire,Bouaké,Particulier,2026-02-22
C01369,Fatou,Kaboré,Nigeria,Port Harcourt,Particulier,2024-02-02
C01370,Moussa,Traoré,Nigeria,Port Harcourt,PME,2026-04-24
C01371,Grâce,Yao,Bénin,Parakou,Particulier,2025-09-21
C01372,Aminata,Tchibozo,Ghana,Kumasi,Particulier,2025-03-04
C01373,Oumar,Kaboré,Togo,Lomé,Particulier,2024-03-13
C01374,Grâce,Diallo,Nigeria,Lagos,PME,2025-09-08
C01375,Clarisse,Ahouansou,Bénin,Porto-Novo,PME,2024-12-26
C01376,Junior,Assogba,Nigeria,Abuja,PME,2025-05-24
C01377,Chantal,Ndiaye,Nigeria,Port Harcourt,Particulier,2026-01-18
C01378,Oumar,Tchibozo,Bénin,Porto-Novo,Particulier,2024-05-06
C01379,Yannick,Sow,Bénin,Cotonou,PME,2026-03-24
C01380,Aminata,Tchibozo,Nigeria,Ibadan,Particulier,2024-06-28
C01381,Aminata,Ahouansou,Bénin,Abomey-Calavi,Particulier,2025-08-30
C01382,Ruth,Adjovi,Côte d'Ivoire,Bouaké,Particulier,2024-05-24
C01383,Ruth,Kouassi,Nigeria,Ibadan,Particulier,2025-03-12
C01384,Prisca,Zinsou,Sénégal,Thiès,Particulier,2026-06-02
C01385,Hervé,Ndiaye,Côte d'Ivoire,Bouaké,Particulier,2024-10-27
C01386,Fatou,Gomis,Côte d'Ivoire,Bouaké,Particulier,2025-05-08
C01387,Arnaud,Baba,Bénin,Parakou,Particulier,2025-07-26
C01388,Sarah,Assogba,Nigeria,Lagos,Particulier,2026-01-22
C01389,Fatou,Sagna,Togo,Sokodé,Particulier,2025-03-23
C01390,Clarisse,Yao,Bénin,Porto-Novo,Particulier,2024-10-08
C01391,Arnaud,Ahouansou,Togo,Sokodé,Particulier,2026-05-26
C01392,Fatou,Ndiaye,Nigeria,Ibadan,PME,2025-05-24
C01393,Fatou,Dossou,Bénin,Cotonou,PME,2025-02-06
C01394,Yannick,Adjovi,Nigeria,Abuja,Particulier,2025-05-01
C01395,Hervé,Zinsou,Ghana,Tamale,PME,2026-06-03
C01396,Ismaël,Ouédraogo,Nigeria,Abuja,Particulier,2024-06-01
C01397,Koffi,Sow,Nigeria,Ibadan,PME,2026-04-19
C01398,Grâce,Diallo,Nigeria,Abuja,PME,2025-10-03
C01399,Blandine,Amani,Nigeria,Ibadan,Particulier,2025-09-09
C01400,Oumar,Ouédraogo,Bénin,Porto-Novo,Particulier,2024-09-21
C01401,Koffi,Sagna,Ghana,Accra,PME,2026-04-28
C01402,Ibrahim,Agossou,Côte d'Ivoire,Abidjan,Particulier,2024-03-25
C01403,Koffi,Mensah,Côte d'Ivoire,Abidjan,Entreprise,2025-08-13
C01404,Ibrahim,Diallo,Nigeria,Lagos,PME,2025-05-11
C01405,Sonia,Ndiaye,Nigeria,Ibadan,Particulier,2026-05-17
C01406,Aïcha,Assogba,Ghana,Accra,PME,2024-01-23
C01407,Oumar,Yao,Côte d'Ivoire,Bouaké,PME,2025-11-17
C01408,Fatou,Dossou,Côte d'Ivoire,Bouaké,Entreprise,2025-12-19
C01409,Junior,Sow,Côte d'Ivoire,Abidjan,Particulier,2025-11-18
C01410,Ibrahim,Kouassi,Côte d'Ivoire,Abidjan,PME,2025-01-06
C01411,Aïcha,Ahouansou,Côte d'Ivoire,San-Pédro,PME,2025-01-25
C01412,Clarisse,Diop,Bénin,Porto-Novo,Entreprise,2025-12-14
C01413,Moussa,Kaboré,Bénin,Abomey-Calavi,Entreprise,2024-05-17
C01414,Grâce,Mensah,Ghana,Kumasi,Entreprise,2024-03-12
C01415,Ruth,Mensah,Côte d'Ivoire,Bouaké,Particulier,2025-08-13
C01416,Malick,Kouassi,Nigeria,Lagos,PME,2025-08-12
C01417,Koffi,Assogba,Sénégal,Thiès,Particulier,2025-08-10
C01418,Arnaud,Agossou,Bénin,Cotonou,Particulier,2025-03-28
C01419,Chantal,Diallo,Bénin,Parakou,PME,2025-02-07
C01420,Fatou,Traoré,Togo,Kara,Particulier,2024-01-24
C01421,Sonia,Mensah,Nigeria,Abuja,Particulier,2025-12-15
C01422,Kevin,Traoré,Togo,Lomé,Particulier,2025-12-30
C01423,Junior,Ndiaye,Côte d'Ivoire,San-Pédro,Particulier,2026-01-14
C01424,Hervé,Sow,Nigeria,Abuja,Entreprise,2026-01-24
C01425,Moussa,Diallo,Nigeria,Port Harcourt,PME,2025-12-20
C01426,Grâce,Mensah,Togo,Sokodé,Particulier,2026-04-18
C01427,Ruth,Zinsou,Bénin,Cotonou,Particulier,2025-06-28
C01428,Junior,Amoussou,Bénin,Cotonou,Particulier,2026-04-02
C01429,Aïcha,Amani,Bénin,Porto-Novo,PME,2024-01-17
C01430,Junior,Zinsou,Bénin,Parakou,PME,2025-06-22
C01431,Kevin,Diallo,Sénégal,Thiès,Particulier,2025-05-27
C01432,Natacha,Mensah,Nigeria,Lagos,Particulier,2026-02-13
C01433,Ismaël,Traoré,Côte d'Ivoire,Bouaké,Entreprise,2025-03-26
C01434,Arnaud,Adjovi,Sénégal,Saint-Louis,Entreprise,2025-05-21
C01435,Junior,Kaboré,Togo,Lomé,Particulier,2025-05-10
C01436,Nadia,Baba,Nigeria,Abuja,Entreprise,2024-11-25
C01437,Fatou,Diop,Sénégal,Thiès,PME,2024-05-02
C01438,Koffi,Baba,Nigeria,Lagos,PME,2025-09-17
C01439,Kevin,Ouédraogo,Nigeria,Ibadan,Particulier,2025-07-31
C01440,Grâce,Kaboré,Côte d'Ivoire,San-Pédro,PME,2026-04-19
C01441,Sonia,Traoré,Bénin,Abomey-Calavi,Entreprise,2024-04-10
C01442,Clarisse,Amoussou,Togo,Kara,Particulier,2024-08-19
C01443,Aïcha,Diallo,Côte d'Ivoire,Yamoussoukro,Entreprise,2024-10-09
C01444,Ibrahim,Mensah,Nigeria,Port Harcourt,PME,2025-03-29
C01445,Prisca,Amani,Côte d'Ivoire,San-Pédro,PME,2025-10-31
C01446,Nadia,Diop,Ghana,Kumasi,PME,2025-08-07
C01447,Franck,Assogba,Côte d'Ivoire,Yamoussoukro,Particulier,2025-12-13
C01448,Blandine,Zinsou,Bénin,Porto-Novo,Particulier,2025-10-25
C01449,Joël,Zinsou,Togo,Kara,Particulier,2024-10-01
C01450,Joël,Amoussou,Sénégal,Touba,Particulier,2024-08-10
C01451,Chantal,Sagna,Sénégal,Thiès,Particulier,2026-03-19
C01452,Franck,Assogba,Côte d'Ivoire,San-Pédro,PME,2025-12-15
C01453,Natacha,Amani,Togo,Kara,Particulier,2025-12-23
C01454,Natacha,Assogba,Ghana,Kumasi,Particulier,2025-04-17
C01455,Kevin,Diallo,Bénin,Abomey-Calavi,Particulier,2025-07-13
C01456,Rodrigue,Ahouansou,Nigeria,Abuja,Particulier,2024-11-21
C01457,Aïcha,Mensah,Bénin,Porto-Novo,Particulier,2026-02-02
C01458,David,Baba,Bénin,Porto-Novo,Particulier,2025-01-29
C01459,Oumar,Adjovi,Côte d'Ivoire,San-Pédro,Particulier,2025-04-17
C01460,Joël,Diop,Côte d'Ivoire,Bouaké,Particulier,2025-02-14
C01461,Hervé,Kaboré,Côte d'Ivoire,Bouaké,PME,2025-08-17
C01462,Fatou,Agossou,Côte d'Ivoire,Yamoussoukro,Particulier,2025-01-04
C01463,Yannick,Assogba,Nigeria,Port Harcourt,Entreprise,2024-09-26
C01464,Blandine,Sagna,Côte d'Ivoire,Bouaké,Particulier,2025-01-12
C01465,Sarah,Sagna,Côte d'Ivoire,Abidjan,Particulier,2024-08-22
C01466,David,Assogba,Côte d'Ivoire,Bouaké,PME,2025-10-18
C01467,Moussa,Ouédraogo,Bénin,Parakou,PME,2024-04-13
C01468,Rodrigue,Dossou,Sénégal,Touba,Particulier,2025-09-09
C01469,Sarah,Agossou,Togo,Kara,Particulier,2026-04-22
C01470,Grâce,Sagna,Sénégal,Dakar,Particulier,2025-09-03
C01471,Yannick,Yao,Bénin,Parakou,Entreprise,2024-09-29
C01472,Fatou,Yao,Nigeria,Abuja,Particulier,2026-02-17
C01473,Ismaël,Dossou,Côte d'Ivoire,Bouaké,PME,2024-01-05
C01474,Clarisse,Agossou,Nigeria,Abuja,Particulier,2025-03-06
C01475,Arnaud,Adjovi,Côte d'Ivoire,Yamoussoukro,Particulier,2025-04-28
C01476,Mariam,Mensah,Bénin,Cotonou,Particulier,2026-06-09
C01477,Ibrahim,Assogba,Nigeria,Lagos,Particulier,2024-10-16
C01478,Blandine,Ahouansou,Sénégal,Saint-Louis,Particulier,2024-08-10
C01479,Oumar,Diallo,Ghana,Accra,Entreprise,2024-10-17
C01480,Fabrice,Gomis,Côte d'Ivoire,San-Pédro,Particulier,2024-04-17
C01481,Grâce,Amoussou,Sénégal,Thiès,Particulier,2024-06-17
C01482,Rodrigue,Yao,Nigeria,Lagos,Particulier,2025-01-18
C01483,Kevin,Amani,Sénégal,Thiès,Entreprise,2026-06-11
C01484,Moussa,Kouassi,Côte d'Ivoire,San-Pédro,Particulier,2025-08-13
C01485,Franck,Diallo,Sénégal,Thiès,PME,2025-06-21
C01486,Moussa,Adjovi,Sénégal,Dakar,Entreprise,2024-11-10
C01487,Junior,Dossou,Nigeria,Abuja,PME,2024-04-24
C01488,Hervé,Baba,Côte d'Ivoire,Abidjan,PME,2025-08-28
C01489,Franck,Assogba,Côte d'Ivoire,Yamoussoukro,Particulier,2024-05-02
C01490,Hervé,Diallo,Nigeria,Ibadan,Particulier,2026-02-17
C01491,David,Dossou,Côte d'Ivoire,Yamoussoukro,Particulier,2025-12-03
C01492,Yannick,Agossou,Ghana,Accra,Particulier,2026-01-12
C01493,Ibrahim,Assogba,Côte d'Ivoire,Yamoussoukro,Particulier,2024-01-11
C01494,Aminata,Ndiaye,Togo,Lomé,Particulier,2025-03-16
C01495,Chantal,Mensah,Ghana,Kumasi,Particulier,2024-05-28
C01496,Kevin,Assogba,Bénin,Porto-Novo,Particulier,2025-05-09
C01497,Ibrahim,Diop,Bénin,Abomey-Calavi,Particulier,2025-03-06
C01498,David,Ndiaye,Sénégal,Saint-Louis,Particulier,2024-02-04
C01499,Chantal,Ouédraogo,Ghana,Accra,Particulier,2025-10-08
C01500,Aminata,Agossou,Nigeria,Abuja,Particulier,2025-10-06
C01501,Aïcha,Dossou,Togo,Kara,Particulier,2024-06-24
C01502,Prisca,Kaboré,Bénin,Cotonou,PME,2024-02-05
C01503,Estelle,Yao,Nigeria,Abuja,PME,2025-10-17
C01504,Ismaël,Gomis,Bénin,Abomey-Calavi,Entreprise,2026-04-12
C01505,Chantal,Ahouansou,Bénin,Abomey-Calavi,Particulier,2024-04-23
C01506,Sonia,Adjovi,Togo,Lomé,Particulier,2025-04-22
C01507,Estelle,Kaboré,Côte d'Ivoire,Yamoussoukro,Particulier,2025-11-17
C01508,Prisca,Tchibozo,Nigeria,Port Harcourt,PME,2024-10-28
C01509,Oumar,Dossou,Ghana,Tamale,PME,2024-01-08
C01510,Junior,Tchibozo,Ghana,Tamale,Particulier,2025-10-14
C01511,Arnaud,Sow,Bénin,Abomey-Calavi,PME,2025-09-16
C01512,Hervé,Traoré,Côte d'Ivoire,Abidjan,PME,2025-05-05
C01513,Fatou,Traoré,Côte d'Ivoire,Bouaké,PME,2025-12-11
C01514,David,Zinsou,Bénin,Porto-Novo,Particulier,2024-08-02
C01515,Junior,Amoussou,Togo,Sokodé,Particulier,2024-12-19
C01516,Nadia,Adjovi,Togo,Kara,Particulier,2024-04-01
C01517,Blandine,Yao,Bénin,Cotonou,Particulier,2024-12-24
C01518,Aminata,Amani,Sénégal,Dakar,Particulier,2026-06-05
C01519,Moussa,Amani,Ghana,Kumasi,Entreprise,2024-04-02
C01520,Blandine,Kouassi,Bénin,Abomey-Calavi,PME,2025-11-08
C01521,Junior,Mensah,Côte d'Ivoire,Abidjan,PME,2025-02-07
C01522,Joël,Adjovi,Ghana,Accra,Particulier,2024-08-01
C01523,Junior,Ndiaye,Ghana,Kumasi,Particulier,2026-05-12
C01524,Sarah,Amoussou,Nigeria,Abuja,Particulier,2024-07-27
C01525,Blandine,Gomis,Côte d'Ivoire,Abidjan,PME,2024-10-22
C01526,Ruth,Baba,Nigeria,Port Harcourt,Particulier,2026-02-08
C01527,Sarah,Ndiaye,Togo,Sokodé,Particulier,2025-05-18
C01528,Estelle,Ndiaye,Côte d'Ivoire,Bouaké,Particulier,2025-06-24
C01529,Fatou,Amoussou,Bénin,Porto-Novo,Particulier,2024-06-08
C01530,David,Kaboré,Côte d'Ivoire,Yamoussoukro,PME,2024-07-10
C01531,Prisca,Traoré,Côte d'Ivoire,Abidjan,PME,2024-01-22
C01532,Malick,Amani,Togo,Lomé,PME,2026-03-03
C01533,Fabrice,Diop,Ghana,Kumasi,Entreprise,2025-06-11
C01534,Natacha,Diop,Togo,Sokodé,PME,2024-10-08
C01535,Aminata,Assogba,Togo,Sokodé,PME,2025-11-29
C01536,Arnaud,Agossou,Bénin,Cotonou,PME,2024-12-26
C01537,Sarah,Kaboré,Côte d'Ivoire,San-Pédro,PME,2026-03-02
C01538,Sarah,Mensah,Togo,Lomé,Particulier,2026-05-11
C01539,Natacha,Adjovi,Côte d'Ivoire,Yamoussoukro,Particulier,2024-02-27
C01540,Moussa,Ndiaye,Togo,Sokodé,Particulier,2025-05-26
C01541,Moussa,Ndiaye,Ghana,Kumasi,PME,2025-08-06
C01542,Junior,Ndiaye,Nigeria,Port Harcourt,Particulier,2025-09-16
C01543,David,Diop,Côte d'Ivoire,Bouaké,Particulier,2024-05-12
C01544,Hervé,Adjovi,Sénégal,Thiès,PME,2025-06-21
C01545,Rodrigue,Tchibozo,Nigeria,Lagos,Entreprise,2025-12-18
C01546,Arnaud,Assogba,Nigeria,Abuja,Particulier,2024-05-14
C01547,Nadia,Dossou,Sénégal,Saint-Louis,Particulier,2025-05-07
C01548,Ruth,Adjovi,Nigeria,Abuja,Particulier,2026-05-11
C01549,Grâce,Ndiaye,Nigeria,Abuja,Particulier,2024-07-11
C01550,Joël,Dossou,Ghana,Tamale,Particulier,2025-06-20
C01551,Estelle,Dossou,Côte d'Ivoire,Yamoussoukro,Particulier,2024-03-22
C01552,Arnaud,Kouassi,Bénin,Porto-Novo,Particulier,2025-08-06
C01553,Joël,Diallo,Bénin,Cotonou,PME,2024-01-15
C01554,Aïcha,Traoré,Côte d'Ivoire,Bouaké,PME,2024-09-30
C01555,Franck,Ouédraogo,Côte d'Ivoire,Abidjan,Particulier,2024-06-03
C01556,Sarah,Diallo,Côte d'Ivoire,Abidjan,PME,2026-04-23
C01557,Aïcha,Amoussou,Sénégal,Dakar,Particulier,2025-03-25
C01558,Yannick,Baba,Sénégal,Saint-Louis,PME,2025-06-22
C01559,Yannick,Diallo,Nigeria,Ibadan,PME,2025-12-06
C01560,Hervé,Assogba,Bénin,Abomey-Calavi,Particulier,2024-08-08
C01561,Clarisse,Ndiaye,Togo,Sokodé,Particulier,2024-08-03
C01562,Ibrahim,Zinsou,Ghana,Tamale,Particulier,2024-06-06
C01563,Ruth,Amoussou,Nigeria,Abuja,Particulier,2025-12-06
C01564,Natacha,Sow,Nigeria,Abuja,Particulier,2024-08-03
C01565,Koffi,Zinsou,Nigeria,Lagos,Particulier,2025-02-02
C01566,Chantal,Baba,Nigeria,Port Harcourt,PME,2025-03-26
C01567,Arnaud,Traoré,Togo,Kara,Particulier,2025-01-23
C01568,Prisca,Amani,Côte d'Ivoire,Yamoussoukro,PME,2024-07-16
C01569,Sarah,Kouassi,Togo,Kara,PME,2025-01-04
C01570,Aïcha,Agossou,Sénégal,Thiès,Particulier,2024-11-06
C01571,Estelle,Baba,Nigeria,Ibadan,Entreprise,2025-11-04
C01572,Arnaud,Sow,Côte d'Ivoire,San-Pédro,Particulier,2024-11-11
C01573,Mariam,Adjovi,Sénégal,Touba,Entreprise,2024-05-07
C01574,Aminata,Kouassi,Togo,Sokodé,Particulier,2026-05-12
C01575,Aïcha,Ouédraogo,Bénin,Parakou,Entreprise,2025-01-28
C01576,David,Amoussou,Bénin,Abomey-Calavi,Particulier,2024-04-15
C01577,Hervé,Zinsou,Bénin,Porto-Novo,PME,2025-12-08
C01578,Yannick,Zinsou,Nigeria,Port Harcourt,Particulier,2025-10-12
C01579,Junior,Baba,Côte d'Ivoire,Bouaké,Particulier,2024-09-22
C01580,Ibrahim,Amoussou,Nigeria,Abuja,Particulier,2026-05-22
C01581,Chantal,Assogba,Sénégal,Saint-Louis,PME,2025-08-28
C01582,Aïcha,Sagna,Bénin,Abomey-Calavi,Particulier,2025-07-10
C01583,Arnaud,Baba,Bénin,Parakou,Particulier,2025-09-27
C01584,Chantal,Amoussou,Nigeria,Ibadan,Particulier,2024-05-30
C01585,Ibrahim,Sow,Togo,Sokodé,Particulier,2026-04-01
C01586,Joël,Yao,Nigeria,Abuja,PME,2024-12-17
C01587,Yannick,Ahouansou,Bénin,Parakou,Particulier,2024-09-25
C01588,Yannick,Assogba,Sénégal,Dakar,PME,2026-04-06
C01589,Oumar,Traoré,Nigeria,Abuja,Particulier,2025-04-24
C01590,Oumar,Amani,Togo,Lomé,Particulier,2026-01-13
C01591,Sarah,Mensah,Togo,Kara,Entreprise,2024-09-09
C01592,Yannick,Ahouansou,Nigeria,Lagos,PME,2024-12-13
C01593,Junior,Yao,Togo,Kara,Particulier,2024-05-07
C01594,Fatou,Yao,Côte d'Ivoire,Abidjan,PME,2026-04-20
C01595,Samuel,Ahouansou,Côte d'Ivoire,Bouaké,PME,2026-05-25
C01596,Joël,Amoussou,Togo,Kara,Particulier,2024-08-09
C01597,Aïcha,Sagna,Ghana,Kumasi,PME,2024-01-08
C01598,Clarisse,Zinsou,Ghana,Tamale,PME,2025-05-08
C01599,Yannick,Sow,Côte d'Ivoire,Yamoussoukro,PME,2025-02-07
C01600,Ruth,Agossou,Nigeria,Lagos,Entreprise,2024-09-26
C01601,Joël,Assogba,Togo,Lomé,Particulier,2025-08-08
C01602,Franck,Zinsou,Bénin,Abomey-Calavi,Particulier,2026-01-04
C01603,Fabrice,Ouédraogo,Sénégal,Thiès,Particulier,2026-03-28
C01604,Sarah,Assogba,Nigeria,Port Harcourt,PME,2025-04-16
C01605,Koffi,Amani,Bénin,Cotonou,Particulier,2024-01-21
C01606,Ibrahim,Mensah,Togo,Sokodé,Particulier,2026-04-05
C01607,Ruth,Diallo,Côte d'Ivoire,Abidjan,Particulier,2025-02-20
C01608,Ruth,Diop,Nigeria,Ibadan,Particulier,2025-05-19
C01609,Yannick,Zinsou,Bénin,Porto-Novo,Particulier,2024-04-09
C01610,Chantal,Sow,Côte d'Ivoire,Yamoussoukro,Particulier,2025-06-30
C01611,Moussa,Kouassi,Ghana,Accra,Particulier,2024-08-26
C01612,Fabrice,Sagna,Côte d'Ivoire,Bouaké,Particulier,2024-12-19
C01613,Rodrigue,Adjovi,Bénin,Porto-Novo,PME,2026-04-07
C01614,Koffi,Dossou,Bénin,Porto-Novo,PME,2026-04-15
C01615,Fabrice,Assogba,Côte d'Ivoire,Abidjan,PME,2024-01-30
C01616,Joël,Ndiaye,Côte d'Ivoire,San-Pédro,Particulier,2026-04-05
C01617,Aminata,Diallo,Nigeria,Lagos,Particulier,2024-06-24
C01618,Chantal,Diop,Sénégal,Thiès,PME,2025-06-20
C01619,Chantal,Sagna,Ghana,Accra,Particulier,2024-07-13
C01620,Blandine,Ahouansou,Nigeria,Ibadan,PME,2025-09-01
C01621,David,Diop,Côte d'Ivoire,Yamoussoukro,PME,2026-01-06
C01622,Aïcha,Amani,Côte d'Ivoire,Yamoussoukro,Particulier,2024-10-29
C01623,Chantal,Yao,Nigeria,Ibadan,Particulier,2024-04-15
C01624,Aïcha,Adjovi,Togo,Kara,Particulier,2024-03-24
C01625,Koffi,Adjovi,Ghana,Kumasi,Particulier,2025-04-18
C01626,Blandine,Adjovi,Ghana,Tamale,Particulier,2025-05-02
C01627,Sonia,Agossou,Bénin,Parakou,Particulier,2024-07-19
C01628,Samuel,Ahouansou,Côte d'Ivoire,San-Pédro,Particulier,2024-12-14
C01629,Fabrice,Dossou,Togo,Lomé,Particulier,2024-10-09
C01630,Estelle,Baba,Bénin,Cotonou,PME,2025-10-06
C01631,Sarah,Diop,Côte d'Ivoire,San-Pédro,Particulier,2024-06-30
C01632,Aminata,Amani,Togo,Lomé,Entreprise,2024-12-09
C01633,Chantal,Tchibozo,Ghana,Accra,Particulier,2025-03-23
C01634,Fatou,Dossou,Nigeria,Lagos,Particulier,2026-01-31
C01635,Rodrigue,Kaboré,Nigeria,Lagos,PME,2025-07-10
C01636,Nadia,Baba,Togo,Sokodé,PME,2026-05-14
C01637,Chantal,Amoussou,Togo,Kara,Entreprise,2026-02-12
C01638,Kevin,Diop,Togo,Kara,Particulier,2025-07-03
C01639,Oumar,Adjovi,Bénin,Cotonou,PME,2024-03-25
C01640,Fatou,Ahouansou,Nigeria,Lagos,Particulier,2025-06-12
C01641,Franck,Ahouansou,Côte d'Ivoire,Bouaké,PME,2025-03-22
C01642,Ibrahim,Amani,Togo,Kara,Particulier,2024-05-11
C01643,Natacha,Sow,Nigeria,Lagos,PME,2024-07-24
C01644,Yannick,Kaboré,Côte d'Ivoire,Yamoussoukro,Particulier,2025-10-08
C01645,Samuel,Agossou,Bénin,Porto-Novo,Particulier,2024-11-26
C01646,Chantal,Dossou,Bénin,Cotonou,Particulier,2024-11-11
C01647,Fabrice,Tchibozo,Sénégal,Dakar,Entreprise,2025-02-27
C01648,Samuel,Amoussou,Ghana,Tamale,Particulier,2024-04-06
C01649,Fatou,Agossou,Togo,Lomé,PME,2024-10-19
C01650,Blandine,Kaboré,Nigeria,Lagos,Particulier,2025-06-04
C01651,Arnaud,Amani,Nigeria,Lagos,Particulier,2025-07-04
C01652,Junior,Sow,Nigeria,Port Harcourt,Particulier,2024-09-29
C01653,Blandine,Gomis,Togo,Sokodé,Particulier,2024-01-23
C01654,Ruth,Kaboré,Bénin,Porto-Novo,Particulier,2026-06-16
C01655,Estelle,Ndiaye,Nigeria,Lagos,Particulier,2025-11-27
C01656,Fatou,Ouédraogo,Togo,Sokodé,Particulier,2024-03-30
C01657,Fabrice,Baba,Sénégal,Saint-Louis,Entreprise,2025-11-09
C01658,Sarah,Traoré,Ghana,Kumasi,PME,2025-07-01
C01659,Blandine,Ouédraogo,Bénin,Porto-Novo,Particulier,2025-02-21
C01660,Ismaël,Ouédraogo,Ghana,Tamale,Particulier,2024-08-20
C01661,David,Dossou,Nigeria,Lagos,Particulier,2025-05-23
C01662,Mariam,Tchibozo,Ghana,Accra,Particulier,2025-03-25
C01663,Natacha,Tchibozo,Côte d'Ivoire,Yamoussoukro,Particulier,2025-02-06
C01664,Aïcha,Traoré,Nigeria,Lagos,PME,2026-01-28
C01665,Fatou,Baba,Côte d'Ivoire,San-Pédro,PME,2024-08-08
C01666,Natacha,Traoré,Ghana,Accra,Particulier,2024-12-08
C01667,Clarisse,Ahouansou,Nigeria,Abuja,PME,2024-01-06
C01668,Fabrice,Kaboré,Ghana,Tamale,PME,2026-06-12
C01669,Junior,Amoussou,Togo,Kara,Particulier,2026-05-29
C01670,Ibrahim,Adjovi,Bénin,Cotonou,Particulier,2025-09-10
C01671,Koffi,Zinsou,Togo,Kara,PME,2026-06-16
C01672,Aminata,Baba,Côte d'Ivoire,San-Pédro,Particulier,2024-12-17
C01673,Aminata,Traoré,Côte d'Ivoire,Yamoussoukro,Entreprise,2025-06-21
C01674,Clarisse,Baba,Sénégal,Touba,Particulier,2024-10-01
C01675,Blandine,Ahouansou,Côte d'Ivoire,Abidjan,Entreprise,2025-12-09
C01676,Mariam,Zinsou,Ghana,Accra,Particulier,2025-03-20
C01677,Kevin,Kaboré,Nigeria,Port Harcourt,Particulier,2024-12-02
C01678,Estelle,Amani,Togo,Sokodé,PME,2024-11-24
C01679,Koffi,Baba,Ghana,Accra,Particulier,2024-08-05
C01680,Franck,Zinsou,Sénégal,Saint-Louis,PME,2025-12-01
C01681,Grâce,Diop,Côte d'Ivoire,Abidjan,Entreprise,2025-04-30
C01682,Arnaud,Ouédraogo,Bénin,Porto-Novo,Entreprise,2025-01-21
C01683,Clarisse,Tchibozo,Ghana,Kumasi,PME,2025-09-27
C01684,David,Amoussou,Nigeria,Abuja,Particulier,2025-10-05
C01685,Joël,Kouassi,Ghana,Tamale,PME,2026-03-27
C01686,Moussa,Sow,Nigeria,Abuja,Entreprise,2025-11-12
C01687,Nadia,Sow,Nigeria,Lagos,Particulier,2025-06-24
C01688,Joël,Amoussou,Côte d'Ivoire,Yamoussoukro,Particulier,2024-02-11
C01689,Malick,Ndiaye,Sénégal,Touba,Entreprise,2026-05-04
C01690,Estelle,Agossou,Côte d'Ivoire,Bouaké,Particulier,2024-06-08
C01691,Clarisse,Ouédraogo,Nigeria,Lagos,Particulier,2026-02-24
C01692,Arnaud,Assogba,Bénin,Parakou,Particulier,2024-03-12
C01693,Joël,Traoré,Côte d'Ivoire,Abidjan,Particulier,2025-09-25
C01694,Junior,Mensah,Nigeria,Lagos,Particulier,2024-12-19
C01695,Malick,Ahouansou,Togo,Kara,Particulier,2025-08-10
C01696,Aminata,Zinsou,Ghana,Accra,Particulier,2024-11-27
C01697,Rodrigue,Gomis,Côte d'Ivoire,San-Pédro,Particulier,2024-01-13
C01698,Joël,Ndiaye,Nigeria,Ibadan,Particulier,2026-04-15
C01699,Oumar,Tchibozo,Nigeria,Port Harcourt,Particulier,2024-07-23
C01700,Kevin,Amani,Togo,Lomé,Particulier,2025-05-29
C01701,Natacha,Gomis,Ghana,Accra,Particulier,2026-03-09
C01702,Hervé,Ahouansou,Côte d'Ivoire,San-Pédro,PME,2024-03-26
C01703,Mariam,Gomis,Sénégal,Dakar,PME,2024-05-02
C01704,Estelle,Tchibozo,Sénégal,Touba,Particulier,2025-04-22
C01705,Yannick,Mensah,Nigeria,Port Harcourt,Particulier,2024-02-16
C01706,Nadia,Gomis,Bénin,Cotonou,Particulier,2024-02-12
C01707,Nadia,Dossou,Togo,Lomé,PME,2025-08-14
C01708,Fatou,Traoré,Ghana,Kumasi,Particulier,2025-05-08
C01709,Mariam,Amoussou,Sénégal,Saint-Louis,Particulier,2024-02-18
C01710,Koffi,Diop,Côte d'Ivoire,Yamoussoukro,PME,2024-06-29
C01711,Rodrigue,Adjovi,Bénin,Cotonou,PME,2024-12-25
C01712,Franck,Tchibozo,Côte d'Ivoire,San-Pédro,PME,2024-01-21
C01713,Ismaël,Sow,Nigeria,Abuja,PME,2024-11-08
C01714,Blandine,Amoussou,Bénin,Cotonou,Entreprise,2024-10-06
C01715,Oumar,Ndiaye,Côte d'Ivoire,Abidjan,Particulier,2025-06-29
C01716,Kevin,Amoussou,Nigeria,Ibadan,PME,2025-02-06
C01717,Ismaël,Adjovi,Bénin,Abomey-Calavi,Particulier,2025-11-17
C01718,Franck,Dossou,Ghana,Kumasi,PME,2026-01-04
C01719,Hervé,Assogba,Togo,Lomé,Particulier,2026-03-10
C01720,Franck,Amoussou,Nigeria,Lagos,Particulier,2026-05-21
C01721,Grâce,Ndiaye,Ghana,Tamale,Particulier,2026-06-17
C01722,Ibrahim,Ahouansou,Nigeria,Lagos,Particulier,2024-06-03
C01723,Fatou,Kaboré,Togo,Sokodé,Entreprise,2025-03-18
C01724,Estelle,Tchibozo,Côte d'Ivoire,Abidjan,PME,2025-04-08
C01725,Koffi,Baba,Ghana,Kumasi,Particulier,2024-08-03
C01726,Oumar,Gomis,Togo,Sokodé,Particulier,2026-01-30
C01727,Grâce,Amoussou,Togo,Lomé,PME,2025-10-29
C01728,Rodrigue,Zinsou,Bénin,Porto-Novo,PME,2026-02-16
C01729,Blandine,Assogba,Nigeria,Port Harcourt,PME,2025-08-21
C01730,Ismaël,Sagna,Ghana,Kumasi,PME,2025-02-21
C01731,Nadia,Tchibozo,Sénégal,Thiès,Particulier,2025-03-16
C01732,Franck,Zinsou,Ghana,Kumasi,Particulier,2025-08-04
C01733,Chantal,Agossou,Côte d'Ivoire,Yamoussoukro,Entreprise,2024-08-10
C01734,Joël,Traoré,Côte d'Ivoire,Bouaké,Particulier,2025-05-19
C01735,Sarah,Sagna,Côte d'Ivoire,Bouaké,Entreprise,2025-04-19
C01736,Yannick,Kouassi,Sénégal,Dakar,Particulier,2024-01-31
C01737,Grâce,Diallo,Togo,Sokodé,PME,2025-06-27
C01738,David,Baba,Nigeria,Ibadan,PME,2025-01-31
C01739,Koffi,Baba,Nigeria,Abuja,Particulier,2025-03-22
C01740,Rodrigue,Sagna,Côte d'Ivoire,San-Pédro,PME,2025-02-13
C01741,Prisca,Zinsou,Sénégal,Dakar,PME,2024-09-08
C01742,Ismaël,Ndiaye,Bénin,Porto-Novo,Particulier,2024-06-08
C01743,Natacha,Mensah,Nigeria,Lagos,Particulier,2025-09-26
C01744,Franck,Dossou,Nigeria,Abuja,Particulier,2024-09-11
C01745,Ismaël,Baba,Nigeria,Ibadan,Particulier,2024-08-10
C01746,Natacha,Diop,Côte d'Ivoire,Abidjan,PME,2024-08-13
C01747,Blandine,Ahouansou,Bénin,Porto-Novo,Particulier,2025-04-24
C01748,Grâce,Adjovi,Togo,Sokodé,Particulier,2024-06-10
C01749,Fabrice,Dossou,Bénin,Porto-Novo,Particulier,2026-02-28
C01750,Kevin,Assogba,Bénin,Cotonou,Entreprise,2024-05-21
C01751,Sonia,Kaboré,Bénin,Cotonou,PME,2024-06-30
C01752,Prisca,Ouédraogo,Nigeria,Port Harcourt,PME,2024-07-22
C01753,Clarisse,Amoussou,Bénin,Parakou,Particulier,2024-01-18
C01754,Chantal,Diallo,Bénin,Parakou,Particulier,2026-05-27
C01755,Hervé,Sagna,Nigeria,Port Harcourt,PME,2024-10-16
C01756,Natacha,Ndiaye,Sénégal,Touba,Entreprise,2024-11-17
C01757,Oumar,Ouédraogo,Ghana,Accra,Particulier,2025-11-04
C01758,Oumar,Agossou,Sénégal,Touba,Entreprise,2025-04-04
C01759,Ruth,Ouédraogo,Nigeria,Port Harcourt,Entreprise,2024-12-23
C01760,Ruth,Gomis,Sénégal,Dakar,Particulier,2025-06-15
C01761,Junior,Traoré,Côte d'Ivoire,Abidjan,Particulier,2024-03-10
C01762,Fabrice,Gomis,Ghana,Tamale,PME,2024-07-09
C01763,Oumar,Ndiaye,Côte d'Ivoire,Yamoussoukro,Particulier,2025-07-22
C01764,Rodrigue,Yao,Côte d'Ivoire,San-Pédro,Particulier,2025-07-16
C01765,Junior,Kouassi,Côte d'Ivoire,Yamoussoukro,Particulier,2025-10-12
C01766,Rodrigue,Baba,Bénin,Cotonou,Particulier,2025-01-27
C01767,Aminata,Kouassi,Ghana,Accra,Entreprise,2024-06-07
C01768,Ruth,Dossou,Togo,Kara,Particulier,2024-11-20
C01769,David,Yao,Bénin,Parakou,PME,2026-04-04
C01770,Yannick,Traoré,Togo,Kara,Particulier,2025-04-04
C01771,Rodrigue,Ahouansou,Nigeria,Port Harcourt,Particulier,2025-04-03
C01772,Koffi,Ahouansou,Côte d'Ivoire,Yamoussoukro,Particulier,2024-08-24
C01773,Oumar,Kouassi,Sénégal,Dakar,Particulier,2026-05-16
C01774,Malick,Yao,Nigeria,Lagos,PME,2024-11-15
C01775,Sonia,Baba,Bénin,Porto-Novo,Particulier,2025-09-28
C01776,Fabrice,Zinsou,Ghana,Accra,Particulier,2026-05-08
C01777,Ismaël,Adjovi,Togo,Sokodé,Particulier,2025-06-21
C01778,Blandine,Zinsou,Togo,Lomé,Particulier,2025-09-20
C01779,David,Kaboré,Sénégal,Saint-Louis,Particulier,2026-04-07
C01780,Oumar,Adjovi,Nigeria,Lagos,Particulier,2024-04-02
C01781,Aïcha,Sow,Togo,Lomé,PME,2024-11-23
C01782,Ismaël,Kouassi,Sénégal,Dakar,PME,2025-08-30
C01783,David,Mensah,Togo,Lomé,PME,2024-02-21
C01784,Oumar,Kaboré,Sénégal,Touba,Particulier,2025-05-16
C01785,Aminata,Diop,Sénégal,Saint-Louis,PME,2024-03-09
C01786,Clarisse,Adjovi,Sénégal,Saint-Louis,Particulier,2025-08-12
C01787,Franck,Tchibozo,Sénégal,Thiès,Particulier,2024-02-16
C01788,David,Amoussou,Bénin,Abomey-Calavi,Particulier,2025-09-06
C01789,Moussa,Baba,Ghana,Kumasi,Particulier,2025-10-03
C01790,Sonia,Mensah,Sénégal,Touba,PME,2026-01-12
C01791,Joël,Adjovi,Sénégal,Thiès,Particulier,2024-10-20
C01792,Hervé,Kaboré,Bénin,Parakou,PME,2024-05-03
C01793,Clarisse,Ahouansou,Côte d'Ivoire,Bouaké,PME,2026-04-01
C01794,Estelle,Assogba,Côte d'Ivoire,San-Pédro,Particulier,2025-03-12
C01795,Chantal,Sow,Bénin,Parakou,Particulier,2025-10-16
C01796,Ismaël,Tchibozo,Togo,Lomé,PME,2024-06-24
C01797,Arnaud,Yao,Côte d'Ivoire,San-Pédro,Entreprise,2024-06-13
C01798,Ismaël,Amoussou,Ghana,Kumasi,Entreprise,2025-04-20
C01799,Chantal,Sagna,Togo,Lomé,PME,2026-04-28
C01800,Oumar,Gomis,Nigeria,Port Harcourt,Particulier,2024-07-29
C01801,Samuel,Amoussou,Côte d'Ivoire,Abidjan,Particulier,2024-01-10
C01802,Nadia,Amani,Ghana,Accra,Particulier,2025-10-14
C01803,Sarah,Dossou,Côte d'Ivoire,Yamoussoukro,PME,2026-05-04
C01804,Aminata,Amoussou,Côte d'Ivoire,Yamoussoukro,Particulier,2025-09-22
C01805,Chantal,Baba,Sénégal,Dakar,PME,2026-05-04
C01806,Aminata,Tchibozo,Nigeria,Port Harcourt,Particulier,2026-05-21
C01807,Ibrahim,Diop,Côte d'Ivoire,Yamoussoukro,Particulier,2025-08-03
C01808,Rodrigue,Sagna,Côte d'Ivoire,San-Pédro,Particulier,2025-12-28
C01809,Mariam,Yao,Sénégal,Touba,Particulier,2025-10-13
C01810,Ruth,Kaboré,Ghana,Tamale,PME,2024-03-31
C01811,Estelle,Mensah,Bénin,Parakou,Particulier,2025-01-20
C01812,Grâce,Agossou,Côte d'Ivoire,Abidjan,PME,2025-02-15
C01813,Aminata,Diallo,Côte d'Ivoire,San-Pédro,PME,2024-05-26
C01814,Joël,Gomis,Nigeria,Lagos,Particulier,2026-01-07
C01815,Yannick,Sow,Côte d'Ivoire,Bouaké,Particulier,2026-04-18
C01816,Chantal,Diop,Côte d'Ivoire,Yamoussoukro,Particulier,2025-11-14
C01817,Koffi,Mensah,Nigeria,Abuja,PME,2024-03-09
C01818,Natacha,Amani,Côte d'Ivoire,Bouaké,Entreprise,2026-06-15
C01819,Joël,Ndiaye,Bénin,Parakou,Entreprise,2024-09-07
C01820,Malick,Ndiaye,Togo,Sokodé,Particulier,2025-04-25
C01821,Clarisse,Amoussou,Bénin,Abomey-Calavi,PME,2025-06-15
C01822,Arnaud,Ahouansou,Bénin,Porto-Novo,Particulier,2024-12-31
C01823,Aïcha,Amani,Côte d'Ivoire,Bouaké,Particulier,2026-05-12
C01824,David,Zinsou,Ghana,Kumasi,PME,2024-01-05
C01825,Joël,Kouassi,Ghana,Tamale,Particulier,2024-03-26
C01826,Samuel,Agossou,Bénin,Cotonou,PME,2024-06-16
C01827,Yannick,Zinsou,Sénégal,Saint-Louis,Particulier,2025-05-09
C01828,Samuel,Baba,Bénin,Parakou,Particulier,2025-01-17
C01829,Sonia,Diop,Nigeria,Abuja,Particulier,2024-02-28
C01830,Fabrice,Adjovi,Bénin,Cotonou,Particulier,2024-09-08
C01831,David,Gomis,Sénégal,Thiès,Entreprise,2025-11-10
C01832,Aminata,Gomis,Togo,Kara,PME,2025-07-05
C01833,Arnaud,Agossou,Sénégal,Saint-Louis,PME,2026-02-12
C01834,Aïcha,Sagna,Côte d'Ivoire,Yamoussoukro,Particulier,2025-03-15
C01835,Moussa,Ouédraogo,Ghana,Kumasi,Particulier,2026-01-31
C01836,Sarah,Yao,Togo,Lomé,Particulier,2026-06-08
C01837,Chantal,Diallo,Nigeria,Lagos,PME,2025-06-29
C01838,Sonia,Diallo,Côte d'Ivoire,Abidjan,Particulier,2024-08-13
C01839,Natacha,Sow,Ghana,Tamale,Particulier,2024-09-25
C01840,Fabrice,Dossou,Nigeria,Port Harcourt,Particulier,2024-06-07
C01841,Rodrigue,Sagna,Nigeria,Ibadan,Particulier,2024-01-22
C01842,Nadia,Diallo,Togo,Sokodé,Particulier,2025-08-16
C01843,Arnaud,Ahouansou,Togo,Sokodé,PME,2025-06-02
C01844,Aminata,Adjovi,Togo,Kara,PME,2025-12-14
C01845,Ruth,Gomis,Togo,,Particulier,2026-01-24
C01846,Natacha,Amani,Sénégal,Dakar,Particulier,2026-03-13
C01847,Aïcha,Zinsou,Nigeria,Port Harcourt,Particulier,2025-06-27
C01848,Sarah,Agossou,Nigeria,Port Harcourt,Particulier,2025-04-17
C01849,Sonia,Mensah,Côte d'Ivoire,Yamoussoukro,Particulier,2026-03-05
C01850,Sarah,Amani,Sénégal,Dakar,Particulier,2024-09-19
C01851,Ismaël,Kaboré,Nigeria,Lagos,PME,2024-08-13
C01852,Franck,Dossou,Nigeria,Abuja,Particulier,2024-03-17
C01853,Sarah,Agossou,Togo,Sokodé,Particulier,2025-10-11
C01854,Hervé,Assogba,Côte d'Ivoire,Bouaké,Particulier,2024-04-06
C01855,Blandine,Yao,Nigeria,Lagos,PME,2025-09-16
C01856,Junior,Tchibozo,Togo,Sokodé,PME,2025-04-10
C01857,Sonia,Ahouansou,Côte d'Ivoire,Yamoussoukro,PME,2025-04-10
C01858,Grâce,Ouédraogo,Nigeria,Abuja,Particulier,2024-12-04
C01859,Ruth,Ouédraogo,Nigeria,Ibadan,Particulier,2024-08-01
C01860,Yannick,Yao,Nigeria,Abuja,Particulier,2024-02-10
C01861,Nadia,Traoré,Ghana,Accra,Particulier,2024-01-16
C01862,Yannick,Amoussou,Togo,Kara,Particulier,2024-12-29
C01863,Nadia,Amoussou,Togo,Sokodé,PME,2025-09-11
C01864,Sonia,Assogba,Côte d'Ivoire,Bouaké,PME,2026-02-20
C01865,Yannick,Adjovi,Sénégal,Dakar,PME,2025-01-31
C01866,Mariam,Gomis,Côte d'Ivoire,San-Pédro,PME,2024-12-09
C01867,Yannick,Diop,Sénégal,Saint-Louis,Particulier,2026-05-20
C01868,Aïcha,Traoré,Côte d'Ivoire,Abidjan,Particulier,2024-01-05
C01869,Ruth,Tchibozo,Ghana,Accra,Entreprise,2026-01-07
C01870,Prisca,Sow,Côte d'Ivoire,Yamoussoukro,Particulier,2025-02-07
C01871,Yannick,Yao,Côte d'Ivoire,Bouaké,Particulier,2026-03-29
C01872,Samuel,Sow,Bénin,Parakou,PME,2025-04-08
C01873,Sonia,Sow,Bénin,Cotonou,PME,2025-09-30
C01874,Joël,Gomis,Nigeria,Lagos,Particulier,2024-01-08
C01875,Estelle,Agossou,Côte d'Ivoire,Bouaké,Entreprise,2026-02-04
C01876,Nadia,Traoré,Togo,Sokodé,Particulier,2024-07-09
C01877,Oumar,Mensah,Ghana,Tamale,Particulier,2024-07-08
C01878,Koffi,Kouassi,Sénégal,Touba,Particulier,2024-12-16
C01879,Yannick,Tchibozo,Bénin,Cotonou,PME,2024-08-16
C01880,Chantal,Tchibozo,Togo,Sokodé,Particulier,2024-05-22
C01881,Clarisse,Amani,Bénin,Abomey-Calavi,Particulier,2025-08-16
C01882,Ismaël,Amoussou,Sénégal,Thiès,Particulier,2025-03-26
C01883,Ismaël,Diallo,Togo,Sokodé,Entreprise,2024-02-23
C01884,Yannick,Amani,Bénin,Abomey-Calavi,Particulier,2025-01-16
C01885,Aminata,Diop,Bénin,Porto-Novo,Entreprise,2024-05-29
C01886,Yannick,Amani,Sénégal,Touba,PME,2026-01-08
C01887,Sonia,Sow,Bénin,Porto-Novo,Particulier,2024-07-01
C01888,Koffi,Sagna,Nigeria,Lagos,Particulier,2026-02-14
C01889,Chantal,Amani,Bénin,Porto-Novo,Particulier,2024-08-01
C01890,Oumar,Gomis,Sénégal,Touba,Particulier,2024-11-07
C01891,Joël,Baba,Côte d'Ivoire,Yamoussoukro,PME,2025-11-04
C01892,Yannick,Adjovi,Côte d'Ivoire,San-Pédro,Particulier,2026-04-03
C01893,Ismaël,Adjovi,Bénin,Parakou,PME,2024-01-10
C01894,Prisca,Amani,Nigeria,Abuja,PME,2026-01-12
C01895,Aminata,Gomis,Nigeria,Port Harcourt,Entreprise,2025-09-15
C01896,Sonia,Diop,Bénin,Cotonou,PME,2024-06-30
C01897,Ismaël,Ouédraogo,Bénin,Parakou,PME,2025-06-23
C01898,Prisca,Kaboré,Nigeria,Lagos,Particulier,2025-12-09
C01899,Joël,Dossou,Côte d'Ivoire,San-Pédro,PME,2024-04-06
C01900,Ruth,Baba,Bénin,Parakou,Particulier,2024-08-15
C01901,Mariam,Dossou,Togo,Sokodé,Particulier,2025-05-22
C01902,Clarisse,Traoré,Sénégal,Thiès,Particulier,2026-03-13
C01903,Prisca,Ndiaye,Ghana,,Particulier,2025-06-19
C01904,Clarisse,Amoussou,Sénégal,Dakar,PME,2026-05-24
C01905,Yannick,Assogba,Nigeria,Ibadan,Particulier,2025-12-15
C01906,Moussa,Traoré,Côte d'Ivoire,San-Pédro,Particulier,2025-09-04
C01907,Grâce,Baba,Togo,Lomé,Particulier,2026-02-28
C01908,Mariam,Adjovi,Côte d'Ivoire,Abidjan,PME,2024-09-02
C01909,Franck,Ouédraogo,Côte d'Ivoire,Bouaké,Particulier,2026-03-23
C01910,Aminata,Diallo,Togo,Sokodé,Particulier,2025-05-30
C01911,Yannick,Tchibozo,Bénin,Cotonou,Particulier,2026-01-07
C01912,Oumar,Assogba,Côte d'Ivoire,Abidjan,Particulier,2025-05-08
C01913,Fabrice,Diop,Ghana,Kumasi,Particulier,2026-01-02
C01914,Blandine,Ouédraogo,Bénin,Porto-Novo,PME,2025-03-04
C01915,David,Agossou,Côte d'Ivoire,Abidjan,Particulier,2025-02-05
C01916,Samuel,Traoré,Sénégal,Dakar,Particulier,2025-02-09
C01917,Fabrice,Ouédraogo,Sénégal,Dakar,Particulier,2024-01-14
C01918,Chantal,Sagna,Ghana,Accra,Particulier,2025-07-12
C01919,Prisca,Zinsou,Nigeria,Lagos,Particulier,2025-10-12
C01920,Fabrice,Ndiaye,Ghana,Tamale,PME,2024-10-30
C01921,Clarisse,Mensah,Bénin,Parakou,PME,2025-09-30
C01922,Clarisse,Traoré,Côte d'Ivoire,Abidjan,Particulier,2024-04-23
C01923,Aïcha,Diop,Sénégal,Saint-Louis,Particulier,2026-06-06
C01924,Nadia,Tchibozo,Togo,Kara,PME,2026-05-13
C01925,Koffi,Sagna,Bénin,Abomey-Calavi,Particulier,2024-11-01
C01926,Mariam,Kouassi,Togo,Sokodé,Particulier,2024-11-08
C01927,David,Dossou,Côte d'Ivoire,Bouaké,Particulier,2024-11-16
C01928,Mariam,Tchibozo,Côte d'Ivoire,Abidjan,Particulier,2024-05-28
C01929,Estelle,Adjovi,Bénin,Porto-Novo,PME,2025-10-10
C01930,Grâce,Kouassi,Nigeria,Ibadan,Particulier,2024-02-02
C01931,Junior,Dossou,Nigeria,Abuja,Entreprise,2024-12-22
C01932,Junior,Ndiaye,Togo,Lomé,PME,2024-10-13
C01933,Ismaël,Adjovi,Nigeria,Lagos,Particulier,2024-02-09
C01934,Malick,Zinsou,Bénin,Porto-Novo,PME,2024-04-02
C01935,Aminata,Kouassi,Nigeria,Ibadan,PME,2024-08-26
C01936,Junior,Amani,Nigeria,Ibadan,Particulier,2024-09-13
C01937,Fabrice,Ndiaye,Bénin,Cotonou,Particulier,2024-07-12
C01938,Malick,Amoussou,Ghana,Accra,PME,2024-05-25
C01939,Oumar,Mensah,Nigeria,Lagos,PME,2025-06-03
C01940,Sarah,Zinsou,Nigeria,,Entreprise,2024-04-09
C01941,Natacha,Diop,Nigeria,Ibadan,PME,2026-03-17
C01942,Ismaël,Diallo,Sénégal,Saint-Louis,Particulier,2025-04-27
C01943,Estelle,Diop,Bénin,Cotonou,PME,2025-07-15
C01944,Ibrahim,Sow,Nigeria,Lagos,PME,2025-02-28
C01945,Fatou,Kaboré,Sénégal,Thiès,PME,2026-05-15
C01946,Aïcha,Ouédraogo,Sénégal,Thiès,PME,2024-01-21
C01947,Fatou,Traoré,Côte d'Ivoire,San-Pédro,Particulier,2026-01-25
C01948,Aïcha,Zinsou,Sénégal,Saint-Louis,PME,2024-12-15
C01949,Fabrice,Traoré,Bénin,Porto-Novo,Particulier,2026-03-06
C01950,Koffi,Gomis,Ghana,Tamale,Particulier,2024-03-04
C01951,Malick,Ahouansou,Bénin,Abomey-Calavi,,2024-12-22
C01952,Sonia,Diallo,Ghana,Accra,Particulier,2024-04-05
C01953,Malick,Gomis,Nigeria,Ibadan,PME,2024-10-07
C01954,Junior,Sow,Côte d'Ivoire,Yamoussoukro,Particulier,2025-11-02
C01955,Junior,Adjovi,Côte d'Ivoire,Yamoussoukro,PME,2025-10-08
C01956,Ismaël,Kaboré,Togo,Sokodé,Particulier,2024-07-21
C01957,Natacha,Ahouansou,Nigeria,Lagos,PME,2025-08-13
C01958,Franck,Zinsou,Ghana,Kumasi,Particulier,2026-01-16
C01959,Estelle,Sagna,Côte d'Ivoire,Abidjan,Particulier,2025-08-23
C01960,David,Mensah,Bénin,Cotonou,PME,2025-07-24
C01961,Blandine,Tchibozo,Togo,Lomé,Entreprise,2024-02-02
C01962,David,Dossou,Côte d'Ivoire,San-Pédro,Entreprise,2024-07-28
C01963,Hervé,Gomis,Nigeria,Port Harcourt,PME,2026-04-22
C01964,Oumar,Ahouansou,Ghana,Tamale,Particulier,2024-09-13
C01965,Natacha,Kouassi,Togo,Lomé,Particulier,2026-02-13
C01966,Chantal,Gomis,Nigeria,Abuja,Particulier,2024-09-24
C01967,Joël,Gomis,Côte d'Ivoire,Bouaké,Particulier,2024-01-10
C01968,Natacha,Ahouansou,Nigeria,Ibadan,Particulier,2025-05-03
C01969,Mariam,Adjovi,Togo,Sokodé,Particulier,2024-03-07
C01970,Moussa,Agossou,Sénégal,Thiès,Particulier,2024-04-24
C01971,Mariam,Diallo,Nigeria,Lagos,Entreprise,2024-01-10
C01972,Clarisse,Diallo,Togo,Kara,PME,2024-12-10
C01973,Clarisse,Kouassi,Ghana,Tamale,PME,2025-03-11
C01974,Prisca,Baba,Nigeria,Abuja,PME,2024-07-08
C01975,Blandine,Sow,Bénin,Porto-Novo,Particulier,2024-11-21
C01976,Aïcha,Dossou,Bénin,Parakou,Particulier,2026-01-12
C01977,David,Sagna,Sénégal,Touba,Entreprise,2025-04-11
C01978,Aïcha,Agossou,Côte d'Ivoire,San-Pédro,Particulier,2024-02-20
C01979,Blandine,Adjovi,Bénin,Abomey-Calavi,PME,2025-03-04
C01980,Yannick,Amoussou,Côte d'Ivoire,Bouaké,Particulier,2024-11-02
C01981,Ibrahim,Diallo,Ghana,Accra,PME,2025-03-14
C01982,Ibrahim,Zinsou,Togo,Sokodé,Particulier,2025-11-01
C01983,Prisca,Diop,Côte d'Ivoire,Abidjan,Particulier,2024-12-03
C01984,Clarisse,Traoré,Nigeria,Lagos,Entreprise,2026-05-08
C01985,Koffi,Zinsou,Côte d'Ivoire,Bouaké,Particulier,2026-03-14
C01986,Ismaël,Kaboré,Nigeria,Abuja,PME,2024-10-13
C01987,Grâce,Baba,Côte d'Ivoire,San-Pédro,PME,2024-07-16
C01988,Moussa,Mensah,Nigeria,Abuja,Particulier,2025-10-21
C01989,Blandine,Ouédraogo,Sénégal,Saint-Louis,Particulier,2026-02-24
C01990,Grâce,Diallo,Bénin,Parakou,Particulier,2024-02-14
C01991,Moussa,Sow,Nigeria,Ibadan,Particulier,2025-06-05
C01992,Sonia,Mensah,Côte d'Ivoire,Bouaké,Entreprise,2024-07-16
C01993,Clarisse,Ouédraogo,Bénin,Abomey-Calavi,Particulier,2024-10-01
C01994,Aïcha,Diop,Bénin,Parakou,Particulier,2026-04-08
C01995,Blandine,Kaboré,Sénégal,Thiès,PME,2025-07-19
C01996,Oumar,Zinsou,Bénin,Parakou,Particulier,2025-11-23
C01997,Estelle,Sagna,Togo,Sokodé,Particulier,2025-09-23
C01998,Ismaël,Gomis,Bénin,Cotonou,Particulier,2024-07-04
C01999,Chantal,Tchibozo,Côte d'Ivoire,Abidjan,Particulier,2024-01-09
C02000,Aïcha,Adjovi,Côte d'Ivoire,San-Pédro,PME,2025-05-23
C02001,Prisca,Adjovi,Côte d'Ivoire,Bouaké,Particulier,2025-09-16
C02002,Yannick,Adjovi,Togo,Lomé,PME,2025-09-20
C02003,Franck,Ouédraogo,Bénin,Porto-Novo,PME,2025-08-19
C02004,Sarah,Gomis,Sénégal,Saint-Louis,PME,2025-10-13
C02005,Moussa,Gomis,Côte d'Ivoire,Yamoussoukro,Particulier,2024-02-26
C02006,Ismaël,Zinsou,Sénégal,Thiès,Particulier,2025-11-17
C02007,Kevin,Zinsou,Bénin,Abomey-Calavi,Particulier,2025-12-04
C02008,Koffi,Agossou,Bénin,Abomey-Calavi,Particulier,2024-06-08
C02009,Arnaud,Kaboré,Togo,Kara,Particulier,2024-09-26
C02010,Sonia,Tchibozo,Côte d'Ivoire,Abidjan,Particulier,2024-10-30
C02011,Aminata,Kaboré,Côte d'Ivoire,Yamoussoukro,Particulier,2024-02-12
C02012,Yannick,Ouédraogo,Nigeria,Port Harcourt,PME,2026-04-17
C02013,Fabrice,Tchibozo,Côte d'Ivoire,Abidjan,Particulier,2026-03-30
C02014,Franck,Amoussou,Côte d'Ivoire,Bouaké,PME,2024-10-02
C02015,Fatou,Gomis,Sénégal,Dakar,Entreprise,2024-12-04
C02016,Koffi,Ahouansou,Bénin,Abomey-Calavi,Particulier,2026-05-19
C02017,Sonia,Yao,Côte d'Ivoire,Abidjan,Particulier,2024-09-27
C02018,Estelle,Baba,Côte d'Ivoire,Abidjan,PME,2024-09-19
C02019,Sonia,Sow,Côte d'Ivoire,Yamoussoukro,PME,2025-09-18
C02020,Nadia,Diallo,Bénin,Parakou,Particulier,2024-11-14
C02021,David,Amoussou,Ghana,Accra,Particulier,2025-10-31
C02022,Yannick,Yao,Nigeria,Abuja,PME,2026-06-04
C02023,Joël,Traoré,Bénin,Cotonou,Entreprise,2025-01-29
C02024,Grâce,Diop,Sénégal,Saint-Louis,PME,2024-06-15
C02025,Ruth,Diallo,Ghana,Accra,Particulier,2025-03-25
C02026,Mariam,Agossou,Togo,Lomé,PME,2025-11-09
C02027,Chantal,Traoré,Ghana,Tamale,PME,2024-02-25
C02028,Sarah,Yao,Sénégal,Thiès,Particulier,2025-01-16
C02029,Fabrice,Traoré,Nigeria,Port Harcourt,Particulier,2024-08-08
C02030,Nadia,Amani,Nigeria,Abuja,PME,2025-05-09
C02031,Nadia,Ahouansou,Bénin,Porto-Novo,Particulier,2025-04-02
C02032,Franck,Amoussou,Côte d'Ivoire,Abidjan,Particulier,2024-04-28
C02033,Estelle,Ouédraogo,Côte d'Ivoire,Bouaké,Entreprise,2025-05-30
C02034,Franck,Agossou,Bénin,Cotonou,Particulier,2026-02-02
C02035,Ismaël,Dossou,Côte d'Ivoire,Abidjan,Particulier,2026-05-26
C02036,Aminata,Tchibozo,Nigeria,Port Harcourt,Particulier,2025-04-18
C02037,Rodrigue,Diop,Bénin,Parakou,Particulier,2024-07-15
C02038,Sonia,Dossou,Côte d'Ivoire,Yamoussoukro,Particulier,2024-06-22
C02039,Ruth,Tchibozo,Nigeria,Lagos,PME,2024-12-15
C02040,Prisca,Ouédraogo,Togo,Kara,Particulier,2024-01-07
C02041,Malick,Mensah,Côte d'Ivoire,Yamoussoukro,Entreprise,2025-06-27
C02042,Mariam,Baba,Nigeria,Lagos,PME,2025-10-06
C02043,Fabrice,Tchibozo,Côte d'Ivoire,Bouaké,Entreprise,2024-01-17
C02044,Arnaud,Kaboré,Bénin,Cotonou,Particulier,2026-01-24
C02045,Rodrigue,Sagna,Bénin,Cotonou,PME,2024-11-19
C02046,Kevin,Dossou,Nigeria,Abuja,Particulier,2025-03-19
C02047,Sarah,Baba,Togo,Kara,PME,2025-02-28
C02048,Estelle,Diallo,Côte d'Ivoire,San-Pédro,PME,2025-08-16
C02049,Franck,Gomis,Bénin,Parakou,Particulier,2026-01-10
C02050,Grâce,Traoré,Côte d'Ivoire,San-Pédro,Particulier,2025-09-03
C02051,Sonia,Zinsou,Nigeria,Port Harcourt,Particulier,2025-12-13
C02052,Estelle,Agossou,Côte d'Ivoire,Abidjan,Particulier,2026-06-07
C02053,Aïcha,Ndiaye,Nigeria,Port Harcourt,Particulier,2024-04-10
C02054,Sarah,Zinsou,Togo,Lomé,Particulier,2025-11-29
C02055,Kevin,Amani,Côte d'Ivoire,Bouaké,Particulier,2025-04-14
C02056,Blandine,Kouassi,Nigeria,Abuja,Particulier,2025-07-06
C02057,Koffi,Gomis,Côte d'Ivoire,San-Pédro,Particulier,2025-11-18
C02058,Oumar,Yao,Togo,Lomé,Particulier,2025-06-25
C02059,Grâce,Mensah,Nigeria,Port Harcourt,Entreprise,2025-09-06
C02060,Rodrigue,Gomis,Côte d'Ivoire,Yamoussoukro,PME,2025-05-26
C02061,Samuel,Assogba,Côte d'Ivoire,Yamoussoukro,Particulier,2024-02-18
C02062,Ruth,Sow,Nigeria,,Entreprise,2025-12-25
C02063,David,Sagna,Bénin,Parakou,Particulier,2025-03-31
C02064,Grâce,Ahouansou,Togo,Lomé,PME,2024-06-29
C02065,Blandine,Kaboré,Bénin,Porto-Novo,Particulier,2025-08-05
C02066,Ismaël,Tchibozo,Côte d'Ivoire,San-Pédro,Particulier,2024-01-21
C02067,Ismaël,Diallo,Togo,Kara,Entreprise,2024-10-05
C02068,Estelle,Sagna,Sénégal,Touba,Particulier,2024-03-16
C02069,Sarah,Kaboré,Bénin,Porto-Novo,Particulier,2024-06-03
C02070,Fatou,Ndiaye,Sénégal,Dakar,Particulier,2024-08-25
C02071,Estelle,Kouassi,Togo,Sokodé,PME,2024-04-10
C02072,Fatou,Amani,Côte d'Ivoire,Bouaké,Particulier,2025-07-03
C02073,Oumar,Ouédraogo,Côte d'Ivoire,San-Pédro,Particulier,2024-09-11
C02074,Mariam,Mensah,Ghana,Tamale,Particulier,2026-06-15
C02075,Malick,Mensah,Côte d'Ivoire,Abidjan,Particulier,2026-04-06
C02076,Mariam,Mensah,Côte d'Ivoire,Abidjan,Entreprise,2024-12-08
C02077,Nadia,Amani,Nigeria,Abuja,Particulier,2025-05-05
C02078,Joël,Amani,Sénégal,Saint-Louis,Particulier,2024-03-16
C02079,Kevin,Mensah,Togo,Kara,PME,2025-03-04
C02080,Aminata,Diallo,Nigeria,Abuja,Particulier,2024-06-26
C02081,Hervé,Yao,Côte d'Ivoire,Yamoussoukro,Particulier,2025-04-19
C02082,Arnaud,Tchibozo,Bénin,Parakou,Entreprise,2025-07-17
C02083,Blandine,Amoussou,Côte d'Ivoire,Yamoussoukro,PME,2024-01-15
C02084,Kevin,Mensah,Bénin,Abomey-Calavi,Particulier,2026-02-14
C02085,Grâce,Diallo,Togo,Kara,Particulier,2025-02-25
C02086,Sonia,Dossou,Ghana,Tamale,PME,2025-05-30
C02087,Koffi,Diallo,Bénin,Abomey-Calavi,Particulier,2024-12-23
C02088,Estelle,Gomis,Nigeria,Abuja,Particulier,2025-01-25
C02089,Ruth,Amoussou,Nigeria,Port Harcourt,Particulier,2026-05-26
C02090,Aminata,Yao,Sénégal,Thiès,Particulier,2025-08-04
C02091,Oumar,Ahouansou,Ghana,Tamale,Particulier,2024-04-25
C02092,Fabrice,Baba,Ghana,Accra,Particulier,2025-07-26
C02093,Samuel,Diallo,Nigeria,Ibadan,Particulier,2026-05-05
C02094,Ruth,Traoré,Côte d'Ivoire,San-Pédro,Particulier,2026-02-20
C02095,Franck,Traoré,Bénin,Cotonou,PME,2025-08-17
C02096,Chantal,Sow,Côte d'Ivoire,Abidjan,Particulier,2024-02-17
C02097,Nadia,Yao,Côte d'Ivoire,San-Pédro,PME,2025-11-28
C02098,Rodrigue,Amani,Bénin,Porto-Novo,Particulier,2024-03-17
C02099,Aminata,Adjovi,Sénégal,Saint-Louis,PME,2025-05-09
C02100,Junior,Ahouansou,Bénin,Cotonou,Entreprise,2025-01-01
C02101,Junior,Sow,Nigeria,Abuja,PME,2024-02-25
C02102,Nadia,Gomis,Togo,Lomé,Entreprise,2026-05-06
C02103,Sarah,Amoussou,Bénin,Abomey-Calavi,Particulier,2024-01-18
C02104,Ruth,Diop,Bénin,Porto-Novo,Entreprise,2025-01-25
C02105,Oumar,Ahouansou,Togo,Kara,Particulier,2024-04-08
C02106,Franck,Amani,Togo,Lomé,Particulier,2024-02-28
C02107,Franck,Baba,Bénin,Porto-Novo,Particulier,2024-05-21
C02108,Franck,Assogba,Togo,Lomé,Particulier,2025-11-28
C02109,Natacha,Mensah,Bénin,Porto-Novo,Particulier,2026-04-12
C02110,Junior,Amani,Côte d'Ivoire,San-Pédro,Particulier,2025-11-26
C02111,Koffi,Diallo,Côte d'Ivoire,San-Pédro,Particulier,2025-06-12
C02112,Prisca,Ndiaye,Côte d'Ivoire,Abidjan,Entreprise,2025-04-24
C02113,Grâce,Assogba,Togo,Lomé,Particulier,2026-04-15
C02114,Hervé,Ndiaye,Bénin,Cotonou,Particulier,2026-04-07
C02115,Moussa,Amani,Bénin,Abomey-Calavi,PME,2025-12-25
C02116,Ibrahim,Amani,Togo,Sokodé,PME,2025-04-11
C02117,Grâce,Sagna,Ghana,Tamale,Particulier,2025-07-20
C02118,Junior,Sow,Nigeria,Port Harcourt,Particulier,2026-01-18
C02119,Malick,Kouassi,Nigeria,Abuja,Particulier,2025-05-27
C02120,Fatou,Dossou,Côte d'Ivoire,Yamoussoukro,PME,2024-12-26
C02121,Blandine,Gomis,Côte d'Ivoire,Yamoussoukro,Particulier,2025-11-27
C02122,Kevin,Tchibozo,Togo,Lomé,PME,2024-03-19
C02123,Fatou,Dossou,Ghana,Tamale,Particulier,2025-04-03
C02124,Fatou,Baba,Ghana,Accra,Particulier,2025-09-07
C02125,Fabrice,Sagna,Nigeria,Lagos,Particulier,2024-05-05
C02126,Moussa,Assogba,Nigeria,Ibadan,Particulier,2025-12-28
C02127,Fatou,Dossou,Côte d'Ivoire,San-Pédro,Particulier,2025-12-23
C02128,Sonia,Diallo,Ghana,Tamale,Particulier,2025-03-01
C02129,Ruth,Assogba,Nigeria,Abuja,PME,2025-10-19
C02130,Joël,Dossou,Togo,Lomé,Particulier,2025-12-13
C02131,Clarisse,Kouassi,Nigeria,Ibadan,Entreprise,2024-12-02
C02132,Natacha,Kaboré,Bénin,Parakou,Particulier,2025-11-22
C02133,Grâce,Assogba,Nigeria,Port Harcourt,Particulier,2026-03-02
C02134,Rodrigue,Agossou,Ghana,Kumasi,Particulier,2024-12-06
C02135,Blandine,Kouassi,Bénin,Cotonou,PME,2026-05-13
C02136,Estelle,Sow,Sénégal,Touba,Entreprise,2025-01-31
C02137,Rodrigue,Kaboré,Bénin,Abomey-Calavi,PME,2025-03-22
C02138,Sonia,Tchibozo,Ghana,Tamale,PME,2024-02-27
C02139,Nadia,Ouédraogo,Ghana,,Particulier,2024-05-28
C02140,Fabrice,Baba,Sénégal,Touba,PME,2025-07-24
C02141,Moussa,Sagna,Nigeria,Abuja,PME,2026-05-22
C02142,Prisca,Zinsou,Bénin,Parakou,PME,2024-10-05
C02143,Koffi,Zinsou,Togo,Sokodé,Entreprise,2025-12-08
C02144,Oumar,Assogba,Côte d'Ivoire,Yamoussoukro,Particulier,2024-10-16
C02145,Koffi,Diop,Bénin,Abomey-Calavi,Particulier,2024-08-26
C02146,Sarah,Diop,Côte d'Ivoire,Yamoussoukro,PME,2025-02-03
C02147,David,Ouédraogo,Togo,Sokodé,Particulier,2024-10-29
C02148,Franck,Ahouansou,Côte d'Ivoire,San-Pédro,Particulier,2025-11-14
C02149,Estelle,Ouédraogo,Côte d'Ivoire,Abidjan,PME,2024-04-28
C02150,Fabrice,Assogba,Nigeria,Ibadan,Particulier,2025-12-01
C02151,Nadia,Mensah,Togo,Kara,Particulier,2024-09-22
C02152,Junior,Sagna,Nigeria,Lagos,Particulier,2024-04-02
C02153,Aminata,Zinsou,Côte d'Ivoire,Yamoussoukro,PME,2024-09-20
C02154,Natacha,Assogba,Togo,Sokodé,Particulier,2025-05-31
C02155,Hervé,Ouédraogo,Côte d'Ivoire,Abidjan,Particulier,2024-03-28
C02156,Estelle,Kouassi,Côte d'Ivoire,Yamoussoukro,PME,2026-01-17
C02157,Joël,Kaboré,Togo,Kara,Particulier,2025-09-20
C02158,Koffi,Sow,Côte d'Ivoire,Abidjan,Particulier,2026-02-24
C02159,Fabrice,Tchibozo,Bénin,Porto-Novo,Particulier,2026-02-26
C02160,Moussa,Sow,Côte d'Ivoire,Abidjan,PME,2024-07-21
C02161,Clarisse,Kouassi,Sénégal,Saint-Louis,Particulier,2025-02-26
C02162,Ruth,Ahouansou,Côte d'Ivoire,Bouaké,PME,2026-02-01
C02163,Fatou,Diallo,Nigeria,Port Harcourt,PME,2024-05-08
C02164,Junior,Adjovi,Togo,Kara,Entreprise,2025-05-20
C02165,Prisca,Ouédraogo,Nigeria,Port Harcourt,PME,2025-08-04
C02166,Koffi,Yao,Ghana,Accra,Particulier,2025-01-26
C02167,Junior,Diop,Nigeria,Port Harcourt,Particulier,2025-07-07
C02168,Ismaël,Sagna,Nigeria,Lagos,Particulier,2025-11-20
C02169,Rodrigue,Adjovi,Bénin,Porto-Novo,Particulier,2024-06-05
C02170,Yannick,Zinsou,Côte d'Ivoire,Yamoussoukro,Entreprise,2024-06-01
C02171,Fabrice,Adjovi,Bénin,Abomey-Calavi,Particulier,2025-10-09
C02172,Hervé,Ahouansou,Nigeria,Abuja,Particulier,2026-03-17
C02173,Yannick,Diallo,Sénégal,Saint-Louis,,2025-09-30
C02174,Kevin,Kouassi,Togo,Sokodé,Particulier,2025-02-21
C02175,Arnaud,Adjovi,Nigeria,Port Harcourt,Particulier,2025-10-11
C02176,Natacha,Amani,Bénin,Abomey-Calavi,Particulier,2025-12-11
C02177,Koffi,Yao,Sénégal,Saint-Louis,Particulier,2025-11-26
C02178,Estelle,Diop,Ghana,Accra,Particulier,2026-01-21
C02179,Junior,Adjovi,Bénin,Porto-Novo,Particulier,2024-10-08
C02180,Blandine,Ndiaye,Sénégal,Touba,PME,2024-06-09
C02181,Samuel,Ndiaye,Nigeria,Ibadan,Particulier,2026-01-25
C02182,Malick,Diop,Bénin,Abomey-Calavi,Particulier,2026-03-21
C02183,Blandine,Dossou,Côte d'Ivoire,San-Pédro,PME,2024-07-12
C02184,Oumar,Ahouansou,Togo,Lomé,Particulier,2024-09-21
C02185,Fatou,Ndiaye,Sénégal,Saint-Louis,PME,2025-12-21
C02186,Yannick,Gomis,Bénin,Cotonou,Particulier,2024-09-29
C02187,Rodrigue,Tchibozo,Nigeria,Port Harcourt,Particulier,2024-05-14
C02188,Ruth,Ahouansou,Nigeria,Port Harcourt,PME,2025-03-04
C02189,Estelle,Yao,Bénin,Cotonou,PME,2025-02-22
C02190,Kevin,Kaboré,Togo,Sokodé,Entreprise,2024-08-12
C02191,Joël,Sow,Sénégal,Saint-Louis,Particulier,2025-10-25
C02192,Aïcha,Yao,Ghana,Accra,Entreprise,2024-06-06
C02193,Koffi,Kaboré,Côte d'Ivoire,Bouaké,Entreprise,2025-04-15
C02194,David,Dossou,Bénin,Cotonou,Particulier,2025-05-18
C02195,Mariam,Baba,Bénin,Cotonou,PME,2026-04-26
C02196,Clarisse,Traoré,Nigeria,Lagos,Particulier,2024-08-12
C02197,Yannick,Dossou,Côte d'Ivoire,Abidjan,Particulier,2025-05-10
C02198,Mariam,Diop,Nigeria,Lagos,Particulier,2024-09-20
C02199,Malick,Sagna,Côte d'Ivoire,Yamoussoukro,Particulier,2024-12-15
C02200,Mariam,Adjovi,Nigeria,Ibadan,Particulier,2025-09-24
C02201,Moussa,Sagna,Bénin,Abomey-Calavi,PME,2025-10-31
C02202,Kevin,Sow,Bénin,Cotonou,Entreprise,2024-11-15
C02203,Clarisse,Amoussou,Nigeria,Port Harcourt,Particulier,2024-06-13
C02204,Mariam,Assogba,Nigeria,Ibadan,PME,2025-08-07
C02205,Ismaël,Amani,Togo,Lomé,Particulier,2025-07-04
C02206,Hervé,Kouassi,Côte d'Ivoire,Abidjan,Particulier,2024-02-07
C02207,Blandine,Ouédraogo,Côte d'Ivoire,Abidjan,Particulier,2024-10-23
C02208,Chantal,Ahouansou,Côte d'Ivoire,San-Pédro,Particulier,2025-10-02
C02209,Sarah,Baba,Bénin,Parakou,PME,2025-11-28
C02210,Sonia,Traoré,Nigeria,Lagos,Particulier,2025-12-25
C02211,Ruth,Sagna,Togo,Sokodé,Particulier,2025-09-27
C02212,Aminata,Gomis,Ghana,Tamale,Particulier,2025-03-31
C02213,Fatou,Ahouansou,Bénin,Cotonou,PME,2025-06-29
C02214,Ruth,Assogba,Bénin,Abomey-Calavi,PME,2024-09-02
C02215,Blandine,Yao,Sénégal,Dakar,Particulier,2025-08-30
C02216,Arnaud,Kouassi,Côte d'Ivoire,Yamoussoukro,Particulier,2025-11-17
C02217,Grâce,Dossou,Sénégal,Thiès,Particulier,2025-05-06
C02218,Yannick,Ahouansou,Bénin,Cotonou,PME,2024-02-16
C02219,Fabrice,Mensah,Nigeria,Port Harcourt,Particulier,2025-02-13
C02220,Koffi,Mensah,Ghana,Kumasi,Entreprise,2024-08-23
C02221,Rodrigue,Agossou,Nigeria,Lagos,Particulier,2024-07-28
C02222,Ibrahim,Ahouansou,Bénin,Cotonou,Particulier,2025-12-02
C02223,Joël,Zinsou,Togo,Lomé,PME,2025-11-21
C02224,Ruth,Zinsou,Côte d'Ivoire,Bouaké,Particulier,2024-07-25
C02225,Joël,Amoussou,Côte d'Ivoire,San-Pédro,Particulier,2024-12-05
C02226,Mariam,Adjovi,Togo,Kara,PME,2024-08-05
C02227,Samuel,Assogba,Bénin,Cotonou,Entreprise,2025-09-07
C02228,Mariam,Diallo,Côte d'Ivoire,Bouaké,Particulier,2025-11-16
C02229,Clarisse,Amani,Togo,Kara,Particulier,2024-05-25
C02230,Arnaud,Dossou,Côte d'Ivoire,Yamoussoukro,Particulier,2025-03-05
C02231,Moussa,Tchibozo,Bénin,Cotonou,Particulier,2025-09-01
C02232,Aminata,Amani,Togo,Kara,PME,2026-04-16
C02233,Nadia,Diop,Sénégal,Thiès,PME,2025-08-14
C02234,Malick,Ahouansou,Côte d'Ivoire,San-Pédro,Particulier,2026-05-17
C02235,Nadia,Traoré,Côte d'Ivoire,Yamoussoukro,Particulier,2025-12-23
C02236,Ismaël,Yao,Côte d'Ivoire,Abidjan,PME,2025-08-10
C02237,Chantal,Tchibozo,Ghana,Kumasi,Particulier,2024-09-23
C02238,Prisca,Ouédraogo,Côte d'Ivoire,Bouaké,PME,2026-04-07
C02239,Chantal,Amoussou,Sénégal,Touba,PME,2024-08-20
C02240,Sarah,Ahouansou,Nigeria,Ibadan,Particulier,2025-03-30
C02241,Clarisse,Kaboré,Côte d'Ivoire,San-Pédro,Particulier,2025-12-07
C02242,Arnaud,Amoussou,Nigeria,Port Harcourt,PME,2026-04-06
C02243,Malick,Kaboré,Ghana,Accra,Particulier,2025-03-02
C02244,Malick,Diallo,Bénin,Porto-Novo,Entreprise,2026-05-13
C02245,Koffi,Kouassi,Côte d'Ivoire,Yamoussoukro,Particulier,2025-02-20
C02246,Arnaud,Kaboré,Ghana,Accra,Particulier,2026-04-24
C02247,Hervé,Adjovi,Nigeria,Ibadan,Entreprise,2026-04-10
C02248,Natacha,Ouédraogo,Côte d'Ivoire,Abidjan,Particulier,2025-05-14
C02249,Fabrice,Diop,Bénin,Porto-Novo,Particulier,2024-07-15
C02250,Natacha,Diallo,Sénégal,Touba,Particulier,2025-09-12
C02251,David,Mensah,Bénin,Abomey-Calavi,Entreprise,2025-04-06
C02252,Nadia,Dossou,Ghana,Tamale,Particulier,2024-12-30
C02253,Ruth,Traoré,Côte d'Ivoire,Bouaké,Particulier,2026-04-01
C02254,Nadia,Gomis,Ghana,Kumasi,Particulier,2024-09-08
C02255,Sonia,Gomis,Nigeria,Port Harcourt,Particulier,2025-04-23
C02256,Ibrahim,Zinsou,Sénégal,Dakar,Particulier,2024-09-01
C02257,David,Dossou,Sénégal,Saint-Louis,Particulier,2025-10-02
C02258,Clarisse,Gomis,Ghana,Accra,Particulier,2026-06-17
C02259,Ruth,Ndiaye,Nigeria,Abuja,PME,2025-07-02
C02260,Prisca,Mensah,Nigeria,Ibadan,PME,2024-06-11
C02261,Koffi,Ndiaye,Bénin,Cotonou,PME,2024-11-10
C02262,Prisca,Amoussou,Sénégal,Dakar,PME,2026-03-29
C02263,Yannick,Sow,Togo,Sokodé,Entreprise,2026-03-02
C02264,Sarah,Diop,Nigeria,Port Harcourt,PME,2024-04-17
C02265,Oumar,Traoré,Sénégal,Saint-Louis,PME,2024-10-31
C02266,Rodrigue,Ndiaye,Côte d'Ivoire,Yamoussoukro,PME,2026-02-06
C02267,Mariam,Sow,Bénin,Parakou,Particulier,2026-05-27
C02268,Ismaël,Kaboré,Côte d'Ivoire,Yamoussoukro,Particulier,2024-12-29
C02269,Blandine,Ndiaye,Ghana,Tamale,Entreprise,2025-01-22
C02270,Natacha,Traoré,Togo,Kara,Particulier,2025-11-21
C02271,Franck,Mensah,Bénin,Abomey-Calavi,PME,2024-01-19
C02272,Estelle,Ahouansou,Nigeria,Abuja,Particulier,2026-04-23
C02273,Kevin,Ouédraogo,Ghana,Kumasi,Particulier,2026-06-14
C02274,Joël,Baba,Bénin,Cotonou,Particulier,2026-03-30
C02275,Samuel,Amoussou,Togo,Sokodé,PME,2025-05-12
C02276,Natacha,Diallo,Nigeria,Abuja,PME,2024-10-22
C02277,Mariam,Amani,Ghana,Accra,PME,2025-07-03
C02278,Ruth,Sagna,Sénégal,Touba,Particulier,2025-02-07
C02279,Kevin,Sagna,Togo,Kara,Particulier,2024-04-30
C02280,Joël,Dossou,Togo,Lomé,Particulier,2025-01-11
C02281,Sarah,Amoussou,Bénin,Parakou,Particulier,2024-07-13
C02282,Malick,Kouassi,Ghana,Kumasi,Particulier,2024-03-14
C02283,Rodrigue,Ahouansou,Bénin,Porto-Novo,Particulier,2024-07-26
C02284,Sonia,Agossou,Bénin,Porto-Novo,PME,2024-11-06
C02285,Fatou,Diallo,Ghana,Tamale,Particulier,2025-01-11
C02286,Natacha,Dossou,Nigeria,Port Harcourt,PME,2024-04-15
C02287,Ibrahim,Ouédraogo,Ghana,Kumasi,Particulier,2026-05-10
C02288,Moussa,Yao,Côte d'Ivoire,San-Pédro,Particulier,2025-04-13
C02289,Hervé,Assogba,Côte d'Ivoire,Yamoussoukro,PME,2025-08-14
C02290,Grâce,Sagna,Côte d'Ivoire,Yamoussoukro,Particulier,2025-09-29
C02291,Fabrice,Amoussou,Togo,Kara,Particulier,2025-10-20
C02292,Joël,Gomis,Côte d'Ivoire,Yamoussoukro,Particulier,2025-06-14
C02293,Sonia,Amani,Côte d'Ivoire,San-Pédro,Particulier,2025-09-02
C02294,Yannick,Amani,Sénégal,Thiès,Particulier,2026-01-04
C02295,Blandine,Mensah,Nigeria,Ibadan,Particulier,2024-05-21
C02296,Joël,Ndiaye,Nigeria,Ibadan,PME,2024-03-25
C02297,Nadia,Zinsou,Bénin,Parakou,Particulier,2026-02-19
C02298,Aminata,Baba,Côte d'Ivoire,Abidjan,Particulier,2025-02-09
C02299,Chantal,Ahouansou,Bénin,Cotonou,Particulier,2024-12-13
C02300,Clarisse,Tchibozo,Côte d'Ivoire,Yamoussoukro,PME,2025-01-17
C02301,Estelle,Gomis,Togo,Lomé,Particulier,2024-05-29
C02302,Samuel,Kaboré,Bénin,Cotonou,Entreprise,2025-08-24
C02303,Prisca,Diop,Ghana,Accra,Particulier,2025-08-31
C02304,Natacha,Kouassi,Côte d'Ivoire,Abidjan,Particulier,2024-10-10
C02305,Sonia,Assogba,Nigeria,Lagos,PME,2024-03-17
C02306,Sonia,Diallo,Bénin,Parakou,Particulier,2024-09-11
C02307,Fabrice,Diop,Bénin,Cotonou,Entreprise,2025-12-03
C02308,Joël,Mensah,Côte d'Ivoire,Yamoussoukro,Particulier,2026-03-26
C02309,Junior,Tchibozo,Bénin,Cotonou,Particulier,2024-10-21
C02310,Franck,Agossou,Togo,Sokodé,Particulier,2024-01-24
C02311,Blandine,Mensah,Nigeria,Abuja,Particulier,2024-04-21
C02312,Clarisse,Mensah,Togo,Lomé,Particulier,2025-09-13
C02313,David,Diop,Bénin,Porto-Novo,PME,2024-07-26
C02314,Grâce,Adjovi,Sénégal,Touba,Entreprise,2024-02-01
C02315,Ruth,Mensah,Côte d'Ivoire,Abidjan,Particulier,2024-06-15
C02316,Grâce,Assogba,Sénégal,Touba,,2025-10-09
C02317,Malick,Ndiaye,Côte d'Ivoire,San-Pédro,Particulier,2026-01-14
C02318,Aïcha,Adjovi,Nigeria,Port Harcourt,PME,2026-03-06
C02319,Aminata,Sagna,Bénin,Porto-Novo,PME,2024-03-05
C02320,Aminata,Zinsou,Côte d'Ivoire,San-Pédro,Particulier,2026-05-10
C02321,Ismaël,Traoré,Sénégal,Thiès,PME,2025-01-17
C02322,Malick,Yao,Nigeria,Lagos,Particulier,2025-06-23
C02323,Aïcha,Kouassi,Côte d'Ivoire,San-Pédro,PME,2025-07-11
C02324,Moussa,Diop,Sénégal,Saint-Louis,Entreprise,2024-12-23
C02325,Ismaël,Mensah,Bénin,Porto-Novo,Particulier,2024-07-17
C02326,Fatou,Ndiaye,Bénin,Cotonou,PME,2024-04-15
C02327,Rodrigue,Diallo,Bénin,Porto-Novo,Particulier,2025-08-05
C02328,Aïcha,Baba,Ghana,Accra,Particulier,2024-06-06
C02329,Clarisse,Zinsou,Togo,Lomé,Particulier,2025-10-23
C02330,Blandine,Zinsou,Ghana,Tamale,Particulier,2024-06-09
C02331,Junior,Adjovi,Bénin,Porto-Novo,PME,2025-04-02
C02332,Aminata,Kaboré,Nigeria,Port Harcourt,Particulier,2024-04-25
C02333,Hervé,Tchibozo,Nigeria,Port Harcourt,Particulier,2024-10-08
C02334,David,Amani,Bénin,Porto-Novo,PME,2024-03-23
C02335,Arnaud,Kouassi,Bénin,Parakou,PME,2025-04-16
C02336,Chantal,Dossou,Bénin,Abomey-Calavi,Particulier,2025-08-07
C02337,Estelle,Amoussou,Nigeria,Port Harcourt,Particulier,2024-03-27
C02338,Mariam,Yao,Togo,Lomé,PME,2025-10-07
C02339,Sarah,Baba,Côte d'Ivoire,Bouaké,Entreprise,2024-02-25
C02340,Yannick,Kaboré,Côte d'Ivoire,Yamoussoukro,PME,2026-01-13
C02341,Rodrigue,Amani,Ghana,Accra,PME,2025-01-29
C02342,Sarah,Sagna,Côte d'Ivoire,Yamoussoukro,PME,2024-05-03
C02343,Moussa,Ndiaye,Côte d'Ivoire,San-Pédro,PME,2025-03-26
C02344,Koffi,Amoussou,Nigeria,Port Harcourt,Particulier,2025-02-20
C02345,Estelle,Mensah,Bénin,Parakou,Particulier,2024-08-13
C02346,Samuel,Agossou,Nigeria,Ibadan,Particulier,2025-12-03
C02347,Grâce,Sow,Bénin,Parakou,Particulier,2025-03-02
C02348,Sonia,Zinsou,Côte d'Ivoire,San-Pédro,Particulier,2024-11-14
C02349,Kevin,Sow,Nigeria,Lagos,PME,2025-05-19
C02350,Prisca,Agossou,Sénégal,Thiès,Particulier,2024-09-15
C02351,David,Yao,Sénégal,Thiès,PME,2025-05-20
C02352,Yannick,Dossou,Togo,Lomé,Particulier,2024-06-15
C02353,Ibrahim,Amoussou,Côte d'Ivoire,San-Pédro,Particulier,2026-05-12
C02354,Moussa,Zinsou,Côte d'Ivoire,Bouaké,Particulier,2024-11-13
C02355,David,Baba,Côte d'Ivoire,Yamoussoukro,Particulier,2025-01-01
C02356,Moussa,Baba,Côte d'Ivoire,San-Pédro,Particulier,2025-06-27
C02357,Moussa,Sow,Togo,Kara,Particulier,2026-02-15
C02358,Natacha,Traoré,Togo,Sokodé,Particulier,2026-04-18
C02359,Sonia,Diallo,Togo,Lomé,Particulier,2026-01-21
C02360,Junior,Sagna,Côte d'Ivoire,San-Pédro,Particulier,2025-05-11
C02361,Joël,Kaboré,Bénin,Abomey-Calavi,PME,2025-10-18
C02362,Sarah,Diallo,Nigeria,Port Harcourt,Particulier,2025-07-31
C02363,Fabrice,Ndiaye,Sénégal,Thiès,PME,2026-05-13
C02364,Hervé,Baba,Bénin,Cotonou,Particulier,2025-06-03
C02365,Ruth,Ndiaye,Ghana,Tamale,Particulier,2024-01-10
C02366,Arnaud,Agossou,Nigeria,Port Harcourt,Particulier,2025-06-11
C02367,Junior,Zinsou,Togo,Sokodé,Particulier,2024-04-04
C02368,Chantal,Adjovi,Bénin,Cotonou,PME,2024-01-13
C02369,Sonia,Sagna,Bénin,Parakou,Particulier,2024-11-12
C02370,Ismaël,Mensah,Bénin,Parakou,Particulier,2026-02-12
C02371,Ibrahim,Ahouansou,Ghana,Accra,Particulier,2025-09-14
C02372,Koffi,Zinsou,Nigeria,Abuja,Particulier,2026-05-15
C02373,Natacha,Ouédraogo,Bénin,Parakou,Particulier,2025-01-06
C02374,Clarisse,Ndiaye,Ghana,Accra,Particulier,2024-02-01
C02375,Estelle,Mensah,Bénin,Abomey-Calavi,Particulier,2025-04-01
C02376,Nadia,Diallo,Sénégal,Thiès,Particulier,2024-06-12
C02377,Grâce,Baba,Ghana,Accra,Particulier,2025-09-18
C02378,Sarah,Amoussou,Côte d'Ivoire,Abidjan,Particulier,2024-02-21
C02379,Natacha,Ahouansou,Bénin,Porto-Novo,Particulier,2024-02-18
C02380,Yannick,Gomis,Sénégal,Touba,Particulier,2024-05-11
C02381,Junior,Yao,Nigeria,Ibadan,Entreprise,2025-04-11
C02382,Grâce,Traoré,Togo,Lomé,PME,2024-04-06
C02383,Samuel,Ouédraogo,Bénin,Parakou,Particulier,2026-03-05
C02384,Oumar,Sagna,Bénin,Porto-Novo,Particulier,2026-04-10
C02385,Aminata,Kouassi,Sénégal,Dakar,PME,2025-07-22
C02386,Junior,Tchibozo,Sénégal,Dakar,Particulier,2025-01-25
C02387,Natacha,Yao,Ghana,Accra,Particulier,2024-02-26
C02388,Ruth,Ahouansou,Ghana,Accra,Particulier,2024-09-27
C02389,Mariam,Diop,Nigeria,Lagos,Particulier,2025-08-06
C02390,Samuel,Diop,Nigeria,Abuja,Particulier,2025-04-25
C02391,Kevin,Diop,Togo,Kara,PME,2024-05-06
C02392,Junior,Gomis,Sénégal,Saint-Louis,Particulier,2024-09-19
C02393,Samuel,Tchibozo,Togo,Sokodé,Particulier,2025-09-24
C02394,Joël,Mensah,Togo,Kara,PME,2025-09-03
C02395,Franck,Gomis,Nigeria,Abuja,Entreprise,2024-05-13
C02396,Aminata,Kaboré,Sénégal,Touba,Particulier,2025-05-30
C02397,Junior,Amani,Nigeria,Abuja,Particulier,2025-07-06
C02398,Blandine,Ndiaye,Côte d'Ivoire,Bouaké,Particulier,2024-12-01
C02399,Grâce,Adjovi,Côte d'Ivoire,Abidjan,Particulier,2024-05-19
C02400,Koffi,Assogba,Côte d'Ivoire,Abidjan,Entreprise,2025-05-14
C02401,Sarah,Sagna,Bénin,Cotonou,Particulier,2025-11-22
C02402,Koffi,Dossou,Togo,Kara,PME,2026-04-27
C02403,Clarisse,Mensah,Côte d'Ivoire,San-Pédro,Particulier,2025-08-08
C02404,Moussa,Diop,Bénin,Parakou,PME,2025-09-15
C02405,Junior,Baba,Nigeria,Port Harcourt,PME,2024-03-07
C02406,David,Amoussou,Bénin,Abomey-Calavi,PME,2024-02-01
C02407,Joël,Baba,Bénin,Cotonou,Particulier,2025-04-08
C02408,Ibrahim,Gomis,Ghana,Kumasi,PME,2024-08-02
C02409,Joël,Diop,Bénin,Parakou,Particulier,2024-10-16
C02410,Kevin,Tchibozo,Nigeria,Ibadan,Particulier,2024-02-15
C02411,Aïcha,Gomis,Ghana,Kumasi,Particulier,2025-12-10
C02412,Franck,Kouassi,Bénin,Porto-Novo,PME,2025-05-03
C02413,Natacha,Traoré,Ghana,Kumasi,Particulier,2024-11-26
C02414,Sarah,Diop,Sénégal,Saint-Louis,Particulier,2024-01-20
C02415,Yannick,Agossou,Ghana,Kumasi,Particulier,2026-03-19
C02416,Estelle,Sagna,Nigeria,Lagos,PME,2025-01-16
C02417,Mariam,Sow,Ghana,Kumasi,PME,2026-02-25
C02418,Fatou,Tchibozo,Sénégal,Touba,PME,2024-11-18
C02419,Hervé,Diallo,Togo,Lomé,Particulier,2024-12-25
C02420,Yannick,Adjovi,Ghana,Tamale,Particulier,2024-03-14
C02421,Aïcha,Tchibozo,Nigeria,Abuja,PME,2024-05-17
C02422,Aminata,Traoré,Sénégal,Saint-Louis,PME,2026-01-31
C02423,Nadia,Dossou,Sénégal,Thiès,PME,2024-04-21
C02424,Kevin,Tchibozo,Côte d'Ivoire,Yamoussoukro,Entreprise,2025-04-12
C02425,Joël,Kouassi,Ghana,Tamale,PME,2024-07-28
C02426,Clarisse,Sow,Nigeria,Port Harcourt,Particulier,2024-01-25
C02427,Junior,Dossou,Bénin,Parakou,Particulier,2025-09-17
C02428,Aïcha,Kouassi,Togo,Kara,Particulier,2026-06-08
C02429,Arnaud,Tchibozo,Côte d'Ivoire,Bouaké,Particulier,2025-04-11
C02430,Estelle,Traoré,Côte d'Ivoire,San-Pédro,PME,2025-07-05
C02431,Mariam,Diallo,Sénégal,Dakar,Particulier,2025-03-14
C02432,Joël,Ouédraogo,Bénin,Parakou,Particulier,2024-10-02
C02433,Fabrice,Amani,Côte d'Ivoire,Bouaké,Particulier,2025-06-09
C02434,Kevin,Sagna,Sénégal,Touba,Entreprise,2024-11-13
C02435,Fatou,Gomis,Sénégal,Saint-Louis,Particulier,2024-07-26
C02436,Arnaud,Sagna,Sénégal,Dakar,PME,2024-02-19
C02437,Aïcha,Mensah,Ghana,Kumasi,PME,2026-03-19
C02438,Moussa,Baba,Sénégal,Touba,PME,2025-10-13
C02439,Nadia,Mensah,Ghana,Kumasi,Particulier,2025-06-03
C02440,Yannick,Traoré,Sénégal,Dakar,Particulier,2025-10-16
C02441,Sonia,Mensah,Côte d'Ivoire,Bouaké,Particulier,2025-03-24
C02442,Aminata,Sagna,Sénégal,Saint-Louis,PME,2025-12-27
C02443,Yannick,Diop,Bénin,Abomey-Calavi,PME,2025-01-20
C02444,Chantal,Traoré,Togo,Sokodé,Particulier,2025-09-18
C02445,Chantal,Dossou,Côte d'Ivoire,Yamoussoukro,PME,2024-09-05
C02446,David,Adjovi,Nigeria,Abuja,Particulier,2026-02-13
C02447,Clarisse,Amani,Sénégal,Touba,Particulier,2025-09-25
C02448,Grâce,Diallo,Bénin,Abomey-Calavi,PME,2026-05-14
C02449,Rodrigue,Diallo,Sénégal,Touba,Particulier,2026-02-02
C02450,Samuel,Gomis,Togo,Lomé,Particulier,2024-06-19
C02451,Fatou,Tchibozo,Ghana,Tamale,PME,2025-02-14
C02452,Samuel,Tchibozo,Nigeria,Lagos,PME,2025-06-17
C02453,Fabrice,Sow,Sénégal,Dakar,Entreprise,2024-10-17
C02454,Aminata,Yao,Sénégal,Saint-Louis,Particulier,2024-03-02
C02455,Sonia,Adjovi,Côte d'Ivoire,San-Pédro,Particulier,2025-08-20
C02456,Estelle,Kaboré,Côte d'Ivoire,Bouaké,Particulier,2025-11-18
C02457,Arnaud,Amani,Nigeria,Port Harcourt,Entreprise,2026-02-18
C02458,Hervé,Ndiaye,Ghana,Kumasi,Particulier,2024-07-14
C02459,Grâce,Traoré,Côte d'Ivoire,San-Pédro,Particulier,2025-01-15
C02460,Ruth,Tchibozo,Côte d'Ivoire,Bouaké,Particulier,2025-08-26
C02461,Kevin,Amani,Bénin,Parakou,Particulier,2024-12-08
C02462,Franck,Tchibozo,Bénin,Abomey-Calavi,PME,2024-03-21
C02463,David,Zinsou,Bénin,Parakou,Entreprise,2024-08-24
C02464,Grâce,Traoré,Côte d'Ivoire,Yamoussoukro,PME,2024-04-01
C02465,Arnaud,Traoré,Nigeria,Lagos,Particulier,2024-03-23
C02466,Moussa,Diallo,Côte d'Ivoire,Yamoussoukro,Particulier,2025-04-15
C02467,Hervé,Agossou,Togo,Kara,Particulier,2026-02-10
C02468,Ibrahim,Diop,Bénin,Parakou,Particulier,2024-05-11
C02469,Sonia,Zinsou,Côte d'Ivoire,Yamoussoukro,Particulier,2025-12-09
C02470,Estelle,Amani,Nigeria,Ibadan,PME,2025-08-29
C02471,Mariam,Gomis,Côte d'Ivoire,Abidjan,Entreprise,2024-07-07
C02472,Ibrahim,Dossou,Ghana,Accra,PME,2025-08-26
C02473,Ismaël,Assogba,Nigeria,Lagos,Particulier,2024-07-24
C02474,Estelle,Tchibozo,Bénin,Cotonou,PME,2025-04-04
C02475,Franck,Assogba,Sénégal,Thiès,Entreprise,2026-03-31
C02476,Sarah,Mensah,Nigeria,Abuja,Particulier,2024-03-09
C02477,Nadia,Amoussou,Côte d'Ivoire,Abidjan,Particulier,2025-06-15
C02478,Rodrigue,Dossou,Bénin,Porto-Novo,Particulier,2024-11-10
C02479,Koffi,Ndiaye,Nigeria,Abuja,Particulier,2025-01-14
C02480,Rodrigue,Assogba,Nigeria,Port Harcourt,Particulier,2025-05-21
C02481,Nadia,Zinsou,Côte d'Ivoire,Abidjan,PME,2024-10-28
C02482,David,Dossou,Sénégal,Saint-Louis,PME,2026-06-13
C02483,Fatou,Agossou,Togo,Lomé,Particulier,2024-09-28
C02484,Sarah,Tchibozo,Nigeria,Lagos,PME,2025-08-12
C02485,Ruth,Diop,Côte d'Ivoire,Yamoussoukro,PME,2025-02-14
C02486,Samuel,Amoussou,Bénin,Porto-Novo,Particulier,2025-07-28
C02487,Hervé,Kouassi,Sénégal,Thiès,Particulier,2024-01-05
C02488,Mariam,Amoussou,Nigeria,Abuja,Particulier,2026-04-30
C02489,Chantal,Amani,Nigeria,Port Harcourt,Particulier,2024-12-29
C02490,Joël,Zinsou,Togo,Lomé,PME,2026-05-16
C02491,Koffi,Kaboré,Bénin,Porto-Novo,Particulier,2024-06-28
C02492,Nadia,Gomis,Nigeria,Abuja,Particulier,2025-08-13
C02493,Sarah,Amoussou,Nigeria,Lagos,Particulier,2024-06-28
C02494,Mariam,Mensah,Côte d'Ivoire,Abidjan,PME,2026-01-31
C02495,Ismaël,Dossou,Sénégal,Touba,PME,2026-01-07
C02496,Arnaud,Ouédraogo,Côte d'Ivoire,San-Pédro,Particulier,2025-12-04
C02497,Ismaël,Adjovi,Côte d'Ivoire,San-Pédro,Particulier,2024-04-16
C02498,Ismaël,Ouédraogo,Bénin,Cotonou,Particulier,2024-03-12
C02499,Oumar,Agossou,Bénin,Parakou,Particulier,2025-07-06
C02500,Clarisse,Ouédraogo,Togo,Kara,PME,2024-11-12
C02501,Joël,Traoré,Nigeria,Port Harcourt,PME,2024-10-05
C02502,Rodrigue,Mensah,Bénin,Cotonou,Particulier,2026-06-04
C02503,Prisca,Ndiaye,Togo,Lomé,Particulier,2025-06-17
C02504,Yannick,Tchibozo,Côte d'Ivoire,Bouaké,Particulier,2024-02-16
C02505,Franck,Kouassi,Togo,Kara,Particulier,2025-09-22
C02506,Joël,Yao,Bénin,Porto-Novo,Entreprise,2024-12-05
C02507,Clarisse,Assogba,Sénégal,Saint-Louis,Entreprise,2026-01-22
C02508,Koffi,Ahouansou,Côte d'Ivoire,Abidjan,Particulier,2025-12-28
C02509,Franck,Agossou,Sénégal,Dakar,Particulier,2025-06-05
C02510,Fabrice,Dossou,Nigeria,Port Harcourt,Particulier,2024-09-18
C02511,Ruth,Kaboré,Bénin,Cotonou,Particulier,2024-09-17
C02512,Mariam,Ouédraogo,Nigeria,Ibadan,PME,2025-11-14
C02513,Clarisse,Sow,Nigeria,Lagos,Particulier,2025-07-13
C02514,Blandine,Tchibozo,Nigeria,Abuja,Entreprise,2025-08-26
C02515,Chantal,Diallo,Sénégal,Thiès,Particulier,2024-09-26
C02516,Fatou,Amani,Sénégal,Saint-Louis,Particulier,2025-03-02
C02517,David,Amoussou,Sénégal,Touba,Particulier,2026-04-21
C02518,Rodrigue,Adjovi,Ghana,Kumasi,Particulier,2025-11-10
C02519,Sonia,Tchibozo,Bénin,Abomey-Calavi,Particulier,2024-12-05
C02520,Ibrahim,Zinsou,Nigeria,Abuja,Particulier,2025-08-07
C02521,Aïcha,Zinsou,Sénégal,Saint-Louis,Particulier,2024-01-02
C02522,Chantal,Adjovi,Ghana,Tamale,Particulier,2026-05-03
C02523,Ismaël,Kaboré,Côte d'Ivoire,Abidjan,PME,2025-06-04
C02524,Oumar,Diop,Bénin,Porto-Novo,PME,2024-01-08
C02525,Ibrahim,Agossou,Côte d'Ivoire,Yamoussoukro,Particulier,2025-11-26
C02526,Franck,Kaboré,Côte d'Ivoire,Bouaké,PME,2025-07-16
C02527,Junior,Agossou,Côte d'Ivoire,San-Pédro,PME,2025-08-25
C02528,Estelle,Ahouansou,Côte d'Ivoire,Bouaké,Particulier,2024-11-02
C02529,Mariam,Kouassi,Togo,Sokodé,Particulier,2025-11-18
C02530,Franck,Amani,Côte d'Ivoire,San-Pédro,PME,2025-10-28
C02531,Blandine,Sow,Côte d'Ivoire,Bouaké,Particulier,2025-07-03
C02532,Grâce,Traoré,Nigeria,Ibadan,Entreprise,2026-01-28
C02533,Samuel,Zinsou,Bénin,Parakou,Entreprise,2026-04-19
C02534,Estelle,Amani,Togo,Lomé,PME,2025-10-13
C02535,Sonia,Amani,Togo,Lomé,Particulier,2024-02-12
C02536,Aminata,Agossou,Côte d'Ivoire,Abidjan,PME,2024-10-19
C02537,Oumar,Agossou,Côte d'Ivoire,Bouaké,Particulier,2025-09-17
C02538,Estelle,Sagna,Sénégal,Touba,Particulier,2024-06-12
C02539,Moussa,Adjovi,Nigeria,Ibadan,Particulier,2024-04-24
C02540,Rodrigue,Agossou,Togo,Kara,Particulier,2025-02-01
C02541,Joël,Zinsou,Ghana,Kumasi,Entreprise,2025-04-17
C02542,Oumar,Traoré,Bénin,Cotonou,Entreprise,2024-01-15
C02543,Joël,Amani,Togo,Lomé,Particulier,2025-07-25
C02544,Samuel,Mensah,Côte d'Ivoire,Bouaké,PME,2025-03-09
C02545,Ismaël,Assogba,Bénin,Porto-Novo,Particulier,2024-06-07
C02546,David,Diop,Sénégal,Touba,Particulier,2024-08-14
C02547,Ruth,Assogba,Sénégal,Saint-Louis,Particulier,2024-08-03
C02548,Sonia,Dossou,Ghana,Tamale,Particulier,2025-05-06
C02549,Prisca,Kouassi,Côte d'Ivoire,San-Pédro,Entreprise,2026-05-06
C02550,Koffi,Zinsou,Sénégal,Dakar,Particulier,2025-12-25
C02551,Rodrigue,Yao,Côte d'Ivoire,Yamoussoukro,PME,2024-11-12
C02552,Junior,Zinsou,Bénin,Parakou,Particulier,2024-07-14
C02553,Nadia,Mensah,Bénin,Cotonou,Particulier,2025-09-11
C02554,Ismaël,Mensah,Sénégal,Saint-Louis,PME,2024-12-05
C02555,Yannick,Amoussou,Nigeria,Lagos,PME,2024-02-13
C02556,Rodrigue,Traoré,Bénin,Porto-Novo,Particulier,2026-01-17
C02557,Natacha,Tchibozo,Sénégal,Saint-Louis,Particulier,2024-10-09
C02558,Fabrice,Traoré,Ghana,Tamale,PME,2024-04-06
C02559,Aïcha,Baba,Nigeria,Lagos,Particulier,2025-03-13
C02560,Nadia,Mensah,Côte d'Ivoire,Bouaké,Particulier,2025-12-19
C02561,Junior,Diop,Sénégal,Saint-Louis,Particulier,2024-11-04
C02562,Arnaud,Traoré,Ghana,Tamale,Particulier,2026-05-06
C02563,Fatou,Diop,Nigeria,Ibadan,Particulier,2025-02-15
C02564,Kevin,Kouassi,Bénin,Parakou,Particulier,2025-10-05
C02565,Koffi,Adjovi,Nigeria,Port Harcourt,Particulier,2024-12-30
C02566,Ruth,Amoussou,Bénin,Porto-Novo,Entreprise,2026-02-05
C02567,Kevin,Diop,Nigeria,Lagos,PME,2026-06-05
C02568,Aminata,Ouédraogo,Bénin,Abomey-Calavi,Entreprise,2025-08-23
C02569,Samuel,Sagna,Bénin,Abomey-Calavi,PME,2025-10-29
C02570,Sarah,Amani,Bénin,Parakou,Particulier,2025-11-07
C02571,Chantal,Traoré,Côte d'Ivoire,San-Pédro,PME,2024-12-19
C02572,Franck,Agossou,Côte d'Ivoire,Yamoussoukro,PME,2026-01-20
C02573,Nadia,Ndiaye,Bénin,Porto-Novo,PME,2024-05-05
C02574,Ruth,Dossou,Côte d'Ivoire,San-Pédro,PME,2025-08-01
C02575,Fabrice,Kouassi,Côte d'Ivoire,San-Pédro,PME,2024-11-19
C02576,Prisca,Sagna,Ghana,Accra,Particulier,2025-02-13
C02577,Sonia,Diallo,Nigeria,Abuja,PME,2024-06-15
C02578,David,Traoré,Sénégal,Thiès,Particulier,2025-01-23
C02579,Samuel,Tchibozo,Bénin,Abomey-Calavi,Particulier,2026-02-08
C02580,Moussa,Gomis,Togo,Sokodé,PME,2026-06-11
C02581,Blandine,Ndiaye,Nigeria,Port Harcourt,Particulier,2025-11-11
C02582,Hervé,Gomis,Bénin,Cotonou,Particulier,2024-07-05
C02583,Junior,Adjovi,Côte d'Ivoire,Bouaké,Particulier,2025-11-09
C02584,Kevin,Dossou,Nigeria,Abuja,PME,2024-04-08
C02585,Mariam,Zinsou,Nigeria,Port Harcourt,Particulier,2025-04-11
C02586,Hervé,Sow,Côte d'Ivoire,San-Pédro,Entreprise,2024-07-22
C02587,Ibrahim,Agossou,Sénégal,Dakar,Particulier,2024-04-03
C02588,Moussa,Kaboré,Côte d'Ivoire,Abidjan,Particulier,2025-02-25
C02589,Ruth,Sagna,Ghana,Kumasi,Particulier,2025-04-10
C02590,Samuel,Agossou,Bénin,Abomey-Calavi,Particulier,2024-06-25
C02591,Mariam,Diallo,Bénin,Abomey-Calavi,Particulier,2024-04-07
C02592,Natacha,Amani,Sénégal,Saint-Louis,Entreprise,2025-08-23
C02593,Kevin,Mensah,Togo,Kara,Particulier,2026-02-10
C02594,David,Dossou,Sénégal,Dakar,Particulier,2025-12-25
C02595,Arnaud,Dossou,Côte d'Ivoire,San-Pédro,Particulier,2026-01-07
C02596,Ismaël,Ouédraogo,Nigeria,Port Harcourt,Particulier,2024-11-14
C02597,Fabrice,Kouassi,Nigeria,Abuja,Particulier,2024-06-06
C02598,Sonia,Dossou,Côte d'Ivoire,Yamoussoukro,PME,2026-03-28
C02599,Samuel,Sagna,Ghana,Accra,Particulier,2026-05-09
C02600,Ruth,Ndiaye,Togo,Kara,Particulier,2024-02-24
C02601,Yannick,Diallo,Côte d'Ivoire,Bouaké,Entreprise,2026-06-18
C02602,Rodrigue,Amani,Bénin,Abomey-Calavi,Particulier,2024-07-15
C02603,Samuel,Ouédraogo,Nigeria,Abuja,Particulier,2024-10-17
C02604,Blandine,Mensah,Nigeria,Ibadan,Entreprise,2025-07-06
C02605,Estelle,Ndiaye,Nigeria,Lagos,Particulier,2024-11-06
C02606,Grâce,Gomis,Nigeria,Ibadan,PME,2025-07-16
C02607,David,Diop,Nigeria,Lagos,PME,2024-10-13
C02608,Ismaël,Diallo,Togo,Sokodé,PME,2025-04-23
C02609,Rodrigue,Diop,Nigeria,Port Harcourt,PME,2024-03-03
C02610,Malick,Diallo,Sénégal,Saint-Louis,Particulier,2024-02-17
C02611,Franck,Gomis,Côte d'Ivoire,Abidjan,Particulier,2025-06-28
C02612,Prisca,Ndiaye,Sénégal,Saint-Louis,Particulier,2025-09-25
C02613,David,Assogba,Côte d'Ivoire,Yamoussoukro,Particulier,2024-03-21
C02614,Malick,Tchibozo,Togo,Kara,Particulier,2025-05-17
C02615,Malick,Kaboré,Togo,Kara,Particulier,2024-12-15
C02616,Clarisse,Adjovi,Bénin,Cotonou,PME,2025-10-25
C02617,Aminata,Ahouansou,Côte d'Ivoire,Bouaké,Particulier,2024-10-19
C02618,Junior,Sagna,Nigeria,Ibadan,Particulier,2026-05-18
C02619,Oumar,Amani,Sénégal,Touba,Particulier,2025-09-26
C02620,Chantal,Yao,Côte d'Ivoire,Yamoussoukro,Particulier,2024-02-08
C02621,Fabrice,Ouédraogo,Côte d'Ivoire,San-Pédro,Entreprise,2025-01-21
C02622,David,Mensah,Côte d'Ivoire,Abidjan,Entreprise,2024-12-19
C02623,Ruth,Assogba,Togo,Lomé,PME,2024-10-18
C02624,Ruth,Amoussou,Nigeria,Port Harcourt,PME,2025-11-21
C02625,David,Ahouansou,Bénin,Abomey-Calavi,Particulier,2024-03-06
C02626,Ismaël,Traoré,Ghana,Accra,Particulier,2024-08-02
C02627,Arnaud,Diop,Ghana,Accra,Particulier,2025-03-21
C02628,Arnaud,Sagna,Sénégal,Saint-Louis,PME,2024-04-14
C02629,Nadia,Tchibozo,Nigeria,Abuja,Particulier,2024-05-11
C02630,Fatou,Dossou,Togo,Kara,Particulier,2025-06-24
C02631,Oumar,Agossou,Nigeria,Port Harcourt,Particulier,2025-09-20
C02632,Mariam,Adjovi,Ghana,Accra,Particulier,2024-01-16
C02633,Fatou,Sow,Ghana,Accra,Particulier,2025-10-22
C02634,Oumar,Kaboré,Sénégal,Touba,Particulier,2024-10-03
C02635,Sarah,Sow,Nigeria,Abuja,Particulier,2024-03-05
C02636,Arnaud,Mensah,Nigeria,Ibadan,Particulier,2025-10-06
C02637,Natacha,Gomis,Côte d'Ivoire,Yamoussoukro,PME,2026-06-16
C02638,Mariam,Amoussou,Nigeria,Port Harcourt,Particulier,2025-08-20
C02639,Joël,Adjovi,Ghana,Kumasi,Particulier,2025-04-09
C02640,Ibrahim,Agossou,Côte d'Ivoire,Bouaké,PME,2025-12-21
C02641,Ismaël,Sow,Nigeria,Lagos,PME,2025-03-08
C02642,Koffi,Sow,Côte d'Ivoire,Abidjan,Particulier,2025-11-19
C02643,Oumar,Amani,Sénégal,Saint-Louis,Particulier,2026-02-10
C02644,Arnaud,Ndiaye,Bénin,Parakou,Particulier,2024-02-20
C02645,Hervé,Zinsou,Togo,Kara,Particulier,2024-06-26
C02646,Yannick,Gomis,Nigeria,Ibadan,PME,2026-03-18
C02647,Ismaël,Sagna,Côte d'Ivoire,Bouaké,Particulier,2025-09-27
C02648,Joël,Adjovi,Côte d'Ivoire,Bouaké,Particulier,2025-10-05
C02649,Fabrice,Adjovi,Togo,Lomé,PME,2024-01-21
C02650,Junior,Traoré,Côte d'Ivoire,San-Pédro,Particulier,2025-10-09
C02651,Moussa,Ahouansou,Nigeria,Abuja,Entreprise,2025-02-23
C02652,Kevin,Diop,Nigeria,Ibadan,Particulier,2025-07-05
C02653,Koffi,Agossou,Bénin,Parakou,Particulier,2024-09-16
C02654,Natacha,Amani,Sénégal,Dakar,Particulier,2024-10-26
C02655,Ruth,Traoré,Côte d'Ivoire,Abidjan,Particulier,2024-10-26
C02656,Mariam,Ahouansou,Sénégal,Dakar,Entreprise,2025-12-29
C02657,Oumar,Ndiaye,Côte d'Ivoire,Abidjan,Particulier,2025-07-15
C02658,Aïcha,Kouassi,Côte d'Ivoire,Abidjan,Particulier,2024-06-05
C02659,Clarisse,Kouassi,Côte d'Ivoire,Bouaké,Particulier,2025-08-11
C02660,Moussa,Tchibozo,Sénégal,Saint-Louis,Particulier,2024-12-10
C02661,David,Ndiaye,Côte d'Ivoire,Bouaké,Particulier,2024-05-11
C02662,Prisca,Ouédraogo,Côte d'Ivoire,Yamoussoukro,PME,2025-11-13
C02663,Hervé,Diop,Nigeria,Abuja,Entreprise,2025-07-19
C02664,Ismaël,Amoussou,Ghana,Accra,Particulier,2025-07-24
C02665,Ibrahim,Kouassi,Côte d'Ivoire,Abidjan,Particulier,2024-10-25
C02666,Aminata,Kouassi,Nigeria,Ibadan,PME,2024-02-19
C02667,Joël,Dossou,Nigeria,Port Harcourt,Particulier,2025-03-23
C02668,Fatou,Kouassi,Bénin,Parakou,Entreprise,2024-11-04
C02669,Franck,Dossou,Sénégal,Touba,Particulier,2025-10-11
C02670,Franck,Agossou,Togo,Lomé,Particulier,2025-10-12
C02671,Sonia,Kouassi,Ghana,Kumasi,Particulier,2024-01-12
C02672,Ruth,Sagna,Togo,Sokodé,Particulier,2025-07-02
C02673,Malick,Ouédraogo,Sénégal,Saint-Louis,Particulier,2024-06-03
C02674,Malick,Traoré,Togo,Lomé,PME,2026-03-23
C02675,Sonia,Amani,Côte d'Ivoire,Yamoussoukro,PME,2026-05-22
C02676,Blandine,Ndiaye,Nigeria,Abuja,Particulier,2024-07-19
C02677,Koffi,Diallo,Côte d'Ivoire,San-Pédro,Particulier,2026-02-13
C02678,Ismaël,Mensah,Nigeria,Abuja,Particulier,2025-09-19
C02679,Fatou,Mensah,Nigeria,Ibadan,Particulier,2024-03-17
C02680,Hervé,Amani,Nigeria,Port Harcourt,Particulier,2024-01-23
C02681,Ruth,Tchibozo,Bénin,Porto-Novo,Particulier,2025-09-25
C02682,Mariam,Sow,Nigeria,Port Harcourt,Particulier,2025-11-17
C02683,Estelle,Ouédraogo,Bénin,Abomey-Calavi,Particulier,2025-02-16
C02684,Sarah,Zinsou,Côte d'Ivoire,Bouaké,Particulier,2024-04-02
C02685,Junior,Diop,Nigeria,Ibadan,Particulier,2024-02-11
C02686,Joël,Kouassi,Sénégal,Saint-Louis,Particulier,2024-06-07
C02687,David,Diop,Côte d'Ivoire,Abidjan,Particulier,2025-10-23
C02688,Natacha,Sow,Côte d'Ivoire,Bouaké,Particulier,2025-08-20
C02689,Blandine,Traoré,Nigeria,Port Harcourt,Entreprise,2024-02-06
C02690,Natacha,Ndiaye,Ghana,Tamale,PME,2024-09-05
C02691,Grâce,Diallo,Côte d'Ivoire,Abidjan,PME,2025-05-07
C02692,Natacha,Sagna,Nigeria,Lagos,PME,2024-11-01
C02693,Franck,Ndiaye,Togo,Lomé,PME,2024-07-18
C02694,Oumar,Gomis,Bénin,Cotonou,Entreprise,2025-11-18
C02695,Yannick,Gomis,Sénégal,Touba,Particulier,2024-07-01
C02696,David,Ouédraogo,Nigeria,Ibadan,PME,2025-02-12
C02697,Samuel,Sow,Togo,Sokodé,Particulier,2025-08-24
C02698,Ibrahim,Adjovi,Togo,Kara,PME,2026-01-20
C02699,Chantal,Diop,Bénin,Abomey-Calavi,Particulier,2026-04-02
C02700,Grâce,Adjovi,Nigeria,Abuja,PME,2025-03-10
C02701,Chantal,Amoussou,Togo,Kara,Particulier,2026-01-29
C02702,Samuel,Ouédraogo,Côte d'Ivoire,Abidjan,Particulier,2026-02-11
C02703,Fatou,Adjovi,Nigeria,Abuja,Particulier,2024-04-03
C02704,Arnaud,Kaboré,Bénin,Parakou,Particulier,2024-06-11
C02705,David,Mensah,Sénégal,Touba,Particulier,2024-07-20
C02706,Kevin,Diallo,Côte d'Ivoire,Yamoussoukro,PME,2025-07-29
C02707,Mariam,Ahouansou,Nigeria,Lagos,Particulier,2024-03-19
C02708,Moussa,Zinsou,Côte d'Ivoire,Abidjan,PME,2025-04-08
C02709,Nadia,Yao,Côte d'Ivoire,Abidjan,Entreprise,2025-02-07
C02710,Clarisse,Ouédraogo,Bénin,Abomey-Calavi,PME,2026-03-03
C02711,Fatou,Amani,Ghana,Kumasi,Particulier,2024-05-17
C02712,Malick,Kaboré,Ghana,Kumasi,PME,2024-07-29
C02713,Ismaël,Amoussou,Bénin,Parakou,Particulier,2025-02-19
C02714,Grâce,Sagna,Côte d'Ivoire,Bouaké,Entreprise,2025-01-20
C02715,Sonia,Amani,Nigeria,Lagos,Entreprise,2026-04-09
C02716,Yannick,Diallo,Bénin,Cotonou,Particulier,2025-04-23
C02717,Nadia,Ouédraogo,Togo,,PME,2026-06-09
C02718,Malick,Traoré,Sénégal,Thiès,Particulier,2024-07-11
C02719,Sonia,Baba,Côte d'Ivoire,Yamoussoukro,Particulier,2026-03-20
C02720,David,Gomis,Togo,Kara,Particulier,2024-01-11
C02721,Grâce,Assogba,Côte d'Ivoire,Abidjan,PME,2024-03-10
C02722,Hervé,Mensah,Bénin,Porto-Novo,PME,2024-08-17
C02723,Fatou,Adjovi,Côte d'Ivoire,Abidjan,Particulier,2025-11-28
C02724,Rodrigue,Mensah,Ghana,Accra,Particulier,2024-12-09
C02725,Rodrigue,Tchibozo,Sénégal,Thiès,PME,2025-11-06
C02726,Chantal,Diop,Bénin,Abomey-Calavi,PME,2025-04-11
C02727,Yannick,Kouassi,Nigeria,Lagos,Particulier,2024-03-05
C02728,Sonia,Mensah,Bénin,Cotonou,Particulier,2024-12-03
C02729,Rodrigue,Sagna,Ghana,Tamale,PME,2025-08-27
C02730,Oumar,Diallo,Côte d'Ivoire,Bouaké,Entreprise,2024-12-22
C02731,Sarah,Mensah,Ghana,Tamale,Particulier,2025-04-19
C02732,Oumar,Ouédraogo,Togo,Kara,PME,2025-06-16
C02733,Hervé,Tchibozo,Bénin,Cotonou,Entreprise,2026-04-03
C02734,Oumar,Amani,Côte d'Ivoire,Abidjan,Entreprise,2026-05-19
C02735,Aïcha,Zinsou,Bénin,Parakou,Particulier,2025-07-27
C02736,Mariam,Gomis,Togo,Kara,Particulier,2024-09-24
C02737,Aïcha,Kaboré,Ghana,Accra,Particulier,2024-07-31
C02738,Oumar,Assogba,Nigeria,Port Harcourt,Entreprise,2026-03-11
C02739,Samuel,Agossou,Bénin,Abomey-Calavi,PME,2024-08-22
C02740,Clarisse,Ahouansou,Nigeria,Lagos,PME,2026-05-26
C02741,Ismaël,Amani,Ghana,Accra,Particulier,2024-03-27
C02742,Prisca,Zinsou,Nigeria,Port Harcourt,PME,2025-01-07
C02743,Oumar,Kouassi,Ghana,Accra,Particulier,2025-01-23
C02744,Estelle,Yao,Sénégal,Dakar,PME,2024-05-26
C02745,Nadia,Mensah,Côte d'Ivoire,Bouaké,Particulier,2025-12-30
C02746,Kevin,Gomis,Sénégal,Thiès,PME,2026-01-22
C02747,Franck,Sow,Nigeria,Abuja,PME,2025-04-20
C02748,Sonia,Kaboré,Bénin,Cotonou,PME,2024-12-27
C02749,David,Ahouansou,Togo,Sokodé,Particulier,2025-12-28
C02750,David,Zinsou,Bénin,Parakou,PME,2024-03-12
C02751,Hervé,Diop,Nigeria,Ibadan,Particulier,2024-09-16
C02752,Sonia,Tchibozo,Côte d'Ivoire,Bouaké,PME,2024-07-10
C02753,Grâce,Sow,Sénégal,Saint-Louis,Particulier,2024-07-13
C02754,Nadia,Dossou,Nigeria,Ibadan,PME,2025-09-12
C02755,Rodrigue,Tchibozo,Nigeria,Lagos,Particulier,2026-05-19
C02756,Joël,Kaboré,Bénin,Porto-Novo,Particulier,2025-08-04
C02757,Aminata,Sow,Ghana,Tamale,PME,2025-06-09
C02758,Junior,Sagna,Nigeria,Port Harcourt,PME,2025-01-28
C02759,Grâce,Kouassi,Bénin,Parakou,Particulier,2024-01-01
C02760,Estelle,Zinsou,Ghana,Kumasi,PME,2026-01-09
C02761,Malick,Agossou,Côte d'Ivoire,Abidjan,Particulier,2025-02-14
C02762,Sonia,Ndiaye,Sénégal,Touba,PME,2024-07-15
C02763,Moussa,Amoussou,Côte d'Ivoire,Bouaké,PME,2024-08-06
C02764,Rodrigue,Diop,Togo,Lomé,PME,2024-02-11
C02765,Ismaël,Diop,Bénin,Parakou,PME,2026-02-08
C02766,Aïcha,Amani,Bénin,Parakou,Particulier,2024-07-04
C02767,Franck,Kouassi,Bénin,Cotonou,PME,2025-04-03
C02768,Ismaël,Amoussou,Sénégal,Touba,Particulier,2024-10-21
C02769,Grâce,Kaboré,Côte d'Ivoire,Abidjan,Particulier,2024-12-26
C02770,Natacha,Sow,Togo,Sokodé,PME,2024-08-03
C02771,David,Agossou,Ghana,Accra,Particulier,2025-10-04
C02772,Oumar,Sow,Sénégal,Saint-Louis,Particulier,2024-05-26
C02773,Prisca,Assogba,Côte d'Ivoire,Yamoussoukro,Particulier,2024-12-03
C02774,Mariam,Mensah,Nigeria,Ibadan,Particulier,2026-05-08
C02775,Prisca,Assogba,Côte d'Ivoire,Abidjan,PME,2026-02-07
C02776,Ibrahim,Amoussou,Nigeria,Lagos,Particulier,2025-05-12
C02777,Prisca,Diop,Bénin,Abomey-Calavi,PME,2025-01-23
C02778,Joël,Assogba,Ghana,Kumasi,Particulier,2024-06-28
C02779,Arnaud,Dossou,Nigeria,Ibadan,Particulier,2025-04-25
C02780,Oumar,Ndiaye,Nigeria,Port Harcourt,Entreprise,2025-03-31
C02781,Fatou,Amani,Sénégal,Touba,Particulier,2024-03-15
C02782,Nadia,Kouassi,Sénégal,Saint-Louis,Particulier,2024-08-18
C02783,Ibrahim,Zinsou,Côte d'Ivoire,Bouaké,Entreprise,2025-11-02
C02784,Chantal,Mensah,Sénégal,Saint-Louis,Particulier,2024-06-24
C02785,Chantal,Dossou,Ghana,Tamale,Particulier,2026-06-10
C02786,Blandine,Sow,Nigeria,Lagos,PME,2026-04-02
C02787,Sonia,Sow,Côte d'Ivoire,Abidjan,Particulier,2025-06-30
C02788,Fatou,Amoussou,Bénin,Abomey-Calavi,Particulier,2026-05-31
C02789,Estelle,Kaboré,Sénégal,Dakar,Particulier,2024-05-23
C02790,Nadia,Diallo,Bénin,Cotonou,PME,2025-11-06
C02791,Ibrahim,Gomis,Togo,Lomé,Particulier,2024-02-23
C02792,Ismaël,Traoré,Togo,Sokodé,PME,2025-11-24
C02793,Joël,Diop,Ghana,Tamale,Particulier,2025-12-05
C02794,Oumar,Tchibozo,Bénin,Parakou,Entreprise,2025-11-03
C02795,Fatou,Ndiaye,Bénin,Parakou,Particulier,2025-08-06
C02796,Sarah,Amani,Bénin,Porto-Novo,Entreprise,2026-03-31
C02797,Junior,Adjovi,Nigeria,Port Harcourt,PME,2024-07-02
C02798,Oumar,Gomis,Ghana,Kumasi,Particulier,2026-03-25
C02799,Joël,Mensah,Bénin,Cotonou,Particulier,2025-09-07
C02800,David,Tchibozo,Bénin,Parakou,Particulier,2025-09-24
C02801,Aminata,Ahouansou,Sénégal,Touba,Particulier,2025-05-16
C02802,Kevin,Mensah,Togo,Sokodé,PME,2026-06-04
C02803,Hervé,Dossou,Sénégal,Touba,Particulier,2025-11-22
C02804,Natacha,Tchibozo,Côte d'Ivoire,Bouaké,Particulier,2025-06-09
C02805,Kevin,Yao,Nigeria,Port Harcourt,PME,2024-09-10
C02806,Ibrahim,Sagna,Togo,Kara,Entreprise,2025-10-17
C02807,Samuel,Baba,Sénégal,Touba,PME,2024-03-28
C02808,Aïcha,Sow,Bénin,Abomey-Calavi,Particulier,2025-12-09
C02809,Estelle,Sagna,Nigeria,Lagos,Particulier,2025-05-27
C02810,Ibrahim,Ouédraogo,Nigeria,Ibadan,Particulier,2024-09-10
C02811,Ruth,Ouédraogo,Ghana,Tamale,Particulier,2024-05-01
C02812,Grâce,Kaboré,Côte d'Ivoire,Abidjan,Particulier,2025-01-19
C02813,Hervé,Diop,Togo,Sokodé,PME,2024-04-03
C02814,Kevin,Adjovi,Nigeria,Lagos,Particulier,2025-02-28
C02815,Sarah,Kouassi,Ghana,Accra,Particulier,2026-05-03
C02816,Natacha,Ndiaye,Togo,Lomé,Particulier,2024-10-19
C02817,Franck,Ahouansou,Côte d'Ivoire,Abidjan,Particulier,2024-06-28
C02818,Moussa,Ouédraogo,Côte d'Ivoire,Abidjan,Particulier,2025-09-19
C02819,Ruth,Traoré,Nigeria,Abuja,Entreprise,2024-09-03
C02820,David,Diallo,Sénégal,Thiès,Particulier,2025-06-30
C02821,Junior,Gomis,Sénégal,Dakar,PME,2024-03-25
C02822,Sonia,Mensah,Sénégal,Touba,Entreprise,2025-05-30
C02823,Ibrahim,Kaboré,Togo,Kara,Particulier,2024-02-01
C02824,Clarisse,Ahouansou,Côte d'Ivoire,Abidjan,PME,2025-02-20
C02825,Mariam,Ahouansou,Bénin,Cotonou,PME,2024-05-11
C02826,Mariam,Amani,Ghana,Accra,Entreprise,2025-06-01
C02827,Mariam,Sow,Côte d'Ivoire,Abidjan,PME,2025-04-06
C02828,Franck,Diop,Côte d'Ivoire,Abidjan,PME,2025-11-07
C02829,Prisca,Agossou,Togo,Kara,PME,2025-04-27
C02830,Franck,Gomis,Togo,Lomé,Particulier,2025-08-26
C02831,Koffi,Agossou,Sénégal,Dakar,Particulier,2024-07-31
C02832,Chantal,Baba,Togo,Kara,PME,2024-08-16
C02833,Sonia,Zinsou,Bénin,Porto-Novo,Particulier,2025-08-13
C02834,David,Traoré,Ghana,Kumasi,Particulier,2024-08-20
C02835,Sarah,Diallo,Côte d'Ivoire,San-Pédro,Particulier,2024-12-24
C02836,Mariam,Assogba,Côte d'Ivoire,San-Pédro,Particulier,2024-03-26
C02837,Fabrice,Ahouansou,Côte d'Ivoire,San-Pédro,Particulier,2024-03-27
C02838,Joël,Amoussou,Nigeria,Abuja,Particulier,2025-08-20
C02839,Oumar,Diop,Togo,Kara,Particulier,2026-04-21
C02840,Sonia,Sagna,Ghana,Kumasi,PME,2026-02-13
C02841,Fabrice,Sagna,Nigeria,Port Harcourt,Entreprise,2024-10-09
C02842,Ibrahim,Tchibozo,Sénégal,Thiès,PME,2025-10-05
C02843,Junior,Amoussou,Côte d'Ivoire,San-Pédro,Particulier,2024-07-04
C02844,Joël,Traoré,Ghana,Tamale,PME,2024-03-12
C02845,Ibrahim,Traoré,Côte d'Ivoire,San-Pédro,Particulier,2024-12-31
C02846,Malick,Amoussou,Côte d'Ivoire,Bouaké,Particulier,2024-04-27
C02847,David,Kouassi,Côte d'Ivoire,Yamoussoukro,PME,2026-04-15
C02848,Sonia,Zinsou,Togo,Lomé,Particulier,2024-09-25
C02849,Arnaud,Gomis,Bénin,Abomey-Calavi,Particulier,2026-01-05
C02850,Fatou,Yao,Côte d'Ivoire,San-Pédro,Particulier,2025-10-09
C02851,David,Ahouansou,Bénin,Abomey-Calavi,Particulier,2024-04-06
C02852,Nadia,Dossou,Côte d'Ivoire,Bouaké,Particulier,2024-05-01
C02853,Kevin,Baba,Sénégal,Dakar,Particulier,2025-09-17
C02854,Estelle,Tchibozo,Nigeria,Abuja,Particulier,2024-02-17
C02855,Aïcha,Diallo,Bénin,Porto-Novo,PME,2025-02-26
C02856,Clarisse,Dossou,Sénégal,Saint-Louis,Particulier,2025-10-23
C02857,Ismaël,Kaboré,Côte d'Ivoire,Yamoussoukro,Particulier,2025-06-23
C02858,Franck,Yao,Bénin,Porto-Novo,PME,2025-12-02
C02859,Kevin,Baba,Togo,Lomé,Particulier,2025-08-11
C02860,Estelle,Kaboré,Bénin,Cotonou,Particulier,2024-01-03
C02861,Oumar,Tchibozo,Togo,Lomé,Particulier,2026-02-25
C02862,Prisca,Baba,Togo,Sokodé,Entreprise,2025-07-27
C02863,Oumar,Mensah,Côte d'Ivoire,Abidjan,Particulier,2024-04-02
C02864,Oumar,Agossou,Côte d'Ivoire,Yamoussoukro,Entreprise,2024-07-13
C02865,Malick,Mensah,Bénin,Cotonou,Particulier,2026-05-03
C02866,Franck,Agossou,Bénin,Abomey-Calavi,Particulier,2025-08-19
C02867,Kevin,Zinsou,Bénin,Parakou,Particulier,2024-07-05
C02868,Natacha,Tchibozo,Côte d'Ivoire,San-Pédro,Particulier,2026-01-31
C02869,Ismaël,Diop,Togo,Kara,Particulier,2024-06-22
C02870,Moussa,Ouédraogo,Côte d'Ivoire,Yamoussoukro,PME,2025-08-01
C02871,Koffi,Gomis,Togo,Kara,Particulier,2026-02-23
C02872,Sarah,Mensah,Bénin,Porto-Novo,Particulier,2024-05-01
C02873,Ismaël,Amoussou,Nigeria,Ibadan,Particulier,2024-02-14
C02874,Kevin,Ouédraogo,Bénin,Parakou,Entreprise,2024-04-24
C02875,Mariam,Tchibozo,Bénin,Abomey-Calavi,Entreprise,2025-03-27
C02876,Rodrigue,Adjovi,Bénin,Parakou,Entreprise,2025-01-05
C02877,Sonia,Mensah,Nigeria,Ibadan,Particulier,2024-06-10
C02878,Fatou,Gomis,Sénégal,Saint-Louis,Particulier,2025-12-18
C02879,Nadia,Sow,Sénégal,Saint-Louis,Entreprise,2025-10-01
C02880,David,Assogba,Nigeria,Port Harcourt,Entreprise,2024-08-09
C02881,Oumar,Baba,Bénin,Porto-Novo,Particulier,2024-02-04
C02882,Aminata,Assogba,Nigeria,Port Harcourt,Particulier,2025-05-25
C02883,Ruth,Yao,Togo,Kara,Particulier,2024-08-04
C02884,Nadia,Sagna,Sénégal,Dakar,Particulier,2026-03-05
C02885,Blandine,Gomis,Côte d'Ivoire,Yamoussoukro,Particulier,2024-05-17
C02886,Ruth,Assogba,Côte d'Ivoire,Yamoussoukro,Particulier,2024-04-16
C02887,Hervé,Dossou,Nigeria,Port Harcourt,Particulier,2024-11-22
C02888,Aminata,Assogba,Bénin,Parakou,PME,2024-06-10
C02889,Ibrahim,Kouassi,Nigeria,Ibadan,PME,2024-04-03
C02890,Ibrahim,Kouassi,Côte d'Ivoire,Bouaké,Entreprise,2026-02-18
C02891,Joël,Adjovi,Sénégal,Dakar,Particulier,2024-10-17
C02892,Ruth,Ndiaye,Nigeria,Port Harcourt,PME,2025-02-11
C02893,Koffi,Assogba,Bénin,Porto-Novo,Particulier,2024-09-06
C02894,Nadia,Yao,Nigeria,Lagos,Particulier,2025-06-15
C02895,Rodrigue,Amoussou,Sénégal,Dakar,Particulier,2025-12-12
C02896,Sonia,Adjovi,Ghana,Accra,PME,2025-10-14
C02897,Natacha,Traoré,Bénin,Abomey-Calavi,PME,2024-05-12
C02898,Hervé,Ouédraogo,Côte d'Ivoire,Bouaké,Particulier,2025-09-23
C02899,Aïcha,Diallo,Sénégal,Saint-Louis,Particulier,2025-04-01
C02900,Mariam,Zinsou,Côte d'Ivoire,San-Pédro,Particulier,2026-04-14
C02901,Malick,Adjovi,Bénin,Cotonou,PME,2025-03-29
C02902,Mariam,Mensah,Togo,Kara,Particulier,2025-07-24
C02903,Malick,Mensah,Nigeria,Lagos,Particulier,2024-06-10
C02904,Natacha,Gomis,Bénin,Abomey-Calavi,PME,2024-03-29
C02905,Yannick,Kaboré,Ghana,Kumasi,Particulier,2024-03-10
C02906,Prisca,Dossou,Nigeria,Ibadan,Particulier,2025-05-30
C02907,Sarah,Amoussou,Bénin,Abomey-Calavi,Particulier,2026-06-11
C02908,Ibrahim,Diop,Bénin,Porto-Novo,PME,2024-10-17
C02909,Chantal,Baba,Sénégal,Touba,Particulier,2025-09-01
C02910,Nadia,Agossou,Bénin,Cotonou,Particulier,2026-01-16
C02911,Estelle,Gomis,Sénégal,Saint-Louis,Particulier,2024-08-28
C02912,Kevin,Gomis,Sénégal,Dakar,Particulier,2026-01-29
C02913,David,Ndiaye,Sénégal,Thiès,Particulier,2024-08-03
C02914,Malick,Traoré,Côte d'Ivoire,Abidjan,Particulier,2024-09-27
C02915,Fatou,Yao,Ghana,Kumasi,PME,2026-05-20
C02916,David,Zinsou,Sénégal,Dakar,PME,2025-07-06
C02917,Hervé,Zinsou,Togo,Lomé,PME,2025-03-15
C02918,Rodrigue,Diallo,Sénégal,Touba,Particulier,2024-06-30
C02919,Chantal,Sow,Nigeria,Ibadan,Particulier,2024-02-25
C02920,Koffi,Ouédraogo,Sénégal,Dakar,Particulier,2026-01-29
C02921,Moussa,Zinsou,Côte d'Ivoire,San-Pédro,Particulier,2025-08-25
C02922,David,Ahouansou,Togo,Lomé,Particulier,2025-12-25
C02923,Moussa,Baba,Bénin,Cotonou,Particulier,2025-11-05
C02924,Arnaud,Diop,Togo,Kara,Entreprise,2025-09-15
C02925,Yannick,Assogba,Bénin,Parakou,Particulier,2025-07-18
C02926,Estelle,Sagna,Nigeria,Ibadan,Particulier,2025-01-16
C02927,Grâce,Amoussou,Togo,Lomé,Particulier,2025-12-23
C02928,Ruth,Baba,Nigeria,Port Harcourt,PME,2024-11-15
C02929,Prisca,Baba,Bénin,Abomey-Calavi,PME,2024-12-13
C02930,Aminata,Diallo,Togo,Kara,Particulier,2025-03-10
C02931,Rodrigue,Kouassi,Côte d'Ivoire,San-Pédro,Particulier,2025-06-10
C02932,Hervé,Ouédraogo,Togo,Lomé,Particulier,2024-12-25
C02933,Nadia,Zinsou,Ghana,Tamale,Particulier,2026-06-07
C02934,Sonia,Tchibozo,Nigeria,Port Harcourt,PME,2024-06-08
C02935,Samuel,Sagna,Nigeria,Ibadan,Particulier,2024-12-15
C02936,Ruth,Tchibozo,Bénin,,Particulier,2025-02-02
C02937,Clarisse,Mensah,Ghana,Kumasi,Particulier,2024-04-07
C02938,Chantal,Ahouansou,Bénin,Abomey-Calavi,Particulier,2025-03-01
C02939,Chantal,Dossou,Nigeria,Port Harcourt,Particulier,2024-01-06
C02940,Clarisse,Amani,Côte d'Ivoire,Yamoussoukro,Particulier,2024-04-25
C02941,Franck,Yao,Côte d'Ivoire,San-Pédro,PME,2026-04-18
C02942,Clarisse,Sagna,Bénin,,Entreprise,2026-06-09
C02943,Samuel,Diallo,Bénin,Abomey-Calavi,PME,2024-04-07
C02944,Natacha,Assogba,Togo,Sokodé,PME,2025-12-01
C02945,Nadia,Sagna,Nigeria,Lagos,Particulier,2026-05-30
C02946,David,Diallo,Ghana,Accra,Particulier,2026-01-17
C02947,Arnaud,Ouédraogo,Nigeria,Lagos,Particulier,2024-09-10
C02948,Aïcha,Assogba,Bénin,Parakou,Particulier,2025-05-24
C02949,Prisca,Baba,Sénégal,Dakar,Entreprise,2024-10-01
C02950,Rodrigue,Mensah,Togo,Lomé,Particulier,2026-05-15
C02951,Aïcha,Adjovi,Côte d'Ivoire,Abidjan,PME,2025-12-04
C02952,Yannick,Amoussou,Togo,Lomé,PME,2025-07-16
C02953,David,Tchibozo,Togo,Kara,Particulier,2025-05-12
C02954,Aïcha,Sow,Sénégal,Dakar,Particulier,2026-02-19
C02955,Aminata,Amani,Bénin,Abomey-Calavi,Entreprise,2025-10-12
C02956,Samuel,Dossou,Côte d'Ivoire,San-Pédro,Particulier,2025-01-19
C02957,Oumar,Agossou,Sénégal,Touba,PME,2025-03-13
C02958,Chantal,Agossou,Bénin,Porto-Novo,PME,2024-04-27
C02959,Koffi,Ndiaye,Nigeria,Abuja,PME,2024-11-11
C02960,Estelle,Diop,Côte d'Ivoire,San-Pédro,Particulier,2025-11-15
C02961,Prisca,Amoussou,Nigeria,Abuja,Particulier,2024-02-22
C02962,Aminata,Assogba,Sénégal,Saint-Louis,Particulier,2024-12-09
C02963,Junior,Zinsou,Ghana,Tamale,PME,2025-01-05
C02964,Chantal,Mensah,Ghana,Accra,PME,2025-11-01
C02965,Ibrahim,Diop,Nigeria,Abuja,Particulier,2025-12-21
C02966,Fatou,Diop,Sénégal,Touba,Particulier,2024-03-28
C02967,Moussa,Mensah,Togo,Kara,PME,2024-04-04
C02968,Prisca,Ahouansou,Bénin,Abomey-Calavi,Particulier,2026-05-02
C02969,Oumar,Tchibozo,Sénégal,Touba,Particulier,2024-06-15
C02970,Arnaud,Yao,Bénin,Cotonou,Entreprise,2026-04-18
C02971,Grâce,Yao,Togo,Kara,PME,2025-07-12
C02972,Rodrigue,Tchibozo,Bénin,Cotonou,PME,2024-04-21
C02973,Aminata,Ahouansou,Côte d'Ivoire,Bouaké,Particulier,2024-11-06
C02974,Clarisse,Ouédraogo,Bénin,Cotonou,Particulier,2026-04-17
C02975,Grâce,Ahouansou,Sénégal,Thiès,PME,2024-09-25
C02976,Franck,Yao,Ghana,Accra,Particulier,2024-01-07
C02977,Hervé,Yao,Nigeria,Ibadan,Particulier,2024-12-29
C02978,Natacha,Amoussou,Togo,Sokodé,Particulier,2024-05-16
C02979,Sonia,Amoussou,Côte d'Ivoire,Bouaké,PME,2025-10-25
C02980,Arnaud,Baba,Sénégal,Thiès,Entreprise,2025-08-15
C02981,Koffi,Kouassi,Côte d'Ivoire,Bouaké,Particulier,2025-01-08
C02982,Ruth,Sow,Sénégal,Thiès,Particulier,2024-01-31
C02983,Grâce,Dossou,Togo,Kara,Particulier,2026-01-14
C02984,Mariam,Agossou,Nigeria,Lagos,Particulier,2025-07-20
C02985,Mariam,Agossou,Bénin,Abomey-Calavi,Particulier,2025-02-24
C02986,Fabrice,Agossou,Nigeria,Port Harcourt,PME,2024-05-27
C02987,Estelle,Mensah,Sénégal,Dakar,Particulier,2024-04-26
C02988,Ismaël,Amani,Togo,Lomé,Particulier,2024-11-14
C02989,Natacha,Sagna,Ghana,Tamale,Entreprise,2025-02-21
C02990,Junior,Sagna,Bénin,Cotonou,Particulier,2024-06-14
C02991,Kevin,Sagna,Ghana,Accra,Particulier,2024-06-15
C02992,Moussa,Tchibozo,Sénégal,Saint-Louis,Particulier,2025-11-08
C02993,Fabrice,Tchibozo,Bénin,Cotonou,Particulier,2024-06-13
C02994,Chantal,Traoré,Bénin,Abomey-Calavi,PME,2025-03-26
C02995,Koffi,Gomis,Ghana,Kumasi,Particulier,2024-01-09
C02996,Koffi,Amoussou,Togo,Kara,Particulier,2024-01-01
C02997,Kevin,Traoré,Nigeria,Ibadan,Particulier,2025-01-06
C02998,Arnaud,Ndiaye,Ghana,Tamale,Particulier,2026-03-13
C02999,Ruth,Agossou,Ghana,Tamale,Particulier,2025-10-16
C03000,Estelle,Sagna,Togo,Kara,PME,2024-12-16
C03001,Grâce,Zinsou,Ghana,Accra,Particulier,2026-04-22
C03002,Nadia,Ouédraogo,Nigeria,Abuja,Particulier,2025-04-10
C03003,Blandine,Dossou,Bénin,Parakou,Particulier,2025-08-12
C03004,Rodrigue,Agossou,Togo,Kara,PME,2024-11-15
C03005,Prisca,Adjovi,Togo,Kara,PME,2024-06-10
C03006,Samuel,Sow,Côte d'Ivoire,San-Pédro,PME,2025-05-11
C03007,Oumar,Diop,Ghana,Kumasi,Particulier,2025-11-05
C03008,Clarisse,Dossou,Côte d'Ivoire,Yamoussoukro,Particulier,2025-08-25
C03009,Clarisse,Ouédraogo,Sénégal,Thiès,Particulier,2024-04-28
C03010,Fabrice,Agossou,Togo,Kara,Particulier,2024-05-21
C03011,Malick,Amoussou,Bénin,Abomey-Calavi,Particulier,2026-05-16
C03012,Ruth,Ndiaye,Togo,Sokodé,PME,2024-05-05
C03013,Aïcha,Mensah,Nigeria,Ibadan,Particulier,2024-12-31
C03014,Franck,Agossou,Sénégal,Touba,Particulier,2024-01-15
C03015,Franck,Amoussou,Côte d'Ivoire,Bouaké,PME,2024-02-12
C03016,Chantal,Ouédraogo,Ghana,Accra,Particulier,2024-05-28
C03017,Ibrahim,Sagna,Bénin,Abomey-Calavi,Particulier,2024-06-27
C03018,Oumar,Tchibozo,Togo,Kara,Particulier,2025-01-25
C03019,Aminata,Sow,Togo,Kara,PME,2024-09-27
C03020,Ruth,Sagna,Nigeria,Ibadan,Particulier,2024-07-18
C03021,Natacha,Ouédraogo,Ghana,Tamale,Entreprise,2025-04-21
C03022,Mariam,Diop,Sénégal,Dakar,Particulier,2025-05-22
C03023,Aïcha,Gomis,Bénin,Cotonou,Particulier,2026-06-16
C03024,Fabrice,Sagna,Bénin,Porto-Novo,Entreprise,2025-08-10
C03025,Natacha,Amani,Sénégal,Dakar,Entreprise,2025-05-26
C03026,Hervé,Ndiaye,Côte d'Ivoire,Yamoussoukro,PME,2025-04-16
C03027,Grâce,Diallo,Nigeria,Abuja,Particulier,2024-01-10
C03028,Fatou,Diop,Ghana,Tamale,Particulier,2024-07-24
C03029,Blandine,Traoré,Côte d'Ivoire,Bouaké,PME,2025-08-13
C03030,Natacha,Ahouansou,Ghana,Tamale,PME,2026-03-12
C03031,Grâce,Adjovi,Nigeria,Ibadan,Particulier,2026-04-29
C03032,David,Ndiaye,Côte d'Ivoire,Yamoussoukro,Particulier,2024-10-12
C03033,Blandine,Kouassi,Sénégal,Thiès,PME,2024-01-12
C03034,Junior,Adjovi,Nigeria,Abuja,Particulier,2024-09-23
C03035,Ibrahim,Gomis,Togo,Kara,Particulier,2025-11-15
C03036,Grâce,Zinsou,Nigeria,Lagos,PME,2024-01-21
C03037,Fabrice,Assogba,Bénin,Abomey-Calavi,Particulier,2025-08-16
C03038,Malick,Gomis,Sénégal,Dakar,Particulier,2024-08-17
C03039,Ismaël,Sow,Ghana,Tamale,Particulier,2024-08-22
C03040,Samuel,Diallo,Sénégal,Thiès,Particulier,2024-10-13
C03041,Arnaud,Kaboré,Côte d'Ivoire,Bouaké,PME,2024-04-11
C03042,Franck,Assogba,Sénégal,Dakar,Particulier,2024-02-07
C03043,Clarisse,Amoussou,Bénin,Porto-Novo,Particulier,2024-02-25
C03044,Junior,Amani,Togo,Kara,PME,2026-02-02
C03045,Aminata,Assogba,Togo,Lomé,PME,2025-07-07
C03046,Sarah,Zinsou,Sénégal,Thiès,PME,2026-03-11
C03047,Sarah,Ahouansou,Côte d'Ivoire,San-Pédro,Particulier,2025-12-24
C03048,Grâce,Diallo,Togo,Sokodé,Particulier,2024-03-17
C03049,Moussa,Ouédraogo,Nigeria,Abuja,Particulier,2024-06-01
C03050,Mariam,Dossou,Côte d'Ivoire,Abidjan,Particulier,2026-05-22
C03051,Sonia,Zinsou,Côte d'Ivoire,San-Pédro,,2024-12-29
C03052,Blandine,Ndiaye,Côte d'Ivoire,Abidjan,Particulier,2025-07-25
C03053,Ismaël,Sow,Bénin,Parakou,PME,2024-02-02
C03054,Malick,Sagna,Ghana,Kumasi,Particulier,2026-03-27
C03055,Sarah,Assogba,Côte d'Ivoire,San-Pédro,PME,2025-12-14
C03056,Kevin,Diop,Bénin,Cotonou,Particulier,2025-02-09
C03057,Aïcha,Diop,Nigeria,Ibadan,Particulier,2025-08-16
C03058,Sonia,Kaboré,Nigeria,Ibadan,Particulier,2026-02-01
C03059,Fabrice,Tchibozo,Ghana,Kumasi,PME,2025-12-15
C03060,Hervé,Yao,Nigeria,Ibadan,Particulier,2024-04-05
C03061,Malick,Adjovi,Nigeria,Ibadan,Particulier,2024-05-04
C03062,Nadia,Zinsou,Côte d'Ivoire,Abidjan,Particulier,2024-07-09
C03063,Samuel,Ahouansou,Sénégal,Dakar,PME,2024-11-20
C03064,Moussa,Adjovi,Sénégal,Thiès,Particulier,2025-03-15
C03065,Nadia,Kouassi,Togo,Lomé,Particulier,2024-04-14
C03066,Aminata,Diallo,Togo,Kara,PME,2024-07-30
C03067,Kevin,Sagna,Bénin,Parakou,Particulier,2024-07-30
C03068,Ruth,Amani,Sénégal,Dakar,Particulier,2024-12-23
C03069,Prisca,Ouédraogo,Ghana,Accra,PME,2024-12-13
C03070,Fabrice,Amoussou,Ghana,Accra,Particulier,2025-04-18
C03071,Ibrahim,Adjovi,Togo,Lomé,Particulier,2026-05-26
C03072,Junior,Dossou,Togo,Lomé,Entreprise,2026-05-22
C03073,Fatou,Zinsou,Côte d'Ivoire,San-Pédro,PME,2024-11-09
C03074,Koffi,Amoussou,Côte d'Ivoire,Yamoussoukro,Particulier,2025-03-24
C03075,Mariam,Diallo,Nigeria,Port Harcourt,Particulier,2024-10-20
C03076,Hervé,Assogba,Nigeria,Lagos,Particulier,2024-04-04
C03077,Koffi,Ahouansou,Nigeria,Lagos,Particulier,2024-12-29
C03078,Natacha,Amani,Nigeria,Lagos,PME,2024-04-23
C03079,Yannick,Ahouansou,Nigeria,Abuja,PME,2025-01-07
C03080,Chantal,Baba,Côte d'Ivoire,Abidjan,Particulier,2025-04-26
C03081,Rodrigue,Kouassi,Bénin,Parakou,PME,2024-05-01
C03082,Rodrigue,Adjovi,Bénin,Parakou,Particulier,2025-03-09
C03083,Estelle,Gomis,Côte d'Ivoire,Abidjan,Particulier,2025-05-22
C03084,Blandine,Assogba,Togo,Lomé,Particulier,2024-03-10
C03085,Sarah,Mensah,Bénin,Cotonou,Particulier,2024-05-12
C03086,Oumar,Yao,Nigeria,Ibadan,Particulier,2025-10-17
C03087,David,Baba,Bénin,Parakou,Particulier,2025-02-05
C03088,Samuel,Diop,Nigeria,Lagos,PME,2025-08-05
C03089,Natacha,Dossou,Ghana,Accra,Particulier,2024-11-10
C03090,Kevin,Amani,Sénégal,Touba,Particulier,2024-05-13
C03091,Joël,Ahouansou,Sénégal,Saint-Louis,Particulier,2024-11-08
C03092,Ismaël,Adjovi,Côte d'Ivoire,Abidjan,Particulier,2026-06-11
C03093,Hervé,Mensah,Sénégal,Dakar,Particulier,2026-01-11
C03094,Nadia,Ouédraogo,Bénin,Porto-Novo,Particulier,2025-01-24
C03095,Fatou,Kouassi,Nigeria,Ibadan,PME,2024-03-26
C03096,Koffi,Ouédraogo,Togo,Kara,Particulier,2024-10-03
C03097,Sonia,Adjovi,Togo,Kara,PME,2024-04-24
C03098,David,Dossou,Ghana,Accra,Particulier,2025-12-04
C03099,Koffi,Gomis,Sénégal,Thiès,Particulier,2024-11-27
C03100,Hervé,Diop,Côte d'Ivoire,Bouaké,Particulier,2025-04-04
C03101,Joël,Diallo,Sénégal,Dakar,Particulier,2024-11-02
C03102,Fatou,Kaboré,Bénin,Cotonou,Particulier,2025-05-31
C03103,Koffi,Adjovi,Sénégal,Touba,Particulier,2025-05-02
C03104,Kevin,Yao,Togo,Kara,PME,2024-03-31
C03105,Clarisse,Ahouansou,Togo,Sokodé,Particulier,2025-06-29
C03106,Aminata,Kouassi,Bénin,Cotonou,Particulier,2024-03-08
C03107,Malick,Ahouansou,Côte d'Ivoire,San-Pédro,Particulier,2025-05-30
C03108,Sarah,Agossou,Côte d'Ivoire,Abidjan,Particulier,2026-03-23
C03109,Ruth,Ahouansou,Côte d'Ivoire,San-Pédro,Entreprise,2024-04-07
C03110,Junior,Amoussou,Bénin,Porto-Novo,Particulier,2024-08-27
C03111,Aminata,Amoussou,Bénin,Abomey-Calavi,Particulier,2026-06-04
C03112,Ibrahim,Baba,Côte d'Ivoire,Abidjan,Particulier,2024-09-08
C03113,Aminata,Agossou,Bénin,Porto-Novo,Entreprise,2024-02-24
C03114,Malick,Zinsou,Sénégal,Touba,Particulier,2024-04-16
C03115,Fabrice,Ouédraogo,Nigeria,Lagos,PME,2026-02-06
C03116,Aïcha,Sagna,Côte d'Ivoire,Abidjan,PME,2024-03-02
C03117,Arnaud,Diallo,Nigeria,Abuja,PME,2025-08-24
C03118,Fatou,Ahouansou,Bénin,Porto-Novo,Particulier,2024-05-09
C03119,Joël,Ahouansou,Bénin,Parakou,Particulier,2024-10-24
C03120,Natacha,Assogba,Ghana,Kumasi,Particulier,2025-09-04
C03121,Koffi,Yao,Ghana,Tamale,Entreprise,2025-01-05
C03122,Joël,Kouassi,Nigeria,Port Harcourt,Particulier,2024-09-09
C03123,Kevin,Amani,Bénin,Porto-Novo,PME,2025-08-16
C03124,Ismaël,Amani,Ghana,Tamale,Particulier,2026-05-19
C03125,Aminata,Amani,Côte d'Ivoire,Abidjan,Particulier,2025-08-15
C03126,Yannick,Ndiaye,Togo,Kara,PME,2025-08-14
C03127,Clarisse,Ndiaye,Bénin,Parakou,Particulier,2025-12-17
C03128,Ibrahim,Gomis,Nigeria,Port Harcourt,Particulier,2026-01-11
C03129,Nadia,Kaboré,Bénin,Abomey-Calavi,Particulier,2025-07-10
C03130,Fatou,Assogba,Nigeria,Port Harcourt,Particulier,2024-07-19
C03131,Oumar,Ouédraogo,Sénégal,Touba,Entreprise,2024-01-11
C03132,Arnaud,Ouédraogo,Ghana,Tamale,Entreprise,2024-09-25
C03133,Estelle,Baba,Ghana,Accra,PME,2025-07-06
C03134,Joël,Assogba,Nigeria,Port Harcourt,Particulier,2024-04-26
C03135,Fabrice,Gomis,Bénin,Porto-Novo,PME,2024-01-08
C03136,Nadia,Ouédraogo,Bénin,Porto-Novo,PME,2025-05-12
C03137,Fabrice,Kaboré,Sénégal,Thiès,Particulier,2024-02-12
C03138,Franck,Ndiaye,Côte d'Ivoire,San-Pédro,PME,2024-10-02
C03139,Samuel,Kaboré,Bénin,Abomey-Calavi,PME,2024-05-28
C03140,Natacha,Yao,Bénin,Porto-Novo,PME,2024-03-30
C03141,Grâce,Adjovi,Côte d'Ivoire,Bouaké,Particulier,2024-01-07
C03142,Joël,Mensah,Bénin,Porto-Novo,Particulier,2024-05-07
C03143,Sarah,Agossou,Bénin,Porto-Novo,Particulier,2024-12-31
C03144,Sonia,Amoussou,Nigeria,Lagos,PME,2025-12-16
C03145,Hervé,Zinsou,Togo,Kara,Particulier,2024-03-28
C03146,Aminata,Kouassi,Nigeria,Ibadan,Particulier,2024-08-27
C03147,Arnaud,Traoré,Nigeria,Lagos,Particulier,2024-10-27
C03148,Natacha,Diallo,Bénin,Abomey-Calavi,Particulier,2025-03-10
C03149,Clarisse,Amani,Ghana,Kumasi,Particulier,2025-07-03
C03150,Malick,Assogba,Sénégal,Touba,PME,2025-01-06
C03151,Mariam,Tchibozo,Ghana,Kumasi,Entreprise,2025-06-05
C03152,Oumar,Adjovi,Bénin,Porto-Novo,PME,2025-10-02
C03153,Malick,Ndiaye,Bénin,Porto-Novo,Particulier,2024-07-06
C03154,Prisca,Zinsou,Bénin,Porto-Novo,Particulier,2026-06-14
C03155,Ibrahim,Baba,Sénégal,Saint-Louis,Particulier,2025-04-28
C03156,Junior,Assogba,Nigeria,Lagos,Particulier,2024-05-14
C03157,Sarah,Amoussou,Sénégal,Thiès,Particulier,2024-10-19
C03158,Ismaël,Sow,Ghana,Tamale,Particulier,2024-10-18
C03159,Ibrahim,Zinsou,Nigeria,Lagos,PME,2024-01-04
C03160,Clarisse,Ndiaye,Sénégal,Dakar,Particulier,2024-07-16
C03161,Ibrahim,Diop,Bénin,Cotonou,Particulier,2024-05-24
C03162,Sonia,Ahouansou,Nigeria,Ibadan,PME,2024-02-25
C03163,Mariam,Ndiaye,Côte d'Ivoire,Bouaké,Particulier,2024-03-26
C03164,Clarisse,Adjovi,Bénin,Parakou,Particulier,2025-11-26
C03165,Samuel,Amani,Côte d'Ivoire,Yamoussoukro,Particulier,2026-04-29
C03166,Grâce,Yao,Nigeria,Ibadan,Entreprise,2025-06-24
C03167,Arnaud,Assogba,Togo,Sokodé,Particulier,2025-08-06
C03168,Oumar,Amani,Côte d'Ivoire,Abidjan,Particulier,2024-08-15
C03169,Moussa,Sagna,Bénin,Cotonou,Particulier,2025-04-17
C03170,Blandine,Sagna,Bénin,Cotonou,PME,2025-11-03
C03171,Fabrice,Zinsou,Bénin,Cotonou,PME,2025-02-17
C03172,Aïcha,Agossou,Ghana,Tamale,Particulier,2026-03-25
C03173,Fatou,Dossou,Nigeria,Abuja,PME,2025-01-25
C03174,Koffi,Agossou,Bénin,Porto-Novo,Particulier,2025-12-28
C03175,Chantal,Diop,Togo,Sokodé,PME,2026-04-30
C03176,Prisca,Sagna,Bénin,Parakou,,2025-06-22
C03177,Franck,Yao,Bénin,Parakou,PME,2025-05-12
C03178,Joël,Sow,Sénégal,Dakar,Particulier,2025-02-02
C03179,Rodrigue,Zinsou,Ghana,Tamale,Particulier,2025-07-12
C03180,Ruth,Traoré,Sénégal,Saint-Louis,Particulier,2024-03-24
C03181,Joël,Yao,Côte d'Ivoire,Abidjan,Particulier,2026-04-25
C03182,Grâce,Agossou,Sénégal,Touba,Particulier,2025-01-13
C03183,Ismaël,Amani,Bénin,Cotonou,Particulier,2024-09-03
C03184,Oumar,Dossou,Bénin,Porto-Novo,PME,2025-07-13
C03185,Arnaud,Zinsou,Nigeria,Lagos,Particulier,2024-10-29
C03186,Natacha,Zinsou,Ghana,Tamale,Particulier,2024-12-21
C03187,Ismaël,Tchibozo,Nigeria,Port Harcourt,Particulier,2026-02-27
C03188,Fatou,Ndiaye,Nigeria,Lagos,Particulier,2026-01-28
C03189,Nadia,Baba,Sénégal,Thiès,Entreprise,2024-12-25
C03190,Sarah,Mensah,Nigeria,Ibadan,PME,2024-01-10
C03191,Franck,Tchibozo,Côte d'Ivoire,Yamoussoukro,Particulier,2025-05-19
C03192,David,Diallo,Bénin,Cotonou,Particulier,2025-07-19
C03193,Joël,Sagna,Bénin,Abomey-Calavi,PME,2024-08-24
C03194,Sonia,Ouédraogo,Bénin,Porto-Novo,Particulier,2025-07-26
C03195,Arnaud,Ouédraogo,Bénin,Parakou,Particulier,2024-06-04
C03196,Ibrahim,Sow,Côte d'Ivoire,Abidjan,Particulier,2025-11-25
C03197,Prisca,Sow,Ghana,Accra,Particulier,2025-06-18
C03198,Yannick,Kouassi,Ghana,Accra,Particulier,2024-10-04
C03199,Natacha,Gomis,Sénégal,Thiès,PME,2024-03-22
C03200,Franck,Diop,Bénin,Parakou,Particulier,2025-08-25
C03201,Natacha,Tchibozo,Ghana,Tamale,PME,2025-03-27
C03202,Kevin,Adjovi,Côte d'Ivoire,San-Pédro,Entreprise,2025-12-26
C03203,Malick,Sagna,Bénin,Cotonou,PME,2024-09-30
C03204,Clarisse,Traoré,Togo,Lomé,Particulier,2025-09-01
C03205,Blandine,Diop,Côte d'Ivoire,Yamoussoukro,Particulier,2025-01-06
C03206,Sonia,Amani,Togo,Kara,Particulier,2024-02-08
C03207,Koffi,Diop,Nigeria,Port Harcourt,PME,2025-10-26
C03208,Aminata,Tchibozo,Ghana,Tamale,Particulier,2024-11-30
C03209,Ismaël,Zinsou,Ghana,Accra,Particulier,2024-04-11
C03210,Sarah,Adjovi,Bénin,Cotonou,PME,2025-07-03
C03211,Clarisse,Dossou,Nigeria,Abuja,Particulier,2025-11-16
C03212,Ruth,Diallo,Sénégal,Thiès,Particulier,2024-08-08
C03213,Estelle,Ouédraogo,Bénin,Abomey-Calavi,Particulier,2024-08-29
C03214,Junior,Adjovi,Sénégal,Saint-Louis,Entreprise,2025-05-28
C03215,Ibrahim,Diallo,Côte d'Ivoire,San-Pédro,PME,2025-04-02
C03216,Samuel,Assogba,Côte d'Ivoire,Abidjan,Particulier,2026-01-18
C03217,Samuel,Assogba,Bénin,Parakou,Particulier,2024-05-21
C03218,Nadia,Dossou,Côte d'Ivoire,Bouaké,Particulier,2026-01-14
C03219,Malick,Assogba,Bénin,Parakou,Particulier,2024-11-18
C03220,Ruth,Sagna,Bénin,Porto-Novo,Particulier,2026-03-17
C03221,Kevin,Ndiaye,Bénin,Cotonou,Particulier,2024-06-03
C03222,Hervé,Agossou,Nigeria,Lagos,PME,2024-10-19
C03223,Grâce,Gomis,Togo,Kara,Particulier,2025-03-06
C03224,Ismaël,Adjovi,Côte d'Ivoire,Yamoussoukro,Entreprise,2025-05-27
C03225,Ruth,Diop,Togo,Sokodé,Particulier,2025-09-18
C03226,Malick,Ndiaye,Nigeria,Ibadan,PME,2026-03-14
C03227,Estelle,Assogba,Sénégal,Saint-Louis,PME,2024-06-02
C03228,Arnaud,Kouassi,Nigeria,Abuja,Particulier,2024-11-06
C03229,Prisca,Sagna,Togo,Sokodé,PME,2024-10-27
C03230,Oumar,Mensah,Bénin,Abomey-Calavi,Particulier,2025-04-02
C03231,Malick,Zinsou,Sénégal,Dakar,Particulier,2025-01-05
C03232,Samuel,Tchibozo,Côte d'Ivoire,San-Pédro,PME,2024-11-24
C03233,Aïcha,Amoussou,Nigeria,Abuja,Particulier,2026-02-25
C03234,Fabrice,Kouassi,Nigeria,Port Harcourt,Particulier,2025-07-19
C03235,Prisca,Ndiaye,Côte d'Ivoire,Bouaké,Entreprise,2024-10-25
C03236,Hervé,Gomis,Nigeria,Ibadan,Particulier,2025-04-01
C03237,Fabrice,Traoré,Sénégal,Saint-Louis,Particulier,2025-08-23
C03238,Arnaud,Ndiaye,Togo,Kara,PME,2024-10-19
C03239,Rodrigue,Ouédraogo,Côte d'Ivoire,Bouaké,Particulier,2026-02-02
C03240,Rodrigue,Zinsou,Bénin,Cotonou,PME,2025-03-05
C03241,Fatou,Kouassi,Nigeria,Abuja,Particulier,2026-02-05
C03242,Franck,Amani,Bénin,Abomey-Calavi,PME,2026-03-14
C03243,Ibrahim,Ndiaye,Togo,Sokodé,Particulier,2025-09-27
C03244,Yannick,Gomis,Sénégal,Dakar,PME,2025-12-13
C03245,Aïcha,Zinsou,Bénin,Abomey-Calavi,Particulier,2026-05-03
C03246,Ruth,Assogba,Bénin,Cotonou,Entreprise,2025-12-10
C03247,Koffi,Yao,Ghana,Kumasi,PME,2026-05-26
C03248,Sonia,Assogba,Bénin,Parakou,PME,2024-12-16
C03249,Junior,Diop,Côte d'Ivoire,,Particulier,2026-04-16
C03250,Ruth,Dossou,Côte d'Ivoire,Yamoussoukro,PME,2025-03-11
C03251,Natacha,Tchibozo,Togo,Sokodé,PME,2025-01-14
C03252,Sonia,Baba,Bénin,Cotonou,PME,2025-12-21
C03253,Mariam,Diallo,Ghana,Accra,Particulier,2024-01-22
C03254,Junior,Yao,Nigeria,Port Harcourt,Particulier,2026-01-06
C03255,Natacha,Traoré,Bénin,Porto-Novo,Entreprise,2026-05-24
C03256,Nadia,Amoussou,Nigeria,Port Harcourt,PME,2024-08-28
C03257,Franck,Baba,Sénégal,Thiès,Particulier,2026-05-29
C03258,Yannick,Amoussou,Sénégal,Thiès,PME,2026-06-17
C03259,Sonia,Ahouansou,Ghana,Kumasi,Particulier,2025-10-15
C03260,Prisca,Yao,Ghana,Accra,Particulier,2024-11-22
C03261,Sonia,Ouédraogo,Nigeria,Ibadan,Particulier,2024-09-04
C03262,Sonia,Diop,Côte d'Ivoire,Abidjan,Particulier,2025-02-23
C03263,Franck,Diallo,Côte d'Ivoire,San-Pédro,Particulier,2025-09-01
C03264,Yannick,Yao,Togo,Lomé,PME,2026-01-19
C03265,Fabrice,Amani,Bénin,Abomey-Calavi,PME,2026-05-13
C03266,Ruth,Diallo,Sénégal,Dakar,PME,2025-02-07
C03267,Natacha,Sow,Bénin,Abomey-Calavi,Particulier,2025-12-17
C03268,Arnaud,Ouédraogo,Togo,Kara,Particulier,2024-09-19
C03269,Koffi,Tchibozo,Bénin,Porto-Novo,Particulier,2025-09-23
C03270,Franck,Zinsou,Bénin,Cotonou,Particulier,2024-12-07
C03271,Chantal,Diallo,Sénégal,Touba,PME,2025-04-14
C03272,Sarah,Adjovi,Sénégal,Saint-Louis,Particulier,2025-11-08
C03273,Franck,Baba,Côte d'Ivoire,Bouaké,Particulier,2024-08-02
C03274,Rodrigue,Ouédraogo,Bénin,Abomey-Calavi,Entreprise,2025-09-09
C03275,Mariam,Amoussou,Côte d'Ivoire,San-Pédro,Particulier,2026-01-30
C03276,Prisca,Mensah,Côte d'Ivoire,Abidjan,PME,2026-01-15
C03277,Joël,Kaboré,Ghana,Kumasi,Particulier,2026-01-03
C03278,Fabrice,Tchibozo,Sénégal,Dakar,Particulier,2026-04-23
C03279,Yannick,Traoré,Côte d'Ivoire,Abidjan,PME,2024-09-30
C03280,Natacha,Ndiaye,Côte d'Ivoire,Bouaké,Particulier,2026-01-18
C03281,Yannick,Kaboré,Nigeria,Lagos,Particulier,2025-04-10
C03282,Clarisse,Amani,Ghana,Accra,Particulier,2024-04-05
C03283,Grâce,Dossou,Côte d'Ivoire,San-Pédro,Particulier,2025-11-09
C03284,Fatou,Diallo,Côte d'Ivoire,Yamoussoukro,Entreprise,2025-06-22
C03285,Hervé,Baba,Bénin,Porto-Novo,PME,2025-08-04
C03286,Sarah,Agossou,Nigeria,Abuja,Particulier,2025-09-13
C03287,Rodrigue,Traoré,Togo,Lomé,Particulier,2025-02-19
C03288,Kevin,Mensah,Togo,Kara,Particulier,2024-11-15
C03289,Rodrigue,Ndiaye,Nigeria,Abuja,Particulier,2025-03-25
C03290,Ibrahim,Ouédraogo,Ghana,Tamale,PME,2024-12-04
C03291,Ibrahim,Tchibozo,Bénin,Porto-Novo,Particulier,2024-01-08
C03292,Estelle,Diallo,Bénin,Porto-Novo,Particulier,2024-06-18
C03293,Rodrigue,Dossou,Bénin,Porto-Novo,PME,2026-04-20
C03294,Aïcha,Ouédraogo,Sénégal,Saint-Louis,PME,2024-12-08
C03295,Kevin,Traoré,Bénin,Cotonou,Particulier,2026-04-12
C03296,Moussa,Kouassi,Nigeria,Port Harcourt,Entreprise,2024-08-05
C03297,Fabrice,Mensah,Nigeria,Ibadan,Particulier,2026-02-15
C03298,Hervé,Mensah,Côte d'Ivoire,Bouaké,Particulier,2024-07-19
C03299,Franck,Yao,Sénégal,Dakar,Particulier,2026-05-22
C03300,Estelle,Gomis,Togo,Sokodé,Particulier,2024-07-17
C03301,Moussa,Mensah,Bénin,Cotonou,Particulier,2026-02-11
C03302,Blandine,Diallo,Ghana,Tamale,Particulier,2024-09-02
C03303,Mariam,Baba,Bénin,Cotonou,Particulier,2024-12-26
C03304,Oumar,Kouassi,Bénin,Porto-Novo,Particulier,2026-04-26
C03305,Rodrigue,Diop,Togo,Lomé,Particulier,2026-03-22
C03306,Joël,Ahouansou,Bénin,Porto-Novo,PME,2026-05-11
C03307,Rodrigue,Assogba,Côte d'Ivoire,Yamoussoukro,Particulier,2025-10-11
C03308,Nadia,Kouassi,Ghana,Kumasi,Particulier,2026-05-27
C03309,Aminata,Diop,Nigeria,Port Harcourt,Particulier,2025-03-31
C03310,Oumar,Adjovi,Sénégal,Touba,Particulier,2025-12-14
C03311,Koffi,Amoussou,Nigeria,Port Harcourt,Entreprise,2024-11-25
C03312,Oumar,Agossou,Côte d'Ivoire,San-Pédro,Particulier,2025-12-23
C03313,Samuel,Diallo,Nigeria,Abuja,Particulier,2026-03-29
C03314,Arnaud,Traoré,Côte d'Ivoire,San-Pédro,PME,2025-12-03
C03315,Joël,Gomis,Togo,Kara,Entreprise,2025-10-27
C03316,Estelle,Mensah,Nigeria,Lagos,PME,2025-07-15
C03317,Franck,Zinsou,Togo,Sokodé,Particulier,2024-04-01
C03318,Prisca,Ouédraogo,Bénin,Parakou,Particulier,2025-11-10
C03319,Hervé,Baba,Togo,Kara,Particulier,2026-01-23
C03320,Nadia,Mensah,Côte d'Ivoire,San-Pédro,Particulier,2025-05-16
C03321,Estelle,Yao,Côte d'Ivoire,Bouaké,PME,2025-05-08
C03322,Samuel,Kouassi,Côte d'Ivoire,San-Pédro,Particulier,2024-03-13
C03323,Koffi,Dossou,Nigeria,Ibadan,Particulier,2025-05-29
C03324,Malick,Ndiaye,Togo,Lomé,Particulier,2024-05-20
C03325,Fatou,Traoré,Côte d'Ivoire,Abidjan,PME,2025-10-26
C03326,Yannick,Amoussou,Côte d'Ivoire,Bouaké,PME,2025-12-13
C03327,Ruth,Mensah,Nigeria,Abuja,PME,2026-03-21
C03328,Grâce,Baba,Bénin,Abomey-Calavi,Entreprise,2024-10-09
C03329,Nadia,Ndiaye,Bénin,Cotonou,Entreprise,2025-04-29
C03330,Joël,Kouassi,Côte d'Ivoire,San-Pédro,PME,2025-10-16
C03331,Clarisse,Yao,Sénégal,Dakar,Entreprise,2025-11-12
C03332,Yannick,Kaboré,Ghana,Accra,PME,2024-07-19
C03333,Ismaël,Kaboré,Sénégal,Saint-Louis,Particulier,2024-03-18
C03334,Ibrahim,Diallo,Ghana,Kumasi,PME,2024-10-15
C03335,Blandine,Yao,Côte d'Ivoire,Abidjan,Particulier,2025-10-23
C03336,Fatou,Mensah,Bénin,Porto-Novo,PME,2024-10-13
C03337,Natacha,Adjovi,Bénin,Cotonou,Entreprise,2025-01-16
C03338,Aïcha,Tchibozo,Bénin,Parakou,PME,2024-10-20
C03339,Chantal,Yao,Togo,Lomé,Particulier,2026-04-08
C03340,Aminata,Ouédraogo,Côte d'Ivoire,Bouaké,Particulier,2024-06-30
C03341,Samuel,Mensah,Côte d'Ivoire,Bouaké,Particulier,2026-04-30
C03342,Oumar,Kaboré,Sénégal,Thiès,Particulier,2024-01-09
C03343,Moussa,Ouédraogo,Côte d'Ivoire,Abidjan,Particulier,2026-01-07
C03344,Ibrahim,Diallo,Sénégal,Saint-Louis,Particulier,2025-07-02
C03345,Fatou,Diallo,Sénégal,Dakar,Particulier,2024-01-04
C03346,Sarah,Agossou,Togo,Lomé,PME,2024-07-30
C03347,Aïcha,Adjovi,Côte d'Ivoire,Yamoussoukro,Entreprise,2026-03-28
C03348,Aïcha,Traoré,Sénégal,Touba,Particulier,2025-02-16
C03349,Koffi,Kaboré,Sénégal,Saint-Louis,Particulier,2025-05-01
C03350,Grâce,Sow,Togo,Sokodé,PME,2024-03-10
C03351,Nadia,Kaboré,Côte d'Ivoire,San-Pédro,PME,2026-01-19
C03352,Oumar,Assogba,Ghana,Kumasi,Entreprise,2025-04-29
C03353,Aminata,Ndiaye,Sénégal,Touba,Entreprise,2026-03-05
C03354,Arnaud,Zinsou,Bénin,Cotonou,PME,2025-10-07
C03355,Junior,Kaboré,Côte d'Ivoire,Yamoussoukro,Particulier,2025-07-26
C03356,Samuel,Assogba,Nigeria,Port Harcourt,PME,2024-06-11
C03357,Franck,Kaboré,Bénin,Cotonou,Particulier,2025-04-24
C03358,Prisca,Diop,Nigeria,Abuja,Particulier,2024-03-31
C03359,Chantal,Gomis,Bénin,Cotonou,Particulier,2026-03-06
C03360,Nadia,Diallo,Côte d'Ivoire,Bouaké,Particulier,2026-02-26
C03361,Ruth,Kouassi,Côte d'Ivoire,Abidjan,Particulier,2024-05-02
C03362,Clarisse,Ahouansou,Bénin,Parakou,Entreprise,2025-05-19
C03363,Blandine,Diop,Nigeria,Port Harcourt,Particulier,2025-07-17
C03364,Malick,Mensah,Côte d'Ivoire,Bouaké,Particulier,2025-02-28
C03365,Fabrice,Traoré,Nigeria,Lagos,Particulier,2025-01-15
C03366,Yannick,Sow,Togo,Kara,PME,2024-06-09
C03367,Estelle,Amani,Nigeria,Lagos,Particulier,2026-05-09
C03368,Nadia,Diop,Nigeria,Abuja,PME,2025-10-09
C03369,Ismaël,Assogba,Sénégal,Saint-Louis,PME,2025-06-04
C03370,Joël,Dossou,Togo,Kara,Particulier,2024-10-29
C03371,Oumar,Ahouansou,Sénégal,Saint-Louis,Particulier,2024-10-09
C03372,Natacha,Kaboré,Côte d'Ivoire,San-Pédro,Particulier,2024-06-24
C03373,Nadia,Yao,Nigeria,Lagos,Particulier,2024-03-10
C03374,Moussa,Gomis,Côte d'Ivoire,San-Pédro,Particulier,2024-04-20
C03375,Koffi,Kaboré,Togo,Sokodé,Particulier,2024-11-03
C03376,Nadia,Sow,Bénin,Cotonou,Particulier,2024-09-28
C03377,Arnaud,Gomis,Ghana,Accra,Particulier,2024-11-03
C03378,Aïcha,Diallo,Nigeria,Ibadan,Entreprise,2026-03-08
C03379,Joël,Baba,Bénin,Cotonou,PME,2024-01-06
C03380,Rodrigue,Zinsou,Ghana,Kumasi,Entreprise,2024-03-25
C03381,Hervé,Mensah,Nigeria,Ibadan,Entreprise,2024-05-10
C03382,David,Diop,Bénin,Cotonou,Particulier,2025-02-13
C03383,David,Assogba,Bénin,Parakou,Particulier,2026-05-21
C03384,Kevin,Mensah,Ghana,Kumasi,PME,2025-11-29
C03385,Malick,Kaboré,Sénégal,Dakar,Entreprise,2026-04-19
C03386,Oumar,Zinsou,Bénin,Parakou,Entreprise,2024-11-04
C03387,Clarisse,Assogba,Nigeria,Ibadan,Particulier,2024-05-31
C03388,Mariam,Amoussou,Côte d'Ivoire,San-Pédro,Entreprise,2025-07-08
C03389,Estelle,Amani,Nigeria,Lagos,Particulier,2025-05-13
C03390,Franck,Mensah,Nigeria,Port Harcourt,Particulier,2024-03-31
C03391,Oumar,Tchibozo,Nigeria,Abuja,Particulier,2025-04-26
C03392,Ibrahim,Yao,Côte d'Ivoire,San-Pédro,PME,2024-02-16
C03393,Fatou,Sow,Togo,Kara,PME,2025-02-04
C03394,Sarah,Kaboré,Côte d'Ivoire,Yamoussoukro,PME,2024-07-16
C03395,David,Tchibozo,Bénin,Abomey-Calavi,PME,2024-06-23
C03396,David,Sagna,Sénégal,Thiès,PME,2024-09-09
C03397,Sarah,Assogba,Bénin,Porto-Novo,PME,2026-04-16
C03398,Ibrahim,Yao,Côte d'Ivoire,San-Pédro,Particulier,2025-07-23
C03399,Franck,Agossou,Bénin,Cotonou,Particulier,2024-11-09
C03400,Clarisse,Amani,Togo,Lomé,Particulier,2025-11-24
C03401,Nadia,Traoré,Togo,Kara,PME,2026-02-11
C03402,Fatou,Kouassi,Sénégal,Saint-Louis,Entreprise,2024-07-06
C03403,Rodrigue,Sow,Ghana,Tamale,Entreprise,2024-12-30
C03404,Grâce,Traoré,Bénin,Parakou,Particulier,2025-02-02
C03405,Clarisse,Traoré,Nigeria,Abuja,PME,2024-12-24
C03406,Ibrahim,Sow,Nigeria,Port Harcourt,PME,2025-09-12
C03407,Ruth,Dossou,Côte d'Ivoire,Abidjan,PME,2024-02-10
C03408,David,Tchibozo,Sénégal,Touba,Particulier,2025-09-20
C03409,Franck,Baba,Côte d'Ivoire,San-Pédro,PME,2024-07-11
C03410,David,Yao,Bénin,Cotonou,Particulier,2024-06-01
C03411,Ibrahim,Sagna,Côte d'Ivoire,San-Pédro,PME,2025-09-25
C03412,Nadia,Adjovi,Bénin,Cotonou,PME,2025-10-19
C03413,Malick,Gomis,Nigeria,Lagos,Particulier,2024-03-13
C03414,Sarah,Mensah,Nigeria,Abuja,Particulier,2024-07-14
C03415,Kevin,Zinsou,Nigeria,Lagos,Particulier,2025-05-30
C03416,Blandine,Traoré,Sénégal,Touba,PME,2025-07-03
C03417,Kevin,Agossou,Sénégal,Thiès,PME,2025-11-21
C03418,David,Sagna,Nigeria,Abuja,Particulier,2024-06-29
C03419,Malick,Baba,Togo,Kara,Particulier,2024-10-20
C03420,David,Gomis,Bénin,Abomey-Calavi,Particulier,2024-01-29
C03421,Aminata,Ndiaye,Sénégal,Dakar,PME,2025-02-09
C03422,Yannick,Sow,Togo,Kara,PME,2025-02-26
C03423,Blandine,Assogba,Togo,Kara,Particulier,2026-02-06
C03424,Ismaël,Diop,Bénin,Cotonou,Particulier,2025-09-01
C03425,Koffi,Yao,Sénégal,Thiès,Particulier,2024-10-07
C03426,Hervé,Adjovi,Togo,Kara,PME,2025-09-26
C03427,Ruth,Zinsou,Bénin,Cotonou,PME,2024-09-07
C03428,Fabrice,Assogba,Bénin,Cotonou,Particulier,2024-08-07
C03429,Malick,Baba,Côte d'Ivoire,Abidjan,Entreprise,2024-04-02
C03430,Estelle,Amani,Nigeria,Lagos,PME,2026-03-14
C03431,Blandine,Sagna,Côte d'Ivoire,San-Pédro,Particulier,2025-11-26
C03432,Oumar,Yao,Sénégal,Saint-Louis,Entreprise,2026-04-11
C03433,Natacha,Amoussou,Ghana,Accra,PME,2025-08-04
C03434,Prisca,Ahouansou,Togo,Kara,Particulier,2025-06-30
C03435,Yannick,Sagna,Nigeria,Abuja,Particulier,2024-03-20
C03436,Ibrahim,Diallo,Ghana,Tamale,Particulier,2024-09-28
C03437,Aminata,Agossou,Sénégal,Saint-Louis,PME,2026-05-17
C03438,Natacha,Sagna,Bénin,Abomey-Calavi,Particulier,2026-03-06
C03439,David,Ahouansou,Bénin,Abomey-Calavi,Particulier,2024-07-09
C03440,Rodrigue,Assogba,Nigeria,Ibadan,Entreprise,2024-09-11
C03441,Nadia,Diop,Ghana,Accra,Entreprise,2024-11-19
C03442,Natacha,Yao,Nigeria,Ibadan,PME,2025-12-01
C03443,Fabrice,Amani,Nigeria,Abuja,PME,2025-06-24
C03444,Moussa,Kaboré,Bénin,Cotonou,Particulier,2025-05-13
C03445,Yannick,Diallo,Ghana,Kumasi,Particulier,2024-03-19
C03446,Mariam,Tchibozo,Côte d'Ivoire,San-Pédro,Particulier,2024-02-18
C03447,Koffi,Mensah,Ghana,Tamale,PME,2025-07-06
C03448,Yannick,Gomis,Bénin,Abomey-Calavi,Particulier,2026-01-25
C03449,Mariam,Mensah,Togo,Sokodé,Entreprise,2025-04-10
C03450,Fabrice,Adjovi,Ghana,Tamale,PME,2025-12-05
C03451,Ismaël,Adjovi,Ghana,Accra,Particulier,2025-08-22
C03452,Kevin,Kaboré,Sénégal,Dakar,Entreprise,2026-06-05
C03453,Ibrahim,Amani,Togo,Sokodé,Particulier,2024-08-04
C03454,Estelle,Amoussou,Togo,Lomé,PME,2024-07-20
C03455,Moussa,Ouédraogo,Nigeria,Port Harcourt,Particulier,2024-04-03
C03456,Hervé,Diop,Côte d'Ivoire,San-Pédro,Particulier,2024-10-17
C03457,Blandine,Kouassi,Côte d'Ivoire,Bouaké,Particulier,2025-12-10
C03458,Sarah,Amoussou,Sénégal,Thiès,PME,2024-09-14
C03459,Samuel,Sagna,Côte d'Ivoire,Abidjan,Entreprise,2026-04-13
C03460,Hervé,Baba,Sénégal,Saint-Louis,Particulier,2026-04-03
C03461,Oumar,Ouédraogo,Côte d'Ivoire,Abidjan,Particulier,2024-06-27
C03462,Ismaël,Ouédraogo,Nigeria,Ibadan,PME,2025-10-29
C03463,Joël,Diop,Nigeria,Port Harcourt,Entreprise,2025-05-18
C03464,Ruth,Tchibozo,Nigeria,Port Harcourt,Particulier,2026-02-03
C03465,Prisca,Gomis,Sénégal,Thiès,Entreprise,2025-10-24
C03466,Aïcha,Diop,Côte d'Ivoire,San-Pédro,Particulier,2024-10-21
C03467,Mariam,Gomis,Ghana,Tamale,Particulier,2026-01-05
C03468,Chantal,Ouédraogo,Nigeria,Abuja,Particulier,2025-10-02
C03469,David,Amoussou,Sénégal,Saint-Louis,Particulier,2025-07-03
C03470,Fabrice,Diop,Ghana,Accra,Entreprise,2025-11-04
C03471,Junior,Sagna,Ghana,Accra,Particulier,2025-11-16
C03472,Franck,Sagna,Sénégal,Dakar,Particulier,2025-02-24
C03473,Yannick,Yao,Ghana,Tamale,PME,2026-01-24
C03474,Junior,Mensah,Togo,Kara,PME,2025-08-03
C03475,Prisca,Amoussou,Côte d'Ivoire,Yamoussoukro,PME,2024-10-12
C03476,Oumar,Ahouansou,Sénégal,Touba,PME,2025-10-10
C03477,Sarah,Assogba,Bénin,Porto-Novo,Entreprise,2024-05-10
C03478,Mariam,Diop,Nigeria,Lagos,PME,2026-01-22
C03479,Oumar,Diop,Sénégal,Touba,Particulier,2025-06-22
C03480,Fatou,Yao,Bénin,Parakou,Particulier,2025-07-04
C03481,Clarisse,Zinsou,Nigeria,Lagos,Particulier,2026-06-13
C03482,Chantal,Traoré,Ghana,Accra,PME,2024-08-14
C03483,Estelle,Sagna,Ghana,Kumasi,Particulier,2025-12-12
C03484,Aïcha,Sagna,Côte d'Ivoire,Abidjan,Particulier,2025-03-10
C03485,Koffi,Amani,Nigeria,Port Harcourt,Particulier,2024-04-12
C03486,Samuel,Sagna,Côte d'Ivoire,Abidjan,Particulier,2024-06-24
C03487,Samuel,Ndiaye,Sénégal,Thiès,Particulier,2026-05-07
C03488,Rodrigue,Kouassi,Bénin,Parakou,Particulier,2025-10-10
C03489,Oumar,Ndiaye,Sénégal,Touba,PME,2026-02-16
C03490,Malick,Kouassi,Ghana,Kumasi,Particulier,2025-10-10
C03491,Malick,Yao,Sénégal,Thiès,Particulier,2024-07-21
C03492,Hervé,Amoussou,Côte d'Ivoire,Abidjan,Entreprise,2026-02-24
C03493,Moussa,Tchibozo,Nigeria,Abuja,Particulier,2025-10-15
C03494,Hervé,Diallo,Sénégal,Touba,Particulier,2025-09-22
C03495,Koffi,Amani,Togo,Sokodé,Particulier,2025-02-19
C03496,Fabrice,Ahouansou,Nigeria,Ibadan,Particulier,2025-08-13
C03497,Aïcha,Ouédraogo,Ghana,Accra,Particulier,2024-06-28
C03498,Ibrahim,Gomis,Nigeria,Port Harcourt,Particulier,2024-11-06
C03499,Franck,Kaboré,Nigeria,Ibadan,Particulier,2024-06-10
C03500,Malick,Sow,Nigeria,Abuja,PME,2024-06-15
C03501,Yannick,Ouédraogo,Ghana,Tamale,PME,2025-04-23
C03502,Yannick,Tchibozo,Sénégal,Touba,PME,2024-10-27
C03503,Sonia,Baba,Bénin,Parakou,Particulier,2025-10-12
C03504,Junior,Tchibozo,Côte d'Ivoire,Abidjan,Particulier,2025-10-29
C03505,Clarisse,Traoré,Ghana,Kumasi,Particulier,2026-05-04
C03506,Sarah,Tchibozo,Côte d'Ivoire,Bouaké,Particulier,2024-07-14
C03507,Sarah,Amoussou,Nigeria,Port Harcourt,Particulier,2025-08-29
C03508,Sarah,Traoré,Bénin,Cotonou,Particulier,2025-03-30
C03509,Aminata,Gomis,Côte d'Ivoire,Yamoussoukro,Particulier,2025-07-09
C03510,Hervé,Diallo,Côte d'Ivoire,San-Pédro,Entreprise,2025-05-05
C03511,Koffi,Tchibozo,Côte d'Ivoire,San-Pédro,Particulier,2024-11-18
C03512,Natacha,Zinsou,Bénin,Porto-Novo,Particulier,2026-03-16
C03513,Kevin,Sagna,Bénin,Cotonou,PME,2024-11-23
C03514,Malick,Mensah,Nigeria,Abuja,Particulier,2025-12-23
C03515,Ruth,Ndiaye,Côte d'Ivoire,San-Pédro,Particulier,2024-01-30
C03516,Arnaud,Zinsou,Bénin,Parakou,Particulier,2025-04-26
C03517,Sonia,Sagna,Bénin,Porto-Novo,PME,2024-07-03
C03518,Moussa,Kaboré,Côte d'Ivoire,San-Pédro,Particulier,2025-03-19
C03519,Ibrahim,Sow,Bénin,Parakou,PME,2024-09-06
C03520,Samuel,Adjovi,Ghana,Kumasi,PME,2024-09-26
C03521,Moussa,Baba,Ghana,Tamale,Particulier,2025-11-20
C03522,Malick,Yao,Togo,Lomé,Particulier,2024-01-06
C03523,Nadia,Sow,Sénégal,Touba,PME,2025-06-03
C03524,Clarisse,Ahouansou,Bénin,Abomey-Calavi,PME,2025-01-09
C03525,Ruth,Agossou,Togo,Lomé,Particulier,2025-03-24
C03526,Hervé,Ahouansou,Nigeria,Lagos,PME,2025-12-02
C03527,Joël,Gomis,Côte d'Ivoire,San-Pédro,PME,2025-01-07
C03528,Estelle,Kouassi,Nigeria,Port Harcourt,PME,2024-04-16
C03529,Nadia,Diop,Togo,Kara,PME,2024-02-22
C03530,Mariam,Assogba,Côte d'Ivoire,Yamoussoukro,Particulier,2024-03-03
C03531,Sarah,Yao,Côte d'Ivoire,Bouaké,Particulier,2025-04-10
C03532,Rodrigue,Diop,Côte d'Ivoire,San-Pédro,Entreprise,2024-01-06
C03533,Kevin,Ouédraogo,Nigeria,Abuja,Particulier,2026-02-22
C03534,Clarisse,Gomis,Bénin,Cotonou,PME,2025-02-10
C03535,Natacha,Baba,Nigeria,Lagos,Particulier,2025-04-13
C03536,Yannick,Kouassi,Nigeria,Port Harcourt,Particulier,2025-06-09
C03537,Malick,Baba,Sénégal,Thiès,PME,2025-03-08
C03538,Joël,Agossou,Côte d'Ivoire,San-Pédro,Particulier,2024-03-29
C03539,Ruth,Zinsou,Côte d'Ivoire,Abidjan,Particulier,2025-01-17
C03540,Joël,Ahouansou,Togo,Sokodé,PME,2024-07-28
C03541,Arnaud,Adjovi,Ghana,Kumasi,Particulier,2025-06-17
C03542,Ismaël,Amoussou,Côte d'Ivoire,San-Pédro,Particulier,2024-02-14
C03543,Fatou,Zinsou,Nigeria,Abuja,Particulier,2024-10-28
C03544,Yannick,Agossou,Sénégal,Saint-Louis,Particulier,2024-05-30
C03545,Samuel,Amani,Côte d'Ivoire,San-Pédro,Particulier,2024-08-10
C03546,Nadia,Agossou,Ghana,Tamale,PME,2025-10-31
C03547,Kevin,Gomis,Côte d'Ivoire,San-Pédro,Particulier,2026-02-08
C03548,Nadia,Ahouansou,Nigeria,Port Harcourt,Particulier,2024-07-10
C03549,Estelle,Ouédraogo,Bénin,Abomey-Calavi,PME,2024-08-02
C03550,Mariam,Kaboré,Nigeria,Lagos,Particulier,2024-05-16
C03551,David,Ndiaye,Nigeria,Ibadan,Particulier,2025-01-30
C03552,Prisca,Baba,Nigeria,Ibadan,Particulier,2024-09-25
C03553,Malick,Dossou,Côte d'Ivoire,Yamoussoukro,Particulier,2026-02-21
C03554,Fatou,Agossou,Nigeria,Lagos,Entreprise,2025-09-20
C03555,Estelle,Assogba,Togo,Sokodé,PME,2024-03-30
C03556,Aïcha,Diop,Ghana,Accra,Particulier,2025-11-19
C03557,Clarisse,Tchibozo,Bénin,Cotonou,PME,2025-12-04
C03558,Prisca,Baba,Togo,Lomé,PME,2026-01-08
C03559,Samuel,Amani,Côte d'Ivoire,Yamoussoukro,Particulier,2026-06-15
C03560,Junior,Dossou,Togo,Sokodé,Particulier,2026-01-31
C03561,Joël,Assogba,Côte d'Ivoire,Bouaké,Particulier,2024-02-25
C03562,Yannick,Diop,Nigeria,Port Harcourt,PME,2025-06-25
C03563,Arnaud,Baba,Togo,Kara,Particulier,2024-03-22
C03564,Chantal,Tchibozo,Ghana,Tamale,PME,2025-08-02
C03565,Clarisse,Adjovi,Bénin,Porto-Novo,PME,2025-01-13
C03566,Kevin,Kouassi,Ghana,Tamale,Particulier,2025-01-01
C03567,Arnaud,Ouédraogo,Ghana,Kumasi,Particulier,2024-01-28
C03568,Hervé,Amoussou,Côte d'Ivoire,Yamoussoukro,PME,2024-08-11
C03569,Samuel,Yao,Ghana,Kumasi,PME,2025-03-01
C03570,Arnaud,Adjovi,Nigeria,Lagos,Particulier,2024-08-02
C03571,Blandine,Gomis,Nigeria,Lagos,PME,2025-02-26
C03572,Samuel,Sagna,Côte d'Ivoire,Yamoussoukro,Particulier,2025-01-08
C03573,Grâce,Sagna,Côte d'Ivoire,Abidjan,Particulier,2026-01-17
C03574,Ruth,Mensah,Ghana,Kumasi,Particulier,2024-01-25
C03575,Yannick,Tchibozo,Togo,Kara,Particulier,2025-12-02
C03576,Rodrigue,Amoussou,Nigeria,Lagos,PME,2026-04-04
C03577,Junior,Baba,Togo,Kara,Particulier,2025-12-18
C03578,Aïcha,Gomis,Nigeria,Abuja,PME,2025-03-14
C03579,Fatou,Amoussou,Bénin,Cotonou,PME,2025-11-13
C03580,Samuel,Agossou,Bénin,Cotonou,PME,2024-10-17
C03581,Chantal,Zinsou,Nigeria,Lagos,Particulier,2024-06-02
C03582,Ruth,Sagna,Nigeria,Abuja,Particulier,2024-09-12
C03583,David,Zinsou,Nigeria,Abuja,Entreprise,2024-02-19
C03584,Prisca,Agossou,Nigeria,Abuja,PME,2025-10-18
C03585,Chantal,Sow,Côte d'Ivoire,Abidjan,Entreprise,2025-12-20
C03586,Sarah,Kouassi,Togo,Lomé,Particulier,2025-10-02
C03587,Koffi,Traoré,Bénin,Parakou,PME,2024-03-20
C03588,Chantal,Tchibozo,Côte d'Ivoire,San-Pédro,PME,2025-05-24
C03589,Nadia,Diallo,Togo,Sokodé,PME,2024-01-24
C03590,Malick,Tchibozo,Nigeria,Abuja,PME,2025-07-31
C03591,Koffi,Sow,Bénin,Abomey-Calavi,Particulier,2026-02-14
C03592,Estelle,Adjovi,Bénin,Parakou,Entreprise,2026-02-02
C03593,David,Mensah,Togo,Lomé,Particulier,2024-06-12
C03594,Hervé,Adjovi,Bénin,Cotonou,Particulier,2026-02-26
C03595,Clarisse,Amani,Togo,Kara,PME,2024-09-30
C03596,Chantal,Yao,Sénégal,Dakar,Particulier,2024-04-02
C03597,Aminata,Ndiaye,Togo,Sokodé,Particulier,2025-03-20
C03598,Ibrahim,Diallo,Sénégal,Touba,Particulier,2026-05-08
C03599,Samuel,Traoré,Nigeria,Abuja,Particulier,2024-05-17
C03600,Koffi,Assogba,Sénégal,Thiès,Particulier,2025-12-08
C03601,Ruth,Traoré,Ghana,Tamale,PME,2024-12-08
C03602,Yannick,Sow,Côte d'Ivoire,Bouaké,PME,2024-11-08
C03603,Ruth,Amani,Bénin,Cotonou,PME,2025-11-11
C03604,Koffi,Gomis,Togo,Kara,Particulier,2025-09-28
C03605,Samuel,Assogba,Nigeria,Ibadan,Particulier,2025-08-17
C03606,Ruth,Yao,Sénégal,Thiès,Particulier,2025-03-02
C03607,Grâce,Zinsou,Togo,Kara,Particulier,2026-01-31
C03608,Joël,Sow,Côte d'Ivoire,Yamoussoukro,Particulier,2024-02-20
C03609,Aminata,Traoré,Nigeria,Port Harcourt,PME,2025-01-01
C03610,Clarisse,Agossou,Sénégal,Dakar,Particulier,2025-04-05
C03611,Ruth,Gomis,Sénégal,Dakar,Particulier,2024-03-25
C03612,Blandine,Kaboré,Nigeria,Abuja,PME,2026-05-31
C03613,Joël,Amani,Sénégal,Dakar,Particulier,2025-04-10
C03614,Joël,Tchibozo,Sénégal,Dakar,PME,2026-02-21
C03615,Koffi,Kaboré,Bénin,Porto-Novo,Particulier,2026-03-02
C03616,Mariam,Mensah,Bénin,Porto-Novo,Particulier,2026-05-28
C03617,Junior,Sagna,Nigeria,Port Harcourt,PME,2025-03-28
C03618,Koffi,Yao,Sénégal,Touba,Particulier,2025-12-31
C03619,Samuel,Ouédraogo,Côte d'Ivoire,San-Pédro,PME,2024-01-19
C03620,Junior,Yao,Sénégal,Touba,Particulier,2025-07-16
C03621,Oumar,Agossou,Bénin,Porto-Novo,PME,2025-05-22
C03622,Oumar,Sow,Nigeria,Port Harcourt,Particulier,2024-03-22
C03623,Prisca,Kaboré,Togo,Sokodé,PME,2024-10-19
C03624,Ibrahim,Diop,Nigeria,Ibadan,Particulier,2026-01-15
C03625,Hervé,Ahouansou,Côte d'Ivoire,Bouaké,Particulier,2024-06-14
C03626,Ibrahim,Ahouansou,Togo,Sokodé,Particulier,2025-07-27
C03627,Aminata,Ndiaye,Bénin,Abomey-Calavi,Entreprise,2025-05-31
C03628,Franck,Zinsou,Nigeria,Port Harcourt,PME,2025-06-30
C03629,Sonia,Assogba,Bénin,Cotonou,Particulier,2025-07-23
C03630,Sarah,Mensah,Bénin,Porto-Novo,Particulier,2024-01-23
C03631,Oumar,Baba,Ghana,Accra,Particulier,2025-02-18
C03632,Samuel,Amani,Côte d'Ivoire,San-Pédro,Particulier,2026-02-03
C03633,Chantal,Amani,Côte d'Ivoire,San-Pédro,Entreprise,2026-06-10
C03634,Yannick,Zinsou,Togo,Sokodé,Particulier,2025-04-22
C03635,Malick,Sow,Nigeria,Ibadan,Particulier,2025-02-01
C03636,Kevin,Ahouansou,Togo,Lomé,Particulier,2025-05-26
C03637,Aminata,Ndiaye,Togo,Lomé,Particulier,2025-03-18
C03638,Koffi,Tchibozo,Togo,Sokodé,Particulier,2024-06-15
C03639,Fatou,Dossou,Togo,Lomé,Particulier,2025-12-08
C03640,Aminata,Tchibozo,Togo,Sokodé,Particulier,2025-03-26
C03641,Rodrigue,Sagna,Bénin,Cotonou,Particulier,2024-02-20
C03642,Hervé,Dossou,Bénin,Cotonou,Particulier,2025-01-06
C03643,Natacha,Sagna,Côte d'Ivoire,Yamoussoukro,Particulier,2024-02-11
C03644,Chantal,Assogba,Nigeria,Abuja,Entreprise,2024-04-05
C03645,Natacha,Diop,Bénin,Porto-Novo,Entreprise,2024-10-07
C03646,Yannick,Baba,Togo,Sokodé,PME,2026-06-01
C03647,Grâce,Ndiaye,Nigeria,Port Harcourt,PME,2025-06-23
C03648,Ibrahim,Amani,Nigeria,Lagos,PME,2024-11-14
C03649,David,Traoré,Sénégal,Dakar,Particulier,2024-04-16
C03650,Sarah,Amoussou,Togo,Lomé,Particulier,2024-11-25
C03651,Grâce,Baba,Côte d'Ivoire,Bouaké,PME,2024-06-23
C03652,Clarisse,Diop,Togo,Sokodé,Particulier,2025-08-24
C03653,Blandine,Sow,Bénin,Abomey-Calavi,PME,2024-12-09
C03654,Yannick,Yao,Côte d'Ivoire,San-Pédro,Particulier,2026-03-14
C03655,Yannick,Ahouansou,Sénégal,Saint-Louis,Particulier,2025-05-21
C03656,Samuel,Amoussou,Côte d'Ivoire,Bouaké,PME,2025-12-23
C03657,Nadia,Diop,Sénégal,Touba,Particulier,2026-05-30
C03658,Yannick,Kaboré,Togo,Sokodé,Particulier,2026-01-07
C03659,Junior,Baba,Côte d'Ivoire,San-Pédro,Particulier,2024-03-04
C03660,Ibrahim,Kaboré,Ghana,Tamale,Particulier,2024-09-29
C03661,Hervé,Zinsou,Nigeria,Port Harcourt,Particulier,2026-04-23
C03662,David,Kouassi,Togo,Sokodé,Particulier,2025-06-14
C03663,Chantal,Yao,Sénégal,Touba,PME,2025-07-16
C03664,Grâce,Kaboré,Togo,Lomé,PME,2025-08-24
C03665,Joël,Mensah,Bénin,Porto-Novo,PME,2024-10-09
C03666,Hervé,Baba,Ghana,Kumasi,PME,2024-08-03
C03667,Blandine,Diallo,Bénin,Cotonou,Particulier,2024-09-03
C03668,Fatou,Diallo,Côte d'Ivoire,San-Pédro,Particulier,2025-11-27
C03669,Ismaël,Ndiaye,Côte d'Ivoire,Yamoussoukro,PME,2024-06-14
C03670,Blandine,Kaboré,Bénin,Abomey-Calavi,Particulier,2025-03-27
C03671,Ibrahim,Sow,Bénin,Porto-Novo,PME,2024-10-08
C03672,David,Diop,Côte d'Ivoire,San-Pédro,PME,2025-11-25
C03673,Ruth,Assogba,Nigeria,Ibadan,Particulier,2024-08-22
C03674,Yannick,Baba,Sénégal,Touba,PME,2026-04-01
C03675,Nadia,Dossou,Côte d'Ivoire,Abidjan,Particulier,2025-10-21
C03676,Nadia,Yao,Bénin,Abomey-Calavi,Particulier,2025-12-21
C03677,Natacha,Kouassi,Sénégal,Thiès,Entreprise,2026-03-13
C03678,Aminata,Zinsou,Bénin,Cotonou,Particulier,2024-09-21
C03679,Clarisse,Baba,Côte d'Ivoire,Yamoussoukro,Particulier,2025-11-09
C03680,Joël,Zinsou,Ghana,Tamale,Particulier,2024-08-04
C03681,Moussa,Kouassi,Côte d'Ivoire,Abidjan,Particulier,2025-10-02
C03682,Grâce,Yao,Togo,Lomé,Particulier,2024-06-01
C03683,Natacha,Assogba,Bénin,Cotonou,Particulier,2025-03-13
C03684,Junior,Kouassi,Bénin,Porto-Novo,Particulier,2024-01-18
C03685,Clarisse,Kaboré,Côte d'Ivoire,Bouaké,Particulier,2024-01-25
C03686,Ibrahim,Gomis,Nigeria,Port Harcourt,Particulier,2025-11-06
C03687,Blandine,Kaboré,Togo,Lomé,PME,2025-07-12
C03688,Junior,Amoussou,Sénégal,Thiès,PME,2025-12-15
C03689,Fabrice,Zinsou,Sénégal,Saint-Louis,Particulier,2025-12-28
C03690,Natacha,Diallo,Bénin,Abomey-Calavi,Particulier,2026-01-03
C03691,Junior,Kouassi,Bénin,Abomey-Calavi,Particulier,2026-04-22
C03692,Hervé,Kouassi,Côte d'Ivoire,San-Pédro,PME,2024-12-30
C03693,Moussa,Mensah,Sénégal,Touba,Particulier,2025-10-14
C03694,Ruth,Sagna,Côte d'Ivoire,Abidjan,Particulier,2024-06-18
C03695,Grâce,Ouédraogo,Ghana,Tamale,Entreprise,2024-03-11
C03696,Clarisse,Sow,Nigeria,Abuja,PME,2024-06-29
C03697,Sonia,Baba,Ghana,Tamale,PME,2024-07-19
C03698,Arnaud,Agossou,Nigeria,Ibadan,PME,2026-01-21
C03699,Mariam,Diallo,Ghana,Accra,PME,2025-06-22
C03700,Chantal,Dossou,Nigeria,Ibadan,Particulier,2025-10-24
C03701,Prisca,Kouassi,Nigeria,Port Harcourt,Particulier,2025-10-22
C03702,Samuel,Diop,Ghana,Tamale,PME,2024-03-26
C03703,Nadia,Kouassi,Nigeria,Abuja,Particulier,2024-10-21
C03704,Malick,Zinsou,Nigeria,Port Harcourt,Particulier,2024-10-10
C03705,Clarisse,Diallo,Côte d'Ivoire,San-Pédro,Particulier,2025-06-03
C03706,Koffi,Kouassi,Sénégal,Thiès,Particulier,2025-09-06
C03707,Rodrigue,Adjovi,Côte d'Ivoire,Bouaké,Particulier,2024-07-27
C03708,Nadia,Ndiaye,Nigeria,Lagos,PME,2024-07-03
C03709,Rodrigue,Agossou,Côte d'Ivoire,Yamoussoukro,Entreprise,2024-07-07
C03710,Prisca,Sagna,Nigeria,Port Harcourt,Particulier,2024-05-28
C03711,Natacha,Ahouansou,Ghana,Kumasi,Particulier,2025-01-16
C03712,Samuel,Sow,Nigeria,,Particulier,2024-09-09
C03713,Rodrigue,Kaboré,Togo,Kara,PME,2026-03-15
C03714,Clarisse,Traoré,Ghana,Accra,Particulier,2024-12-26
C03715,Mariam,Kaboré,Ghana,Kumasi,Particulier,2025-08-25
C03716,Koffi,Traoré,Nigeria,Port Harcourt,PME,2025-03-05
C03717,Ruth,Adjovi,Nigeria,Lagos,PME,2025-09-06
C03718,Aminata,Sow,Sénégal,Saint-Louis,Particulier,2025-05-25
C03719,Mariam,Ahouansou,Sénégal,Saint-Louis,Particulier,2026-02-26
C03720,Natacha,Sagna,Bénin,Parakou,PME,2024-10-21
C03721,Ibrahim,Kaboré,Nigeria,Abuja,Particulier,2026-05-07
C03722,Chantal,Mensah,Togo,Lomé,Particulier,2026-02-19
C03723,Kevin,Baba,Ghana,Accra,PME,2026-03-19
C03724,Clarisse,Sow,Ghana,Kumasi,Particulier,2025-06-06
C03725,Grâce,Ndiaye,Côte d'Ivoire,Bouaké,Particulier,2025-07-07
C03726,Estelle,Baba,Togo,Sokodé,PME,2024-08-18
C03727,Prisca,Diop,Bénin,Parakou,Entreprise,2024-07-12
C03728,Koffi,Diallo,Nigeria,Lagos,Entreprise,2024-08-26
C03729,Kevin,Ouédraogo,Côte d'Ivoire,San-Pédro,Particulier,2024-09-20
C03730,Junior,Ouédraogo,Bénin,Cotonou,Particulier,2025-09-10
C03731,Ruth,Ndiaye,Ghana,Tamale,Particulier,2024-08-04
C03732,Chantal,Diop,Togo,Lomé,Entreprise,2024-05-11
C03733,Franck,Agossou,Nigeria,Ibadan,PME,2025-12-17
C03734,Sonia,Baba,Togo,Sokodé,Particulier,2024-05-06
C03735,Koffi,Amoussou,Togo,Kara,Particulier,2024-10-24
C03736,Blandine,Gomis,Bénin,Parakou,Particulier,2024-06-29
C03737,Aïcha,Kouassi,Côte d'Ivoire,Abidjan,Particulier,2025-04-02
C03738,Ruth,Gomis,Côte d'Ivoire,Abidjan,Particulier,2025-10-11
C03739,Aminata,Baba,Ghana,Accra,PME,2025-12-13
C03740,Malick,Sow,Côte d'Ivoire,San-Pédro,Particulier,2025-12-23
C03741,Arnaud,Kouassi,Côte d'Ivoire,Abidjan,Particulier,2024-11-10
C03742,Natacha,Amani,Togo,Sokodé,Particulier,2025-07-08
C03743,Natacha,Ahouansou,Togo,Kara,Particulier,2025-09-22
C03744,Malick,Amani,Nigeria,Abuja,Particulier,2024-11-05
C03745,Estelle,Dossou,Bénin,Abomey-Calavi,Particulier,2026-04-11
C03746,Ibrahim,Ndiaye,Nigeria,Abuja,PME,2025-08-17
C03747,Clarisse,Sagna,Togo,Lomé,Entreprise,2024-07-07
C03748,Hervé,Kouassi,Bénin,Abomey-Calavi,Particulier,2024-11-07
C03749,Estelle,Kouassi,Togo,Kara,Particulier,2025-08-29
C03750,Hervé,Assogba,Bénin,Parakou,PME,2024-02-18
C03751,Yannick,Ouédraogo,Ghana,Accra,Particulier,2026-03-03
C03752,David,Assogba,Côte d'Ivoire,Abidjan,Particulier,2024-06-11
C03753,Arnaud,Sagna,Côte d'Ivoire,Yamoussoukro,PME,2025-08-12
C03754,Ismaël,Dossou,Sénégal,Dakar,Particulier,2025-04-24
C03755,Aminata,Gomis,Sénégal,Touba,Particulier,2024-04-09
C03756,Clarisse,Diallo,Nigeria,Abuja,Particulier,2024-07-11
C03757,David,Agossou,Nigeria,Port Harcourt,PME,2024-03-31
C03758,Clarisse,Ahouansou,Sénégal,Thiès,Particulier,2025-07-01
C03759,Ruth,Dossou,Nigeria,Lagos,Particulier,2025-09-28
C03760,Ruth,Zinsou,Ghana,Accra,Particulier,2025-01-07
C03761,Blandine,Agossou,Côte d'Ivoire,San-Pédro,Particulier,2025-10-08
C03762,Chantal,Sow,Ghana,Kumasi,Particulier,2024-05-20
C03763,Natacha,Kouassi,Bénin,Porto-Novo,Entreprise,2025-01-09
C03764,Junior,Amani,Ghana,Tamale,Entreprise,2025-12-17
C03765,Franck,Assogba,Nigeria,Ibadan,Particulier,2024-04-08
C03766,Moussa,Tchibozo,Bénin,Parakou,Entreprise,2025-06-25
C03767,Chantal,Sow,Nigeria,Port Harcourt,Particulier,2024-05-26
C03768,Rodrigue,Ahouansou,Nigeria,Abuja,Particulier,2025-05-27
C03769,Hervé,Ouédraogo,Togo,Sokodé,PME,2024-03-20
C03770,Fatou,Ahouansou,Côte d'Ivoire,Yamoussoukro,PME,2024-04-24
C03771,Blandine,Diallo,Nigeria,Ibadan,PME,2025-01-31
C03772,Ismaël,Gomis,Nigeria,Abuja,Entreprise,2024-09-14
C03773,Natacha,Ahouansou,Bénin,Cotonou,Entreprise,2024-03-27
C03774,Hervé,Kouassi,Côte d'Ivoire,San-Pédro,Particulier,2024-04-05
C03775,Yannick,Agossou,Ghana,Tamale,Entreprise,2025-06-13
C03776,Chantal,Kouassi,Togo,Sokodé,Particulier,2025-04-02
C03777,Prisca,Yao,Togo,Sokodé,Particulier,2025-12-23
C03778,Prisca,Kaboré,Bénin,Porto-Novo,PME,2024-11-15
C03779,Franck,Traoré,Bénin,Abomey-Calavi,Particulier,2025-09-20
C03780,Nadia,Yao,Sénégal,Thiès,PME,2025-08-08
C03781,Rodrigue,Ouédraogo,Sénégal,Thiès,Particulier,2026-02-19
C03782,Yannick,Sagna,Sénégal,Dakar,Particulier,2026-05-16
C03783,Ruth,Agossou,Ghana,Kumasi,Entreprise,2025-07-05
C03784,Rodrigue,Sow,Côte d'Ivoire,Yamoussoukro,PME,2026-01-08
C03785,Ismaël,Sow,Togo,Kara,Particulier,2024-11-22
C03786,Kevin,Traoré,Bénin,Abomey-Calavi,Particulier,2026-05-06
C03787,Hervé,Mensah,Togo,Sokodé,Particulier,2025-04-02
C03788,Fabrice,Assogba,Togo,Sokodé,Particulier,2024-02-12
C03789,Samuel,Amani,Bénin,Porto-Novo,Particulier,2024-03-09
C03790,Franck,Assogba,Bénin,Porto-Novo,PME,2024-04-07
C03791,Oumar,Ndiaye,Bénin,Cotonou,Particulier,2024-03-31
C03792,David,Sagna,Sénégal,Saint-Louis,Particulier,2025-12-18
C03793,Aïcha,Sow,Sénégal,Saint-Louis,Particulier,2025-05-03
C03794,Oumar,Traoré,Nigeria,Ibadan,Particulier,2024-02-01
C03795,Chantal,Agossou,Ghana,Kumasi,PME,2025-09-11
C03796,Kevin,Ouédraogo,Sénégal,Thiès,PME,2024-07-13
C03797,Aïcha,Ndiaye,Bénin,Parakou,Particulier,2025-05-16
C03798,Sonia,Yao,Sénégal,Touba,Particulier,2025-04-13
C03799,Rodrigue,Ndiaye,Bénin,Porto-Novo,Particulier,2024-05-14
C03800,Ismaël,Sow,Côte d'Ivoire,Abidjan,Particulier,2024-01-29
C03801,Hervé,Yao,Côte d'Ivoire,Bouaké,Particulier,2026-05-10
C03802,Grâce,Zinsou,Côte d'Ivoire,Abidjan,PME,2024-10-01
C03803,Fatou,Diallo,Togo,,PME,2024-09-28
C03804,Yannick,Sagna,Sénégal,Thiès,Particulier,2025-05-08
C03805,Nadia,Tchibozo,Nigeria,Port Harcourt,Particulier,2025-10-19
C03806,Oumar,Ndiaye,Ghana,Kumasi,Particulier,2025-04-16
C03807,Ruth,Sow,Sénégal,Thiès,Entreprise,2025-11-10
C03808,Sarah,Agossou,Côte d'Ivoire,Abidjan,Particulier,2024-08-08
C03809,Arnaud,Ahouansou,Bénin,Cotonou,Particulier,2024-02-02
C03810,Chantal,Gomis,Ghana,Kumasi,PME,2024-01-04
C03811,David,Traoré,Côte d'Ivoire,Abidjan,PME,2025-03-26
C03812,Nadia,Ndiaye,Togo,Lomé,Particulier,2024-06-01
C03813,Hervé,Ouédraogo,Togo,Lomé,Particulier,2026-02-08
C03814,Yannick,Diop,Nigeria,Port Harcourt,Particulier,2025-07-01
C03815,Hervé,Zinsou,Sénégal,Dakar,PME,2025-09-03
C03816,Natacha,Ahouansou,Côte d'Ivoire,Abidjan,Entreprise,2025-06-10
C03817,Oumar,Amoussou,Sénégal,Dakar,PME,2024-06-12
C03818,Franck,Ndiaye,Côte d'Ivoire,Bouaké,Particulier,2026-05-30
C03819,Ibrahim,Assogba,Côte d'Ivoire,San-Pédro,Particulier,2026-01-09
C03820,Oumar,Diallo,Togo,Kara,Particulier,2025-04-26
C03821,Junior,Ndiaye,Côte d'Ivoire,Abidjan,Particulier,2025-12-30
C03822,Sarah,Yao,Sénégal,Thiès,PME,2025-10-21
C03823,Fatou,Mensah,Bénin,Cotonou,PME,2024-01-26
C03824,David,Ouédraogo,Ghana,Accra,Entreprise,2024-09-09
C03825,Mariam,Zinsou,Togo,Kara,Entreprise,2024-08-17
C03826,Moussa,Zinsou,Sénégal,Saint-Louis,Particulier,2024-05-24
C03827,Aminata,Sow,Sénégal,Dakar,PME,2026-03-06
C03828,Fabrice,Ndiaye,Sénégal,Touba,Particulier,2024-01-16
C03829,Clarisse,Dossou,Sénégal,Dakar,Entreprise,2026-03-30
C03830,Mariam,Baba,Nigeria,Port Harcourt,PME,2026-01-14
C03831,Clarisse,Dossou,Côte d'Ivoire,San-Pédro,Entreprise,2025-06-26
C03832,Mariam,Baba,Ghana,Kumasi,Entreprise,2024-01-02
C03833,Fatou,Sagna,Ghana,Accra,PME,2025-01-22
C03834,Nadia,Sow,Togo,Kara,Particulier,2024-09-28
C03835,Koffi,Adjovi,Togo,Lomé,PME,2025-03-11
C03836,Joël,Gomis,Côte d'Ivoire,Abidjan,PME,2024-01-16
C03837,Hervé,Diop,Togo,Kara,Particulier,2026-05-02
C03838,Ibrahim,Mensah,Côte d'Ivoire,San-Pédro,Entreprise,2025-08-18
C03839,Fabrice,Diallo,Côte d'Ivoire,Abidjan,Particulier,2025-01-10
C03840,Junior,Mensah,Sénégal,Dakar,PME,2025-09-16
C03841,Aminata,Traoré,Togo,Kara,Entreprise,2024-11-07
C03842,Clarisse,Adjovi,Nigeria,Ibadan,Particulier,2025-03-20
C03843,Prisca,Sagna,Côte d'Ivoire,San-Pédro,Particulier,2025-11-13
C03844,Moussa,Sagna,Ghana,Kumasi,Particulier,2024-06-10
C03845,Franck,Diallo,Bénin,Cotonou,Particulier,2025-04-07
C03846,Yannick,Assogba,Côte d'Ivoire,Bouaké,Particulier,2025-12-08
C03847,Prisca,Sagna,Bénin,Cotonou,Particulier,2025-02-26
C03848,Kevin,Mensah,Sénégal,Saint-Louis,PME,2024-02-27
C03849,Kevin,Baba,Côte d'Ivoire,San-Pédro,Entreprise,2024-09-25
C03850,Arnaud,Kouassi,Nigeria,Ibadan,Particulier,2025-04-04
C03851,Mariam,Gomis,Togo,Kara,PME,2024-01-06
C03852,Estelle,Amoussou,Sénégal,Touba,Entreprise,2025-10-09
C03853,Aïcha,Zinsou,Togo,Sokodé,Particulier,2025-08-30
C03854,Samuel,Baba,Sénégal,Thiès,Particulier,2026-02-01
C03855,Fabrice,Ahouansou,Côte d'Ivoire,Abidjan,Particulier,2025-06-06
C03856,Aïcha,Baba,Côte d'Ivoire,Yamoussoukro,Particulier,2025-06-12
C03857,Grâce,Amoussou,Togo,Sokodé,Particulier,2025-03-17
C03858,Fabrice,Diop,Bénin,Porto-Novo,Particulier,2024-10-25
C03859,Aminata,Adjovi,Bénin,Porto-Novo,PME,2025-10-03
C03860,Natacha,Ahouansou,Nigeria,Ibadan,Particulier,2024-06-19
C03861,Blandine,Kouassi,Côte d'Ivoire,San-Pédro,PME,2024-02-10
C03862,Aïcha,Assogba,Bénin,Cotonou,PME,2026-04-02
C03863,Rodrigue,Baba,Nigeria,Ibadan,Entreprise,2025-01-21
C03864,Sarah,Traoré,Bénin,Parakou,PME,2025-12-27
C03865,Aïcha,Gomis,Côte d'Ivoire,Abidjan,Particulier,2024-02-19
C03866,Oumar,Adjovi,Ghana,Tamale,Particulier,2025-07-15
C03867,Fabrice,Kaboré,Nigeria,Port Harcourt,PME,2024-03-24
C03868,Estelle,Diop,Ghana,Kumasi,Particulier,2025-01-11
C03869,Sarah,Amoussou,Côte d'Ivoire,San-Pédro,Particulier,2025-11-25
C03870,Ismaël,Assogba,Nigeria,Abuja,Particulier,2025-06-29
C03871,Nadia,Mensah,Bénin,Porto-Novo,PME,2025-01-25
C03872,Franck,Traoré,Nigeria,Abuja,PME,2024-04-09
C03873,Ibrahim,Traoré,Nigeria,Lagos,Particulier,2026-04-22
C03874,Aïcha,Traoré,Nigeria,Lagos,Particulier,2025-10-22
C03875,Ruth,Tchibozo,Togo,Lomé,PME,2026-05-03
C03876,Prisca,Traoré,Bénin,Parakou,Particulier,2025-06-25
C03877,Moussa,Ouédraogo,Sénégal,Thiès,Particulier,2026-04-15
C03878,Ibrahim,Ahouansou,Côte d'Ivoire,Yamoussoukro,Entreprise,2024-06-21
C03879,Natacha,Sow,Côte d'Ivoire,Bouaké,Particulier,2024-11-10
C03880,Aminata,Ndiaye,Nigeria,Lagos,Entreprise,2025-01-15
C03881,Ruth,Amani,Sénégal,Thiès,Particulier,2025-11-14
C03882,Franck,Dossou,Togo,Lomé,Particulier,2026-06-07
C03883,Ruth,Ahouansou,Côte d'Ivoire,Bouaké,Entreprise,2025-01-02
C03884,Oumar,Amoussou,Bénin,Parakou,Particulier,2024-03-27
C03885,Yannick,Sagna,Bénin,Abomey-Calavi,Entreprise,2024-12-21
C03886,Sonia,Kouassi,Bénin,Porto-Novo,Particulier,2026-05-05
C03887,Blandine,Zinsou,Nigeria,Ibadan,PME,2026-05-19
C03888,Ruth,Amani,Ghana,Kumasi,PME,2026-06-10
C03889,Aminata,Baba,Côte d'Ivoire,San-Pédro,Particulier,2024-01-29
C03890,Mariam,Diop,Côte d'Ivoire,San-Pédro,PME,2026-01-11
C03891,Nadia,Kouassi,Sénégal,Thiès,Particulier,2026-04-18
C03892,Natacha,Zinsou,Nigeria,Ibadan,Particulier,2024-03-31
C03893,Oumar,Kaboré,Nigeria,Port Harcourt,PME,2024-11-03
C03894,Hervé,Amoussou,Côte d'Ivoire,Abidjan,Particulier,2026-01-15
C03895,Junior,Agossou,Nigeria,Abuja,Particulier,2024-02-17
C03896,David,Ouédraogo,Côte d'Ivoire,Abidjan,PME,2024-10-13
C03897,Natacha,Sow,Côte d'Ivoire,Abidjan,Particulier,2026-01-09
C03898,Rodrigue,Adjovi,Nigeria,Port Harcourt,Particulier,2024-05-29
C03899,Fatou,Zinsou,Côte d'Ivoire,Bouaké,PME,2026-04-28
C03900,Kevin,Ndiaye,Côte d'Ivoire,San-Pédro,Entreprise,2025-08-01
C03901,Yannick,Diop,Togo,Lomé,Particulier,2026-01-04
C03902,David,Amoussou,Côte d'Ivoire,San-Pédro,Particulier,2026-03-19
C03903,Sarah,Tchibozo,Côte d'Ivoire,Bouaké,Particulier,2024-03-19
C03904,Nadia,Diop,Sénégal,Saint-Louis,PME,2026-02-15
C03905,Blandine,Gomis,Côte d'Ivoire,San-Pédro,Particulier,2024-12-08
C03906,Oumar,Ndiaye,Togo,Lomé,Particulier,2025-03-23
C03907,Natacha,Baba,Nigeria,Port Harcourt,Particulier,2024-10-09
C03908,Ruth,Amoussou,Côte d'Ivoire,Abidjan,PME,2025-06-03
C03909,David,Sow,Nigeria,Abuja,PME,2024-12-30
C03910,Kevin,Tchibozo,Togo,Lomé,Particulier,2025-09-23
C03911,Grâce,Sow,Sénégal,Dakar,Particulier,2024-01-11
C03912,Sonia,Gomis,Côte d'Ivoire,Bouaké,Particulier,2025-11-18
C03913,Junior,Sow,Nigeria,Lagos,Particulier,2025-05-26
C03914,Fatou,Ahouansou,Bénin,Cotonou,PME,2026-03-10
C03915,Oumar,Assogba,Nigeria,Lagos,Particulier,2024-09-10
C03916,Hervé,Diop,Côte d'Ivoire,Abidjan,PME,2025-05-26
C03917,Fabrice,Ouédraogo,Sénégal,Saint-Louis,PME,2024-11-09
C03918,Prisca,Traoré,Côte d'Ivoire,Bouaké,Particulier,2024-07-30
C03919,Nadia,Mensah,Bénin,Cotonou,PME,2024-09-24
C03920,Franck,Zinsou,Côte d'Ivoire,Abidjan,Particulier,2025-02-13
C03921,Oumar,Dossou,Togo,Lomé,PME,2025-02-25
C03922,Moussa,Traoré,Côte d'Ivoire,Bouaké,Particulier,2026-05-31
C03923,Grâce,Baba,Sénégal,Touba,Particulier,2025-09-29
C03924,Kevin,Yao,Côte d'Ivoire,Yamoussoukro,PME,2024-05-18
C03925,Rodrigue,Amani,Bénin,Cotonou,Particulier,2024-02-28
C03926,Grâce,Sow,Bénin,Parakou,Particulier,2026-05-20
C03927,Nadia,Ouédraogo,Bénin,Porto-Novo,Particulier,2025-03-09
C03928,Natacha,Amani,Bénin,Abomey-Calavi,PME,2024-11-03
C03929,Samuel,Sow,Sénégal,Saint-Louis,Particulier,2025-08-17
C03930,Sonia,Amani,Bénin,Parakou,Particulier,2024-03-16
C03931,Natacha,Traoré,Nigeria,Port Harcourt,Particulier,2025-12-10
C03932,Ismaël,Traoré,Togo,Kara,Particulier,2025-10-04
C03933,Samuel,Ouédraogo,Bénin,Porto-Novo,Particulier,2025-10-08
C03934,Ismaël,Sagna,Nigeria,Lagos,Particulier,2024-07-08
C03935,Franck,Sow,Togo,Kara,Entreprise,2025-09-28
C03936,Junior,Amani,Côte d'Ivoire,Yamoussoukro,Entreprise,2025-10-27
C03937,Oumar,Sagna,Nigeria,Lagos,Entreprise,2026-05-16
C03938,Aminata,Baba,Nigeria,Abuja,PME,2026-06-18
C03939,Estelle,Amoussou,Ghana,Accra,PME,2026-04-05
C03940,Clarisse,Tchibozo,Bénin,Parakou,Particulier,2024-09-29
C03941,Joël,Sow,Sénégal,Saint-Louis,Particulier,2024-07-28
C03942,Ismaël,Adjovi,Nigeria,Ibadan,Entreprise,2024-03-09
C03943,Estelle,Tchibozo,Nigeria,Ibadan,Particulier,2024-06-20
C03944,Aminata,Yao,Bénin,Cotonou,Particulier,2025-07-24
C03945,Ibrahim,Amoussou,Côte d'Ivoire,Abidjan,PME,2026-03-21
C03946,Franck,Diop,Togo,Lomé,Entreprise,2025-02-05
C03947,Franck,Ouédraogo,Bénin,Abomey-Calavi,Entreprise,2025-01-16
C03948,Ruth,Gomis,Ghana,Accra,PME,2025-10-27
C03949,Fatou,Sow,Togo,Kara,Particulier,2025-04-01
C03950,Nadia,Gomis,Côte d'Ivoire,Yamoussoukro,Particulier,2024-11-28
C03951,Natacha,Gomis,Bénin,Cotonou,PME,2024-05-28
C03952,Mariam,Kouassi,Côte d'Ivoire,Bouaké,Particulier,2024-01-26
C03953,Fatou,Assogba,Bénin,Parakou,Particulier,2025-02-13
C03954,Blandine,Kaboré,Côte d'Ivoire,Abidjan,Particulier,2025-03-12
C03955,Chantal,Diallo,Bénin,Parakou,Particulier,2024-04-01
C03956,Grâce,Agossou,Nigeria,Port Harcourt,PME,2025-09-22
C03957,Joël,Diallo,Bénin,Cotonou,Particulier,2025-11-11
C03958,Ibrahim,Sow,Côte d'Ivoire,Bouaké,PME,2024-01-06
C03959,Mariam,Sagna,Bénin,Cotonou,Entreprise,2024-08-13
C03960,Junior,Zinsou,Bénin,Cotonou,Entreprise,2024-01-30
C03961,Mariam,Adjovi,Togo,Sokodé,Particulier,2024-12-20
C03962,Arnaud,Diop,Bénin,Abomey-Calavi,PME,2026-05-24
C03963,Estelle,Agossou,Bénin,Abomey-Calavi,Particulier,2024-10-03
C03964,Nadia,Diop,Côte d'Ivoire,Bouaké,Particulier,2024-08-17
C03965,Franck,Ndiaye,Sénégal,Dakar,Entreprise,2026-02-21
C03966,Koffi,Amoussou,Bénin,Abomey-Calavi,PME,2025-04-22
C03967,Malick,Diallo,Côte d'Ivoire,Bouaké,Particulier,2024-01-22
C03968,Grâce,Agossou,Sénégal,Dakar,Entreprise,2026-06-16
C03969,Aminata,Ndiaye,Togo,Lomé,Entreprise,2024-09-23
C03970,Aïcha,Yao,Côte d'Ivoire,Bouaké,Particulier,2024-06-18
C03971,Aminata,Zinsou,Bénin,Parakou,Particulier,2026-03-06
C03972,Arnaud,Sow,Togo,Kara,Particulier,2025-02-13
C03973,Joël,Yao,Côte d'Ivoire,Yamoussoukro,Particulier,2024-10-31
C03974,Fatou,Amani,Nigeria,Ibadan,PME,2025-10-01
C03975,Grâce,Diallo,Nigeria,Ibadan,Entreprise,2024-06-04
C03976,Prisca,Diop,Nigeria,Port Harcourt,Particulier,2024-11-25
C03977,Fabrice,Yao,Côte d'Ivoire,San-Pédro,Particulier,2025-10-09
C03978,Moussa,Adjovi,Bénin,Parakou,Particulier,2024-06-28
C03979,Clarisse,Sow,Togo,Sokodé,Particulier,2024-07-25
C03980,Arnaud,Ouédraogo,Togo,Kara,Particulier,2025-03-13
C03981,Koffi,Sagna,Bénin,Cotonou,PME,2024-08-16
C03982,Malick,Tchibozo,Bénin,Porto-Novo,Particulier,2026-05-13
C03983,Sonia,Gomis,Côte d'Ivoire,Abidjan,Particulier,2025-07-15
C03984,Moussa,Kouassi,Côte d'Ivoire,Yamoussoukro,Particulier,2024-03-07
C03985,Aminata,Mensah,Bénin,Abomey-Calavi,Entreprise,2024-08-20
C03986,Aminata,Traoré,Ghana,Tamale,Particulier,2024-03-10
C03987,Moussa,Assogba,Côte d'Ivoire,Bouaké,PME,2026-04-03
C03988,Blandine,Ahouansou,Nigeria,Lagos,Particulier,2025-09-06
C03989,Malick,Ndiaye,Togo,Lomé,PME,2026-04-10
C03990,Estelle,Zinsou,Côte d'Ivoire,Bouaké,Particulier,2024-02-12
C03991,David,Mensah,Bénin,Porto-Novo,PME,2025-06-20
C03992,Natacha,Gomis,Côte d'Ivoire,San-Pédro,Particulier,2024-06-06
C03993,Yannick,Kaboré,Bénin,Abomey-Calavi,PME,2026-06-09
C03994,Estelle,Tchibozo,Bénin,Abomey-Calavi,Particulier,2025-06-02
C03995,Kevin,Kaboré,Sénégal,Dakar,Particulier,2024-06-15
C03996,Sonia,Ndiaye,Togo,Sokodé,Particulier,2025-05-16
C03997,Sarah,Sow,Bénin,Abomey-Calavi,Particulier,2025-05-26
C03998,Natacha,Dossou,Nigeria,Ibadan,PME,2024-10-17
C03999,Aïcha,Sow,Bénin,Porto-Novo,Particulier,2025-10-25
C04000,Grâce,Kouassi,Sénégal,Saint-Louis,PME,2024-01-02
C04001,Blandine,Traoré,Côte d'Ivoire,San-Pédro,Particulier,2025-08-21
C04002,Oumar,Ndiaye,Togo,Sokodé,Particulier,2025-05-29
C04003,Ismaël,Sagna,Côte d'Ivoire,Bouaké,PME,2025-04-08
C04004,Fatou,Zinsou,Bénin,Abomey-Calavi,Entreprise,2025-01-27
C04005,Ruth,Mensah,Ghana,Kumasi,Entreprise,2024-08-06
C04006,David,Kaboré,Togo,Kara,Particulier,2026-02-07
C04007,Fatou,Ahouansou,Bénin,Abomey-Calavi,Particulier,2026-06-04
C04008,Koffi,Gomis,Togo,Sokodé,Particulier,2025-03-21
C04009,Natacha,Ahouansou,Nigeria,Port Harcourt,PME,2025-05-09
C04010,Joël,Ahouansou,Ghana,Kumasi,Particulier,2024-01-14
C04011,Ibrahim,Dossou,Nigeria,Port Harcourt,Particulier,2025-04-26
C04012,Arnaud,Adjovi,Sénégal,Saint-Louis,Particulier,2026-01-03
C04013,Franck,Sow,Sénégal,Touba,Particulier,2025-02-18
C04014,Junior,Mensah,Côte d'Ivoire,Abidjan,Particulier,2024-05-06
C04015,Moussa,Mensah,Nigeria,Abuja,PME,2026-01-10
C04016,Moussa,Sagna,Côte d'Ivoire,Bouaké,Entreprise,2026-03-10
C04017,Yannick,Ndiaye,Côte d'Ivoire,Abidjan,Particulier,2026-05-05
C04018,Blandine,Amani,Sénégal,Thiès,PME,2024-06-06
C04019,Koffi,Sagna,Côte d'Ivoire,Abidjan,Entreprise,2026-05-30
C04020,Moussa,Gomis,Bénin,Cotonou,Particulier,2025-08-15
C04021,David,Amoussou,Côte d'Ivoire,Bouaké,Entreprise,2024-05-13
C04022,Blandine,Amoussou,Togo,Sokodé,Entreprise,2024-02-15
C04023,Aminata,Dossou,Nigeria,Abuja,Particulier,2024-10-05
C04024,Sarah,Sow,Côte d'Ivoire,Yamoussoukro,Particulier,2025-08-31
C04025,Ismaël,Diop,Nigeria,Abuja,Particulier,2024-02-08
C04026,Ibrahim,Sow,Côte d'Ivoire,Yamoussoukro,Particulier,2024-09-13
C04027,Oumar,Ndiaye,Ghana,Tamale,Particulier,2025-01-21
C04028,Junior,Yao,Bénin,Parakou,Particulier,2026-05-15
C04029,Arnaud,Sow,Nigeria,Port Harcourt,PME,2024-06-20
C04030,Fatou,Agossou,Côte d'Ivoire,San-Pédro,PME,2025-01-07
C04031,Hervé,Amoussou,Togo,Kara,Particulier,2025-04-12
C04032,Natacha,Assogba,Togo,Kara,PME,2026-05-10
C04033,Hervé,Ndiaye,Togo,Sokodé,Entreprise,2026-03-20
C04034,Moussa,Kouassi,Côte d'Ivoire,Bouaké,PME,2026-06-16
C04035,Rodrigue,Agossou,Ghana,Kumasi,Particulier,2025-01-06
C04036,Aminata,Assogba,Nigeria,Ibadan,Particulier,2025-08-11
C04037,Nadia,Assogba,Sénégal,Touba,Particulier,2024-05-07
C04038,Rodrigue,Gomis,Côte d'Ivoire,Abidjan,Particulier,2025-07-26
C04039,Clarisse,Agossou,Côte d'Ivoire,Abidjan,Particulier,2024-08-20
C04040,Malick,Tchibozo,Nigeria,Abuja,PME,2025-12-02
C04041,Ibrahim,Yao,Nigeria,Port Harcourt,PME,2024-04-10
C04042,Ismaël,Diop,Togo,Lomé,Particulier,2024-03-31
C04043,Blandine,Ahouansou,Nigeria,Ibadan,Particulier,2024-10-14
C04044,Nadia,Dossou,Côte d'Ivoire,Bouaké,Particulier,2024-02-06
C04045,Koffi,Ouédraogo,Nigeria,Abuja,Particulier,2026-06-17
C04046,Aïcha,Amani,Nigeria,Lagos,Particulier,2025-03-19
C04047,Ruth,Sagna,Ghana,Accra,Particulier,2025-10-02
C04048,Hervé,Assogba,Bénin,Porto-Novo,Particulier,2024-11-03
C04049,Malick,Mensah,Sénégal,Touba,Particulier,2024-06-29
C04050,Ruth,Baba,Bénin,Porto-Novo,Particulier,2025-02-19
C04051,Yannick,Kaboré,Ghana,Kumasi,Particulier,2025-01-12
C04052,Fatou,Adjovi,Togo,Sokodé,Particulier,2024-09-06
C04053,Oumar,Yao,Ghana,Accra,PME,2026-03-13
C04054,Oumar,Ahouansou,Nigeria,Abuja,Particulier,2026-01-05
C04055,Mariam,Diop,Bénin,Porto-Novo,Particulier,2024-02-15
C04056,Fabrice,Baba,Côte d'Ivoire,Bouaké,PME,2024-10-23
C04057,Moussa,Ahouansou,Sénégal,Dakar,Particulier,2025-02-17
C04058,Grâce,Ouédraogo,Côte d'Ivoire,Abidjan,PME,2024-12-01
C04059,Estelle,Amani,Bénin,Abomey-Calavi,Entreprise,2026-01-29
C04060,Estelle,Zinsou,Bénin,Cotonou,Particulier,2026-06-02
C04061,Kevin,Diallo,Côte d'Ivoire,Abidjan,Particulier,2025-01-10
C04062,Prisca,Diop,Sénégal,Touba,PME,2025-05-26
C04063,Kevin,Amani,Sénégal,Touba,Particulier,2026-01-05
C04064,Estelle,Adjovi,Bénin,Cotonou,Particulier,2024-09-26
C04065,Arnaud,Mensah,Côte d'Ivoire,Abidjan,Particulier,2025-11-18
C04066,David,Ahouansou,Côte d'Ivoire,Abidjan,PME,2025-11-14
C04067,Natacha,Kouassi,Togo,Sokodé,PME,2025-04-21
C04068,Estelle,Diallo,Ghana,Kumasi,Particulier,2025-09-04
C04069,David,Gomis,Togo,Kara,,2026-06-07
C04070,Nadia,Sagna,Côte d'Ivoire,San-Pédro,PME,2025-03-09
C04071,David,Traoré,Nigeria,Ibadan,Particulier,2024-10-20
C04072,David,Ahouansou,Côte d'Ivoire,Abidjan,PME,2024-01-20
C04073,Sonia,Gomis,Sénégal,Touba,Entreprise,2026-01-18
C04074,Junior,Amoussou,Bénin,Porto-Novo,Particulier,2025-09-29
C04075,Malick,Kaboré,Bénin,Porto-Novo,Particulier,2025-03-11
C04076,Mariam,Tchibozo,Bénin,Parakou,Particulier,2026-03-24
C04077,Koffi,Sagna,Ghana,Kumasi,PME,2024-06-23
C04078,Samuel,Agossou,Nigeria,Port Harcourt,Particulier,2024-04-04
C04079,Mariam,Diallo,Bénin,Porto-Novo,PME,2025-11-20
C04080,Grâce,Amani,Togo,Sokodé,Particulier,2025-03-04
C04081,Franck,Baba,Togo,Kara,PME,2025-12-14
C04082,Ruth,Tchibozo,Sénégal,Dakar,Particulier,2024-10-31
C04083,Ruth,Yao,Sénégal,Thiès,Particulier,2024-05-11
C04084,Ibrahim,Tchibozo,Sénégal,Saint-Louis,PME,2025-11-15
C04085,Fabrice,Sow,Nigeria,Port Harcourt,Particulier,2024-11-19
C04086,Arnaud,Amani,Togo,Kara,Particulier,2025-12-05
C04087,Natacha,Traoré,Sénégal,Dakar,PME,2025-04-06
C04088,Koffi,Traoré,Sénégal,Thiès,PME,2025-03-06
C04089,Chantal,Sow,Togo,Sokodé,PME,2025-12-30
C04090,Rodrigue,Zinsou,Nigeria,Abuja,Entreprise,2024-07-15
C04091,Natacha,Diop,Bénin,Porto-Novo,Entreprise,2025-07-11
C04092,Ismaël,Kouassi,Ghana,Kumasi,Particulier,2024-12-03
C04093,Yannick,Mensah,Ghana,Tamale,PME,2025-05-09
C04094,Clarisse,Dossou,Nigeria,Abuja,PME,2024-08-18
C04095,Aminata,Amoussou,Côte d'Ivoire,Bouaké,Particulier,2026-06-06
C04096,Koffi,Sow,Togo,Sokodé,Particulier,2024-06-03
C04097,Sarah,Mensah,Nigeria,Abuja,PME,2025-02-05
C04098,Mariam,Yao,Ghana,Tamale,Particulier,2024-07-10
C04099,Clarisse,Zinsou,Côte d'Ivoire,Yamoussoukro,Particulier,2024-09-07
C04100,Ibrahim,Tchibozo,Ghana,Tamale,Particulier,2025-11-19
C04101,Nadia,Mensah,Togo,Lomé,Particulier,2025-06-10
C04102,Estelle,Ahouansou,Sénégal,Dakar,PME,2025-08-20
C04103,Junior,Baba,Nigeria,Abuja,Particulier,2026-01-02
C04104,Estelle,Baba,Togo,Kara,Particulier,2025-04-05
C04105,Moussa,Sow,Côte d'Ivoire,San-Pédro,Particulier,2024-03-08
C04106,Rodrigue,Sow,Nigeria,Port Harcourt,PME,2024-05-19
C04107,Ruth,Amoussou,Ghana,Kumasi,Particulier,2024-09-20
C04108,Fatou,Sagna,Nigeria,Port Harcourt,Particulier,2026-03-04
C04109,Clarisse,Yao,Côte d'Ivoire,Bouaké,Particulier,2026-06-05
C04110,Ibrahim,Dossou,Nigeria,Port Harcourt,Entreprise,2026-03-15
C04111,Estelle,Kouassi,Bénin,Cotonou,Particulier,2024-10-03
C04112,Sonia,Diop,Côte d'Ivoire,San-Pédro,Particulier,2025-03-06
C04113,Nadia,Diallo,Côte d'Ivoire,Bouaké,Entreprise,2025-11-14
C04114,Koffi,Kouassi,Ghana,Accra,Particulier,2024-03-18
C04115,Prisca,Traoré,Nigeria,Lagos,Particulier,2024-08-19
C04116,Hervé,Adjovi,Ghana,Accra,Particulier,2024-11-17
C04117,Ismaël,Diop,Sénégal,Touba,PME,2026-05-29
C04118,Junior,Adjovi,Côte d'Ivoire,Abidjan,Entreprise,2025-04-07
C04119,Yannick,Ouédraogo,Côte d'Ivoire,Yamoussoukro,PME,2025-07-28
C04120,Franck,Kouassi,Côte d'Ivoire,Yamoussoukro,Entreprise,2024-05-15
C04121,Ibrahim,Diallo,Bénin,Porto-Novo,Particulier,2024-02-16
C04122,Samuel,Diop,Côte d'Ivoire,Abidjan,PME,2024-02-05
C04123,Joël,Diop,Nigeria,Abuja,PME,2024-01-13
C04124,Fabrice,Traoré,Ghana,Kumasi,PME,2024-01-28
C04125,Fabrice,Amoussou,Ghana,Accra,Particulier,2025-12-18
C04126,Ruth,Tchibozo,Côte d'Ivoire,San-Pédro,Particulier,2025-09-29
C04127,Sonia,Gomis,Côte d'Ivoire,San-Pédro,Particulier,2025-04-06
C04128,Ibrahim,Kaboré,Bénin,Abomey-Calavi,PME,2024-06-09
C04129,Franck,Sagna,Côte d'Ivoire,Bouaké,Particulier,2024-10-25
C04130,David,Sow,Côte d'Ivoire,Yamoussoukro,PME,2024-04-11
C04131,Clarisse,Assogba,Togo,Lomé,Particulier,2026-05-14
C04132,Aïcha,Assogba,Bénin,Porto-Novo,Particulier,2026-02-08
C04133,Ibrahim,Dossou,Ghana,Accra,PME,2024-04-16
C04134,Chantal,Diallo,Côte d'Ivoire,San-Pédro,PME,2026-01-10
C04135,Ruth,Diop,Côte d'Ivoire,Yamoussoukro,PME,2025-07-14
C04136,Franck,Assogba,Togo,Lomé,PME,2025-02-20
C04137,Blandine,Diop,Côte d'Ivoire,Bouaké,PME,2024-01-07
C04138,Kevin,Sow,Côte d'Ivoire,Yamoussoukro,Particulier,2025-05-02
C04139,Aïcha,Sow,Côte d'Ivoire,Bouaké,Particulier,2024-01-14
C04140,Aïcha,Ouédraogo,Sénégal,Thiès,Particulier,2024-04-29
C04141,Arnaud,Amoussou,Bénin,Cotonou,PME,2026-06-01
C04142,David,Baba,Nigeria,Abuja,Particulier,2025-01-10
C04143,Chantal,Baba,Bénin,Parakou,PME,2025-03-22
C04144,Oumar,Dossou,Côte d'Ivoire,Abidjan,PME,2024-11-17
C04145,Mariam,Traoré,Togo,Kara,Entreprise,2026-01-21
C04146,Mariam,Sow,Côte d'Ivoire,San-Pédro,PME,2025-12-07
C04147,Estelle,Yao,Togo,Kara,PME,2024-03-19
C04148,Fatou,Mensah,Nigeria,Lagos,PME,2024-07-06
C04149,Fatou,Ahouansou,Côte d'Ivoire,Bouaké,Entreprise,2024-03-19
C04150,Sonia,Sow,Sénégal,Thiès,PME,2025-04-04
C04151,Clarisse,Kouassi,Togo,Lomé,PME,2025-10-27
C04152,Estelle,Sow,Bénin,Cotonou,Entreprise,2025-04-20
C04153,Malick,Sow,Côte d'Ivoire,Abidjan,Particulier,2024-04-10
C04154,Ismaël,Baba,Côte d'Ivoire,San-Pédro,PME,2026-04-07
C04155,Arnaud,Adjovi,Côte d'Ivoire,San-Pédro,Particulier,2026-03-08
C04156,Kevin,Amoussou,Nigeria,Lagos,Particulier,2025-07-02
C04157,Nadia,Adjovi,Ghana,Kumasi,PME,2025-01-03
C04158,Natacha,Agossou,Nigeria,Port Harcourt,Particulier,2024-08-31
C04159,Sarah,Sow,Togo,Kara,PME,2024-05-22
C04160,Rodrigue,Agossou,Ghana,Tamale,PME,2024-05-14
C04161,Fatou,Ndiaye,Sénégal,Touba,Particulier,2024-06-07
C04162,Aminata,Agossou,Sénégal,Touba,Particulier,2026-04-22
C04163,Moussa,Amani,Nigeria,Abuja,PME,2024-03-31
C04164,Chantal,Zinsou,Sénégal,Touba,Particulier,2025-01-18
C04165,Samuel,Kouassi,Nigeria,Port Harcourt,Particulier,2025-08-02
C04166,Junior,Kaboré,Ghana,Kumasi,Particulier,2025-03-18
C04167,Prisca,Kaboré,Bénin,Abomey-Calavi,Particulier,2024-04-09
C04168,Ismaël,Amani,Ghana,Tamale,PME,2024-09-04
C04169,Chantal,Diallo,Côte d'Ivoire,Abidjan,PME,2024-07-17
C04170,Arnaud,Diallo,Nigeria,Port Harcourt,PME,2024-05-21
C04171,Fatou,Sagna,Nigeria,Ibadan,Particulier,2026-04-03
C04172,Ruth,Ouédraogo,Bénin,Porto-Novo,Particulier,2026-01-04
C04173,Prisca,Diallo,Bénin,Abomey-Calavi,Particulier,2025-08-11
C04174,Arnaud,Ouédraogo,Bénin,Porto-Novo,PME,2026-04-29
C04175,Natacha,Kaboré,Côte d'Ivoire,Bouaké,PME,2026-01-31
C04176,Sarah,Sagna,Bénin,Parakou,PME,2025-08-04
C04177,Nadia,Tchibozo,Ghana,Kumasi,Particulier,2024-03-08
C04178,Clarisse,Baba,Sénégal,Touba,PME,2026-05-04
C04179,Prisca,Ndiaye,Nigeria,Abuja,Particulier,2024-06-27
C04180,Ibrahim,Tchibozo,Togo,Lomé,Particulier,2025-08-30
C04181,Estelle,Ndiaye,Côte d'Ivoire,Abidjan,Particulier,2024-08-15
C04182,Samuel,Zinsou,Bénin,Parakou,PME,2026-02-05
C04183,Hervé,Amoussou,Nigeria,Abuja,Particulier,2024-10-14
C04184,Malick,Ahouansou,Bénin,Parakou,Particulier,2026-06-11
C04185,Blandine,Amani,Bénin,Parakou,Particulier,2025-01-17
C04186,Fabrice,Ouédraogo,Togo,Kara,Entreprise,2026-04-19
C04187,David,Diop,Nigeria,Ibadan,PME,2025-03-18
C04188,Blandine,Amani,Bénin,Cotonou,Particulier,2025-01-26
C04189,Yannick,Diop,Sénégal,Touba,PME,2025-07-04
C04190,Aïcha,Adjovi,Ghana,Kumasi,Particulier,2024-05-23
C04191,Prisca,Kouassi,Ghana,Kumasi,Particulier,2024-11-05
C04192,Sarah,Baba,Bénin,Abomey-Calavi,PME,2024-08-06
C04193,Prisca,Adjovi,Bénin,Abomey-Calavi,Particulier,2025-01-22
C04194,Franck,Zinsou,Côte d'Ivoire,San-Pédro,Particulier,2025-05-30
C04195,Fatou,Amoussou,Togo,Lomé,Particulier,2025-01-22
C04196,Samuel,Tchibozo,Ghana,Tamale,Particulier,2025-01-30
C04197,Sarah,Zinsou,Côte d'Ivoire,San-Pédro,Entreprise,2024-04-29
C04198,Nadia,Ndiaye,Côte d'Ivoire,Bouaké,PME,2024-02-14
C04199,Chantal,Ndiaye,Bénin,Cotonou,Entreprise,2026-04-16
C04200,Joël,Agossou,Sénégal,Touba,Entreprise,2025-05-26
C01744,Franck,Dossou,Nigeria,Abuja,Particulier,2024-09-11
C02197,Yannick,Dossou,Côte d'Ivoire,Abidjan,Particulier,2025-05-10
C01729,Blandine,Assogba,Nigeria,Port Harcourt,PME,2025-08-21
C03338,Aïcha,Tchibozo,Bénin,Parakou,PME,2024-10-20
C00299,Koffi,Diop,Côte d'Ivoire,Yamoussoukro,Particulier,2024-06-03
C01838,Sonia,Diallo,Côte d'Ivoire,Abidjan,Particulier,2024-08-13
C04017,Yannick,Ndiaye,Côte d'Ivoire,Abidjan,Particulier,2026-05-05
C00352,Malick,Amoussou,Ghana,Accra,Entreprise,2025-03-17
C03316,Estelle,Mensah,Nigeria,Lagos,PME,2025-07-15
C02459,Grâce,Traoré,Côte d'Ivoire,San-Pédro,Particulier,2025-01-15
C01030,Ruth,Amani,Bénin,Cotonou,Particulier,2025-03-05
C02320,Aminata,Zinsou,Côte d'Ivoire,San-Pédro,Particulier,2026-05-10
C01478,Blandine,Ahouansou,Sénégal,Saint-Louis,Particulier,2024-08-10
C03774,Hervé,Kouassi,Côte d'Ivoire,San-Pédro,Particulier,2024-04-05
C02903,Malick,Mensah,Nigeria,Lagos,Particulier,2024-06-10
C02293,Sonia,Amani,Côte d'Ivoire,San-Pédro,Particulier,2025-09-02
C03572,Samuel,Sagna,Côte d'Ivoire,Yamoussoukro,Particulier,2025-01-08
C00498,Ruth,Gomis,Bénin,Parakou,Particulier,2026-01-25
C01996,Oumar,Zinsou,Bénin,Parakou,Particulier,2025-11-23
C00735,Grâce,Ahouansou,Nigeria,Abuja,PME,2026-03-01
