order_id,customer_id,order_date,status,sales_channel,payment_method,shipping_fee_usd
O000001,C02040,2026-02-11,Completed,WhatsApp,Mobile Money,7.91
O000002,C02598,2025-12-23,Completed,Site web,Carte bancaire,4.95
O000003,C00134,2025-01-16,Completed,Site web,Mobile Money,10.18
O000004,C02083,2026-04-25,Pending,Boutique,Mobile Money,4.02
O000005,C00365,2025-09-26,Completed,Marketplace,Carte bancaire,8.52
O000006,C01093,2025-03-29,Pending,Site web,Carte bancaire,5.25
O000007,C01508,2026-04-24,Returned,Site web,Virement,2.35
O000008,C00172,2026-05-11,Completed,Site web,Cash,12.13
O000009,C01103,2025-09-30,Completed,Marketplace,Cash,3.87
O000010,C02646,2025-12-29,Returned,WhatsApp,Mobile Money,4.71
O000011,C04192,2025-12-01,Completed,Site web,Mobile Money,8.44
O000012,C03276,2025-06-16,Pending,WhatsApp,Carte bancaire,9.72
O000013,C01287,2026-02-15,Pending,Site web,Cash,2.04
O000014,C03956,2026-07-01,Completed,Site web,Virement,10.32
O000015,C01849,2026-05-27,Completed,Marketplace,Carte bancaire,5.98
O000016,C01491,2026-01-12,Completed,Site web,Virement,5.74
O000017,C03559,2025-07-17,Completed,Site web,Mobile Money,5.5
O000018,C01677,2026-05-13,Completed,WhatsApp,Carte bancaire,5.95
O000019,C03103,2026-05-24,Completed,WhatsApp,Mobile Money,1.5
O000020,C00685,2025-01-04,Completed,Site web,Carte bancaire,7.22
O000021,C01396,2025-07-05,Completed,WhatsApp,Mobile Money,6.61
O000022,C04136,2025-10-30,Completed,Boutique,Mobile Money,4.9
O000023,C01025,2025-11-13,Completed,Boutique,Mobile Money,6.62
O000024,C03569,2026-01-26,Completed,Site web,Carte bancaire,5.38
O000025,C01960,2025-10-09,Completed,Site web,Carte bancaire,5.78
O000026,C04022,2025-01-08,Completed,Marketplace,Virement,7.25
O000027,C01748,2025-04-01,Cancelled,Boutique,Cash,5.32
O000028,C02081,2026-02-22,Completed,Site web,Mobile Money,3.67
O000029,C01658,2026-01-15,Completed,Boutique,Mobile Money,8.28
O000030,C00882,2025-12-23,Completed,Site web,Mobile Money,2.77
O000031,C03544,2025-08-30,Completed,Marketplace,Mobile Money,9.15
O000032,C02408,2025-05-31,Completed,WhatsApp,Carte bancaire,4.97
O000033,C02122,2025-06-18,Completed,Marketplace,Carte bancaire,8.63
O000034,C01563,2026-01-13,Completed,WhatsApp,Mobile Money,10.31
O000035,C03244,2025-10-04,Completed,Boutique,Carte bancaire,5.82
O000036,C01462,2025-03-13,Completed,Site web,Virement,8.62
O000037,C00999,2025-08-07,Completed,Site web,Mobile Money,7.89
O000038,C00346,2026-03-28,Completed,Site web,Cash,6.55
O000039,C03668,2025-11-25,Cancelled,Marketplace,Mobile Money,7.81
O000040,C00308,2026-04-20,Completed,Boutique,Mobile Money,5.16
O000041,C03549,2025-10-06,Completed,Site web,Mobile Money,10.93
O000042,C01591,2025-09-24,Cancelled,Site web,Mobile Money,6.25
O000043,C00011,2026-06-05,Completed,WhatsApp,Mobile Money,3.81
O000044,C03891,2025-10-06,Completed,WhatsApp,Mobile Money,4.7
O000045,C03112,2025-03-16,Pending,WhatsApp,Mobile Money,8.66
O000046,C03037,2025-08-09,Completed,Boutique,Carte bancaire,3.24
O000047,C02302,2025-12-21,Completed,Site web,Mobile Money,11.68
O000048,C03195,2025-07-09,Completed,WhatsApp,Mobile Money,9.92
O000049,C00560,2025-08-13,Cancelled,Site web,Carte bancaire,2.31
O000050,C00985,2026-04-24,Completed,Site web,Carte bancaire,8.32
O000051,C02285,2025-08-27,Completed,Site web,Carte bancaire,3.1
O000052,C03086,2025-06-17,Completed,Boutique,Carte bancaire,3.5
O000053,C02472,2025-03-01,Completed,Site web,Virement,4.59
O000054,C01707,2025-08-09,Completed,Site web,Mobile Money,3.77
O000055,C02822,2026-02-25,Completed,WhatsApp,Virement,8.18
O000056,C00250,2025-06-14,Completed,Site web,Mobile Money,6.76
O000057,C02135,2025-09-15,Completed,Boutique,Cash,7.27
O000058,C01659,2025-12-26,Completed,Boutique,Mobile Money,6.01
O000059,C02093,2026-05-24,Completed,WhatsApp,Cash,4.42
O000060,C00552,2026-03-23,Completed,Site web,Virement,4.44
O000061,C03795,2025-06-06,Completed,Site web,Mobile Money,9.32
O000062,C03586,2025-04-01,Completed,Site web,Mobile Money,4.95
O000063,C03960,2026-01-03,Completed,WhatsApp,Mobile Money,10.19
O000064,C03530,2025-05-20,Cancelled,Site web,Mobile Money,4.09
O000065,C02791,2025-08-04,Completed,Boutique,Mobile Money,6.14
O000066,C01208,2025-02-27,Completed,Marketplace,Carte bancaire,6.93
O000067,C00480,2026-03-01,Cancelled,Boutique,Mobile Money,9.55
O000068,C02571,2025-03-29,Completed,Site web,Mobile Money,8.91
O000069,C03976,2025-07-28,Completed,Boutique,Mobile Money,6.92
O000070,C01528,2025-08-11,Completed,Site web,Mobile Money,6.22
O000071,C04171,2025-01-24,Pending,Marketplace,Mobile Money,3.27
O000072,C00648,2026-03-02,Completed,Site web,Carte bancaire,5.42
O000073,C01190,2025-12-05,Completed,Boutique,Mobile Money,12.79
O000074,C02728,2025-10-24,Completed,Site web,Virement,3.12
O000075,C02070,2025-04-08,Completed,WhatsApp,Carte bancaire,4.31
O000076,C03193,2025-01-30,Completed,Site web,Cash,1.85
O000077,C01449,2025-01-31,Returned,Site web,Mobile Money,3.76
O000078,C03254,2025-12-09,Returned,Site web,Mobile Money,2.45
O000079,C01265,2026-02-14,Completed,Site web,Mobile Money,2.32
O000080,C00627,2026-03-12,Pending,Site web,Mobile Money,6.97
O000081,C02389,2026-03-15,Pending,Marketplace,Cash,8.19
O000082,C02153,2025-08-04,Returned,Site web,Carte bancaire,7.06
O000083,C02382,2025-01-01,Pending,WhatsApp,Cash,2.93
O000084,C00101,2025-05-15,Cancelled,Site web,Cash,1.5
O000085,C01727,2026-03-08,Completed,Boutique,Mobile Money,1.5
O000086,C00379,2026-02-23,Completed,Marketplace,Mobile Money,2.34
O000087,C03381,2025-10-06,Completed,Site web,Mobile Money,2.92
O000088,C00341,2025-01-14,Completed,Marketplace,Carte bancaire,4.62
O000089,C03914,2026-03-02,Cancelled,WhatsApp,Carte bancaire,6.79
O000090,C00241,2026-03-23,Returned,WhatsApp,Mobile Money,4.84
O000091,C02565,2025-05-05,Pending,Site web,Cash,10.75
O000092,C01402,2026-03-17,Pending,Marketplace,Virement,12.92
O000093,C00465,2025-12-17,Completed,Marketplace,Cash,5.68
O000094,C01503,2026-05-02,Completed,Site web,Mobile Money,1.5
O000095,C00168,2025-12-10,Completed,Site web,Virement,4.39
O000096,C02932,2025-02-19,Completed,Site web,Carte bancaire,5.2
O000097,C03658,2025-12-21,Completed,Site web,Mobile Money,8.06
O000098,C01386,2025-03-01,Completed,Site web,Mobile Money,1.99
O000099,C01845,2025-05-22,Completed,Marketplace,Mobile Money,1.5
O000100,C00590,2026-04-24,Completed,Marketplace,Mobile Money,6.79
O000101,C02025,2026-06-15,Completed,Site web,Carte bancaire,4.36
O000102,C03977,2025-09-18,Completed,Site web,Virement,4.31
O000103,C02261,2025-06-09,Pending,WhatsApp,Cash,3.36
O000104,C03678,2025-08-04,Completed,Marketplace,Mobile Money,4.79
O000105,C03277,2025-05-13,Pending,Boutique,Carte bancaire,6.6
O000106,C00522,2025-11-11,Completed,Marketplace,Mobile Money,1.5
O000107,C00223,2025-08-19,Completed,Boutique,Mobile Money,6.05
O000108,C01524,2025-02-02,Completed,WhatsApp,Virement,8.06
O000109,C03949,2025-12-01,Completed,Site web,Cash,7.34
O000110,C00706,2025-12-19,Cancelled,Boutique,Cash,12.32
O000111,C00187,2026-01-01,Completed,WhatsApp,Carte bancaire,4.69
O000112,C04029,2026-06-02,Completed,Boutique,Carte bancaire,5.72
O000113,C00832,2026-01-21,Pending,Boutique,Mobile Money,9.82
O000114,C01496,2026-01-06,Returned,Site web,Carte bancaire,6.16
O000115,C03277,2025-04-26,Completed,Site web,Mobile Money,10.52
O000116,C00413,2025-09-12,Completed,Boutique,Mobile Money,8.45
O000117,C00719,2025-08-27,Completed,Site web,Cash,6.43
O000118,C03053,2026-06-11,Cancelled,Site web,Mobile Money,5.97
O000119,C00028,2025-09-17,Completed,WhatsApp,Virement,5.3
O000120,C02990,2026-01-13,Completed,Site web,Mobile Money,5.9
O000121,C02279,2025-10-24,Returned,WhatsApp,Virement,3.46
O000122,C01013,2025-02-01,Completed,WhatsApp,Cash,8.03
O000123,C02577,2026-05-28,Completed,WhatsApp,Mobile Money,11.74
O000124,C01351,2026-01-03,Returned,Marketplace,Mobile Money,1.5
O000125,C03986,2025-05-07,Completed,Site web,Virement,9.54
O000126,C01744,2025-02-02,Completed,Marketplace,Mobile Money,6.73
O000127,C03144,2026-05-29,Completed,Boutique,Mobile Money,9.13
O000128,C01125,2025-06-18,Completed,Boutique,Mobile Money,4.24
O000129,C03501,2025-01-10,Completed,Boutique,Mobile Money,5.46
O000130,C01214,2025-12-04,Completed,Site web,Mobile Money,9.8
O000131,C02134,2025-01-09,Completed,WhatsApp,Mobile Money,5.85
O000132,C03367,2025-04-29,Completed,Site web,Mobile Money,8.47
O000133,C03890,2026-05-05,Pending,WhatsApp,Cash,4.23
O000134,C03158,2025-01-21,Completed,Site web,Mobile Money,5.41
O000135,C02804,2026-02-17,Completed,Site web,Mobile Money,7.53
O000136,C02910,2025-12-05,Returned,Marketplace,Virement,7.21
O000137,C01707,2025-06-17,Completed,Marketplace,Virement,8.48
O000138,C02885,2025-06-06,Completed,WhatsApp,Carte bancaire,4.98
O000139,C02414,2025-09-18,Completed,Site web,Mobile Money,6.0
O000140,C02192,2025-10-20,Completed,Boutique,Mobile Money,8.91
O000141,C01316,2026-05-03,Completed,Marketplace,Cash,10.33
O000142,C01474,2025-05-24,Completed,Site web,Virement,3.48
O000143,C00519,2025-11-20,Returned,Site web,Mobile Money,9.56
O000144,C03027,2026-01-12,Completed,Marketplace,Carte bancaire,3.69
O000145,C00094,2025-01-07,Completed,Site web,Carte bancaire,6.62
O000146,C00489,2026-05-06,Pending,Boutique,Virement,6.85
O000147,C01231,2026-06-28,Returned,WhatsApp,Mobile Money,4.54
O000148,C00593,2025-02-17,Completed,WhatsApp,Cash,5.47
O000149,C03149,2025-05-24,Completed,Site web,Virement,1.5
O000150,C00531,2026-03-07,Completed,Boutique,Carte bancaire,8.17
O000151,C01918,2026-03-20,Completed,WhatsApp,Carte bancaire,5.17
O000152,C03078,2025-03-27,Completed,Marketplace,Carte bancaire,5.87
O000153,C02475,2026-05-18,Completed,WhatsApp,Virement,4.28
O000154,C02485,2025-06-30,Completed,Marketplace,Carte bancaire,8.18
O000155,C01446,2025-06-10,Completed,Site web,Virement,6.56
O000156,C01891,2025-07-15,Returned,Site web,Virement,2.55
O000157,C03222,2026-01-04,Completed,Marketplace,Carte bancaire,5.66
O000158,C02001,2025-04-24,Completed,Site web,Mobile Money,2.89
O000159,C02940,2025-10-25,Pending,Site web,Mobile Money,6.06
O000160,C03476,2025-02-11,Completed,Site web,Mobile Money,8.05
O000161,C01029,2025-03-22,Completed,Boutique,Mobile Money,6.58
O000162,C00512,2026-02-26,Completed,Boutique,Carte bancaire,7.3
O000163,C01946,2025-07-30,Completed,Marketplace,Carte bancaire,9.17
O000164,C01610,2026-03-11,Completed,Site web,Mobile Money,3.54
O000165,C00630,2026-02-09,Completed,Site web,Carte bancaire,4.68
O000166,C03193,2026-07-01,Completed,Site web,Mobile Money,1.5
O000167,C02621,2025-03-17,Returned,Marketplace,Cash,4.86
O000168,C02763,2026-05-28,Completed,WhatsApp,Carte bancaire,4.16
O000169,C02979,2026-05-04,Pending,Site web,Mobile Money,7.96
O000170,C01828,2025-08-27,Pending,Site web,Virement,7.38
O000171,C02144,2025-03-16,Completed,Site web,Mobile Money,10.5
O000172,C00943,2025-03-15,Completed,Boutique,Mobile Money,4.5
O000173,C03072,2025-10-07,Cancelled,WhatsApp,Mobile Money,7.19
O000174,C03976,2025-01-06,Completed,WhatsApp,Mobile Money,8.22
O000175,C03671,2025-02-22,Completed,WhatsApp,Virement,12.87
O000176,C01714,2025-10-19,Completed,Site web,Cash,7.31
O000177,C00210,2025-11-05,Completed,Boutique,Virement,5.86
O000178,C03687,2026-04-17,Completed,Boutique,Mobile Money,6.38
O000179,C02415,2026-06-18,Returned,Site web,Mobile Money,7.4
O000180,C03267,2025-05-27,Completed,WhatsApp,Mobile Money,10.12
O000181,C01265,2025-06-30,Completed,Marketplace,Mobile Money,4.72
O000182,C03619,2025-04-20,Completed,WhatsApp,Cash,3.87
O000183,C03521,2025-05-04,Completed,WhatsApp,Mobile Money,13.87
O000184,C00072,2025-08-29,Completed,Boutique,Mobile Money,2.62
O000185,C02373,2026-06-29,Completed,Site web,Carte bancaire,8.57
O000186,C02006,2026-05-05,Completed,Site web,Carte bancaire,7.25
O000187,C02764,2026-05-16,Completed,WhatsApp,Cash,6.97
O000188,C01090,2025-09-05,Completed,Site web,Cash,2.32
O000189,C00412,2025-12-27,Completed,Boutique,Mobile Money,14.13
O000190,C01151,2026-02-01,Completed,Boutique,Cash,6.53
O000191,C02207,2025-05-14,Completed,Site web,Cash,4.45
O000192,C01134,2025-09-11,Completed,Marketplace,Virement,2.01
O000193,C01950,2025-10-29,Completed,Marketplace,Cash,1.5
O000194,C01636,2025-07-24,Completed,Site web,Carte bancaire,8.11
O000195,C02916,2025-09-17,Completed,WhatsApp,Mobile Money,3.49
O000196,C01725,2025-08-30,Completed,Site web,Virement,5.2
O000197,C00607,2025-02-03,Completed,Marketplace,Mobile Money,4.19
O000198,C02663,2026-02-26,Completed,WhatsApp,Cash,7.61
O000199,C00894,2026-05-09,Completed,Boutique,Carte bancaire,7.17
O000200,C01262,2026-02-18,Completed,Marketplace,Carte bancaire,8.26
O000201,C02969,2026-05-27,Pending,WhatsApp,Virement,8.37
O000202,C01146,2025-08-25,Completed,Marketplace,Mobile Money,3.85
O000203,C00260,2025-01-31,Completed,Site web,Mobile Money,1.96
O000204,C01515,2025-05-27,Completed,Site web,Virement,5.55
O000205,C01630,2026-04-13,Cancelled,Site web,Mobile Money,7.55
O000206,C02884,2025-03-18,Completed,Marketplace,Virement,6.32
O000207,C02979,2025-10-27,Completed,Site web,Cash,1.5
O000208,C00001,2025-01-01,Pending,Site web,Mobile Money,6.17
O000209,C03179,2025-06-27,Completed,Boutique,Carte bancaire,3.0
O000210,C03138,2025-03-04,Completed,Site web,Mobile Money,6.07
O000211,C00729,2025-03-04,Completed,WhatsApp,Virement,8.89
O000212,C01424,2025-04-01,Pending,Site web,Carte bancaire,1.5
O000213,C03221,2025-10-22,Completed,Site web,Mobile Money,10.52
O000214,C02421,2026-01-14,Returned,Site web,Virement,2.86
O000215,C01427,2025-06-07,Completed,Boutique,Mobile Money,8.99
O000216,C03199,2026-03-25,Pending,Site web,Virement,8.52
O000217,C02653,2025-08-03,Completed,Site web,Mobile Money,5.1
O000218,C02146,2026-02-08,Completed,Boutique,Cash,7.36
O000219,C00026,2025-10-18,Completed,Site web,Carte bancaire,3.9
O000220,C02719,2026-02-01,Cancelled,WhatsApp,Carte bancaire,1.5
O000221,C00756,2026-06-21,Completed,WhatsApp,Mobile Money,9.41
O000222,C03864,2026-06-29,Completed,Marketplace,Carte bancaire,3.95
O000223,C00794,2025-11-18,Completed,Marketplace,Carte bancaire,11.4
O000224,C00126,2026-06-12,Completed,Site web,Carte bancaire,8.65
O000225,C01581,2026-01-20,Completed,Boutique,Virement,3.47
O000226,C01469,2025-05-28,Completed,WhatsApp,Carte bancaire,7.77
O000227,C01480,2026-05-28,Completed,Site web,Carte bancaire,7.58
O000228,C03893,2025-03-21,Pending,WhatsApp,Virement,11.17
O000229,C01153,2025-09-14,Completed,Marketplace,Carte bancaire,4.53
O000230,C03518,2025-03-26,Returned,Boutique,Virement,5.3
O000231,C00684,2026-03-06,Completed,WhatsApp,Cash,7.3
O000232,C02591,2026-05-06,Completed,Site web,Mobile Money,6.05
O000233,C00550,2026-03-25,Completed,WhatsApp,Carte bancaire,1.83
O000234,C00964,2025-02-26,Completed,WhatsApp,Mobile Money,9.04
O000235,C00622,2025-05-29,Completed,Site web,Carte bancaire,10.79
O000236,C01389,2025-07-06,Pending,Marketplace,Mobile Money,6.46
O000237,C01932,2025-03-05,Completed,Marketplace,Carte bancaire,2.18
O000238,C03604,2025-10-18,Completed,Marketplace,Mobile Money,5.66
O000239,C03177,2025-01-19,Completed,Boutique,Carte bancaire,3.27
O000240,C02933,2025-12-03,Pending,WhatsApp,Mobile Money,5.22
O000241,C02054,2025-11-11,Completed,Site web,Mobile Money,6.56
O000242,C01200,2025-11-23,Pending,Marketplace,Carte bancaire,7.97
O000243,C01246,2026-05-16,Completed,Site web,Carte bancaire,10.22
O000244,C00556,2026-03-07,Completed,Site web,Carte bancaire,7.88
O000245,C02792,2025-05-23,Returned,Site web,Carte bancaire,2.83
O000246,C03280,2025-11-10,Completed,Boutique,Mobile Money,8.05
O000247,C02301,2026-03-16,Completed,Site web,Carte bancaire,5.14
O000248,C02421,2026-04-12,Cancelled,Boutique,Mobile Money,5.48
O000249,C01565,2025-12-19,Completed,WhatsApp,Mobile Money,5.96
O000250,C04047,2025-02-16,Completed,Site web,Virement,6.41
O000251,C03728,2025-08-27,Returned,Boutique,Cash,9.04
O000252,C01708,2026-04-16,Completed,Boutique,Mobile Money,7.49
O000253,C03172,2025-02-10,Returned,Site web,Mobile Money,2.44
O000254,C01466,2025-11-20,Pending,Site web,Virement,1.5
O000255,C00520,2025-10-24,Completed,WhatsApp,Cash,7.95
O000256,C01222,2025-05-03,Completed,Site web,Mobile Money,7.62
O000257,C03505,2025-07-08,Completed,Site web,Virement,9.78
O000258,C02024,2026-06-20,Completed,Marketplace,Mobile Money,5.7
O000259,C03635,2025-11-23,Completed,Site web,Mobile Money,6.84
O000260,C01356,2026-05-30,Pending,WhatsApp,Mobile Money,7.43
O000261,C01932,2025-09-16,Returned,Site web,Carte bancaire,1.5
O000262,C00308,2026-04-09,Returned,Site web,Carte bancaire,1.5
O000263,C03280,2025-12-06,Returned,Site web,Carte bancaire,8.21
O000264,C01311,2026-05-15,Completed,Site web,Mobile Money,7.11
O000265,C00383,2025-06-29,Completed,Boutique,Mobile Money,10.04
O000266,C00920,2025-07-29,Completed,Boutique,Carte bancaire,11.53
O000267,C02796,2025-01-23,Completed,WhatsApp,Carte bancaire,5.1
O000268,C03425,2025-05-05,Cancelled,Marketplace,Mobile Money,4.94
O000269,C04011,2025-03-17,Pending,Site web,Carte bancaire,1.93
O000270,C00990,2025-04-11,Pending,WhatsApp,Mobile Money,7.55
O000271,C02480,2025-06-18,Completed,Boutique,Virement,1.5
O000272,C01928,2026-04-24,Completed,WhatsApp,Virement,3.09
O000273,C03005,2025-07-27,Completed,Marketplace,Mobile Money,6.93
O000274,C02826,2026-03-29,Completed,WhatsApp,Virement,4.02
O000275,C00295,2026-03-23,Completed,Marketplace,Carte bancaire,5.86
O000276,C00627,2026-06-22,Completed,Site web,Carte bancaire,5.38
O000277,C02479,2025-10-06,Completed,Site web,Carte bancaire,2.66
O000278,C02232,2026-04-10,Completed,Site web,Cash,1.5
O000279,C03721,2025-08-18,Pending,Boutique,Mobile Money,8.1
O000280,C03559,2025-12-13,Completed,Site web,Mobile Money,5.47
O000281,C00246,2026-03-21,Completed,Site web,Virement,7.02
O000282,C02454,2025-03-19,Pending,Marketplace,Mobile Money,5.82
O000283,C01708,2025-02-01,Returned,WhatsApp,Virement,5.77
O000284,C02027,2025-04-01,Completed,Site web,Mobile Money,6.49
O000285,C00273,2026-01-31,Completed,Site web,Cash,5.42
O000286,C03524,2025-09-17,Completed,Boutique,Mobile Money,4.98
O000287,C00694,2025-06-03,Completed,Marketplace,Cash,2.98
O000288,C03979,2026-02-25,Completed,Boutique,Virement,13.45
O000289,C03912,2025-01-09,Completed,Site web,Cash,9.02
O000290,C03449,2025-04-05,Completed,WhatsApp,Mobile Money,10.47
O000291,C00495,2025-09-15,Completed,Site web,Mobile Money,9.81
O000292,C01716,2026-05-17,Completed,Marketplace,Mobile Money,5.16
O000293,C00101,2026-02-15,Completed,Boutique,Virement,5.45
O000294,C02570,2026-01-10,Completed,Boutique,Mobile Money,6.01
O000295,C03630,2026-01-25,Completed,Site web,Carte bancaire,4.91
O000296,C02212,2025-06-21,Completed,Site web,Mobile Money,8.63
O000297,C00097,2025-09-03,Completed,Boutique,Carte bancaire,3.56
O000298,C01274,2026-05-01,Completed,WhatsApp,Carte bancaire,2.8
O000299,C00715,2026-02-04,Completed,Site web,Mobile Money,2.11
O000300,C01829,2025-11-25,Pending,Boutique,Carte bancaire,5.03
O000301,C01562,2025-02-15,Completed,Site web,Mobile Money,4.58
O000302,C03483,2026-02-06,Completed,Boutique,Cash,4.14
O000303,C00929,2025-07-20,Completed,Boutique,Virement,6.25
O000304,C01263,2025-07-31,Pending,Site web,Mobile Money,2.5
O000305,C00998,2026-01-05,Completed,Boutique,Mobile Money,8.23
O000306,C03737,2025-08-04,Completed,Site web,Carte bancaire,2.71
O000307,C01238,2025-11-10,Completed,WhatsApp,Virement,2.48
O000308,C04165,2025-01-07,Completed,Marketplace,Cash,4.07
O000309,C02799,2025-04-12,Completed,Marketplace,Mobile Money,5.59
O000310,C01289,2025-10-22,Completed,Site web,Carte bancaire,8.58
O000311,C02496,2026-06-09,Completed,Boutique,Mobile Money,5.78
O000312,C00516,2026-02-21,Completed,WhatsApp,Mobile Money,1.5
O000313,C03796,2025-08-17,Completed,Boutique,Cash,7.46
O000314,C04021,2026-06-15,Completed,Site web,Cash,7.4
O000315,C01234,2025-05-31,Pending,WhatsApp,Mobile Money,4.26
O000316,C00719,2026-05-04,Completed,Site web,Mobile Money,6.51
O000317,C01800,2025-08-10,Completed,Marketplace,Carte bancaire,10.3
O000318,C03241,2025-02-17,Completed,Marketplace,Mobile Money,3.41
O000319,C02633,2025-01-02,Completed,Site web,Virement,8.88
O000320,C00165,2026-06-22,Completed,WhatsApp,Carte bancaire,9.8
O000321,C00035,2025-12-18,Completed,Site web,Carte bancaire,-5.0
O000322,C00990,2025-03-23,Completed,Site web,Mobile Money,2.31
O000323,C03169,2026-06-28,Completed,Site web,Carte bancaire,9.92
O000324,C01093,2025-01-23,Completed,Boutique,Carte bancaire,8.75
O000325,C03757,2025-07-03,Completed,Site web,Carte bancaire,7.65
O000326,C01249,2026-02-15,Completed,WhatsApp,Carte bancaire,5.84
O000327,C03749,2025-01-30,Completed,Marketplace,Virement,9.47
O000328,C03862,2026-05-12,Completed,Site web,Mobile Money,3.45
O000329,C03057,2026-01-07,Completed,WhatsApp,Mobile Money,8.57
O000330,C00737,2026-06-05,Completed,Marketplace,Mobile Money,5.03
O000331,C00302,2026-04-04,Returned,Boutique,Carte bancaire,1.5
O000332,C00730,2026-03-29,Completed,Site web,Mobile Money,2.99
O000333,C02658,2025-05-05,Completed,Site web,Carte bancaire,7.21
O000334,C02906,2025-04-23,Completed,Boutique,Mobile Money,6.67
O000335,C04139,2025-05-13,Completed,Site web,Cash,7.33
O000336,C04000,2025-03-26,Completed,WhatsApp,Carte bancaire,4.9
O000337,C01294,2025-12-31,Pending,Site web,Mobile Money,6.63
O000338,C01635,2025-02-02,Returned,Boutique,Mobile Money,7.88
O000339,C03244,2025-08-23,Completed,Site web,Mobile Money,13.08
O000340,C03248,2025-11-15,Cancelled,Site web,Virement,4.82
O000341,C01318,2025-10-23,Completed,Boutique,Virement,9.07
O000342,C00131,2025-09-24,Completed,Site web,Virement,7.94
O000343,C00406,2025-05-03,Completed,WhatsApp,Mobile Money,6.37
O000344,C03462,2025-03-01,Completed,Marketplace,Cash,2.1
O000345,C01464,2026-06-26,Completed,WhatsApp,Mobile Money,10.17
O000346,C03039,2025-09-12,Completed,Site web,Carte bancaire,6.75
O000347,C03364,2025-11-23,Completed,Marketplace,Carte bancaire,4.23
O000348,C03766,2025-11-07,Completed,Site web,Mobile Money,3.35
O000349,C02067,2025-07-22,Completed,Site web,Mobile Money,6.78
O000350,C02678,2026-02-01,Completed,Site web,Mobile Money,3.19
O000351,C00822,2025-07-26,Completed,Boutique,Virement,4.29
O000352,C03954,2025-08-15,Pending,Site web,Carte bancaire,4.23
O000353,C03710,2026-03-17,Completed,Site web,Cash,6.14
O000354,C01638,2025-06-24,Completed,Site web,Carte bancaire,7.8
O000355,C01543,2026-01-19,Cancelled,Site web,Mobile Money,5.05
O000356,C03077,2025-12-31,Completed,Boutique,Mobile Money,5.36
O000357,C01740,2025-01-17,Completed,WhatsApp,Carte bancaire,6.32
O000358,C03048,2026-01-10,Pending,WhatsApp,Mobile Money,3.75
O000359,C00380,2026-03-16,Completed,Site web,Mobile Money,4.24
O000360,C01129,2025-05-29,Completed,Marketplace,Mobile Money,4.6
O000361,C03278,2026-05-17,Completed,Site web,Carte bancaire,6.86
O000362,C03867,2025-01-11,Completed,Site web,Carte bancaire,10.83
O000363,C00110,2025-04-09,Completed,Site web,Mobile Money,2.26
O000364,C03273,2026-06-03,Completed,Marketplace,Virement,6.72
O000365,C00291,2026-04-14,Completed,WhatsApp,Cash,5.31
O000366,C03639,2026-02-18,Completed,Site web,Virement,5.49
O000367,C01064,2025-11-27,Completed,Site web,Mobile Money,4.54
O000368,C01523,2025-04-21,Completed,WhatsApp,Virement,9.42
O000369,C03012,2025-09-26,Completed,Site web,Carte bancaire,1.5
O000370,C03534,2025-11-06,Completed,WhatsApp,Mobile Money,2.59
O000371,C01742,2025-02-19,Completed,Site web,Carte bancaire,9.27
O000372,C01323,2025-11-23,Completed,Site web,Cash,9.49
O000373,C04116,2025-02-18,Pending,Boutique,Mobile Money,11.28
O000374,C04051,2025-03-11,Completed,WhatsApp,Mobile Money,6.92
O000375,C02201,2025-04-04,Completed,Site web,Mobile Money,7.45
O000376,C00101,2025-04-16,Completed,Site web,Carte bancaire,1.5
O000377,C04070,2025-02-14,Completed,Marketplace,Virement,6.01
O000378,C02601,2026-06-09,Completed,Boutique,Mobile Money,7.68
O000379,C02323,2026-03-16,Completed,Boutique,Mobile Money,4.54
O000380,C00472,2025-10-06,Completed,Boutique,Cash,5.72
O000381,C04172,2025-07-22,Completed,Site web,Virement,9.7
O000382,C03019,2025-04-15,Completed,Site web,Cash,10.37
O000383,C00915,2026-06-05,Completed,Site web,Mobile Money,6.75
O000384,C01528,2026-03-14,Completed,Site web,Cash,5.85
O000385,C01444,2026-02-17,Completed,Boutique,Mobile Money,8.19
O000386,C03657,2025-09-15,Pending,Site web,Carte bancaire,4.89
O000387,C01998,2025-01-16,Completed,WhatsApp,Carte bancaire,9.13
O000388,C03666,2025-12-16,Completed,Site web,Cash,4.43
O000389,C02890,2025-09-25,Completed,Boutique,Mobile Money,8.25
O000390,C01546,2025-06-13,Completed,Boutique,Cash,5.94
O000391,C01705,2025-06-22,Completed,Boutique,Cash,4.14
O000392,C03402,2025-02-01,Cancelled,Site web,Cash,7.08
O000393,C02098,2026-04-23,Completed,Marketplace,Mobile Money,4.82
O000394,C02861,2025-04-01,Completed,Marketplace,Mobile Money,8.98
O000395,C00517,2026-03-22,Pending,WhatsApp,Mobile Money,3.02
O000396,C01792,2026-06-18,Completed,WhatsApp,Carte bancaire,6.67
O000397,C02424,2025-01-26,Returned,Site web,Mobile Money,3.8
O000398,C01442,2025-12-08,Completed,Boutique,Carte bancaire,9.6
O000399,C03561,2025-02-06,Completed,Marketplace,Virement,8.14
O000400,C00884,2026-04-01,Completed,Site web,Cash,5.87
O000401,C03568,2025-10-05,Completed,Site web,Mobile Money,5.95
O000402,C00266,2025-01-12,Completed,Site web,Mobile Money,11.05
O000403,C01795,2026-02-28,Completed,Marketplace,Carte bancaire,8.28
O000404,C02173,2026-02-24,Completed,WhatsApp,Cash,3.73
O000405,C01066,2026-05-22,Completed,Marketplace,Mobile Money,8.8
O000406,C02269,2025-09-23,Completed,WhatsApp,Mobile Money,4.31
O000407,C03785,2026-05-27,Cancelled,Site web,Mobile Money,6.46
O000408,C01865,2025-12-31,Completed,WhatsApp,Virement,1.5
O000409,C02265,2025-10-16,Completed,Site web,Mobile Money,8.44
O000410,C03993,2025-07-16,Completed,Site web,Cash,3.99
O000411,C03880,2025-06-10,Completed,Site web,Cash,5.38
O000412,C00058,2025-12-07,Completed,WhatsApp,Virement,1.82
O000413,C03050,2026-02-10,Completed,Site web,Carte bancaire,6.54
O000414,C03572,2025-01-20,Completed,Site web,Cash,6.21
O000415,C03959,2025-08-14,Completed,Marketplace,Mobile Money,2.18
O000416,C03364,2025-01-25,Completed,Site web,Mobile Money,6.1
O000417,C00348,2025-08-06,Completed,Marketplace,Carte bancaire,5.2
O000418,C03187,2026-03-14,Completed,WhatsApp,Carte bancaire,9.67
O000419,C03547,2026-01-14,Cancelled,WhatsApp,Mobile Money,3.87
O000420,C02205,2025-03-10,Completed,Site web,Carte bancaire,7.44
O000421,C00088,2026-01-28,Completed,Site web,Cash,1.59
O000422,C00800,2025-01-08,Cancelled,Boutique,Mobile Money,6.24
O000423,C01156,2025-01-07,Completed,Marketplace,Mobile Money,7.07
O000424,C03625,2026-05-16,Completed,WhatsApp,Cash,7.22
O000425,C00529,2025-01-18,Completed,Site web,Virement,5.64
O000426,C03128,2025-05-26,Completed,Boutique,Mobile Money,11.2
O000427,C00753,2025-03-14,Completed,Marketplace,Carte bancaire,4.92
O000428,C03498,2025-11-16,Completed,WhatsApp,Mobile Money,7.45
O000429,C00048,2025-10-14,Cancelled,Site web,Mobile Money,5.06
O000430,C00991,2026-04-05,Completed,Site web,Mobile Money,3.49
O000431,C00427,2026-06-25,Completed,Marketplace,Mobile Money,2.44
O000432,C02329,2026-02-13,Returned,Site web,Carte bancaire,3.26
O000433,C03281,2025-09-13,Completed,Site web,Mobile Money,7.81
O000434,C01748,2025-01-26,Cancelled,Boutique,Mobile Money,9.98
O000435,C02241,2026-05-21,Cancelled,WhatsApp,Mobile Money,7.8
O000436,C02687,2025-11-04,Returned,Site web,Mobile Money,4.99
O000437,C01911,2025-04-30,Completed,WhatsApp,Carte bancaire,4.12
O000438,C03161,2025-10-24,Completed,Marketplace,Carte bancaire,6.49
O000439,C01193,2025-08-03,Pending,Boutique,Cash,2.88
O000440,C00730,2025-07-11,Completed,Site web,Mobile Money,8.65
O000441,C00787,2025-09-06,Completed,Marketplace,Mobile Money,7.11
O000442,C00731,2026-02-17,Completed,WhatsApp,Carte bancaire,3.1
O000443,C00159,2025-03-31,Completed,Site web,Mobile Money,10.47
O000444,C00184,2026-06-13,Pending,Site web,Carte bancaire,2.38
O000445,C00222,2025-02-04,Returned,Marketplace,Carte bancaire,6.16
O000446,C00661,2025-03-22,Completed,Site web,Mobile Money,8.5
O000447,C02664,2026-01-06,Completed,Site web,Mobile Money,8.2
O000448,C01009,2025-03-21,Completed,WhatsApp,Mobile Money,4.13
O000449,C02456,2026-03-03,Completed,Boutique,Carte bancaire,4.76
O000450,C00305,2026-02-07,Completed,Site web,Mobile Money,3.13
O000451,C03363,2025-08-24,Completed,Boutique,Mobile Money,6.66
O000452,C01494,2025-09-07,Completed,Boutique,Carte bancaire,8.46
O000453,C01853,2026-07-02,Completed,Boutique,Mobile Money,1.5
O000454,C02836,2026-03-12,Completed,Boutique,Mobile Money,7.67
O000455,C04190,2025-12-13,Completed,Site web,Mobile Money,4.52
O000456,C03331,2025-03-19,Completed,Marketplace,Mobile Money,5.72
O000457,C01686,2025-11-20,Completed,WhatsApp,Mobile Money,2.81
O000458,C01453,2025-01-22,Completed,Site web,Virement,4.14
O000459,C01423,2025-05-18,Completed,Site web,Mobile Money,11.98
O000460,C00353,2026-01-18,Completed,WhatsApp,Virement,4.99
O000461,C01419,2025-08-12,Completed,Site web,Cash,5.97
O000462,C03190,2026-06-30,Pending,WhatsApp,Mobile Money,3.26
O000463,C01161,2026-05-30,Completed,Site web,Mobile Money,13.75
O000464,C01643,2025-02-21,Completed,Boutique,Mobile Money,7.4
O000465,C00291,2026-04-30,Completed,Site web,Virement,5.94
O000466,C01056,2026-04-19,Completed,WhatsApp,Cash,8.76
O000467,C00289,2025-02-28,Completed,WhatsApp,Carte bancaire,7.06
O000468,C01977,2025-07-31,Pending,Site web,Cash,5.48
O000469,C01248,2026-06-04,Completed,Marketplace,Virement,5.62
O000470,C04074,2025-01-10,Completed,WhatsApp,Carte bancaire,1.5
O000471,C02477,2025-02-02,Pending,Boutique,Cash,4.9
O000472,C01566,2025-10-07,Completed,Site web,Carte bancaire,4.48
O000473,C02258,2026-06-07,Completed,Boutique,Mobile Money,6.96
O000474,C04030,2025-06-02,Completed,Marketplace,Carte bancaire,5.36
O000475,C00759,2026-02-28,Completed,Site web,Carte bancaire,8.06
O000476,C01064,2026-01-15,Completed,Marketplace,Mobile Money,6.3
O000477,C02291,2025-03-22,Completed,Site web,Carte bancaire,3.48
O000478,C00444,2025-06-07,Completed,Boutique,Mobile Money,10.47
O000479,C02183,2025-12-09,Completed,WhatsApp,Mobile Money,4.84
O000480,C00661,2025-09-21,Completed,Site web,Mobile Money,7.66
O000481,C03630,2025-05-11,Returned,WhatsApp,Carte bancaire,2.07
O000482,C03250,2025-04-20,Completed,Site web,Mobile Money,8.31
O000483,C00205,2025-11-02,Completed,Marketplace,Mobile Money,1.5
O000484,C02258,2026-03-30,Completed,Boutique,Mobile Money,11.81
O000485,C00882,2025-08-15,Completed,WhatsApp,Virement,8.05
O000486,C02445,2026-05-23,Completed,Site web,Carte bancaire,5.35
O000487,C02288,2026-01-01,Completed,Marketplace,Mobile Money,7.71
O000488,C04065,2025-08-10,Completed,Boutique,Carte bancaire,2.2
O000489,C00746,2026-01-23,Completed,Boutique,Carte bancaire,5.39
O000490,C02121,2025-09-03,Completed,Site web,Carte bancaire,8.23
O000491,C04056,2026-02-19,Completed,WhatsApp,Virement,7.72
O000492,C00492,2026-06-23,Completed,Site web,Carte bancaire,5.98
O000493,C01067,2026-03-08,Completed,Boutique,Mobile Money,6.95
O000494,C03018,2025-03-19,Completed,Site web,Virement,9.24
O000495,C00455,2025-02-09,Completed,Site web,Mobile Money,8.17
O000496,C00873,2026-03-20,Completed,Site web,Cash,1.5
O000497,C04021,2026-04-10,Completed,Site web,Cash,5.98
O000498,C02443,2025-11-07,Returned,WhatsApp,Mobile Money,6.06
O000499,C00236,2025-05-15,Completed,Boutique,Virement,2.25
O000500,C03589,2026-04-28,Completed,Marketplace,Cash,2.83
O000501,C02199,2025-09-03,Pending,Site web,Cash,10.49
O000502,C02004,2025-06-10,Completed,Site web,Mobile Money,3.82
O000503,C04169,2025-07-20,Completed,Site web,Mobile Money,4.73
O000504,C01320,2025-06-12,Completed,Boutique,Carte bancaire,3.6
O000505,C01591,2025-06-04,Pending,Marketplace,Carte bancaire,7.24
O000506,C02418,2025-06-28,Completed,Site web,Mobile Money,6.84
O000507,C01015,2026-01-05,Completed,Site web,Mobile Money,11.82
O000508,C00534,2025-01-10,Pending,Marketplace,Mobile Money,4.39
O000509,C00580,2025-07-18,Completed,WhatsApp,Mobile Money,7.57
O000510,C01292,2025-04-04,Completed,Site web,Mobile Money,1.5
O000511,C00335,2025-12-22,Completed,Site web,Mobile Money,1.75
O000512,C02118,2026-06-30,Completed,Site web,Mobile Money,9.99
O000513,C04173,2026-03-08,Pending,Site web,Carte bancaire,9.32
O000514,C01068,2025-05-17,Completed,WhatsApp,Mobile Money,7.33
O000515,C00172,2025-10-09,Pending,Boutique,Mobile Money,9.38
O000516,C00165,2025-01-11,Completed,Site web,Mobile Money,2.77
O000517,C00699,2025-08-15,Cancelled,WhatsApp,Mobile Money,10.96
O000518,C02458,2025-06-02,Completed,Site web,Mobile Money,2.9
O000519,C01977,2025-10-02,Completed,Site web,Carte bancaire,6.97
O000520,C01686,2025-08-12,Pending,Site web,Carte bancaire,14.32
O000521,C03170,2026-01-10,Completed,Site web,Mobile Money,3.35
O000522,C01641,2025-10-28,Completed,Marketplace,Cash,10.05
O000523,C02588,2026-05-30,Completed,Site web,Virement,8.9
O000524,C04187,2025-02-07,Pending,Site web,Cash,4.4
O000525,C00712,2026-06-02,Completed,Boutique,Carte bancaire,12.27
O000526,C00470,2026-03-10,Completed,Site web,Carte bancaire,3.27
O000527,C00914,2026-01-26,Completed,Site web,Carte bancaire,5.89
O000528,C00648,2026-03-29,Pending,Site web,Carte bancaire,7.92
O000529,C03483,2025-01-28,Cancelled,Site web,Carte bancaire,5.71
O000530,C03681,2025-04-27,Completed,Site web,Mobile Money,15.33
O000531,C02352,2025-01-01,Completed,Boutique,Mobile Money,2.23
O000532,C00548,2026-03-14,Completed,Site web,Virement,10.85
O000533,C03576,2025-07-14,Completed,Site web,Mobile Money,1.5
O000534,C03855,2025-07-18,Completed,Boutique,Carte bancaire,1.5
O000535,C01713,2025-12-01,Completed,Site web,Mobile Money,6.16
O000536,C02823,2025-08-20,Completed,Site web,Carte bancaire,8.21
O000537,C02556,2025-12-16,Completed,Site web,Carte bancaire,10.47
O000538,C02219,2026-05-29,Completed,Site web,Carte bancaire,10.83
O000539,C01484,2025-07-01,Pending,WhatsApp,Mobile Money,6.6
O000540,C01170,2026-05-04,Completed,Site web,Mobile Money,7.5
O000541,C01158,2025-10-19,Pending,Site web,Mobile Money,6.73
O000542,C01510,2025-07-25,Pending,WhatsApp,Carte bancaire,10.58
O000543,C03192,2026-05-19,Completed,Boutique,Mobile Money,2.29
O000544,C03470,2025-09-25,Completed,WhatsApp,Mobile Money,4.01
O000545,C00476,2025-03-12,Completed,Site web,Mobile Money,8.57
O000546,C00242,2025-06-07,Completed,Site web,Virement,9.16
O000547,C02009,2026-04-09,Completed,Site web,Mobile Money,10.04
O000548,C03228,2025-10-10,Completed,Site web,Mobile Money,5.79
O000549,C02356,2025-11-03,Completed,Site web,Carte bancaire,4.51
O000550,C03477,2026-01-09,Cancelled,WhatsApp,Carte bancaire,8.11
O000551,C02997,2025-04-17,Completed,Marketplace,Mobile Money,2.71
O000552,C02966,2025-02-20,Completed,Boutique,Carte bancaire,11.0
O000553,C02262,2025-08-30,Completed,Site web,Mobile Money,4.49
O000554,C00229,2026-05-20,Pending,Boutique,Carte bancaire,5.17
O000555,C00755,2025-03-11,Returned,Site web,Mobile Money,8.25
O000556,C03120,2026-01-29,Completed,Boutique,Carte bancaire,3.82
O000557,C01297,2026-06-21,Completed,WhatsApp,Carte bancaire,2.55
O000558,C03038,2025-02-23,Completed,WhatsApp,Cash,9.46
O000559,C01425,2025-03-14,Completed,Site web,Mobile Money,2.87
O000560,C00055,2026-04-22,Cancelled,Boutique,Mobile Money,6.78
O000561,C02841,2025-03-01,Completed,WhatsApp,Mobile Money,6.06
O000562,C03748,2026-02-12,Completed,WhatsApp,Carte bancaire,1.5
O000563,C01874,2026-03-13,Completed,WhatsApp,Mobile Money,2.86
O000564,C00556,2025-06-21,Completed,Site web,Cash,7.06
O000565,C01742,2025-06-09,Completed,WhatsApp,Mobile Money,9.7
O000566,C04036,2025-10-13,Completed,Site web,Cash,3.71
O000567,C01338,2025-10-05,Completed,Site web,Mobile Money,3.34
O000568,C00298,2026-04-17,Completed,WhatsApp,Carte bancaire,7.89
O000569,C03225,2025-11-21,Completed,Site web,Carte bancaire,8.41
O000570,C01000,2026-06-15,Completed,Site web,Mobile Money,8.8
O000571,C00157,2025-05-12,Cancelled,Site web,Mobile Money,6.66
O000572,C02900,2025-06-04,Completed,WhatsApp,Mobile Money,4.41
O000573,C01421,2025-05-13,Completed,Marketplace,Mobile Money,8.35
O000574,C00577,2025-12-23,Completed,WhatsApp,Carte bancaire,5.75
O000575,C00227,2025-01-19,Pending,Boutique,Mobile Money,8.01
O000576,C00777,2026-04-17,Completed,Site web,Carte bancaire,4.44
O000577,C00629,2026-02-27,Returned,Site web,Mobile Money,5.37
O000578,C00047,2026-06-26,Completed,Site web,Cash,7.61
O000579,C01557,2026-06-10,Completed,Site web,Cash,1.5
O000580,C03472,2025-02-08,Completed,Marketplace,Mobile Money,10.02
O000581,C01663,2026-02-14,Completed,Site web,Virement,5.85
O000582,C00158,2025-10-03,Completed,Site web,Mobile Money,1.5
O000583,C03704,2026-02-08,Completed,Boutique,Carte bancaire,6.51
O000584,C02657,2026-04-24,Completed,Boutique,Virement,4.7
O000585,C04051,2025-11-16,Completed,WhatsApp,Mobile Money,2.87
O000586,C02446,2025-01-02,Completed,Site web,Carte bancaire,11.87
O000587,C02004,2026-04-19,Completed,Marketplace,Mobile Money,8.51
O000588,C02148,2025-08-28,Completed,Site web,Virement,5.53
O000589,C00028,2025-09-09,Completed,Site web,Mobile Money,6.16
O000590,C01576,2025-11-17,Completed,Boutique,Mobile Money,6.8
O000591,C01856,2026-05-15,Completed,Marketplace,Mobile Money,1.5
O000592,C01259,2025-10-16,Cancelled,Marketplace,Carte bancaire,13.89
O000593,C03516,2025-04-24,Completed,WhatsApp,Carte bancaire,6.13
O000594,C04020,2026-02-06,Completed,Marketplace,Carte bancaire,11.43
O000595,C02009,2025-12-13,Completed,Site web,Carte bancaire,3.46
O000596,C03299,2025-02-05,Completed,Marketplace,Mobile Money,7.76
O000597,C00938,2025-10-19,Completed,Boutique,Carte bancaire,2.45
O000598,C03876,2026-03-07,Completed,Site web,Mobile Money,1.5
O000599,C02954,2026-04-30,Completed,Site web,Mobile Money,8.71
O000600,C03083,2025-06-05,Completed,Boutique,Mobile Money,6.58
O000601,C02499,2025-10-14,Completed,Site web,Virement,4.41
O000602,C03482,2026-03-28,Completed,Marketplace,Mobile Money,1.5
O000603,C02244,2025-11-16,Completed,Boutique,Mobile Money,4.59
O000604,C04050,2025-08-18,Completed,Boutique,Virement,6.82
O000605,C02783,2025-04-11,Completed,Site web,Mobile Money,2.77
O000606,C01906,2025-01-24,Completed,Boutique,Mobile Money,6.4
O000607,C00876,2026-01-14,Completed,Boutique,Mobile Money,4.1
O000608,C03809,2026-06-13,Completed,Site web,Cash,2.39
O000609,C00236,2025-11-26,Cancelled,Site web,Virement,5.57
O000610,C00181,2026-03-04,Completed,Boutique,Carte bancaire,1.5
O000611,C00130,2026-01-07,Completed,Site web,Virement,7.5
O000612,C00454,2025-07-10,Completed,Site web,Carte bancaire,6.3
O000613,C01038,2025-10-14,Completed,Site web,Virement,7.81
O000614,C02060,2025-05-28,Completed,Site web,Virement,9.39
O000615,C01162,2025-05-03,Pending,WhatsApp,Mobile Money,5.24
O000616,C01907,2025-11-19,Completed,Site web,Mobile Money,1.5
O000617,C01882,2025-12-21,Completed,WhatsApp,Mobile Money,5.23
O000618,C01841,2026-06-26,Pending,Marketplace,Carte bancaire,2.56
O000619,C00250,2025-05-10,Completed,WhatsApp,Mobile Money,10.3
O000620,C02257,2025-06-09,Completed,WhatsApp,Carte bancaire,4.89
O000621,C01259,2025-04-02,Completed,Site web,Cash,8.52
O000622,C02262,2026-06-04,Completed,Site web,Carte bancaire,10.38
O000623,C00255,2026-03-05,Completed,WhatsApp,Mobile Money,3.76
O000624,C03657,2025-07-01,Pending,Marketplace,Mobile Money,6.23
O000625,C03034,2026-06-15,Completed,Marketplace,Cash,6.12
O000626,C01453,2026-01-21,Completed,Site web,Carte bancaire,12.62
O000627,C01511,2025-09-19,Completed,Site web,Carte bancaire,9.8
O000628,C01329,2025-07-29,Cancelled,Boutique,Mobile Money,2.81
O000629,C04164,2025-11-08,Completed,Marketplace,Carte bancaire,4.17
O000630,C02948,2025-02-16,Completed,Marketplace,Carte bancaire,4.61
O000631,C01933,2025-04-05,Completed,Marketplace,Virement,3.56
O000632,C02724,2026-05-29,Pending,Site web,Carte bancaire,5.05
O000633,C00271,2025-04-24,Completed,Boutique,Mobile Money,4.41
O000634,C03486,2025-03-31,Completed,Site web,Carte bancaire,6.11
O000635,C02503,2026-04-17,Returned,Site web,Carte bancaire,5.65
O000636,C01299,2026-06-02,Completed,WhatsApp,Mobile Money,9.46
O000637,C02912,2026-03-25,Completed,Site web,Carte bancaire,3.71
O000638,C00027,2025-02-26,Completed,Site web,Mobile Money,1.5
O000639,C02060,2026-04-05,Pending,Site web,Virement,4.52
O000640,C03966,2025-05-27,Cancelled,Site web,Mobile Money,4.16
O000641,C03191,2025-01-07,Completed,Site web,Carte bancaire,10.42
O000642,C00186,2026-05-20,Completed,WhatsApp,Carte bancaire,8.54
O000643,C02478,2025-05-27,Completed,Site web,Virement,9.89
O000644,C02857,2025-12-27,Completed,WhatsApp,Cash,8.89
O000645,C02212,2025-02-10,Cancelled,WhatsApp,Mobile Money,1.5
O000646,C01352,2025-04-14,Completed,Site web,Mobile Money,3.44
O000647,C02852,2026-04-28,Completed,Boutique,Carte bancaire,1.5
O000648,C01779,2025-11-21,Completed,Site web,Carte bancaire,10.7
O000649,C03986,2026-07-02,Completed,Marketplace,Carte bancaire,8.52
O000650,C03520,2025-04-09,Completed,Marketplace,Mobile Money,7.19
O000651,C03820,2026-05-04,Completed,Marketplace,Carte bancaire,4.29
O000652,C01763,2026-04-25,Completed,WhatsApp,Carte bancaire,4.63
O000653,C02846,2026-05-22,Completed,Boutique,Mobile Money,3.42
O000654,C00607,2025-01-28,Completed,Site web,Mobile Money,7.95
O000655,C03161,2025-02-27,Completed,Marketplace,Cash,6.31
O000656,C03169,2025-10-18,Completed,Site web,Mobile Money,8.08
O000657,C03257,2025-03-05,Completed,WhatsApp,Mobile Money,7.26
O000658,C00085,2025-02-04,Completed,WhatsApp,Cash,8.48
O000659,C01915,2026-03-21,Completed,Boutique,Carte bancaire,7.55
O000660,C01154,2026-01-16,Completed,Boutique,Carte bancaire,9.31
O000661,C03844,2026-04-08,Completed,Site web,Virement,8.22
O000662,C02260,2026-05-28,Completed,Site web,Mobile Money,4.46
O000663,C02569,2025-03-20,Completed,Boutique,Carte bancaire,7.47
O000664,C01839,2026-04-01,Completed,Marketplace,Mobile Money,6.93
O000665,C00479,2025-01-24,Completed,Site web,Virement,5.43
O000666,C02605,2025-07-23,Completed,Boutique,Mobile Money,5.95
O000667,C02566,2025-06-13,Completed,WhatsApp,Mobile Money,9.02
O000668,C01602,2025-05-10,Completed,Site web,Mobile Money,7.62
O000669,C02644,2026-01-29,Completed,Site web,Mobile Money,8.79
O000670,C01641,2025-03-08,Completed,Boutique,Mobile Money,6.12
O000671,C02773,2026-03-20,Completed,Site web,Carte bancaire,9.45
O000672,C01465,2026-04-24,Completed,Boutique,Carte bancaire,8.32
O000673,C03248,2025-12-31,Completed,Site web,Mobile Money,3.58
O000674,C03727,2025-02-14,Returned,WhatsApp,Virement,4.93
O000675,C02035,2025-11-23,Completed,Site web,Virement,3.45
O000676,C00073,2025-12-11,Completed,Boutique,Mobile Money,2.76
O000677,C02865,2025-07-24,Returned,Site web,Mobile Money,14.04
O000678,C03947,2025-07-21,Completed,Site web,Carte bancaire,11.0
O000679,C02981,2025-09-15,Completed,WhatsApp,Mobile Money,9.47
O000680,C01505,2026-06-30,Cancelled,WhatsApp,Carte bancaire,7.35
O000681,C02370,2025-01-02,Completed,WhatsApp,Carte bancaire,4.37
O000682,C01533,2025-10-06,Completed,Site web,Carte bancaire,2.68
O000683,C03252,2025-06-23,Completed,Site web,Carte bancaire,5.37
O000684,C03049,2025-10-28,Returned,Site web,Virement,3.84
O000685,C02626,2025-01-03,Completed,Site web,Carte bancaire,8.14
O000686,C01631,2026-05-19,Completed,Site web,Mobile Money,6.46
O000687,C00725,2025-09-08,Completed,Site web,Mobile Money,8.57
O000688,C02590,2026-06-16,Returned,WhatsApp,Carte bancaire,6.73
O000689,C01417,2025-03-26,Completed,Site web,Carte bancaire,1.5
O000690,C03796,2025-11-16,Completed,Site web,Virement,5.48
O000691,C00265,2026-01-08,Completed,Boutique,Carte bancaire,7.16
O000692,C03555,2026-03-13,Completed,Boutique,Carte bancaire,6.82
O000693,C03275,2025-01-05,Completed,WhatsApp,Cash,4.34
O000694,C02165,2025-12-14,Completed,Site web,Mobile Money,4.53
O000695,C04172,2025-03-23,Pending,WhatsApp,Mobile Money,4.0
O000696,C03010,2025-08-23,Completed,Site web,Cash,1.5
O000697,C00176,2025-01-30,Completed,WhatsApp,Cash,5.91
O000698,C01649,2025-02-01,Pending,Marketplace,Mobile Money,8.34
O000699,C03530,2026-02-24,Completed,WhatsApp,Mobile Money,4.57
O000700,C03260,2026-01-29,Completed,Marketplace,Carte bancaire,2.27
O000701,C00675,2026-05-06,Completed,Site web,Mobile Money,8.98
O000702,C00715,2026-01-19,Completed,Site web,Mobile Money,10.09
O000703,C03881,2025-11-23,Completed,Site web,Mobile Money,4.68
O000704,C00192,2025-03-05,Completed,Site web,Carte bancaire,3.19
O000705,C03989,2026-02-24,Completed,Site web,Mobile Money,5.57
O000706,C02272,2025-05-07,Completed,Marketplace,Mobile Money,6.84
O000707,C03392,2025-02-28,Completed,Site web,Mobile Money,4.65
O000708,C00905,2026-02-06,Completed,Marketplace,Carte bancaire,1.5
O000709,C01446,2025-11-19,Returned,Marketplace,Virement,8.88
O000710,C03061,2025-03-24,Completed,Boutique,Carte bancaire,6.73
O000711,C00682,2025-10-28,Returned,Marketplace,Mobile Money,10.65
O000712,C00426,2026-01-14,Completed,Site web,Cash,6.13
O000713,C02559,2025-10-01,Completed,Boutique,Cash,10.42
O000714,C00036,2026-01-29,Completed,WhatsApp,Mobile Money,5.32
O000715,C03944,2025-10-04,Pending,WhatsApp,Cash,4.19
O000716,C02838,2025-07-13,Cancelled,WhatsApp,Mobile Money,4.5
O000717,C02998,2025-05-03,Completed,Marketplace,Mobile Money,11.47
O000718,C02104,2025-05-22,Completed,Marketplace,Carte bancaire,5.44
O000719,C02620,2026-03-20,Completed,Site web,Carte bancaire,10.74
O000720,C03999,2025-07-24,Completed,Site web,Virement,4.62
O000721,C00021,2026-01-28,Returned,Site web,Mobile Money,1.85
O000722,C01040,2025-07-16,Completed,Boutique,Virement,8.1
O000723,C02928,2025-10-15,Completed,Site web,Virement,4.08
O000724,C00518,2025-11-29,Completed,WhatsApp,Mobile Money,6.91
O000725,C01031,2025-09-19,Completed,Site web,Carte bancaire,6.6
O000726,C00098,2026-02-12,Completed,Marketplace,Carte bancaire,6.56
O000727,C00232,2026-05-22,Completed,Boutique,Mobile Money,10.95
O000728,C01866,2026-04-18,Completed,WhatsApp,Mobile Money,6.76
O000729,C02773,2026-05-20,Completed,Site web,Virement,6.36
O000730,C00424,2025-01-17,Completed,Boutique,Carte bancaire,4.94
O000731,C04128,2026-02-21,Returned,Site web,Carte bancaire,7.61
O000732,C03258,2026-02-03,Completed,WhatsApp,Mobile Money,7.34
O000733,C02784,2025-08-14,Returned,Marketplace,Carte bancaire,4.8
O000734,C00303,2025-06-22,Completed,WhatsApp,Virement,8.83
O000735,C02180,2025-01-30,Pending,Marketplace,Cash,5.39
O000736,C03868,2026-04-05,Completed,Site web,Virement,7.74
O000737,C01000,2026-04-06,Pending,WhatsApp,Mobile Money,2.02
O000738,C02272,2025-02-11,Completed,Marketplace,Cash,8.74
O000739,C02370,2025-11-16,Completed,Boutique,Virement,3.85
O000740,C02925,2025-10-30,Completed,Marketplace,Mobile Money,8.03
O000741,C03858,2025-04-05,Completed,Boutique,Carte bancaire,9.84
O000742,C00550,2025-10-28,Cancelled,Site web,Mobile Money,7.23
O000743,C00265,2026-03-21,Completed,Site web,Carte bancaire,9.46
O000744,C00376,2025-06-28,Completed,Boutique,Mobile Money,2.76
O000745,C01123,2026-02-02,Completed,Marketplace,Carte bancaire,5.75
O000746,C01486,2026-06-16,Completed,Boutique,Mobile Money,4.06
O000747,C03690,2025-09-07,Pending,Site web,Virement,4.02
O000748,C02186,2025-02-28,Completed,WhatsApp,Mobile Money,1.5
O000749,C03129,2025-06-12,Completed,WhatsApp,Mobile Money,6.24
O000750,C02418,2025-03-16,Completed,Site web,Mobile Money,8.82
O000751,C04001,2025-07-13,Completed,WhatsApp,Mobile Money,9.8
O000752,C01386,2025-12-20,Completed,Marketplace,Carte bancaire,2.83
O000753,C02810,2025-04-22,Pending,WhatsApp,Carte bancaire,4.56
O000754,C01146,2025-10-09,Completed,Site web,Carte bancaire,3.78
O000755,C00981,2026-07-01,Completed,WhatsApp,Virement,3.57
O000756,C04122,2025-05-25,Completed,Site web,Carte bancaire,5.11
O000757,C00101,2026-04-28,Completed,Boutique,Carte bancaire,6.06
O000758,C01146,2025-06-16,Completed,Marketplace,Mobile Money,5.13
O000759,C01622,2025-12-03,Completed,WhatsApp,Cash,1.82
O000760,C00580,2025-03-28,Completed,Marketplace,Mobile Money,8.91
O000761,C03242,2025-05-27,Cancelled,Boutique,Mobile Money,6.53
O000762,C01510,2026-04-21,Completed,Site web,Carte bancaire,7.18
O000763,C01928,2025-11-20,Pending,WhatsApp,Carte bancaire,7.35
O000764,C01277,2025-11-09,Completed,WhatsApp,Mobile Money,7.85
O000765,C03746,2025-10-07,Completed,Site web,Virement,6.46
O000766,C01772,2025-05-15,Completed,Site web,Mobile Money,3.5
O000767,C03307,2026-05-25,Completed,Boutique,Carte bancaire,10.55
O000768,C02620,2025-08-04,Completed,Site web,Mobile Money,7.92
O000769,C04015,2025-01-07,Completed,Site web,Virement,3.31
O000770,C02534,2026-05-12,Completed,Site web,Mobile Money,3.35
O000771,C04141,2025-01-26,Completed,Marketplace,Mobile Money,11.97
O000772,C02933,2026-05-01,Completed,Site web,Mobile Money,5.51
O000773,C00248,2025-05-26,Completed,Boutique,Mobile Money,3.97
O000774,C00659,2025-02-07,Completed,Site web,Mobile Money,4.41
O000775,C03317,2025-05-01,Completed,Site web,Mobile Money,7.35
O000776,C00193,2025-12-25,Completed,Site web,Carte bancaire,4.57
O000777,C00799,2025-10-27,Completed,Site web,Carte bancaire,6.4
O000778,C03322,2025-03-25,Completed,Site web,Carte bancaire,12.93
O000779,C01491,2025-06-14,Completed,Site web,Mobile Money,1.5
O000780,C00913,2025-04-26,Completed,WhatsApp,Mobile Money,4.78
O000781,C00831,2025-12-24,Pending,Site web,Cash,6.18
O000782,C01326,2026-04-19,Completed,Site web,Mobile Money,1.5
O000783,C03520,2025-05-20,Completed,Site web,Virement,7.55
O000784,C01914,2026-05-06,Completed,Marketplace,Mobile Money,8.69
O000785,C04007,2025-08-12,Completed,Site web,Mobile Money,1.83
O000786,C03009,2025-02-15,Completed,WhatsApp,Cash,5.76
O000787,C01127,2025-06-26,Completed,Boutique,Carte bancaire,6.55
O000788,C00688,2026-04-24,Completed,Site web,Carte bancaire,7.72
O000789,C03964,2026-03-20,Pending,Site web,Mobile Money,14.01
O000790,C03791,2026-02-04,Pending,WhatsApp,Virement,-5.0
O000791,C00516,2025-08-07,Completed,Marketplace,Cash,7.61
O000792,C01351,2026-03-02,Completed,Marketplace,Mobile Money,5.62
O000793,C03121,2026-01-25,Cancelled,Site web,Mobile Money,5.11
O000794,C04128,2026-03-10,Completed,Site web,Virement,6.05
O000795,C03796,2025-11-02,Returned,Site web,Mobile Money,7.23
O000796,C01199,2025-10-05,Completed,Site web,Mobile Money,6.03
O000797,C03767,2026-06-14,Returned,Marketplace,Mobile Money,6.83
O000798,C03048,2026-06-03,Completed,Site web,Mobile Money,5.76
O000799,C01944,2025-10-21,Completed,Site web,Mobile Money,3.19
O000800,C01583,2025-04-20,Completed,Site web,Mobile Money,8.48
O000801,C03416,2025-08-13,Completed,Boutique,Mobile Money,9.08
O000802,C03514,2025-10-04,Completed,WhatsApp,Mobile Money,8.94
O000803,C03840,2026-01-07,Completed,Site web,Carte bancaire,8.02
O000804,C01943,2025-06-24,Completed,Site web,Carte bancaire,3.67
O000805,C01121,2025-01-25,Cancelled,Site web,Carte bancaire,3.14
O000806,C03657,2026-03-27,Returned,Site web,Mobile Money,8.75
O000807,C01272,2026-06-05,Cancelled,Marketplace,Mobile Money,2.39
O000808,C03167,2025-02-15,Returned,Boutique,Virement,3.94
O000809,C02140,2025-06-24,Pending,WhatsApp,Carte bancaire,12.44
O000810,C02462,2025-08-26,Cancelled,WhatsApp,Virement,7.52
O000811,C00881,2026-02-21,Completed,WhatsApp,Cash,6.48
O000812,C01050,2026-02-28,Completed,Boutique,Mobile Money,1.5
O000813,C02742,2025-07-08,Pending,Site web,Mobile Money,3.99
O000814,C01092,2025-06-21,Completed,WhatsApp,Mobile Money,8.51
O000815,C02811,2025-08-11,Completed,WhatsApp,Mobile Money,1.55
O000816,C04164,2025-05-12,Completed,Site web,Carte bancaire,7.21
O000817,C00347,2025-08-28,Completed,Site web,Mobile Money,1.85
O000818,C03887,2025-05-24,Completed,Marketplace,Cash,4.13
O000819,C00721,2025-02-03,Completed,Marketplace,Carte bancaire,1.5
O000820,C00582,2026-01-27,Completed,Site web,Cash,6.29
O000821,C03504,2026-03-08,Completed,Site web,Carte bancaire,1.5
O000822,C00858,2025-06-07,Completed,WhatsApp,Mobile Money,5.75
O000823,C02720,2025-08-08,Completed,Boutique,Mobile Money,7.92
O000824,C00449,2025-08-09,Completed,WhatsApp,Virement,6.6
O000825,C00364,2025-01-13,Completed,Marketplace,Mobile Money,7.39
O000826,C00846,2025-10-27,Completed,Marketplace,Virement,6.68
O000827,C02187,2025-09-09,Cancelled,Site web,Mobile Money,5.73
O000828,C01219,2026-05-31,Completed,Site web,Carte bancaire,5.79
O000829,C00939,2025-07-23,Returned,Site web,Mobile Money,6.88
O000830,C03519,2026-03-12,Pending,Marketplace,Carte bancaire,2.72
O000831,C00731,2025-08-03,Cancelled,WhatsApp,Virement,4.81
O000832,C00400,2025-04-12,Completed,Marketplace,Mobile Money,12.1
O000833,C00464,2025-07-11,Completed,Boutique,Cash,7.45
O000834,C03705,2026-04-29,Completed,Boutique,Carte bancaire,9.75
O000835,C01999,2025-05-21,Completed,Site web,Mobile Money,7.02
O000836,C04083,2026-04-08,Completed,Site web,Cash,3.8
O000837,C03391,2025-12-31,Completed,Marketplace,Virement,5.09
O000838,C01184,2026-02-13,Completed,WhatsApp,Mobile Money,1.5
O000839,C03321,2026-02-17,Completed,Marketplace,Mobile Money,10.12
O000840,C01917,2025-10-11,Completed,Site web,Cash,8.69
O000841,C02353,2025-11-26,Completed,WhatsApp,Carte bancaire,3.49
O000842,C02224,2025-02-08,Completed,WhatsApp,Carte bancaire,8.29
O000843,C03185,2026-01-19,Completed,Site web,Mobile Money,8.02
O000844,C00864,2026-01-25,Completed,WhatsApp,Carte bancaire,6.23
O000845,C00250,2025-02-26,Pending,Marketplace,Mobile Money,7.43
O000846,C03073,2025-10-12,Completed,Site web,Mobile Money,7.71
O000847,C04007,2025-10-06,Cancelled,WhatsApp,Mobile Money,7.15
O000848,C02436,2025-06-19,Completed,Boutique,Mobile Money,6.45
O000849,C00494,2025-02-06,Completed,Boutique,Carte bancaire,6.26
O000850,C00472,2025-01-06,Completed,Boutique,Carte bancaire,4.3
O000851,C02288,2025-04-25,Completed,Site web,Carte bancaire,8.73
O000852,C03764,2025-05-07,Completed,Site web,Mobile Money,11.94
O000853,C02578,2025-04-27,Completed,WhatsApp,Mobile Money,2.64
O000854,C01270,2025-11-28,Completed,Marketplace,Virement,6.1
O000855,C02608,2025-08-19,Completed,Marketplace,Carte bancaire,4.04
O000856,C00657,2025-03-03,Completed,WhatsApp,Mobile Money,7.65
O000857,C02013,2025-02-15,Cancelled,Site web,Carte bancaire,7.28
O000858,C04124,2025-12-26,Completed,Marketplace,Mobile Money,6.4
O000859,C02644,2026-05-28,Completed,Site web,Mobile Money,4.23
O000860,C00433,2026-03-26,Completed,Site web,Virement,4.58
O000861,C00846,2026-02-20,Completed,Site web,Mobile Money,3.72
O000862,C00251,2025-06-24,Pending,Boutique,Carte bancaire,1.5
O000863,C01689,2026-01-21,Completed,Site web,Virement,9.69
O000864,C00998,2025-02-14,Completed,Site web,Mobile Money,8.01
O000865,C04115,2025-04-04,Completed,Boutique,Carte bancaire,9.87
O000866,C01341,2025-03-18,Completed,WhatsApp,Mobile Money,4.95
O000867,C00147,2025-04-11,Completed,Site web,Cash,7.47
O000868,C01822,2025-07-16,Completed,Site web,Mobile Money,3.46
O000869,C03097,2025-01-24,Returned,Boutique,Cash,4.29
O000870,C02878,2026-03-22,Completed,Site web,Mobile Money,12.15
O000871,C04104,2026-01-27,Completed,Site web,Virement,4.88
O000872,C01536,2025-12-14,Completed,Marketplace,Virement,8.84
O000873,C02197,2025-04-07,Completed,WhatsApp,Mobile Money,6.75
O000874,C02350,2026-04-21,Completed,Site web,Carte bancaire,1.82
O000875,C00102,2025-01-04,Returned,WhatsApp,Mobile Money,5.6
O000876,C00025,2026-06-29,Completed,WhatsApp,Mobile Money,7.13
O000877,C03344,2026-02-03,Completed,WhatsApp,Mobile Money,8.13
O000878,C01617,2025-04-22,Cancelled,WhatsApp,Carte bancaire,1.5
O000879,C02891,2025-04-18,Pending,Boutique,Mobile Money,3.1
O000880,C03969,2026-01-16,Completed,Site web,Carte bancaire,6.93
O000881,C01028,2026-03-19,Cancelled,Site web,Virement,3.18
O000882,C03255,2025-09-13,Completed,Site web,Mobile Money,9.66
O000883,C00898,2025-02-02,Completed,Boutique,Mobile Money,5.81
O000884,C03112,2025-09-28,Completed,Boutique,Carte bancaire,7.46
O000885,C00672,2025-09-20,Completed,Boutique,Mobile Money,9.89
O000886,C01279,2025-06-28,Completed,Site web,Mobile Money,2.36
O000887,C01976,2026-05-10,Completed,WhatsApp,Mobile Money,7.39
O000888,C02051,2025-07-07,Returned,Boutique,Mobile Money,6.4
O000889,C00128,2025-05-14,Completed,Site web,Carte bancaire,6.5
O000890,C03547,2026-01-06,Completed,Marketplace,Mobile Money,5.33
O000891,C00026,2025-12-05,Completed,Site web,Cash,6.48
O000892,C03697,2025-12-07,Completed,WhatsApp,Carte bancaire,1.5
O000893,C00866,2025-10-04,Completed,Boutique,Cash,9.73
O000894,C02985,2025-06-24,Completed,Boutique,Carte bancaire,1.99
O000895,C02989,2025-05-22,Completed,WhatsApp,Mobile Money,11.32
O000896,C01918,2025-03-06,Completed,Site web,Mobile Money,3.15
O000897,C02257,2025-04-12,Completed,WhatsApp,Mobile Money,3.02
O000898,C00308,2025-11-13,Completed,Site web,Carte bancaire,7.22
O000899,C03784,2025-08-11,Completed,WhatsApp,Carte bancaire,6.81
O000900,C00502,2026-02-10,Completed,Boutique,Mobile Money,7.35
O000901,C02765,2026-03-17,Completed,Site web,Carte bancaire,7.09
O000902,C00002,2025-11-03,Completed,Boutique,Mobile Money,5.58
O000903,C03133,2025-02-27,Completed,Site web,Carte bancaire,4.9
O000904,C01509,2025-01-03,Completed,Boutique,Mobile Money,7.75
O000905,C02023,2025-05-06,Completed,Site web,Mobile Money,3.93
O000906,C00099,2025-06-04,Completed,WhatsApp,Carte bancaire,6.36
O000907,C00920,2025-02-10,Completed,Site web,Cash,1.5
O000908,C01828,2026-03-03,Returned,Site web,Carte bancaire,6.76
O000909,C03015,2025-07-21,Completed,WhatsApp,Mobile Money,6.3
O000910,C02510,2026-02-11,Completed,Site web,Carte bancaire,5.88
O000911,C01095,2025-04-25,Completed,WhatsApp,Mobile Money,11.12
O000912,C02503,2025-01-06,Completed,Marketplace,Mobile Money,10.48
O000913,C00937,2025-03-17,Completed,Site web,Carte bancaire,8.74
O000914,C02333,2025-09-15,Completed,Site web,Mobile Money,8.68
O000915,C02270,2025-09-20,Completed,WhatsApp,Carte bancaire,6.32
O000916,C00950,2025-08-28,Cancelled,Boutique,Mobile Money,6.92
O000917,C00842,2026-06-10,Completed,Site web,Virement,7.3
O000918,C02181,2025-12-24,Completed,Site web,Mobile Money,7.81
O000919,C02466,2026-02-06,Completed,Boutique,Mobile Money,6.21
O000920,C04116,2025-03-10,Returned,WhatsApp,Mobile Money,7.63
O000921,C02081,2025-09-13,Completed,Boutique,Virement,6.19
O000922,C01868,2025-12-07,Returned,Site web,Cash,7.26
O000923,C01999,2025-11-17,Returned,Site web,Mobile Money,8.75
O000924,C03673,2026-06-03,Completed,WhatsApp,Mobile Money,4.03
O000925,C01290,2025-09-18,Completed,Site web,Carte bancaire,6.4
O000926,C01602,2025-07-23,Completed,WhatsApp,Mobile Money,6.23
O000927,C01550,2026-06-02,Completed,Site web,Mobile Money,2.95
O000928,C02617,2025-07-04,Completed,WhatsApp,Mobile Money,10.17
O000929,C02938,2025-11-09,Completed,Marketplace,Mobile Money,3.52
O000930,C02024,2025-01-16,Cancelled,Marketplace,Carte bancaire,10.3
O000931,C01109,2025-04-01,Completed,Site web,Carte bancaire,1.97
O000932,C02893,2025-02-01,Completed,Site web,Mobile Money,1.51
O000933,C01157,2025-08-17,Completed,Marketplace,Mobile Money,4.99
O000934,C03769,2026-05-26,Completed,WhatsApp,Mobile Money,7.19
O000935,C02622,2025-02-09,Completed,WhatsApp,Virement,7.18
O000936,C01852,2026-06-19,Cancelled,Boutique,Carte bancaire,9.88
O000937,C00980,2026-04-22,Completed,Site web,Virement,3.69
O000938,C03182,2025-01-04,Completed,Site web,Cash,8.78
O000939,C02561,2025-01-09,Completed,Boutique,Carte bancaire,1.5
O000940,C03707,2026-05-09,Completed,WhatsApp,Cash,3.1
O000941,C02969,2025-11-17,Cancelled,Boutique,Mobile Money,5.21
O000942,C03317,2025-04-06,Cancelled,Marketplace,Mobile Money,2.7
O000943,C00387,2026-06-07,Completed,Site web,Carte bancaire,7.64
O000944,C00104,2025-11-04,Completed,Marketplace,Mobile Money,4.05
O000945,C02766,2025-12-15,Completed,Site web,Carte bancaire,9.01
O000946,C00001,2026-01-07,Completed,Marketplace,Virement,8.61
O000947,C03742,2025-04-21,Completed,Site web,Cash,3.97
O000948,C03709,2025-07-16,Returned,Site web,Carte bancaire,4.94
O000949,C02458,2025-03-12,Completed,Boutique,Carte bancaire,5.73
O000950,C03064,2025-10-17,Completed,Marketplace,Carte bancaire,10.06
O000951,C01773,2026-06-26,Completed,Boutique,Mobile Money,3.17
O000952,C04025,2025-12-10,Completed,Boutique,Mobile Money,1.5
O000953,C00152,2026-01-15,Pending,Marketplace,Carte bancaire,4.73
O000954,C01229,2025-04-17,Completed,WhatsApp,Mobile Money,3.24
O000955,C02931,2025-10-24,Completed,Marketplace,Carte bancaire,1.5
O000956,C03310,2026-06-29,Completed,Site web,Mobile Money,5.89
O000957,C01018,2025-02-18,Pending,Site web,Carte bancaire,2.48
O000958,C03367,2025-04-22,Completed,Site web,Carte bancaire,7.01
O000959,C01936,2026-01-30,Completed,Marketplace,Mobile Money,2.39
O000960,C03601,2025-01-06,Completed,Site web,Virement,14.86
O000961,C01122,2025-04-24,Completed,Site web,Carte bancaire,9.18
O000962,C02907,2026-06-02,Completed,Site web,Carte bancaire,3.8
O000963,C00872,2025-01-11,Completed,Site web,Mobile Money,3.69
O000964,C00581,2025-08-24,Completed,WhatsApp,Mobile Money,5.43
O000965,C02963,2025-06-30,Completed,Site web,Virement,8.21
O000966,C02860,2025-08-07,Completed,Marketplace,Carte bancaire,4.66
O000967,C01233,2025-05-22,Completed,Marketplace,Mobile Money,2.52
O000968,C02539,2025-06-01,Pending,WhatsApp,Carte bancaire,1.65
O000969,C03955,2026-02-21,Completed,Site web,Mobile Money,5.94
O000970,C01402,2025-01-15,Completed,Marketplace,Cash,3.83
O000971,C02108,2025-03-12,Completed,WhatsApp,Mobile Money,6.85
O000972,C00877,2025-05-25,Completed,Site web,Carte bancaire,1.5
O000973,C02176,2026-03-29,Completed,Site web,Mobile Money,7.42
O000974,C03718,2025-08-04,Completed,Site web,Mobile Money,5.04
O000975,C02671,2025-01-20,Completed,WhatsApp,Carte bancaire,1.5
O000976,C00597,2025-10-13,Completed,Site web,Mobile Money,7.09
O000977,C03111,2025-12-10,Completed,Boutique,Mobile Money,7.5
O000978,C01774,2025-09-08,Completed,WhatsApp,Carte bancaire,3.58
O000979,C00077,2025-02-18,Completed,Site web,Mobile Money,7.94
O000980,C02616,2026-04-27,Returned,Site web,Cash,1.9
O000981,C01257,2026-04-16,Completed,Boutique,Carte bancaire,1.5
O000982,C04082,2026-05-15,Completed,Site web,Mobile Money,5.49
O000983,C04181,2026-06-13,Completed,Site web,Mobile Money,3.34
O000984,C02819,2025-06-23,Completed,Boutique,Carte bancaire,2.26
O000985,C02652,2025-08-20,Completed,Site web,Mobile Money,7.71
O000986,C01281,2026-06-10,Returned,Site web,Mobile Money,6.64
O000987,C00298,2025-09-04,Completed,WhatsApp,Cash,10.92
O000988,C00255,2026-04-19,Completed,WhatsApp,Carte bancaire,7.25
O000989,C01948,2025-12-21,Completed,Site web,Mobile Money,7.66
O000990,C01335,2026-05-24,Completed,Boutique,Mobile Money,3.38
O000991,C04034,2025-01-06,Completed,WhatsApp,Virement,1.5
O000992,C01230,2026-01-23,Cancelled,Site web,Carte bancaire,11.93
O000993,C00902,2026-03-15,Completed,Marketplace,Mobile Money,7.48
O000994,C03441,2025-04-19,Completed,WhatsApp,Carte bancaire,10.81
O000995,C03510,2026-02-08,Completed,Marketplace,Virement,2.45
O000996,C01582,2025-04-17,Completed,Site web,Mobile Money,9.02
O000997,C00344,2026-05-11,Completed,Site web,Carte bancaire,6.87
O000998,C00414,2026-05-13,Completed,WhatsApp,Virement,9.19
O000999,C02188,2025-01-03,Completed,Marketplace,Carte bancaire,7.74
O001000,C03654,2025-10-05,Completed,Boutique,Cash,5.31
O001001,C01625,2025-07-29,Cancelled,WhatsApp,Mobile Money,6.84
O001002,C00076,2026-05-03,Completed,Boutique,Carte bancaire,4.94
O001003,C01575,2025-06-25,Completed,Site web,Mobile Money,8.51
O001004,C00013,2026-01-30,Cancelled,Boutique,Mobile Money,3.61
O001005,C01779,2025-03-05,Completed,WhatsApp,Carte bancaire,3.89
O001006,C01994,2025-04-27,Completed,Site web,Carte bancaire,5.52
O001007,C03070,2026-06-24,Pending,Site web,Mobile Money,7.85
O001008,C00291,2025-07-30,Completed,Site web,Mobile Money,6.16
O001009,C02019,2026-02-24,Completed,Site web,Carte bancaire,5.02
O001010,C00744,2026-06-15,Completed,Site web,Cash,9.17
O001011,C01959,2026-06-13,Completed,Site web,Virement,7.77
O001012,C04139,2025-01-11,Completed,WhatsApp,Mobile Money,4.62
O001013,C03113,2025-05-08,Completed,WhatsApp,Mobile Money,2.87
O001014,C03547,2026-01-27,Completed,Site web,Virement,5.47
O001015,C00163,2026-05-23,Completed,Boutique,Virement,4.13
O001016,C03209,2026-06-21,Completed,Site web,Carte bancaire,3.68
O001017,C03638,2026-01-30,Completed,WhatsApp,Carte bancaire,8.25
O001018,C02818,2025-02-27,Completed,Marketplace,Mobile Money,9.38
O001019,C03285,2026-02-11,Completed,Boutique,Mobile Money,5.82
O001020,C00201,2025-05-30,Completed,WhatsApp,Mobile Money,5.98
O001021,C03103,2026-03-20,Returned,WhatsApp,Carte bancaire,3.78
O001022,C03511,2025-10-27,Pending,Site web,Carte bancaire,2.81
O001023,C00970,2025-04-11,Completed,Site web,Virement,8.39
O001024,C01979,2026-04-08,Completed,Site web,Virement,2.19
O001025,C01776,2026-06-26,Completed,WhatsApp,Mobile Money,4.14
O001026,C00413,2025-10-05,Cancelled,Marketplace,Carte bancaire,4.05
O001027,C00539,2026-03-22,Completed,Boutique,Cash,7.27
O001028,C01264,2025-02-02,Completed,WhatsApp,Mobile Money,5.41
O001029,C00459,2025-05-29,Completed,Boutique,Mobile Money,4.29
O001030,C02109,2025-03-11,Pending,Boutique,Virement,10.08
O001031,C00235,2025-06-05,Completed,Site web,Mobile Money,10.89
O001032,C00058,2025-07-26,Completed,Marketplace,Carte bancaire,7.17
O001033,C02643,2025-08-25,Returned,WhatsApp,Mobile Money,6.43
O001034,C01061,2025-06-26,Completed,Boutique,Mobile Money,4.49
O001035,C01588,2025-10-26,Completed,Site web,Cash,5.94
O001036,C01411,2025-05-01,Completed,WhatsApp,Mobile Money,2.39
O001037,C01971,2025-07-10,Completed,Site web,Mobile Money,8.97
O001038,C01948,2026-04-06,Completed,Site web,Mobile Money,5.61
O001039,C00560,2025-11-05,Completed,WhatsApp,Mobile Money,3.94
O001040,C00009,2025-01-15,Completed,Marketplace,Mobile Money,5.01
O001041,C01862,2025-06-29,Completed,Boutique,Carte bancaire,8.12
O001042,C02375,2026-03-31,Completed,Site web,Mobile Money,5.23
O001043,C03228,2025-04-09,Completed,Site web,Mobile Money,3.64
O001044,C00831,2026-05-21,Completed,Site web,Mobile Money,1.5
O001045,C00352,2025-06-12,Completed,Site web,Virement,5.77
O001046,C02509,2025-12-12,Completed,Site web,Mobile Money,7.13
O001047,C03790,2025-09-18,Completed,Site web,Virement,4.53
O001048,C01005,2025-12-09,Completed,Site web,Cash,3.62
O001049,C00361,2026-03-13,Completed,Site web,Mobile Money,2.62
O001050,C01692,2025-03-23,Completed,Site web,Mobile Money,4.87
O001051,C02356,2025-07-13,Completed,Marketplace,Carte bancaire,2.66
O001052,C02620,2025-11-08,Completed,Marketplace,Mobile Money,2.64
O001053,C00474,2025-05-23,Completed,Boutique,Virement,4.56
O001054,C02758,2025-07-25,Pending,Site web,Cash,11.65
O001055,C01442,2026-05-01,Completed,Site web,Carte bancaire,13.01
O001056,C00129,2025-05-06,Completed,WhatsApp,Mobile Money,9.53
O001057,C03874,2025-04-14,Completed,Boutique,Mobile Money,7.93
O001058,C02248,2025-11-16,Completed,WhatsApp,Mobile Money,1.5
O001059,C01282,2025-02-24,Pending,Boutique,Mobile Money,14.03
O001060,C03430,2025-01-01,Completed,WhatsApp,Virement,7.18
O001061,C03348,2026-04-22,Completed,Marketplace,Carte bancaire,2.7
O001062,C00867,2025-06-01,Completed,Boutique,Carte bancaire,14.06
O001063,C04035,2025-03-08,Cancelled,Site web,Carte bancaire,5.7
O001064,C02235,2025-12-26,Completed,Site web,Mobile Money,8.5
O001065,C01102,2025-09-21,Pending,WhatsApp,Carte bancaire,5.06
O001066,C01880,2025-09-07,Completed,Site web,Virement,7.7
O001067,C00789,2025-08-29,Pending,Site web,Carte bancaire,8.06
O001068,C03570,2025-03-21,Pending,WhatsApp,Carte bancaire,8.58
O001069,C01129,2026-04-16,Completed,WhatsApp,Mobile Money,9.85
O001070,C01843,2025-01-01,Cancelled,Marketplace,Carte bancaire,6.47
O001071,C00288,2025-09-22,Returned,Site web,Cash,6.63
O001072,C03965,2025-05-29,Cancelled,Marketplace,Carte bancaire,5.86
O001073,C01273,2025-12-18,Completed,Site web,Mobile Money,2.87
O001074,C02741,2025-10-28,Completed,Marketplace,Mobile Money,3.29
O001075,C01483,2025-07-30,Completed,Site web,Cash,5.08
O001076,C02358,2025-10-20,Completed,WhatsApp,Carte bancaire,9.79
O001077,C02354,2025-05-05,Completed,Marketplace,Mobile Money,7.41
O001078,C01227,2025-03-13,Completed,Site web,Carte bancaire,5.72
O001079,C01816,2026-05-12,Cancelled,Boutique,Mobile Money,5.21
O001080,C02506,2025-12-03,Completed,WhatsApp,Cash,2.5
O001081,C00913,2025-12-25,Completed,Site web,Mobile Money,3.3
O001082,C00552,2026-07-02,Completed,WhatsApp,Mobile Money,6.46
O001083,C00749,2026-05-11,Completed,Site web,Mobile Money,6.02
O001084,C01749,2025-11-17,Completed,WhatsApp,Mobile Money,8.33
O001085,C00899,2026-03-11,Completed,Site web,Carte bancaire,5.35
O001086,C01195,2025-10-17,Completed,Boutique,Carte bancaire,7.7
O001087,C02881,2025-05-11,Completed,WhatsApp,Carte bancaire,1.5
O001088,C02816,2025-12-08,Completed,Site web,Mobile Money,3.15
O001089,C03963,2026-05-16,Completed,Site web,Virement,6.79
O001090,C03209,2026-04-28,Completed,WhatsApp,Virement,6.05
O001091,C01783,2025-10-04,Completed,Site web,Carte bancaire,8.21
O001092,C03901,2026-06-03,Completed,WhatsApp,Carte bancaire,9.53
O001093,C03868,2025-04-19,Pending,Marketplace,Mobile Money,9.66
O001094,C00933,2025-01-23,Completed,Site web,Virement,10.76
O001095,C00721,2025-08-09,Completed,WhatsApp,Mobile Money,11.46
O001096,C03716,2025-04-23,Completed,Marketplace,Virement,4.93
O001097,C03740,2026-06-09,Completed,Marketplace,Mobile Money,12.9
O001098,C03553,2025-03-05,Completed,Site web,Mobile Money,14.67
O001099,C01934,2025-10-20,Completed,Boutique,Mobile Money,2.09
O001100,C03623,2026-02-28,Completed,Site web,Cash,4.23
O001101,C03230,2025-03-02,Completed,Boutique,Carte bancaire,7.08
O001102,C03110,2025-01-25,Completed,Site web,Mobile Money,6.7
O001103,C02530,2025-10-31,Completed,Site web,Cash,1.5
O001104,C01125,2026-05-10,Completed,WhatsApp,Carte bancaire,3.15
O001105,C03139,2025-01-09,Completed,Site web,Virement,6.65
O001106,C03688,2025-01-12,Completed,Site web,Virement,5.35
O001107,C03715,2026-05-23,Pending,Site web,Virement,7.86
O001108,C02519,2025-11-27,Completed,Marketplace,Mobile Money,11.87
O001109,C00166,2026-01-20,Completed,WhatsApp,Cash,2.27
O001110,C03111,2025-06-01,Completed,Boutique,Carte bancaire,12.94
O001111,C01065,2025-06-21,Completed,Site web,Mobile Money,11.64
O001112,C00863,2025-09-15,Pending,Marketplace,Virement,1.5
O001113,C00331,2025-04-28,Completed,WhatsApp,Mobile Money,2.42
O001114,C00662,2025-08-31,Completed,Site web,Mobile Money,4.79
O001115,C02059,2026-06-07,Completed,WhatsApp,Carte bancaire,3.14
O001116,C01163,2026-02-15,Completed,Site web,Carte bancaire,7.75
O001117,C01604,2026-04-22,Completed,Site web,Carte bancaire,7.9
O001118,C02148,2025-09-30,Completed,Site web,Carte bancaire,6.42
O001119,C02214,2026-03-08,Completed,Site web,Cash,7.12
O001120,C01750,2025-08-19,Completed,Site web,Mobile Money,5.6
O001121,C01903,2025-12-05,Completed,Boutique,Mobile Money,7.19
O001122,C03728,2026-02-05,Returned,Site web,Mobile Money,11.74
O001123,C01189,2026-03-29,Completed,Site web,Cash,1.5
O001124,C00055,2026-05-23,Completed,Site web,Mobile Money,6.05
O001125,C03361,2025-02-27,Cancelled,Site web,Mobile Money,7.39
O001126,C00337,2026-03-12,Completed,Site web,Cash,5.7
O001127,C03253,2026-01-24,Completed,Site web,Carte bancaire,6.94
O001128,C01367,2026-02-08,Completed,Site web,Mobile Money,9.6
O001129,C03534,2025-01-09,Completed,Marketplace,Cash,4.45
O001130,C00705,2025-09-25,Cancelled,Site web,Mobile Money,12.63
O001131,C00691,2026-06-11,Returned,Site web,Carte bancaire,1.55
O001132,C01709,2026-05-09,Completed,WhatsApp,Mobile Money,7.86
O001133,C01760,2025-05-07,Cancelled,WhatsApp,Carte bancaire,5.96
O001134,C03014,2025-09-24,Completed,Site web,Mobile Money,6.78
O001135,C02720,2026-04-19,Completed,Marketplace,Virement,8.28
O001136,C04173,2026-05-25,Completed,WhatsApp,Carte bancaire,4.15
O001137,C02845,2025-07-01,Completed,WhatsApp,Mobile Money,9.31
O001138,C00849,2026-03-17,Completed,WhatsApp,Virement,11.93
O001139,C00372,2026-04-03,Completed,Boutique,Virement,5.13
O001140,C01118,2025-03-24,Returned,Site web,Carte bancaire,4.45
O001141,C04131,2025-01-18,Completed,Marketplace,Carte bancaire,9.8
O001142,C03229,2025-01-26,Pending,Site web,Carte bancaire,8.95
O001143,C03113,2025-03-21,Completed,Site web,Carte bancaire,1.5
O001144,C01143,2026-02-10,Completed,Site web,Virement,7.66
O001145,C01969,2025-08-02,Completed,WhatsApp,Mobile Money,8.33
O001146,C02956,2026-01-11,Completed,Boutique,Mobile Money,5.84
O001147,C03978,2025-02-19,Pending,WhatsApp,Virement,10.5
O001148,C02451,2025-11-26,Completed,Site web,Cash,1.5
O001149,C00090,2026-02-13,Completed,Boutique,Mobile Money,1.5
O001150,C03591,2026-06-19,Completed,Marketplace,Mobile Money,9.19
O001151,C03922,2025-06-24,Completed,Site web,Virement,3.56
O001152,C00141,2025-10-26,Completed,Site web,Cash,5.9
O001153,C01648,2025-09-22,Pending,WhatsApp,Carte bancaire,2.6
O001154,C04115,2025-07-10,Completed,Boutique,Carte bancaire,8.56
O001155,C04006,2025-12-17,Completed,Site web,Mobile Money,7.02
O001156,C04050,2025-11-06,Completed,Site web,Cash,5.6
O001157,C04098,2026-04-02,Cancelled,WhatsApp,Carte bancaire,2.3
O001158,C00095,2025-01-16,Completed,Boutique,Carte bancaire,5.52
O001159,C00635,2025-05-02,Completed,Site web,Virement,7.0
O001160,C02098,2025-11-14,Completed,WhatsApp,Virement,4.4
O001161,C02534,2025-11-11,Completed,Boutique,Mobile Money,4.51
O001162,C01686,2026-05-10,Completed,Site web,Mobile Money,6.03
O001163,C01127,2026-01-05,Completed,Site web,Mobile Money,8.02
O001164,C01068,2025-01-03,Completed,Site web,Cash,7.27
O001165,C02534,2025-09-26,Completed,Boutique,Carte bancaire,9.53
O001166,C04107,2026-04-09,Completed,WhatsApp,Carte bancaire,5.73
O001167,C03471,2026-04-24,Completed,Boutique,Mobile Money,9.04
O001168,C00734,2026-03-16,Completed,WhatsApp,Mobile Money,2.5
O001169,C00622,2025-09-19,Completed,Site web,Mobile Money,7.19
O001170,C01107,2025-02-28,Completed,Site web,Cash,7.04
O001171,C03080,2025-04-27,Completed,Site web,Mobile Money,13.07
O001172,C00035,2026-04-10,Completed,WhatsApp,Virement,3.99
O001173,C02959,2025-07-06,Returned,Marketplace,Mobile Money,2.4
O001174,C02437,2026-02-23,Completed,Site web,Mobile Money,3.69
O001175,C02772,2025-01-20,Completed,WhatsApp,Mobile Money,4.1
O001176,C03616,2025-09-27,Completed,Site web,Mobile Money,7.23
O001177,C02483,2026-06-05,Completed,WhatsApp,Carte bancaire,2.22
O001178,C02613,2025-05-15,Pending,Boutique,Mobile Money,7.04
O001179,C02017,2025-01-17,Returned,Boutique,Carte bancaire,6.1
O001180,C02737,2025-06-07,Completed,Marketplace,Mobile Money,8.74
O001181,C01598,2025-02-04,Completed,Marketplace,Cash,7.86
O001182,C00279,2025-12-02,Completed,WhatsApp,Mobile Money,8.48
O001183,C00107,2025-04-16,Completed,Marketplace,Virement,7.47
O001184,C03003,2025-05-15,Completed,Boutique,Virement,9.5
O001185,C02678,2025-11-19,Completed,WhatsApp,Cash,1.53
O001186,C01718,2025-06-28,Completed,Site web,Carte bancaire,1.63
O001187,C03135,2025-12-23,Completed,Marketplace,Carte bancaire,5.94
O001188,C01990,2026-05-26,Completed,Marketplace,Carte bancaire,6.25
O001189,C01071,2026-05-26,Completed,WhatsApp,Virement,2.93
O001190,C02458,2026-02-04,Completed,Site web,Virement,7.68
O001191,C01588,2026-06-15,Completed,Site web,Carte bancaire,2.09
O001192,C04097,2026-02-08,Completed,Site web,Carte bancaire,5.2
O001193,C03030,2025-02-07,Completed,Boutique,Cash,5.95
O001194,C03143,2026-06-08,Completed,Site web,Mobile Money,7.72
O001195,C02890,2025-11-07,Completed,WhatsApp,Carte bancaire,4.49
O001196,C02873,2025-01-04,Completed,Site web,Mobile Money,9.65
O001197,C03248,2025-12-07,Completed,WhatsApp,Mobile Money,11.04
O001198,C01814,2025-05-14,Pending,Boutique,Carte bancaire,10.61
O001199,C03452,2025-10-20,Pending,Marketplace,Mobile Money,11.42
O001200,C00145,2025-12-27,Completed,WhatsApp,Mobile Money,9.2
O001201,C02799,2025-01-16,Completed,Site web,Virement,7.85
O001202,C02263,2025-08-29,Completed,Site web,Mobile Money,3.75
O001203,C00035,2025-01-31,Completed,Boutique,Carte bancaire,4.31
O001204,C02776,2025-03-03,Completed,Boutique,Mobile Money,8.85
O001205,C00010,2025-04-26,Completed,Site web,Cash,1.5
O001206,C02958,2026-03-05,Completed,Site web,Mobile Money,9.97
O001207,C02202,2025-08-15,Completed,WhatsApp,Virement,4.18
O001208,C02554,2025-01-26,Completed,Boutique,Mobile Money,4.4
O001209,C02562,2026-02-14,Returned,Boutique,Mobile Money,8.33
O001210,C01262,2025-10-26,Completed,Site web,Mobile Money,6.84
O001211,C02615,2025-03-19,Completed,Marketplace,Mobile Money,4.74
O001212,C00929,2025-11-05,Completed,WhatsApp,Virement,3.27
O001213,C03187,2025-05-17,Pending,WhatsApp,Carte bancaire,1.5
O001214,C00379,2025-12-15,Pending,Site web,Mobile Money,1.5
O001215,C00596,2026-06-04,Completed,Site web,Carte bancaire,10.39
O001216,C02952,2025-06-22,Returned,Site web,Carte bancaire,5.35
O001217,C00243,2026-02-13,Returned,Site web,Carte bancaire,3.33
O001218,C04078,2025-01-13,Returned,Marketplace,Virement,8.25
O001219,C00130,2025-08-12,Completed,Boutique,Carte bancaire,3.66
O001220,C02206,2026-05-03,Pending,Marketplace,Virement,3.72
O001221,C04134,2025-02-10,Completed,WhatsApp,Carte bancaire,9.57
O001222,C02828,2026-05-25,Completed,Site web,Mobile Money,8.22
O001223,C02657,2025-02-21,Completed,Boutique,Mobile Money,6.55
O001224,C02909,2025-09-22,Completed,WhatsApp,Virement,4.34
O001225,C02967,2025-04-10,Returned,Marketplace,Mobile Money,6.7
O001226,C00679,2025-01-12,Completed,WhatsApp,Mobile Money,7.74
O001227,C01297,2025-07-11,Completed,Site web,Virement,6.77
O001228,C00806,2025-11-15,Completed,Boutique,Mobile Money,9.64
O001229,C00890,2026-01-31,Completed,Boutique,Mobile Money,3.0
O001230,C00875,2025-06-23,Completed,WhatsApp,Virement,5.23
O001231,C02679,2025-09-27,Completed,Site web,Mobile Money,7.67
O001232,C03918,2025-04-11,Completed,Site web,Carte bancaire,4.28
O001233,C02348,2026-02-04,Completed,Boutique,Mobile Money,8.86
O001234,C00066,2025-04-03,Completed,Site web,Carte bancaire,10.03
O001235,C02908,2026-04-17,Completed,Boutique,Virement,6.18
O001236,C02273,2025-04-09,Completed,Site web,Mobile Money,7.15
O001237,C03265,2025-12-30,Completed,Site web,Virement,5.37
O001238,C01585,2025-07-01,Cancelled,Site web,Carte bancaire,5.12
O001239,C01801,2026-07-01,Completed,Site web,Virement,9.85
O001240,C02770,2025-06-03,Pending,Site web,Mobile Money,3.49
O001241,C02973,2026-06-04,Completed,Boutique,Virement,8.48
O001242,C00927,2026-04-04,Completed,Site web,Cash,4.52
O001243,C02464,2025-09-14,Completed,Site web,Carte bancaire,3.46
O001244,C04037,2025-09-29,Completed,Boutique,Cash,9.02
O001245,C00272,2025-07-13,Completed,WhatsApp,Mobile Money,8.09
O001246,C01392,2025-08-23,Completed,Site web,Carte bancaire,4.04
O001247,C02242,2025-09-13,Completed,Boutique,Carte bancaire,5.5
O001248,C03889,2025-03-21,Completed,Site web,Mobile Money,5.63
O001249,C04067,2025-06-26,Completed,WhatsApp,Carte bancaire,6.71
O001250,C02475,2026-04-25,Completed,Site web,Mobile Money,4.53
O001251,C02297,2026-06-21,Completed,Site web,Cash,11.21
O001252,C01741,2025-01-31,Pending,Site web,Virement,2.67
O001253,C01871,2026-02-06,Cancelled,Marketplace,Virement,1.5
O001254,C03083,2025-05-12,Completed,Site web,Carte bancaire,5.65
O001255,C02287,2025-12-25,Completed,Boutique,Virement,1.5
O001256,C02323,2025-12-07,Cancelled,Boutique,Mobile Money,3.67
O001257,C03545,2026-04-27,Pending,Site web,Carte bancaire,4.1
O001258,C00583,2026-01-20,Completed,Site web,Mobile Money,6.05
O001259,C04022,2026-03-28,Completed,Site web,Carte bancaire,5.41
O001260,C02959,2026-03-16,Completed,Site web,Mobile Money,6.71
O001261,C02465,2025-12-21,Completed,Marketplace,Virement,3.66
O001262,C02434,2025-08-13,Completed,Site web,Mobile Money,4.86
O001263,C02423,2025-07-04,Completed,Site web,Cash,7.74
O001264,C02376,2025-07-10,Completed,Site web,Virement,1.5
O001265,C01473,2025-07-16,Completed,Boutique,Carte bancaire,7.26
O001266,C03101,2025-06-08,Completed,Site web,Mobile Money,1.5
O001267,C01062,2025-06-20,Completed,Site web,Carte bancaire,6.03
O001268,C02745,2025-11-08,Completed,Site web,Virement,7.56
O001269,C02212,2025-05-29,Completed,Marketplace,Carte bancaire,6.92
O001270,C01539,2025-07-11,Returned,WhatsApp,Carte bancaire,4.14
O001271,C03377,2026-01-24,Completed,Site web,Virement,6.77
O001272,C01338,2025-06-29,Completed,Boutique,Mobile Money,3.17
O001273,C02771,2025-02-28,Completed,Boutique,Carte bancaire,10.15
O001274,C01054,2025-01-10,Completed,WhatsApp,Virement,8.49
O001275,C00843,2026-02-24,Pending,Marketplace,Mobile Money,3.15
O001276,C02416,2026-06-04,Returned,Site web,Virement,10.13
O001277,C04099,2026-01-10,Completed,Boutique,Carte bancaire,6.58
O001278,C01260,2025-02-03,Completed,Boutique,Mobile Money,2.61
O001279,C00481,2025-11-05,Completed,WhatsApp,Cash,9.5
O001280,C00506,2025-05-29,Completed,WhatsApp,Mobile Money,10.93
O001281,C02066,2025-06-25,Completed,Site web,Mobile Money,5.23
O001282,C03288,2026-05-20,Completed,Site web,Mobile Money,7.1
O001283,C02992,2026-03-28,Completed,Site web,Cash,5.96
O001284,C00879,2026-02-07,Completed,Marketplace,Mobile Money,7.74
O001285,C03507,2025-10-02,Cancelled,Site web,Mobile Money,8.38
O001286,C00693,2025-11-13,Completed,WhatsApp,Mobile Money,8.96
O001287,C02349,2026-05-17,Completed,Site web,Carte bancaire,1.5
O001288,C03566,2025-12-29,Pending,Site web,Mobile Money,4.45
O001289,C03394,2025-11-14,Completed,Site web,Mobile Money,8.9
O001290,C02949,2025-02-23,Cancelled,Marketplace,Carte bancaire,3.91
O001291,C01391,2026-07-01,Completed,Site web,Carte bancaire,7.04
O001292,C03218,2026-03-20,Completed,Site web,Carte bancaire,3.25
O001293,C01624,2025-07-19,Completed,Site web,Carte bancaire,8.03
O001294,C01472,2025-05-18,Completed,WhatsApp,Carte bancaire,6.11
O001295,C02238,2026-06-15,Completed,WhatsApp,Virement,7.81
O001296,C02594,2026-06-09,Completed,Site web,Carte bancaire,7.18
O001297,C00879,2025-08-19,Completed,Site web,Carte bancaire,1.78
O001298,C03916,2025-05-07,Cancelled,Site web,Mobile Money,12.28
O001299,C03642,2026-03-14,Completed,Site web,Cash,2.08
O001300,C01188,2025-12-09,Completed,Boutique,Virement,13.46
O001301,C01016,2026-05-09,Completed,Boutique,Carte bancaire,1.5
O001302,C00290,2025-10-26,Cancelled,Site web,Mobile Money,6.2
O001303,C01706,2025-10-30,Completed,WhatsApp,Mobile Money,1.78
O001304,C00718,2025-03-20,Cancelled,Site web,Cash,10.85
O001305,C03908,2025-11-27,Completed,Site web,Mobile Money,2.96
O001306,C03770,2025-07-18,Completed,WhatsApp,Carte bancaire,2.72
O001307,C03481,2025-04-23,Completed,Boutique,Mobile Money,6.1
O001308,C01183,2026-03-05,Completed,Site web,Mobile Money,10.29
O001309,C02899,2025-07-09,Completed,Site web,Mobile Money,9.7
O001310,C02064,2025-04-27,Cancelled,Site web,Carte bancaire,5.33
O001311,C01148,2026-06-11,Completed,Site web,Mobile Money,5.04
O001312,C02246,2026-06-12,Completed,WhatsApp,Mobile Money,7.56
O001313,C00695,2025-09-29,Completed,Boutique,Carte bancaire,5.83
O001314,C04033,2025-06-11,Completed,Site web,Carte bancaire,6.24
O001315,C00689,2025-03-30,Completed,Boutique,Carte bancaire,5.57
O001316,C01267,2025-12-10,Completed,Marketplace,Cash,7.83
O001317,C00930,2025-12-01,Returned,Site web,Mobile Money,7.35
O001318,C02190,2025-12-06,Completed,WhatsApp,Carte bancaire,10.56
O001319,C02823,2026-02-25,Completed,Site web,Mobile Money,4.09
O001320,C04025,2025-09-15,Completed,WhatsApp,Mobile Money,4.06
O001321,C01633,2026-01-10,Completed,Marketplace,Virement,5.72
O001322,C00846,2025-12-26,Completed,Marketplace,Mobile Money,5.39
O001323,C00091,2026-03-12,Completed,Site web,Carte bancaire,8.59
O001324,C02512,2026-02-12,Completed,Boutique,Mobile Money,2.84
O001325,C04113,2025-01-20,Returned,WhatsApp,Mobile Money,9.81
O001326,C00268,2025-12-06,Cancelled,Boutique,Virement,5.15
O001327,C04184,2026-06-19,Completed,Marketplace,Carte bancaire,9.54
O001328,C01105,2025-11-03,Returned,Boutique,Carte bancaire,13.59
O001329,C03816,2025-10-18,Completed,Site web,Mobile Money,9.08
O001330,C00291,2025-11-29,Completed,Site web,Mobile Money,7.87
O001331,C03746,2025-11-03,Cancelled,Boutique,Carte bancaire,9.35
O001332,C01387,2025-08-09,Returned,Site web,Mobile Money,5.12
O001333,C01155,2026-06-29,Completed,WhatsApp,Mobile Money,6.79
O001334,C00868,2025-02-08,Completed,WhatsApp,Virement,3.98
O001335,C00562,2026-03-23,Completed,Boutique,Mobile Money,4.17
O001336,C03354,2025-03-29,Completed,Boutique,Carte bancaire,6.93
O001337,C00292,2025-04-24,Completed,Site web,Cash,6.29
O001338,C01947,2025-11-29,Completed,WhatsApp,Cash,7.29
O001339,C03985,2025-12-16,Completed,Boutique,Mobile Money,6.4
O001340,C01702,2026-05-24,Completed,Site web,Virement,5.15
O001341,C03474,2025-06-11,Pending,WhatsApp,Carte bancaire,8.77
O001342,C02908,2025-01-15,Pending,WhatsApp,Virement,4.15
O001343,C03341,2025-05-20,Completed,Site web,Mobile Money,6.75
O001344,C03979,2025-10-26,Completed,Site web,Cash,9.44
O001345,C00412,2025-07-15,Completed,Site web,Virement,8.13
O001346,C01267,2025-05-19,Completed,Boutique,Mobile Money,5.91
O001347,C01351,2026-05-16,Completed,Site web,Mobile Money,1.5
O001348,C00281,2025-11-04,Cancelled,Site web,Mobile Money,4.98
O001349,C00447,2026-01-04,Completed,WhatsApp,Mobile Money,12.37
O001350,C00462,2026-02-15,Completed,Site web,Mobile Money,5.26
O001351,C03989,2025-08-13,Completed,Site web,Mobile Money,5.98
O001352,C03601,2026-02-08,Completed,Site web,Carte bancaire,6.51
O001353,C02472,2026-06-13,Completed,Site web,Carte bancaire,7.28
O001354,C03553,2026-02-02,Completed,Site web,Mobile Money,4.03
O001355,C01445,2025-06-12,Completed,WhatsApp,Mobile Money,8.27
O001356,C01997,2026-03-03,Pending,Site web,Mobile Money,7.23
O001357,C03711,2025-05-10,Completed,Site web,Mobile Money,1.5
O001358,C00621,2025-02-09,Completed,Site web,Carte bancaire,1.5
O001359,C00615,2025-09-01,Completed,Site web,Mobile Money,4.39
O001360,C02212,2025-10-07,Completed,Site web,Mobile Money,2.37
O001361,C01062,2025-09-15,Completed,Site web,Mobile Money,6.93
O001362,C02808,2025-05-24,Pending,Site web,Carte bancaire,4.88
O001363,C02671,2025-05-30,Cancelled,WhatsApp,Cash,7.41
O001364,C01396,2026-05-20,Completed,Marketplace,Cash,7.45
O001365,C00487,2025-06-09,Completed,Site web,Mobile Money,2.98
O001366,C00347,2026-03-06,Completed,Boutique,Carte bancaire,4.91
O001367,C01861,2025-05-22,Completed,Site web,Carte bancaire,4.34
O001368,C01353,2025-02-28,Cancelled,Site web,Mobile Money,8.8
O001369,C00143,2025-02-04,Completed,Site web,Virement,5.47
O001370,C02901,2025-05-14,Completed,Site web,Mobile Money,9.75
O001371,C04021,2026-04-07,Completed,WhatsApp,Mobile Money,9.92
O001372,C04110,2025-09-07,Completed,Site web,Cash,5.59
O001373,C00495,2026-01-16,Completed,Boutique,Mobile Money,4.22
O001374,C00799,2026-06-12,Completed,WhatsApp,Carte bancaire,3.37
O001375,C01815,2025-01-27,Cancelled,Boutique,Virement,8.13
O001376,C03842,2025-03-02,Completed,Site web,Mobile Money,5.7
O001377,C02414,2026-05-20,Pending,Site web,Cash,3.81
O001378,C01918,2025-11-08,Completed,Boutique,Mobile Money,8.69
O001379,C03889,2025-12-05,Completed,Site web,Carte bancaire,8.75
O001380,C02786,2025-07-07,Completed,WhatsApp,Mobile Money,3.15
O001381,C04137,2026-03-30,Completed,Site web,Carte bancaire,7.08
O001382,C03628,2025-12-21,Returned,WhatsApp,Mobile Money,7.77
O001383,C04193,2025-05-22,Completed,WhatsApp,Carte bancaire,11.1
O001384,C02342,2025-12-22,Completed,Site web,Carte bancaire,5.5
O001385,C01574,2025-01-03,Completed,Marketplace,Mobile Money,6.0
O001386,C00259,2025-05-12,Completed,Boutique,Cash,7.98
O001387,C03066,2025-04-22,Completed,Site web,Virement,9.81
O001388,C01117,2026-03-07,Completed,Site web,Carte bancaire,7.2
O001389,C00047,2026-02-07,Completed,Boutique,Carte bancaire,6.68
O001390,C03373,2025-02-20,Completed,WhatsApp,Mobile Money,4.32
O001391,C01782,2026-05-12,Cancelled,Marketplace,Mobile Money,5.03
O001392,C02323,2026-03-25,Completed,WhatsApp,Mobile Money,5.55
O001393,C03293,2025-08-27,Completed,Site web,Mobile Money,8.1
O001394,C01383,2025-04-27,Cancelled,Site web,Mobile Money,7.35
O001395,C03431,2025-08-19,Completed,WhatsApp,Mobile Money,3.93
O001396,C02450,2025-11-20,Completed,WhatsApp,Carte bancaire,8.55
O001397,C02384,2025-12-12,Completed,Marketplace,Mobile Money,5.49
O001398,C01128,2025-07-10,Completed,Boutique,Mobile Money,5.54
O001399,C03313,2025-02-25,Completed,Marketplace,Carte bancaire,8.3
O001400,C01013,2025-12-01,Completed,Boutique,Mobile Money,8.68
O001401,C02601,2026-01-22,Completed,WhatsApp,Carte bancaire,7.04
O001402,C03480,2025-05-27,Completed,WhatsApp,Virement,11.61
O001403,C00490,2025-12-17,Completed,WhatsApp,Mobile Money,1.5
O001404,C01681,2025-11-08,Completed,WhatsApp,Mobile Money,8.9
O001405,C02846,2025-10-02,Completed,Boutique,Virement,3.0
O001406,C01151,2025-01-05,Completed,Site web,Carte bancaire,5.95
O001407,C00118,2025-06-18,Completed,Marketplace,Carte bancaire,6.07
O001408,C01719,2025-07-25,Completed,WhatsApp,Carte bancaire,5.85
O001409,C02087,2026-04-02,Completed,Site web,Virement,3.29
O001410,C03867,2026-03-29,Completed,Site web,Mobile Money,1.95
O001411,C03391,2026-04-24,Completed,Site web,Mobile Money,1.5
O001412,C00760,2025-09-11,Completed,WhatsApp,Carte bancaire,5.4
O001413,C01164,2025-06-29,Completed,Site web,Mobile Money,6.43
O001414,C00778,2025-10-01,Completed,Site web,Carte bancaire,7.81
O001415,C03826,2026-03-10,Completed,Site web,Virement,9.51
O001416,C01486,2025-12-07,Completed,Site web,Carte bancaire,8.55
O001417,C03743,2025-11-26,Completed,Marketplace,Mobile Money,8.99
O001418,C00254,2025-08-26,Completed,WhatsApp,Carte bancaire,3.02
O001419,C02348,2026-01-17,Completed,Site web,Virement,9.34
O001420,C00315,2026-04-21,Completed,Marketplace,Mobile Money,7.15
O001421,C02330,2026-01-02,Completed,Site web,Carte bancaire,2.13
O001422,C00047,2025-08-10,Completed,Marketplace,Mobile Money,9.24
O001423,C00657,2026-04-06,Completed,Marketplace,Virement,3.38
O001424,C00614,2026-06-01,Completed,Boutique,Mobile Money,2.92
O001425,C02979,2026-03-13,Completed,WhatsApp,Carte bancaire,10.65
O001426,C02690,2026-04-26,Completed,Boutique,Carte bancaire,6.74
O001427,C02346,2025-05-26,Completed,Site web,Mobile Money,2.9
O001428,C00825,2025-08-19,Completed,Site web,Cash,4.41
O001429,C01117,2025-05-17,Completed,Site web,Cash,9.2
O001430,C01587,2025-07-20,Completed,Site web,Mobile Money,2.42
O001431,C04112,2026-02-06,Completed,Site web,Mobile Money,5.6
O001432,C02964,2026-01-06,Completed,Boutique,Carte bancaire,5.6
O001433,C00133,2025-01-02,Cancelled,Site web,Mobile Money,14.19
O001434,C00134,2026-02-18,Returned,Site web,Mobile Money,1.65
O001435,C01461,2025-04-16,Completed,Site web,Mobile Money,1.78
O001436,C00879,2025-04-12,Completed,Site web,Mobile Money,4.32
O001437,C01710,2025-10-25,Completed,Boutique,Carte bancaire,4.1
O001438,C04183,2025-05-13,Completed,Boutique,Mobile Money,6.13
O001439,C00823,2026-06-12,Completed,WhatsApp,Mobile Money,4.61
O001440,C02508,2025-03-22,Completed,Boutique,Cash,8.56
O001441,C02028,2025-03-25,Completed,Boutique,Mobile Money,6.29
O001442,C02772,2026-02-21,Completed,Site web,Mobile Money,3.13
O001443,C02297,2025-06-07,Completed,Site web,Carte bancaire,5.31
O001444,C02168,2026-01-27,Completed,Site web,Virement,5.21
O001445,C01160,2026-01-09,Pending,Site web,Virement,9.46
O001446,C04057,2025-04-14,Completed,Marketplace,Mobile Money,8.62
O001447,C01124,2025-11-14,Completed,Boutique,Carte bancaire,8.17
O001448,C00607,2025-10-22,Completed,Site web,Carte bancaire,3.85
O001449,C00404,2025-02-21,Completed,Site web,Carte bancaire,6.97
O001450,C00283,2026-02-23,Completed,Boutique,Mobile Money,2.57
O001451,C01483,2026-04-15,Completed,Marketplace,Mobile Money,7.99
O001452,C03428,2026-06-03,Cancelled,Marketplace,Virement,9.68
O001453,C00650,2025-02-18,Cancelled,Boutique,Carte bancaire,1.5
O001454,C00018,2025-04-08,Completed,WhatsApp,Mobile Money,5.78
O001455,C02226,2026-03-29,Completed,Site web,Carte bancaire,5.77
O001456,C02359,2025-06-16,Completed,Site web,Mobile Money,8.77
O001457,C02367,2025-12-09,Cancelled,Site web,Virement,4.28
O001458,C00006,2025-07-10,Completed,WhatsApp,Mobile Money,4.23
O001459,C00854,2025-04-30,Completed,Marketplace,Mobile Money,6.54
O001460,C01463,2025-12-09,Completed,Marketplace,Carte bancaire,7.88
O001461,C03107,2025-04-23,Completed,Site web,Mobile Money,6.68
O001462,C02734,2025-03-16,Completed,Site web,Mobile Money,8.7
O001463,C03422,2025-10-18,Completed,Site web,Mobile Money,8.13
O001464,C02299,2025-04-16,Completed,WhatsApp,Virement,4.51
O001465,C01695,2025-04-16,Completed,Boutique,Cash,6.13
O001466,C02352,2026-03-04,Completed,Boutique,Carte bancaire,7.71
O001467,C01617,2025-10-17,Completed,Marketplace,Virement,3.69
O001468,C00661,2025-10-25,Completed,WhatsApp,Virement,4.03
O001469,C02419,2025-03-20,Pending,WhatsApp,Virement,1.69
O001470,C01238,2025-03-29,Completed,Marketplace,Mobile Money,9.61
O001471,C01111,2025-08-03,Cancelled,WhatsApp,Mobile Money,12.57
O001472,C02983,2025-08-01,Completed,Site web,Carte bancaire,4.04
O001473,C00278,2025-09-05,Pending,Site web,Cash,7.8
O001474,C00098,2025-03-15,Cancelled,Site web,Virement,9.82
O001475,C01496,2026-05-08,Completed,Site web,Mobile Money,2.57
O001476,C02501,2025-07-18,Returned,WhatsApp,Cash,7.12
O001477,C03528,2026-03-24,Completed,Boutique,Mobile Money,10.06
O001478,C02172,2025-08-08,Completed,Site web,Carte bancaire,5.29
O001479,C01087,2025-09-16,Completed,Site web,Virement,5.85
O001480,C01445,2025-03-03,Completed,Site web,Mobile Money,10.24
O001481,C01590,2026-01-06,Completed,Boutique,Carte bancaire,4.82
O001482,C01407,2025-02-02,Pending,Site web,Mobile Money,4.37
O001483,C02809,2026-02-14,Returned,Site web,Cash,5.55
O001484,C03356,2026-04-29,Completed,WhatsApp,Mobile Money,11.57
O001485,C02978,2025-07-18,Pending,WhatsApp,Carte bancaire,8.5
O001486,C01605,2026-05-02,Completed,Site web,Mobile Money,7.73
O001487,C01208,2026-01-18,Completed,Boutique,Mobile Money,7.7
O001488,C00336,2025-01-02,Completed,Site web,Mobile Money,2.78
O001489,C03352,2025-04-22,Completed,WhatsApp,Mobile Money,7.82
O001490,C04041,2025-12-18,Completed,WhatsApp,Mobile Money,4.87
O001491,C00231,2026-01-20,Completed,Site web,Mobile Money,5.58
O001492,C00548,2025-02-21,Completed,Site web,Cash,5.43
O001493,C00902,2026-01-11,Pending,WhatsApp,Mobile Money,9.0
O001494,C03350,2026-03-20,Returned,Site web,Carte bancaire,11.67
O001495,C00909,2025-02-20,Completed,Site web,Carte bancaire,3.45
O001496,C00059,2026-04-28,Completed,Site web,Virement,9.41
O001497,C01411,2025-10-20,Completed,Site web,Mobile Money,5.76
O001498,C01531,2025-12-04,Completed,Boutique,Mobile Money,8.59
O001499,C01661,2025-01-28,Completed,WhatsApp,Mobile Money,7.21
O001500,C02164,2025-12-03,Returned,Marketplace,Mobile Money,4.47
O001501,C01016,2025-09-07,Pending,Site web,Carte bancaire,4.43
O001502,C00126,2025-07-23,Completed,WhatsApp,Carte bancaire,5.68
O001503,C00451,2026-03-04,Completed,Site web,Virement,7.4
O001504,C03084,2025-05-17,Completed,Site web,Virement,7.82
O001505,C02771,2025-02-02,Pending,Site web,Virement,15.24
O001506,C01095,2025-10-01,Cancelled,Site web,Mobile Money,7.97
O001507,C03952,2026-02-12,Returned,Boutique,Carte bancaire,2.45
O001508,C02273,2025-03-15,Completed,Site web,Mobile Money,10.12
O001509,C03348,2026-06-24,Completed,Site web,Virement,8.13
O001510,C03328,2026-01-04,Completed,Boutique,Carte bancaire,5.86
O001511,C01261,2026-05-27,Completed,Site web,Carte bancaire,3.02
O001512,C02483,2025-09-15,Completed,Marketplace,Carte bancaire,5.51
O001513,C02491,2025-03-09,Pending,Boutique,Carte bancaire,9.86
O001514,C01914,2025-04-08,Completed,Site web,Carte bancaire,7.85
O001515,C02669,2025-10-02,Cancelled,Site web,Cash,10.42
O001516,C01412,2025-11-19,Completed,Marketplace,Mobile Money,10.26
O001517,C00413,2026-02-07,Completed,Boutique,Virement,6.97
O001518,C00190,2026-03-12,Completed,Marketplace,Mobile Money,1.5
O001519,C01877,2026-02-22,Completed,Site web,Mobile Money,3.64
O001520,C03835,2025-11-19,Completed,WhatsApp,Mobile Money,1.72
O001521,C00901,2025-01-10,Completed,Site web,Mobile Money,10.6
O001522,C02487,2025-10-18,Completed,Site web,Mobile Money,7.89
O001523,C00690,2026-03-26,Completed,Site web,Mobile Money,5.7
O001524,C02653,2026-04-10,Pending,Boutique,Virement,4.78
O001525,C00774,2026-04-03,Returned,WhatsApp,Carte bancaire,9.6
O001526,C01851,2025-01-06,Completed,Boutique,Mobile Money,3.65
O001527,C03395,2025-08-27,Completed,Site web,Carte bancaire,2.47
O001528,C01566,2025-12-04,Completed,Marketplace,Cash,2.21
O001529,C03924,2025-05-16,Completed,Site web,Mobile Money,6.66
O001530,C00196,2025-08-13,Returned,Marketplace,Mobile Money,3.89
O001531,C00353,2025-02-23,Completed,WhatsApp,Virement,9.33
O001532,C00710,2025-04-17,Completed,Site web,Mobile Money,6.28
O001533,C01025,2025-01-04,Completed,Boutique,Cash,2.11
O001534,C01788,2026-06-21,Completed,WhatsApp,Cash,5.56
O001535,C03839,2026-04-17,Completed,Site web,Mobile Money,3.34
O001536,C01016,2025-08-10,Completed,Site web,Carte bancaire,5.88
O001537,C01500,2025-01-03,Completed,Marketplace,Cash,9.51
O001538,C00187,2025-07-03,Pending,Marketplace,Mobile Money,5.77
O001539,C03002,2025-08-26,Completed,WhatsApp,Mobile Money,4.22
O001540,C02294,2025-04-03,Completed,Site web,Mobile Money,7.55
O001541,C00190,2025-12-29,Completed,Site web,Carte bancaire,4.93
O001542,C01950,2026-07-01,Completed,Site web,Carte bancaire,7.81
O001543,C00918,2026-04-08,Completed,WhatsApp,Virement,7.19
O001544,C01770,2026-04-15,Completed,Site web,Mobile Money,3.04
O001545,C01194,2026-04-01,Completed,Site web,Carte bancaire,2.26
O001546,C03294,2025-02-08,Completed,Boutique,Carte bancaire,5.09
O001547,C00242,2025-10-30,Completed,Marketplace,Mobile Money,7.42
O001548,C02519,2025-11-07,Completed,Site web,Virement,11.38
O001549,C03332,2025-02-25,Completed,Site web,Mobile Money,2.79
O001550,C00006,2025-03-22,Completed,WhatsApp,Mobile Money,3.15
O001551,C03799,2025-11-06,Completed,Site web,Mobile Money,9.09
O001552,C03201,2026-01-28,Completed,Site web,Virement,6.73
O001553,C01174,2025-04-25,Completed,Site web,Carte bancaire,5.61
O001554,C02027,2025-09-23,Completed,Site web,Virement,8.16
O001555,C02860,2025-02-11,Completed,Boutique,Carte bancaire,9.86
O001556,C02171,2025-03-02,Completed,Site web,Cash,9.25
O001557,C03178,2025-11-14,Completed,Boutique,Carte bancaire,4.03
O001558,C03737,2025-11-02,Completed,Site web,Cash,7.45
O001559,C01504,2026-02-16,Completed,WhatsApp,Virement,9.53
O001560,C00459,2026-05-15,Completed,WhatsApp,Carte bancaire,5.27
O001561,C01813,2025-04-15,Completed,Boutique,Mobile Money,7.26
O001562,C02518,2025-07-06,Completed,Site web,Cash,4.38
O001563,C03256,2026-04-15,Completed,WhatsApp,Carte bancaire,3.28
O001564,C01186,2025-01-28,Completed,Marketplace,Carte bancaire,7.38
O001565,C03899,2026-03-30,Completed,Site web,Carte bancaire,8.91
O001566,C00155,2026-06-02,Completed,Site web,Mobile Money,8.44
O001567,C02439,2025-02-24,Pending,Site web,Mobile Money,2.14
O001568,C01838,2025-03-19,Completed,Marketplace,Mobile Money,10.09
O001569,C02919,2026-01-10,Completed,Site web,Carte bancaire,7.9
O001570,C01192,2025-09-18,Completed,Site web,Virement,9.54
O001571,C03915,2026-06-26,Completed,Marketplace,Carte bancaire,3.38
O001572,C00007,2025-10-26,Cancelled,Site web,Carte bancaire,8.7
O001573,C03426,2025-12-25,Completed,Site web,Mobile Money,8.1
O001574,C02071,2025-05-10,Pending,WhatsApp,Carte bancaire,2.39
O001575,C02167,2025-06-27,Completed,Site web,Mobile Money,7.51
O001576,C01307,2025-04-08,Completed,Site web,Carte bancaire,3.1
O001577,C01646,2025-03-22,Completed,Site web,Virement,6.24
O001578,C01824,2025-03-04,Completed,WhatsApp,Mobile Money,13.15
O001579,C01307,2026-05-05,Completed,WhatsApp,Carte bancaire,7.06
O001580,C00050,2025-02-08,Completed,Site web,Mobile Money,5.85
O001581,C01683,2025-10-11,Completed,WhatsApp,Cash,1.74
O001582,C01688,2025-10-06,Completed,Marketplace,Mobile Money,7.07
O001583,C03033,2025-01-31,Completed,Site web,Virement,5.74
O001584,C01976,2026-04-07,Pending,Marketplace,Carte bancaire,1.5
O001585,C02308,2025-10-02,Completed,Marketplace,Cash,2.92
O001586,C01958,2025-03-11,Completed,Site web,Carte bancaire,8.87
O001587,C01781,2025-03-12,Completed,WhatsApp,Carte bancaire,10.07
O001588,C03012,2026-01-19,Cancelled,Boutique,Carte bancaire,6.42
O001589,C02838,2025-12-06,Completed,Boutique,Carte bancaire,9.23
O001590,C04164,2025-08-15,Completed,Boutique,Mobile Money,6.3
O001591,C02087,2025-08-11,Completed,Site web,Cash,3.93
O001592,C00118,2025-01-20,Completed,Marketplace,Carte bancaire,12.8
O001593,C02459,2025-01-18,Completed,Site web,Carte bancaire,1.97
O001594,C01664,2025-10-21,Completed,WhatsApp,Mobile Money,7.47
O001595,C00403,2025-07-19,Completed,Marketplace,Mobile Money,4.25
O001596,C03599,2025-05-19,Completed,Site web,Mobile Money,5.58
O001597,C02659,2025-07-27,Completed,WhatsApp,Mobile Money,10.97
O001598,C02628,2025-11-28,Completed,Boutique,Carte bancaire,6.34
O001599,C02673,2025-06-10,Completed,Marketplace,Mobile Money,5.23
O001600,C04132,2025-07-11,Returned,Site web,Carte bancaire,4.56
O001601,C02890,2025-06-04,Pending,WhatsApp,Mobile Money,7.89
O001602,C02997,2026-01-01,Completed,Site web,Mobile Money,3.36
O001603,C03155,2025-01-31,Completed,Site web,Carte bancaire,6.49
O001604,C03042,2026-05-19,Returned,Site web,Carte bancaire,5.8
O001605,C02958,2025-10-31,Cancelled,WhatsApp,Mobile Money,3.85
O001606,C00320,2025-05-15,Completed,WhatsApp,Cash,1.91
O001607,C01691,2026-02-21,Completed,Site web,Mobile Money,6.3
O001608,C01157,2026-05-31,Returned,Site web,Carte bancaire,5.08
O001609,C03741,2025-02-01,Completed,Site web,Virement,6.87
O001610,C02453,2025-04-22,Completed,Marketplace,Mobile Money,1.5
O001611,C02167,2025-03-20,Completed,Site web,Carte bancaire,4.82
O001612,C02195,2025-02-08,Pending,WhatsApp,Mobile Money,8.76
O001613,C02866,2026-02-09,Completed,Boutique,Mobile Money,1.5
O001614,C03203,2025-04-16,Completed,Marketplace,Mobile Money,11.82
O001615,C00847,2025-07-30,Completed,Boutique,Virement,7.29
O001616,C04174,2026-03-23,Completed,Site web,Mobile Money,5.77
O001617,C03201,2025-12-02,Completed,Site web,Mobile Money,6.52
O001618,C00869,2026-01-07,Completed,Site web,Mobile Money,3.64
O001619,C02545,2025-02-23,Completed,Boutique,Virement,10.45
O001620,C01800,2026-06-17,Returned,Site web,Mobile Money,6.73
O001621,C01583,2025-02-15,Completed,Site web,Carte bancaire,6.39
O001622,C03641,2026-01-24,Completed,Site web,Mobile Money,9.2
O001623,C01200,2025-12-17,Completed,Site web,Mobile Money,7.36
O001624,C03521,2025-08-15,Completed,Site web,Virement,4.16
O001625,C02675,2026-04-05,Completed,Site web,Carte bancaire,6.09
O001626,C03433,2026-05-05,Completed,Site web,Carte bancaire,7.9
O001627,C03131,2025-02-08,Completed,WhatsApp,Cash,6.37
O001628,C02606,2026-06-10,Completed,Site web,Virement,2.15
O001629,C00800,2025-05-13,Completed,WhatsApp,Virement,10.39
O001630,C04172,2026-03-10,Completed,WhatsApp,Mobile Money,6.67
O001631,C02699,2026-03-26,Completed,WhatsApp,Mobile Money,5.01
O001632,C01504,2025-11-02,Completed,Site web,Cash,8.14
O001633,C01077,2026-04-19,Completed,WhatsApp,Carte bancaire,4.71
O001634,C00489,2026-03-29,Cancelled,Site web,Carte bancaire,1.59
O001635,C01327,2025-10-14,Completed,Site web,Carte bancaire,6.17
O001636,C00557,2025-04-09,Completed,Site web,Carte bancaire,8.19
O001637,C03730,2025-08-27,Pending,Marketplace,Carte bancaire,5.37
O001638,C01830,2026-05-09,Pending,Site web,Mobile Money,5.49
O001639,C02630,2025-04-22,Pending,Site web,Mobile Money,5.62
O001640,C03381,2026-07-02,Completed,Site web,Mobile Money,5.87
O001641,C04039,2025-04-10,Completed,WhatsApp,Virement,6.62
O001642,C01902,2025-12-31,Completed,Site web,Mobile Money,8.57
O001643,C00220,2025-12-18,Completed,Boutique,Virement,8.39
O001644,C02568,2025-04-18,Completed,Site web,Carte bancaire,12.27
O001645,C03977,2025-09-16,Completed,Site web,Cash,11.41
O001646,C01504,2025-03-21,Completed,Boutique,Virement,3.59
O001647,C00430,2025-07-19,Completed,Site web,Mobile Money,5.49
O001648,C03003,2026-06-10,Completed,Site web,Carte bancaire,8.34
O001649,C02607,2025-01-30,Completed,Boutique,Carte bancaire,1.5
O001650,C00644,2026-04-23,Pending,Marketplace,Mobile Money,7.12
O001651,C00016,2026-01-07,Completed,Site web,Mobile Money,3.6
O001652,C02185,2026-02-15,Completed,WhatsApp,Carte bancaire,6.01
O001653,C00624,2025-06-04,Completed,Site web,Cash,6.21
O001654,C00778,2026-06-05,Completed,WhatsApp,Mobile Money,1.5
O001655,C01298,2025-05-19,Completed,Boutique,Mobile Money,13.43
O001656,C01969,2025-10-03,Completed,WhatsApp,Virement,4.55
O001657,C03436,2025-01-21,Completed,Site web,Mobile Money,10.48
O001658,C01809,2026-05-02,Pending,Site web,Cash,1.5
O001659,C03513,2026-01-22,Completed,WhatsApp,Mobile Money,4.2
O001660,C02540,2025-03-31,Completed,WhatsApp,Mobile Money,8.52
O001661,C01650,2025-12-29,Completed,WhatsApp,Mobile Money,5.39
O001662,C02141,2025-04-11,Completed,Site web,Mobile Money,8.52
O001663,C00594,2025-09-01,Completed,Site web,Mobile Money,8.02
O001664,C04099,2025-10-08,Completed,Boutique,Carte bancaire,3.63
O001665,C01269,2026-05-26,Completed,Site web,Mobile Money,9.79
O001666,C03782,2025-07-02,Completed,Marketplace,Cash,7.84
O001667,C02710,2025-01-08,Completed,WhatsApp,Mobile Money,1.77
O001668,C01236,2025-08-26,Completed,Boutique,Carte bancaire,6.42
O001669,C02045,2026-05-23,Completed,Site web,Carte bancaire,8.06
O001670,C00509,2026-03-14,Completed,Site web,Mobile Money,5.8
O001671,C02586,2025-02-02,Completed,Marketplace,Carte bancaire,6.25
O001672,C00272,2025-01-30,Completed,WhatsApp,Mobile Money,7.56
O001673,C02685,2026-02-19,Completed,Site web,Virement,1.5
O001674,C00832,2026-01-31,Completed,Marketplace,Carte bancaire,5.5
O001675,C00541,2025-11-02,Completed,Site web,Mobile Money,4.98
O001676,C00933,2025-02-18,Completed,Boutique,Carte bancaire,8.37
O001677,C00376,2025-06-03,Completed,Site web,Mobile Money,4.41
O001678,C03733,2026-04-10,Completed,Boutique,Cash,11.94
O001679,C03932,2025-03-18,Completed,Marketplace,Carte bancaire,4.34
O001680,C03885,2025-04-21,Completed,Site web,Mobile Money,2.72
O001681,C03017,2025-09-05,Completed,Site web,Mobile Money,9.78
O001682,C00968,2026-02-07,Completed,WhatsApp,Mobile Money,7.88
O001683,C03188,2026-03-30,Completed,Site web,Virement,7.24
O001684,C03187,2025-11-21,Completed,Site web,Carte bancaire,5.35
O001685,C00994,2025-09-27,Completed,WhatsApp,Carte bancaire,-5.0
O001686,C03511,2025-07-31,Pending,Site web,Mobile Money,7.45
O001687,C04188,2025-01-24,Completed,Marketplace,Virement,4.37
O001688,C01586,2025-05-27,Cancelled,Boutique,Carte bancaire,11.41
O001689,C02471,2025-04-28,Completed,Site web,Carte bancaire,6.78
O001690,C03661,2025-02-01,Completed,Site web,Mobile Money,5.26
O001691,C01103,2026-02-13,Completed,Boutique,Mobile Money,4.83
O001692,C04153,2025-07-13,Pending,WhatsApp,Mobile Money,2.42
O001693,C01274,2025-10-07,Completed,Marketplace,Virement,8.19
O001694,C04065,2025-04-20,Cancelled,Site web,Carte bancaire,3.7
O001695,C00983,2025-11-20,Completed,Site web,Mobile Money,5.61
O001696,C03117,2025-03-16,Returned,WhatsApp,Carte bancaire,13.64
O001697,C02207,2026-01-07,Completed,Site web,Mobile Money,1.5
O001698,C01561,2026-02-09,Completed,Site web,Mobile Money,5.7
O001699,C01845,2025-06-20,Completed,WhatsApp,Carte bancaire,1.89
O001700,C00954,2025-04-27,Completed,Site web,Mobile Money,4.39
O001701,C02823,2026-03-04,Completed,Site web,Carte bancaire,5.57
O001702,C04171,2025-05-03,Completed,Site web,Carte bancaire,2.09
O001703,C02461,2025-04-08,Completed,Site web,Mobile Money,7.23
O001704,C01160,2025-07-06,Completed,Site web,Carte bancaire,10.41
O001705,C02814,2026-06-14,Completed,Site web,Mobile Money,7.0
O001706,C01842,2025-09-11,Completed,Marketplace,Virement,8.52
O001707,C03869,2025-05-24,Completed,Site web,Mobile Money,10.87
O001708,C01110,2025-10-09,Completed,Site web,Mobile Money,7.82
O001709,C02177,2025-07-10,Completed,Marketplace,Mobile Money,1.5
O001710,C02084,2025-12-31,Completed,Boutique,Mobile Money,6.54
O001711,C03721,2025-08-29,Returned,Site web,Mobile Money,1.5
O001712,C00464,2025-11-19,Pending,Marketplace,Carte bancaire,3.83
O001713,C02595,2025-08-28,Completed,Marketplace,Virement,1.5
O001714,C03399,2025-09-21,Completed,Boutique,Mobile Money,6.82
O001715,C01519,2025-09-03,Completed,WhatsApp,Mobile Money,3.31
O001716,C02122,2025-08-04,Pending,WhatsApp,Mobile Money,6.9
O001717,C01238,2026-06-13,Pending,Marketplace,Carte bancaire,8.34
O001718,C01762,2025-05-26,Cancelled,WhatsApp,Carte bancaire,3.13
O001719,C03991,2026-03-18,Returned,Boutique,Virement,6.75
O001720,C01526,2026-01-25,Completed,Site web,Carte bancaire,1.5
O001721,C00848,2025-10-17,Completed,Boutique,Carte bancaire,1.52
O001722,C02436,2025-06-23,Completed,Marketplace,Mobile Money,9.8
O001723,C01974,2025-09-23,Completed,Site web,Virement,3.35
O001724,C03276,2026-04-11,Completed,Site web,Mobile Money,4.42
O001725,C00154,2025-04-10,Completed,Boutique,Carte bancaire,3.55
O001726,C03791,2025-11-18,Completed,Boutique,Virement,1.5
O001727,C02948,2026-02-24,Completed,Boutique,Mobile Money,2.9
O001728,C03535,2025-12-14,Completed,Marketplace,Mobile Money,5.98
O001729,C01712,2025-03-20,Completed,Site web,Mobile Money,4.84
O001730,C01872,2025-10-06,Cancelled,WhatsApp,Virement,9.22
O001731,C01405,2025-04-11,Completed,WhatsApp,Mobile Money,4.14
O001732,C03503,2026-05-24,Completed,Site web,Mobile Money,5.96
O001733,C00299,2025-07-12,Completed,Site web,Carte bancaire,4.37
O001734,C02221,2025-08-20,Pending,WhatsApp,Carte bancaire,8.8
O001735,C01092,2026-04-15,Completed,WhatsApp,Carte bancaire,1.7
O001736,C02681,2025-08-22,Completed,WhatsApp,Carte bancaire,7.43
O001737,C04049,2025-04-17,Completed,WhatsApp,Cash,7.21
O001738,C02834,2026-05-05,Pending,Boutique,Mobile Money,3.54
O001739,C00186,2025-12-22,Completed,Site web,Mobile Money,5.7
O001740,C01679,2025-11-28,Completed,Site web,Carte bancaire,7.16
O001741,C00132,2025-02-11,Completed,WhatsApp,Mobile Money,3.92
O001742,C02042,2025-09-04,Completed,WhatsApp,Carte bancaire,3.86
O001743,C00731,2025-09-09,Cancelled,Boutique,Cash,2.31
O001744,C02909,2025-05-24,Completed,Site web,Carte bancaire,12.07
O001745,C02242,2025-11-06,Pending,Boutique,Mobile Money,4.6
O001746,C01294,2025-05-15,Completed,Marketplace,Cash,2.32
O001747,C03601,2025-09-16,Completed,Site web,Mobile Money,1.5
O001748,C03138,2026-03-16,Completed,WhatsApp,Mobile Money,3.59
O001749,C02634,2026-02-07,Completed,Marketplace,Mobile Money,6.8
O001750,C01488,2025-06-03,Completed,Site web,Mobile Money,5.23
O001751,C01144,2025-04-24,Completed,Boutique,Mobile Money,7.05
O001752,C02460,2025-01-04,Pending,WhatsApp,Mobile Money,8.15
O001753,C03319,2025-07-09,Cancelled,Site web,Carte bancaire,5.55
O001754,C03519,2025-01-11,Completed,Marketplace,Carte bancaire,5.62
O001755,C03265,2025-03-12,Completed,Site web,Carte bancaire,10.7
O001756,C00098,2026-06-21,Returned,Site web,Carte bancaire,8.21
O001757,C04136,2026-04-14,Completed,Site web,Virement,7.15
O001758,C01010,2025-11-03,Completed,Marketplace,Virement,4.97
O001759,C00043,2026-03-01,Completed,Site web,Mobile Money,8.03
O001760,C02357,2025-09-25,Completed,Boutique,Mobile Money,7.06
O001761,C01913,2025-11-26,Completed,Site web,Carte bancaire,6.94
O001762,C00446,2026-05-18,Completed,WhatsApp,Mobile Money,8.15
O001763,C00901,2025-02-13,Completed,WhatsApp,Mobile Money,6.98
O001764,C00864,2025-07-12,Completed,Site web,Mobile Money,1.5
O001765,C01848,2025-03-07,Completed,Site web,Carte bancaire,6.16
O001766,C03147,2026-03-12,Completed,Site web,Mobile Money,2.65
O001767,C02865,2026-03-27,Completed,Site web,Virement,7.9
O001768,C00109,2026-01-31,Completed,Site web,Carte bancaire,1.5
O001769,C00730,2025-11-30,Completed,WhatsApp,Mobile Money,5.91
O001770,C02563,2025-09-19,Completed,Site web,Carte bancaire,6.17
O001771,C03372,2025-01-13,Completed,Site web,Carte bancaire,2.56
O001772,C00144,2026-03-01,Completed,WhatsApp,Mobile Money,5.76
O001773,C01411,2026-05-05,Completed,Marketplace,Virement,8.3
O001774,C00487,2026-06-14,Completed,WhatsApp,Carte bancaire,4.33
O001775,C02040,2025-07-07,Completed,Marketplace,Carte bancaire,6.87
O001776,C01640,2025-04-20,Completed,WhatsApp,Mobile Money,7.52
O001777,C00731,2025-12-25,Completed,Boutique,Mobile Money,2.8
O001778,C04053,2025-01-10,Completed,Site web,Carte bancaire,6.12
O001779,C03204,2025-02-03,Completed,WhatsApp,Carte bancaire,5.37
O001780,C02293,2026-03-27,Pending,Site web,Mobile Money,5.96
O001781,C03216,2026-06-09,Completed,Boutique,Cash,1.5
O001782,C01312,2025-08-10,Completed,Marketplace,Virement,1.78
O001783,C03928,2025-10-06,Pending,Boutique,Carte bancaire,9.66
O001784,C01728,2025-10-26,Completed,Site web,Carte bancaire,8.27
O001785,C01622,2025-03-17,Completed,WhatsApp,Carte bancaire,6.66
O001786,C02389,2025-05-02,Returned,Boutique,Mobile Money,8.7
O001787,C02429,2025-06-13,Completed,Site web,Mobile Money,2.02
O001788,C02602,2026-04-07,Completed,Site web,Virement,5.32
O001789,C03497,2025-08-29,Completed,Boutique,Carte bancaire,5.04
O001790,C01126,2026-01-31,Returned,Site web,Virement,3.69
O001791,C02970,2025-04-17,Completed,Site web,Mobile Money,2.6
O001792,C00829,2026-06-07,Completed,Marketplace,Mobile Money,9.95
O001793,C01010,2026-04-30,Completed,Marketplace,Mobile Money,4.11
O001794,C02081,2025-09-18,Completed,Site web,Mobile Money,7.35
O001795,C02203,2025-05-04,Completed,Marketplace,Carte bancaire,7.0
O001796,C02709,2026-06-20,Pending,Boutique,Mobile Money,9.14
O001797,C00585,2026-03-19,Completed,WhatsApp,Virement,8.2
O001798,C03430,2025-10-07,Cancelled,Boutique,Carte bancaire,5.08
O001799,C02340,2025-05-27,Completed,Marketplace,Mobile Money,2.2
O001800,C02490,2025-12-07,Cancelled,Boutique,Carte bancaire,8.68
O001801,C03139,2025-07-22,Completed,Site web,Cash,9.67
O001802,C02909,2026-01-05,Completed,Site web,Mobile Money,13.39
O001803,C01802,2026-04-02,Completed,Site web,Mobile Money,8.93
O001804,C02033,2025-09-26,Completed,Site web,Mobile Money,4.08
O001805,C00979,2025-01-27,Completed,Site web,Cash,4.47
O001806,C02381,2025-11-05,Completed,Site web,Cash,1.5
O001807,C00853,2026-04-16,Returned,Site web,Virement,3.56
O001808,C02669,2025-05-03,Completed,Site web,Mobile Money,2.19
O001809,C01755,2026-06-10,Completed,Marketplace,Virement,7.76
O001810,C00993,2025-07-18,Completed,Site web,Carte bancaire,8.87
O001811,C01999,2026-01-10,Completed,WhatsApp,Carte bancaire,12.77
O001812,C03924,2026-01-20,Completed,WhatsApp,Cash,15.26
O001813,C02362,2025-04-10,Returned,Marketplace,Mobile Money,6.75
O001814,C01451,2025-01-22,Completed,Site web,Virement,4.25
O001815,C01891,2026-06-04,Completed,Site web,Mobile Money,4.83
O001816,C02540,2026-01-19,Completed,WhatsApp,Virement,3.92
O001817,C00645,2025-12-12,Completed,WhatsApp,Carte bancaire,13.03
O001818,C02357,2025-06-16,Completed,Boutique,Mobile Money,1.5
O001819,C00142,2025-03-01,Completed,Site web,Virement,10.86
O001820,C03585,2025-05-29,Completed,Site web,Mobile Money,3.2
O001821,C02561,2025-10-28,Completed,Site web,Mobile Money,4.83
O001822,C00478,2026-01-16,Completed,Boutique,Mobile Money,1.5
O001823,C01958,2025-06-24,Cancelled,Site web,Virement,9.16
O001824,C03714,2025-04-28,Completed,Site web,Virement,8.38
O001825,C04053,2025-05-17,Completed,WhatsApp,Carte bancaire,2.72
O001826,C00576,2026-06-12,Completed,Site web,Mobile Money,9.32
O001827,C01136,2025-12-12,Completed,Site web,Mobile Money,8.74
O001828,C00608,2026-06-27,Completed,Site web,Mobile Money,4.41
O001829,C01550,2025-01-04,Completed,Boutique,Mobile Money,1.5
O001830,C03622,2025-09-09,Completed,WhatsApp,Virement,5.34
O001831,C02968,2025-09-08,Completed,WhatsApp,Mobile Money,9.13
O001832,C01080,2025-08-08,Completed,WhatsApp,Mobile Money,3.26
O001833,C01367,2025-08-03,Completed,Marketplace,Mobile Money,9.24
O001834,C02570,2025-02-13,Completed,Site web,Cash,3.42
O001835,C02508,2025-01-18,Completed,Site web,Mobile Money,5.73
O001836,C01948,2026-03-03,Completed,Marketplace,Carte bancaire,3.79
O001837,C01770,2025-08-30,Completed,WhatsApp,Mobile Money,6.47
O001838,C03924,2025-03-31,Completed,Marketplace,Carte bancaire,8.46
O001839,C02115,2025-07-10,Completed,Boutique,Carte bancaire,10.89
O001840,C03285,2026-05-27,Completed,Boutique,Mobile Money,6.63
O001841,C04032,2025-09-14,Completed,WhatsApp,Mobile Money,1.5
O001842,C01407,2026-06-27,Completed,Site web,Mobile Money,7.9
O001843,C03272,2025-03-30,Completed,Marketplace,Virement,5.11
O001844,C03417,2025-03-09,Completed,WhatsApp,Carte bancaire,5.04
O001845,C00922,2025-11-05,Completed,Site web,Virement,6.32
O001846,C00949,2026-01-10,Completed,Site web,Mobile Money,7.68
O001847,C00679,2026-06-22,Completed,Site web,Carte bancaire,4.76
O001848,C02586,2025-09-13,Returned,Site web,Carte bancaire,7.74
O001849,C03199,2025-04-20,Completed,Site web,Mobile Money,7.21
O001850,C03157,2025-10-24,Completed,Site web,Mobile Money,7.75
O001851,C01629,2025-06-18,Pending,Marketplace,Mobile Money,8.64
O001852,C02954,2025-04-09,Completed,WhatsApp,Mobile Money,1.5
O001853,C00126,2025-02-18,Completed,Site web,Cash,4.82
O001854,C02759,2026-02-01,Pending,Site web,Cash,5.54
O001855,C01992,2025-12-19,Completed,Boutique,Virement,5.25
O001856,C03486,2025-04-02,Completed,Boutique,Mobile Money,3.4
O001857,C04065,2025-11-03,Completed,Site web,Mobile Money,4.04
O001858,C02337,2026-05-01,Completed,Marketplace,Mobile Money,7.56
O001859,C02612,2026-03-25,Completed,Site web,Virement,7.38
O001860,C03900,2025-09-06,Completed,Site web,Mobile Money,6.1
O001861,C01443,2025-02-01,Completed,Site web,Mobile Money,2.99
O001862,C00609,2025-12-14,Completed,Marketplace,Carte bancaire,8.58
O001863,C02127,2025-10-10,Cancelled,Boutique,Carte bancaire,8.36
O001864,C01494,2026-05-21,Returned,WhatsApp,Carte bancaire,9.34
O001865,C02666,2025-10-31,Completed,WhatsApp,Carte bancaire,3.66
O001866,C03289,2026-02-09,Completed,Site web,Carte bancaire,16.88
O001867,C02117,2025-10-17,Completed,Site web,Virement,6.66
O001868,C01294,2025-10-24,Completed,Site web,Mobile Money,3.73
O001869,C02373,2025-06-23,Cancelled,Marketplace,Mobile Money,13.14
O001870,C01861,2025-08-09,Completed,Boutique,Mobile Money,8.24
O001871,C00780,2025-06-12,Completed,Site web,Carte bancaire,6.61
O001872,C03247,2025-09-11,Completed,Marketplace,Carte bancaire,6.97
O001873,C01396,2026-06-06,Completed,Site web,Carte bancaire,9.85
O001874,C02262,2025-07-07,Completed,Site web,Carte bancaire,6.76
O001875,C03817,2025-09-11,Completed,Site web,Carte bancaire,1.5
O001876,C00788,2026-06-03,Completed,Marketplace,Cash,5.95
O001877,C01795,2025-03-24,Completed,Site web,Mobile Money,8.7
O001878,C00735,2025-05-19,Completed,Site web,Cash,5.86
O001879,C01835,2025-09-28,Returned,Site web,Carte bancaire,3.04
O001880,C01266,2025-08-13,Completed,Marketplace,Mobile Money,5.89
O001881,C03846,2025-07-06,Completed,Site web,Mobile Money,8.59
O001882,C01273,2026-03-03,Completed,WhatsApp,Carte bancaire,9.83
O001883,C02580,2025-10-01,Completed,Marketplace,Carte bancaire,2.67
O001884,C00575,2025-07-19,Completed,WhatsApp,Carte bancaire,2.47
O001885,C01916,2025-09-20,Completed,Site web,Mobile Money,5.82
O001886,C03506,2026-05-01,Completed,Site web,Mobile Money,3.92
O001887,C02823,2026-06-24,Completed,Site web,Carte bancaire,4.27
O001888,C01188,2025-05-14,Cancelled,Boutique,Virement,5.19
O001889,C04082,2025-01-23,Completed,Boutique,Mobile Money,8.3
O001890,C03370,2025-01-18,Completed,Site web,Carte bancaire,3.47
O001891,C01691,2025-09-02,Completed,Site web,Mobile Money,2.5
O001892,C04089,2025-12-11,Completed,Site web,Mobile Money,3.78
O001893,C00787,2025-01-29,Completed,WhatsApp,Virement,1.5
O001894,C01395,2025-10-06,Completed,Site web,Virement,6.16
O001895,C03909,2025-08-08,Completed,Marketplace,Carte bancaire,6.33
O001896,C04075,2026-05-27,Returned,Site web,Carte bancaire,9.03
O001897,C03458,2025-11-27,Completed,Site web,Mobile Money,2.82
O001898,C00804,2025-08-20,Pending,WhatsApp,Mobile Money,6.37
O001899,C00918,2025-11-18,Completed,Marketplace,Carte bancaire,7.0
O001900,C02720,2025-03-16,Completed,Site web,Virement,1.5
O001901,C00235,2025-09-18,Pending,Boutique,Mobile Money,6.66
O001902,C04163,2025-06-30,Completed,Site web,Cash,6.77
O001903,C03954,2025-04-10,Completed,WhatsApp,Cash,5.62
O001904,C03396,2025-08-04,Cancelled,WhatsApp,Mobile Money,2.16
O001905,C04067,2025-12-17,Cancelled,Marketplace,Mobile Money,5.77
O001906,C00965,2025-11-16,Completed,WhatsApp,Mobile Money,1.5
O001907,C03702,2026-06-13,Pending,Site web,Cash,6.98
O001908,C01081,2025-05-31,Completed,Boutique,Mobile Money,8.22
O001909,C00510,2026-01-19,Completed,Site web,Mobile Money,5.34
O001910,C01103,2025-10-29,Completed,Site web,Virement,9.84
O001911,C03255,2026-04-24,Completed,Site web,Mobile Money,3.91
O001912,C03961,2026-05-13,Completed,WhatsApp,Cash,3.82
O001913,C02571,2026-01-23,Completed,Boutique,Virement,5.16
O001914,C01031,2025-08-21,Completed,WhatsApp,Mobile Money,12.79
O001915,C02524,2025-10-20,Pending,Site web,Virement,5.15
O001916,C02141,2025-12-24,Pending,Site web,Virement,12.43
O001917,C02176,2026-03-18,Pending,Marketplace,Carte bancaire,5.88
O001918,C01470,2025-05-06,Completed,Site web,Virement,3.58
O001919,C00583,2026-04-24,Cancelled,Site web,Carte bancaire,11.86
O001920,C01518,2026-03-16,Completed,Boutique,Virement,6.55
O001921,C03740,2025-02-18,Completed,Marketplace,Virement,5.12
O001922,C01715,2025-05-28,Completed,Site web,Cash,8.58
O001923,C00088,2025-05-10,Completed,WhatsApp,Virement,9.74
O001924,C01450,2025-11-14,Completed,Boutique,Cash,4.26
O001925,C01937,2025-04-25,Completed,Site web,Mobile Money,8.71
O001926,C02520,2025-06-14,Returned,Marketplace,Mobile Money,5.32
O001927,C02695,2025-04-14,Completed,Site web,Carte bancaire,3.06
O001928,C01787,2025-02-06,Completed,WhatsApp,Mobile Money,3.88
O001929,C00602,2025-09-09,Completed,Site web,Virement,2.48
O001930,C01853,2025-06-25,Completed,Site web,Mobile Money,6.26
O001931,C00014,2025-10-04,Returned,Site web,Carte bancaire,6.27
O001932,C02126,2025-04-27,Completed,Site web,Carte bancaire,9.43
O001933,C01870,2025-06-06,Completed,Marketplace,Virement,8.61
O001934,C01496,2026-05-05,Completed,WhatsApp,Mobile Money,4.79
O001935,C02780,2026-03-18,Completed,Site web,Cash,5.42
O001936,C03170,2025-05-26,Completed,Site web,Mobile Money,4.05
O001937,C01109,2025-03-30,Completed,Site web,Mobile Money,6.33
O001938,C02115,2026-06-18,Completed,WhatsApp,Mobile Money,5.34
O001939,C02141,2026-01-09,Completed,WhatsApp,Virement,6.15
O001940,C02139,2025-09-27,Pending,Site web,Mobile Money,10.39
O001941,C01694,2026-01-19,Completed,Boutique,Mobile Money,10.54
O001942,C00882,2025-05-02,Completed,Site web,Mobile Money,4.13
O001943,C00721,2025-08-23,Completed,Boutique,Carte bancaire,8.33
O001944,C00130,2025-08-03,Completed,WhatsApp,Mobile Money,7.96
O001945,C00220,2026-01-31,Completed,Site web,Mobile Money,4.35
O001946,C03399,2025-04-11,Completed,Site web,Mobile Money,10.24
O001947,C00294,2025-09-26,Completed,Site web,Carte bancaire,1.56
O001948,C03594,2026-04-02,Completed,Marketplace,Mobile Money,9.23
O001949,C03766,2025-04-18,Completed,Boutique,Carte bancaire,5.65
O001950,C01014,2025-03-07,Completed,Marketplace,Cash,2.79
O001951,C01861,2026-03-27,Completed,Boutique,Carte bancaire,5.45
O001952,C01513,2026-04-24,Completed,Marketplace,Virement,11.63
O001953,C01655,2025-08-24,Cancelled,Site web,Mobile Money,13.53
O001954,C01504,2025-01-26,Completed,WhatsApp,Carte bancaire,3.66
O001955,C01439,2025-10-24,Completed,Site web,Mobile Money,5.88
O001956,C02874,2025-06-14,Completed,Marketplace,Carte bancaire,5.44
O001957,C01734,2025-11-18,Completed,Marketplace,Mobile Money,5.94
O001958,C00787,2025-03-18,Cancelled,Boutique,Carte bancaire,10.87
O001959,C01592,2026-03-18,Completed,Boutique,Carte bancaire,4.83
O001960,C04111,2026-01-11,Completed,Marketplace,Carte bancaire,3.65
O001961,C04149,2025-12-20,Completed,Site web,Mobile Money,4.67
O001962,C00260,2025-10-08,Completed,WhatsApp,Mobile Money,5.44
O001963,C02419,2025-05-01,Completed,Boutique,Mobile Money,8.31
O001964,C04090,2026-05-30,Completed,WhatsApp,Carte bancaire,6.38
O001965,C00815,2025-05-26,Completed,WhatsApp,Mobile Money,8.0
O001966,C00289,2025-07-20,Completed,Site web,Carte bancaire,9.18
O001967,C00891,2026-05-23,Completed,Site web,Carte bancaire,5.16
O001968,C01334,2025-01-23,Completed,Marketplace,Mobile Money,5.79
O001969,C03926,2025-03-10,Completed,Boutique,Mobile Money,7.47
O001970,C01053,2026-02-22,Cancelled,WhatsApp,Carte bancaire,4.15
O001971,C01395,2025-07-21,Completed,Site web,Carte bancaire,6.13
O001972,C01091,2025-11-14,Completed,Site web,Mobile Money,9.18
O001973,C01645,2025-11-15,Completed,Site web,Mobile Money,6.37
O001974,C04178,2026-03-30,Completed,Site web,Cash,9.83
O001975,C00352,2025-12-06,Cancelled,Site web,Mobile Money,3.27
O001976,C01926,2025-08-22,Completed,Site web,Mobile Money,7.01
O001977,C02579,2025-10-28,Pending,Site web,Carte bancaire,7.73
O001978,C00502,2026-02-09,Completed,Site web,Mobile Money,6.95
O001979,C00187,2025-07-27,Completed,Boutique,Mobile Money,5.14
O001980,C04126,2025-04-04,Completed,WhatsApp,Virement,1.62
O001981,C01131,2025-09-24,Completed,WhatsApp,Cash,9.35
O001982,C01020,2026-07-02,Completed,Marketplace,Carte bancaire,1.77
O001983,C01465,2025-03-03,Completed,WhatsApp,Carte bancaire,1.99
O001984,C00305,2025-04-06,Completed,Marketplace,Mobile Money,7.74
O001985,C00618,2026-06-30,Completed,Site web,Carte bancaire,4.89
O001986,C00102,2026-03-31,Completed,Site web,Carte bancaire,6.43
O001987,C02247,2025-03-06,Completed,Site web,Carte bancaire,2.15
O001988,C01946,2025-04-27,Completed,Marketplace,Mobile Money,6.87
O001989,C01152,2026-01-14,Completed,Marketplace,Mobile Money,8.51
O001990,C03857,2026-03-05,Cancelled,Site web,Carte bancaire,1.5
O001991,C01283,2026-02-07,Completed,Boutique,Carte bancaire,6.76
O001992,C00072,2026-04-17,Completed,Site web,Cash,8.71
O001993,C00419,2025-10-05,Completed,WhatsApp,Mobile Money,2.0
O001994,C03046,2026-04-26,Completed,Site web,Cash,6.43
O001995,C02240,2025-11-23,Cancelled,WhatsApp,Mobile Money,6.15
O001996,C01094,2025-09-18,Completed,Site web,Mobile Money,7.07
O001997,C01040,2025-12-15,Completed,WhatsApp,Virement,5.18
O001998,C00921,2025-08-23,Completed,Site web,Carte bancaire,1.63
O001999,C01772,2025-11-29,Completed,WhatsApp,Mobile Money,4.81
O002000,C02956,2026-04-02,Completed,Site web,Carte bancaire,4.33
O002001,C02681,2026-06-10,Completed,WhatsApp,Mobile Money,5.8
O002002,C03142,2025-11-14,Pending,Site web,Cash,9.62
O002003,C00174,2025-01-04,Completed,Site web,Virement,1.54
O002004,C02348,2025-12-07,Completed,WhatsApp,Carte bancaire,8.88
O002005,C03211,2025-05-19,Completed,Site web,Mobile Money,11.3
O002006,C00850,2025-05-10,Completed,Site web,Mobile Money,11.12
O002007,C02448,2026-04-28,Completed,Site web,Virement,11.37
O002008,C00027,2025-09-02,Completed,WhatsApp,Mobile Money,6.58
O002009,C03822,2026-03-10,Returned,WhatsApp,Mobile Money,6.22
O002010,C03097,2025-07-22,Completed,Site web,Carte bancaire,1.5
O002011,C02617,2025-11-29,Pending,Site web,Virement,5.35
O002012,C02519,2025-12-31,Completed,WhatsApp,Mobile Money,9.4
O002013,C02814,2026-05-05,Cancelled,Boutique,Carte bancaire,1.74
O002014,C01775,2025-04-18,Completed,Site web,Cash,3.42
O002015,C04061,2025-11-04,Completed,Site web,Mobile Money,6.33
O002016,C00898,2025-08-11,Completed,Boutique,Mobile Money,1.5
O002017,C03405,2025-09-12,Pending,Site web,Mobile Money,11.47
O002018,C03201,2026-04-11,Pending,Site web,Mobile Money,7.75
O002019,C03518,2025-03-16,Completed,Site web,Virement,7.03
O002020,C00298,2025-10-27,Completed,Marketplace,Mobile Money,8.43
O002021,C01870,2025-08-01,Completed,WhatsApp,Carte bancaire,4.98
O002022,C02700,2026-05-07,Completed,Site web,Carte bancaire,6.84
O002023,C02600,2025-04-29,Completed,Site web,Carte bancaire,3.07
O002024,C02892,2025-05-08,Completed,Site web,Mobile Money,1.5
O002025,C02664,2025-02-19,Completed,Site web,Mobile Money,5.9
O002026,C00938,2025-08-30,Completed,Marketplace,Mobile Money,10.75
O002027,C03478,2025-01-06,Completed,Site web,Mobile Money,11.02
O002028,C02030,2025-10-02,Completed,Boutique,Mobile Money,5.43
O002029,C04077,2025-05-03,Completed,Marketplace,Mobile Money,5.17
O002030,C02185,2025-08-08,Completed,Site web,Carte bancaire,1.5
O002031,C02258,2025-11-28,Completed,Site web,Carte bancaire,9.19
O002032,C02484,2026-01-11,Completed,Site web,Mobile Money,7.27
O002033,C03659,2025-02-03,Completed,Boutique,Mobile Money,5.43
O002034,C03785,2025-03-23,Cancelled,Site web,Mobile Money,1.5
O002035,C02456,2025-06-24,Completed,WhatsApp,Carte bancaire,1.5
O002036,C02295,2025-10-12,Pending,Site web,Carte bancaire,6.39
O002037,C00229,2026-04-30,Completed,Site web,Carte bancaire,1.5
O002038,C00283,2025-03-18,Completed,Site web,Mobile Money,7.61
O002039,C03094,2025-02-07,Completed,Site web,Mobile Money,7.76
O002040,C01449,2025-12-11,Returned,Boutique,Virement,2.06
O002041,C01835,2026-06-21,Completed,Marketplace,Mobile Money,6.15
O002042,C02639,2026-03-31,Completed,Marketplace,Mobile Money,3.18
O002043,C00932,2025-11-06,Completed,WhatsApp,Carte bancaire,8.82
O002044,C01400,2025-01-11,Completed,Site web,Carte bancaire,15.87
O002045,C00181,2025-11-12,Completed,WhatsApp,Carte bancaire,5.64
O002046,C03226,2025-09-08,Completed,Site web,Virement,10.43
O002047,C02136,2025-09-02,Completed,Marketplace,Carte bancaire,9.08
O002048,C00798,2025-09-28,Completed,WhatsApp,Virement,5.77
O002049,C02504,2025-11-04,Completed,Site web,Mobile Money,7.6
O002050,C00601,2026-01-30,Pending,Boutique,Carte bancaire,2.2
O002051,C03279,2025-04-16,Pending,Site web,Mobile Money,6.41
O002052,C00971,2025-02-10,Completed,Boutique,Carte bancaire,5.1
O002053,C01136,2025-01-29,Completed,Site web,Mobile Money,10.08
O002054,C03680,2025-08-11,Completed,Marketplace,Carte bancaire,4.12
O002055,C03121,2025-10-06,Completed,Marketplace,Carte bancaire,2.84
O002056,C02860,2026-03-07,Completed,Site web,Mobile Money,2.95
O002057,C02528,2025-08-26,Completed,WhatsApp,Carte bancaire,8.57
O002058,C02185,2025-10-19,Completed,Site web,Carte bancaire,5.45
O002059,C00807,2026-06-20,Completed,Boutique,Virement,1.5
O002060,C01262,2026-02-15,Completed,WhatsApp,Mobile Money,9.04
O002061,C04044,2026-01-14,Pending,Marketplace,Carte bancaire,1.5
O002062,C03859,2025-07-19,Cancelled,Marketplace,Cash,4.35
O002063,C03051,2025-03-25,Completed,Site web,Mobile Money,5.37
O002064,C03733,2026-05-20,Completed,Site web,Carte bancaire,2.71
O002065,C03378,2025-10-31,Completed,WhatsApp,Mobile Money,1.5
O002066,C01678,2025-02-12,Completed,Site web,Virement,8.44
O002067,C03006,2025-09-22,Cancelled,Site web,Carte bancaire,7.96
O002068,C03162,2025-02-19,Completed,WhatsApp,Cash,6.16
O002069,C00582,2026-06-22,Completed,WhatsApp,Carte bancaire,7.1
O002070,C03837,2025-10-17,Completed,WhatsApp,Carte bancaire,1.5
O002071,C02071,2026-03-07,Completed,Site web,Carte bancaire,7.57
O002072,C01317,2025-09-16,Completed,Site web,Virement,7.24
O002073,C01992,2025-01-11,Completed,Site web,Carte bancaire,7.33
O002074,C01381,2025-12-16,Completed,Boutique,Mobile Money,7.32
O002075,C01397,2025-12-24,Completed,WhatsApp,Mobile Money,8.98
O002076,C02293,2025-05-06,Completed,WhatsApp,Carte bancaire,5.65
O002077,C04191,2026-01-28,Completed,Marketplace,Mobile Money,6.19
O002078,C01716,2025-05-04,Completed,Marketplace,Carte bancaire,2.0
O002079,C00902,2026-01-14,Completed,Site web,Virement,8.06
O002080,C03199,2026-02-15,Completed,Boutique,Mobile Money,3.99
O002081,C01239,2025-03-17,Completed,Site web,Mobile Money,4.21
O002082,C02256,2025-06-09,Completed,Boutique,Virement,4.77
O002083,C01065,2025-03-31,Completed,Site web,Carte bancaire,2.78
O002084,C00890,2026-02-03,Completed,Site web,Virement,5.68
O002085,C01059,2025-05-10,Completed,Marketplace,Mobile Money,8.47
O002086,C01497,2025-12-18,Pending,WhatsApp,Mobile Money,2.66
O002087,C04014,2025-08-17,Completed,Site web,Mobile Money,5.95
O002088,C02820,2025-02-15,Completed,Marketplace,Mobile Money,8.0
O002089,C02922,2026-04-29,Completed,Site web,Virement,1.5
O002090,C00225,2026-01-25,Pending,Site web,Carte bancaire,11.56
O002091,C00046,2025-05-24,Completed,Site web,Mobile Money,4.61
O002092,C01438,2026-04-27,Completed,Boutique,Mobile Money,3.2
O002093,C03729,2026-01-24,Completed,WhatsApp,Carte bancaire,6.24
O002094,C00068,2026-03-24,Completed,WhatsApp,Mobile Money,3.98
O002095,C03218,2025-04-08,Completed,WhatsApp,Mobile Money,5.79
O002096,C03448,2025-01-05,Completed,WhatsApp,Carte bancaire,3.75
O002097,C01168,2025-02-03,Completed,Site web,Mobile Money,9.38
O002098,C00493,2025-10-23,Completed,Site web,Carte bancaire,14.05
O002099,C00645,2026-03-08,Completed,Site web,Mobile Money,8.17
O002100,C00325,2026-05-16,Completed,Boutique,Mobile Money,6.6
O002101,C03544,2026-06-11,Completed,Boutique,Mobile Money,4.34
O002102,C03304,2025-11-25,Returned,Site web,Mobile Money,9.18
O002103,C02826,2025-12-12,Completed,Site web,Mobile Money,3.7
O002104,C00376,2025-06-09,Completed,WhatsApp,Cash,6.96
O002105,C03991,2025-01-01,Completed,Site web,Mobile Money,4.44
O002106,C02874,2025-04-17,Completed,WhatsApp,Carte bancaire,2.23
O002107,C03478,2025-01-31,Pending,WhatsApp,Mobile Money,5.36
O002108,C01596,2026-01-11,Completed,Site web,Mobile Money,3.04
O002109,C00831,2025-10-03,Completed,Site web,Carte bancaire,10.43
O002110,C03452,2026-02-27,Completed,Marketplace,Carte bancaire,3.74
O002111,C00216,2025-03-23,Completed,Site web,Mobile Money,5.61
O002112,C00768,2026-05-16,Cancelled,Site web,Mobile Money,4.05
O002113,C00646,2026-01-30,Completed,Site web,Virement,2.29
O002114,C00355,2026-05-12,Pending,Boutique,Mobile Money,8.05
O002115,C02315,2025-12-22,Completed,Boutique,Virement,5.72
O002116,C00960,2025-07-05,Completed,WhatsApp,Mobile Money,13.03
O002117,C04058,2025-12-10,Completed,WhatsApp,Virement,9.14
O002118,C03915,2025-11-27,Returned,Site web,Carte bancaire,6.21
O002119,C00708,2025-04-10,Completed,Site web,Mobile Money,7.1
O002120,C03483,2025-02-25,Completed,Site web,Mobile Money,5.73
O002121,C00165,2025-12-23,Completed,Site web,Virement,2.92
O002122,C01201,2025-02-21,Completed,WhatsApp,Mobile Money,1.69
O002123,C02772,2025-02-24,Completed,WhatsApp,Mobile Money,2.83
O002124,C00866,2025-02-09,Completed,Marketplace,Mobile Money,10.01
O002125,C00328,2025-12-07,Cancelled,WhatsApp,Mobile Money,6.77
O002126,C00659,2026-05-24,Completed,WhatsApp,Carte bancaire,7.61
O002127,C02767,2025-09-30,Cancelled,Marketplace,Carte bancaire,8.36
O002128,C00930,2025-03-25,Completed,Site web,Virement,5.4
O002129,C01033,2025-10-08,Completed,Site web,Mobile Money,4.18
O002130,C00862,2025-09-22,Completed,Boutique,Carte bancaire,12.06
O002131,C03704,2025-11-22,Completed,WhatsApp,Cash,7.59
O002132,C03731,2025-08-26,Completed,Marketplace,Mobile Money,1.5
O002133,C03381,2025-10-19,Completed,WhatsApp,Virement,1.5
O002134,C00084,2025-06-27,Completed,Marketplace,Mobile Money,8.25
O002135,C01053,2026-05-12,Completed,Site web,Mobile Money,3.35
O002136,C03697,2025-10-22,Completed,Boutique,Mobile Money,5.61
O002137,C02327,2025-06-20,Completed,Site web,Mobile Money,1.5
O002138,C00174,2025-01-02,Completed,Site web,Mobile Money,4.61
O002139,C01047,2026-01-07,Returned,Site web,Mobile Money,8.74
O002140,C03473,2025-07-28,Completed,WhatsApp,Mobile Money,4.39
O002141,C03692,2025-05-17,Cancelled,Site web,Cash,2.49
O002142,C01789,2025-09-20,Returned,Site web,Virement,5.27
O002143,C00637,2025-09-23,Pending,WhatsApp,Carte bancaire,6.1
O002144,C00325,2026-03-17,Completed,WhatsApp,Mobile Money,4.94
O002145,C00947,2025-10-25,Completed,Site web,Cash,1.5
O002146,C03356,2026-01-20,Completed,WhatsApp,Cash,7.18
O002147,C03472,2025-12-21,Completed,Marketplace,Virement,4.28
O002148,C01078,2026-04-11,Completed,Boutique,Carte bancaire,6.52
O002149,C04105,2025-01-04,Completed,WhatsApp,Mobile Money,3.07
O002150,C03688,2025-07-26,Completed,Boutique,Virement,9.74
O002151,C04148,2026-01-28,Pending,Marketplace,Carte bancaire,8.14
O002152,C03160,2025-03-19,Completed,Site web,Carte bancaire,4.92
O002153,C02407,2025-08-31,Cancelled,Site web,Mobile Money,6.91
O002154,C04124,2025-08-08,Completed,Site web,Mobile Money,10.91
O002155,C02893,2026-03-18,Completed,WhatsApp,Cash,9.53
O002156,C03494,2026-06-12,Completed,Marketplace,Carte bancaire,10.53
O002157,C01692,2025-02-28,Cancelled,Site web,Carte bancaire,7.82
O002158,C01013,2025-04-28,Completed,WhatsApp,Mobile Money,4.37
O002159,C02409,2026-03-01,Pending,Site web,Mobile Money,7.77
O002160,C01719,2025-04-06,Completed,WhatsApp,Mobile Money,11.1
O002161,C01475,2025-09-30,Completed,Boutique,Virement,7.82
O002162,C02926,2026-06-02,Completed,Boutique,Carte bancaire,3.52
O002163,C02565,2026-06-19,Completed,Marketplace,Mobile Money,6.2
O002164,C01328,2026-06-05,Cancelled,WhatsApp,Mobile Money,8.28
O002165,C01015,2025-03-15,Completed,WhatsApp,Mobile Money,6.52
O002166,C02296,2025-03-23,Completed,Marketplace,Mobile Money,8.29
O002167,C01375,2025-04-07,Completed,Boutique,Virement,4.14
O002168,C00999,2026-02-26,Returned,Marketplace,Virement,5.36
O002169,C00933,2025-04-09,Completed,Site web,Mobile Money,7.02
O002170,C02785,2025-08-24,Cancelled,Site web,Mobile Money,7.17
O002171,C01745,2026-03-25,Completed,Site web,Cash,4.1
O002172,C01437,2025-09-27,Completed,Boutique,Mobile Money,1.5
O002173,C00484,2026-05-31,Completed,Site web,Carte bancaire,1.5
O002174,C00232,2025-10-01,Completed,Boutique,Mobile Money,5.86
O002175,C02919,2025-07-28,Cancelled,WhatsApp,Mobile Money,6.55
O002176,C04065,2026-06-15,Completed,Boutique,Mobile Money,5.38
O002177,C01364,2025-10-27,Pending,Boutique,Mobile Money,6.11
O002178,C03545,2025-04-12,Returned,Site web,Mobile Money,10.8
O002179,C02527,2025-12-14,Completed,Site web,Carte bancaire,4.51
O002180,C01276,2026-02-28,Completed,WhatsApp,Mobile Money,7.1
O002181,C02381,2026-04-05,Completed,Marketplace,Virement,11.05
O002182,C00545,2025-01-04,Completed,Site web,Mobile Money,2.89
O002183,C01419,2025-03-01,Completed,Site web,Mobile Money,11.31
O002184,C03088,2025-12-11,Completed,Marketplace,Mobile Money,8.91
O002185,C03575,2026-02-11,Completed,Site web,Mobile Money,5.07
O002186,C00927,2025-12-24,Completed,Site web,Mobile Money,1.5
O002187,C03826,2025-07-29,Pending,Marketplace,Mobile Money,10.17
O002188,C02543,2026-02-18,Completed,Boutique,Virement,11.31
O002189,C00963,2025-11-14,Completed,Site web,Mobile Money,3.92
O002190,C03273,2026-05-23,Completed,Marketplace,Mobile Money,11.5
O002191,C03701,2025-07-21,Completed,Boutique,Carte bancaire,1.5
O002192,C01145,2026-02-18,Completed,Site web,Mobile Money,6.88
O002193,C00445,2025-03-20,Completed,WhatsApp,Carte bancaire,5.47
O002194,C01196,2026-02-06,Pending,Marketplace,Cash,1.99
O002195,C03178,2026-02-05,Completed,WhatsApp,Mobile Money,5.25
O002196,C00259,2025-05-20,Completed,WhatsApp,Mobile Money,5.91
O002197,C01215,2025-02-03,Completed,Site web,Carte bancaire,2.43
O002198,C01344,2026-06-29,Completed,Site web,Carte bancaire,8.03
O002199,C00071,2025-02-11,Completed,WhatsApp,Virement,3.96
O002200,C02510,2025-09-14,Completed,Site web,Carte bancaire,4.92
O002201,C03386,2025-01-01,Completed,Boutique,Mobile Money,10.34
O002202,C00655,2025-08-17,Completed,Site web,Virement,4.04
O002203,C03724,2026-03-26,Completed,Site web,Mobile Money,1.5
O002204,C04003,2025-10-03,Completed,Site web,Mobile Money,5.25
O002205,C03657,2025-05-12,Completed,Boutique,Cash,6.33
O002206,C03035,2025-08-04,Completed,WhatsApp,Carte bancaire,5.28
O002207,C01882,2025-02-20,Completed,Site web,Mobile Money,8.58
O002208,C00857,2025-11-22,Cancelled,WhatsApp,Mobile Money,7.2
O002209,C03835,2025-01-03,Completed,WhatsApp,Mobile Money,4.2
O002210,C02229,2025-07-11,Pending,Marketplace,Carte bancaire,8.09
O002211,C01899,2025-02-03,Completed,Site web,Virement,7.39
O002212,C01645,2025-05-12,Completed,Site web,Carte bancaire,7.3
O002213,C00917,2025-02-06,Completed,Marketplace,Virement,5.52
O002214,C01606,2026-05-24,Completed,WhatsApp,Carte bancaire,6.86
O002215,C03353,2026-02-28,Returned,WhatsApp,Mobile Money,6.33
O002216,C02352,2026-05-24,Completed,Site web,Mobile Money,5.1
O002217,C01662,2026-01-10,Completed,Marketplace,Mobile Money,7.44
O002218,C00455,2025-09-29,Completed,Marketplace,Mobile Money,7.67
O002219,C01743,2025-04-06,Completed,Site web,Mobile Money,7.67
O002220,C00905,2026-06-12,Completed,Site web,Virement,7.85
O002221,C01671,2026-05-18,Completed,Site web,Mobile Money,1.5
O002222,C00629,2025-08-16,Cancelled,Site web,Carte bancaire,8.71
O002223,C03981,2025-05-04,Completed,WhatsApp,Virement,3.11
O002224,C00731,2025-08-01,Completed,Site web,Carte bancaire,9.36
O002225,C00522,2025-08-04,Completed,WhatsApp,Mobile Money,1.92
O002226,C02752,2026-05-18,Completed,Site web,Carte bancaire,10.75
O002227,C01444,2025-02-06,Completed,Site web,Virement,1.5
O002228,C04184,2025-12-13,Completed,Marketplace,Mobile Money,6.97
O002229,C01698,2026-02-26,Returned,Site web,Mobile Money,4.9
O002230,C02735,2026-02-22,Completed,Marketplace,Carte bancaire,7.39
O002231,C03504,2025-04-16,Completed,WhatsApp,Mobile Money,11.18
O002232,C04136,2025-08-15,Completed,Site web,Carte bancaire,6.71
O002233,C03401,2025-07-07,Completed,WhatsApp,Mobile Money,8.82
O002234,C02424,2025-08-12,Completed,Marketplace,Cash,10.6
O002235,C03421,2025-02-17,Completed,Boutique,Cash,4.14
O002236,C01190,2025-02-15,Pending,Site web,Mobile Money,7.09
O002237,C03655,2025-01-14,Completed,Site web,Mobile Money,10.1
O002238,C03664,2026-06-14,Cancelled,WhatsApp,Mobile Money,7.06
O002239,C01613,2025-08-17,Cancelled,Site web,Carte bancaire,4.24
O002240,C00283,2025-05-05,Completed,Site web,Mobile Money,7.55
O002241,C02876,2026-03-14,Pending,Marketplace,Carte bancaire,6.34
O002242,C00431,2025-09-28,Completed,WhatsApp,Cash,7.53
O002243,C00074,2025-07-19,Completed,Boutique,Mobile Money,4.41
O002244,C03981,2025-03-04,Completed,WhatsApp,Mobile Money,6.73
O002245,C02385,2025-07-31,Completed,Site web,Mobile Money,5.58
O002246,C02731,2025-12-21,Completed,Site web,Mobile Money,4.52
O002247,C03699,2025-12-08,Pending,Boutique,Virement,9.93
O002248,C03902,2025-08-03,Completed,Site web,Mobile Money,4.46
O002249,C04018,2025-12-02,Completed,WhatsApp,Carte bancaire,3.73
O002250,C00559,2026-02-25,Completed,Site web,Mobile Money,2.44
O002251,C01361,2026-05-25,Returned,Site web,Mobile Money,5.81
O002252,C03227,2025-10-17,Completed,Site web,Mobile Money,5.54
O002253,C00121,2025-05-05,Completed,Site web,Virement,8.17
O002254,C00987,2025-03-12,Completed,Marketplace,Virement,2.31
O002255,C02163,2025-03-28,Returned,Boutique,Mobile Money,1.5
O002256,C01443,2025-01-06,Completed,Boutique,Carte bancaire,1.5
O002257,C00726,2025-11-02,Completed,Marketplace,Mobile Money,7.37
O002258,C03776,2025-04-27,Completed,WhatsApp,Mobile Money,9.1
O002259,C01882,2025-05-04,Completed,Site web,Mobile Money,8.86
O002260,C01728,2026-02-01,Completed,WhatsApp,Mobile Money,4.5
O002261,C02762,2025-06-25,Pending,Site web,Virement,6.39
O002262,C02817,2026-03-31,Completed,Boutique,Mobile Money,1.5
O002263,C02070,2025-03-17,Completed,Boutique,Virement,10.85
O002264,C03727,2025-07-07,Returned,WhatsApp,Cash,9.47
O002265,C01244,2025-01-29,Completed,Site web,Mobile Money,8.71
O002266,C03658,2025-10-21,Completed,Site web,Carte bancaire,3.31
O002267,C03647,2025-03-10,Completed,Site web,Cash,4.91
O002268,C00038,2025-05-12,Completed,Site web,Mobile Money,5.43
O002269,C03170,2026-02-08,Completed,Marketplace,Mobile Money,11.1
O002270,C00665,2026-04-28,Completed,Site web,Carte bancaire,9.0
O002271,C02040,2025-10-26,Completed,Marketplace,Carte bancaire,5.44
O002272,C03859,2026-06-13,Returned,WhatsApp,Cash,7.75
O002273,C00822,2026-02-19,Completed,Site web,Carte bancaire,3.26
O002274,C02363,2026-02-17,Completed,Site web,Mobile Money,1.85
O002275,C03267,2026-06-27,Completed,Site web,Carte bancaire,5.79
O002276,C02017,2025-02-18,Pending,WhatsApp,Mobile Money,2.59
O002277,C00329,2025-05-08,Completed,WhatsApp,Virement,1.5
O002278,C00275,2025-08-28,Completed,Site web,Carte bancaire,6.1
O002279,C02176,2025-12-05,Pending,Site web,Virement,5.21
O002280,C00106,2026-06-27,Completed,Site web,Mobile Money,2.97
O002281,C00065,2025-02-24,Pending,Site web,Virement,4.8
O002282,C04005,2025-05-06,Completed,Boutique,Cash,7.14
O002283,C02239,2025-06-13,Pending,WhatsApp,Cash,5.32
O002284,C01991,2026-01-03,Completed,Site web,Cash,6.42
O002285,C00422,2026-06-06,Returned,Boutique,Carte bancaire,5.49
O002286,C03303,2026-05-30,Completed,Site web,Carte bancaire,11.19
O002287,C02144,2026-02-14,Completed,Boutique,Mobile Money,9.99
O002288,C00925,2026-02-28,Completed,WhatsApp,Mobile Money,6.35
O002289,C03163,2025-08-16,Completed,Boutique,Virement,3.54
O002290,C00996,2025-11-30,Completed,Site web,Mobile Money,4.32
O002291,C02114,2025-04-04,Completed,Boutique,Carte bancaire,2.13
O002292,C02354,2025-10-05,Completed,Boutique,Carte bancaire,3.61
O002293,C01172,2025-06-10,Completed,Site web,Carte bancaire,8.0
O002294,C03680,2026-05-24,Completed,Site web,Mobile Money,4.22
O002295,C02955,2025-07-21,Completed,Boutique,Virement,5.48
O002296,C01213,2025-08-05,Completed,Site web,Mobile Money,9.54
O002297,C00658,2025-08-09,Completed,WhatsApp,Virement,7.66
O002298,C01381,2026-05-09,Completed,Site web,Mobile Money,6.21
O002299,C01955,2026-05-27,Completed,Site web,Virement,5.66
O002300,C02313,2025-08-25,Completed,Boutique,Virement,5.41
O002301,C01681,2026-06-30,Completed,Site web,Cash,8.79
O002302,C00169,2026-02-19,Completed,Site web,Mobile Money,6.89
O002303,C02840,2026-04-09,Completed,Site web,Virement,5.23
O002304,C01591,2026-05-17,Completed,Boutique,Mobile Money,2.18
O002305,C01409,2025-07-02,Completed,Site web,Mobile Money,7.45
O002306,C02337,2025-10-29,Completed,WhatsApp,Mobile Money,7.03
O002307,C03509,2025-06-06,Completed,WhatsApp,Carte bancaire,1.5
O002308,C00021,2025-06-19,Completed,Site web,Cash,5.54
O002309,C04036,2025-09-12,Completed,Site web,Carte bancaire,7.0
O002310,C02680,2025-01-28,Completed,Site web,Mobile Money,5.22
O002311,C02297,2025-04-28,Completed,Site web,Mobile Money,11.44
O002312,C00215,2026-03-20,Returned,Marketplace,Mobile Money,10.58
O002313,C02988,2025-04-01,Completed,Boutique,Mobile Money,2.21
O002314,C03024,2025-12-07,Completed,Boutique,Virement,5.26
O002315,C02354,2026-02-24,Pending,Boutique,Mobile Money,8.91
O002316,C03368,2025-05-25,Completed,Site web,Carte bancaire,5.75
O002317,C03523,2025-09-09,Completed,Boutique,Mobile Money,8.21
O002318,C03523,2026-04-26,Completed,WhatsApp,Mobile Money,4.06
O002319,C01373,2026-04-03,Completed,Boutique,Mobile Money,1.5
O002320,C02829,2026-05-20,Completed,Marketplace,Mobile Money,8.08
O002321,C00241,2025-12-11,Completed,Site web,Carte bancaire,5.0
O002322,C02359,2026-05-02,Completed,WhatsApp,Carte bancaire,13.73
O002323,C00614,2025-08-07,Returned,Site web,Virement,8.82
O002324,C01292,2025-11-26,Completed,Marketplace,Mobile Money,2.82
O002325,C02843,2026-01-01,Completed,Site web,Mobile Money,8.02
O002326,C01784,2026-06-20,Completed,Site web,Carte bancaire,5.79
O002327,C03627,2025-07-21,Completed,Marketplace,Virement,7.58
O002328,C00366,2026-04-25,Pending,Site web,Carte bancaire,3.83
O002329,C04083,2025-10-07,Completed,WhatsApp,Cash,6.94
O002330,C02970,2025-02-27,Completed,WhatsApp,Mobile Money,9.18
O002331,C01809,2025-12-26,Completed,WhatsApp,Carte bancaire,8.47
O002332,C00104,2026-06-22,Completed,Site web,Carte bancaire,9.28
O002333,C00176,2025-09-06,Pending,Site web,Mobile Money,15.35
O002334,C01737,2025-10-28,Completed,Site web,Mobile Money,4.6
O002335,C02405,2026-05-24,Completed,Site web,Mobile Money,11.42
O002336,C02127,2026-05-20,Completed,Marketplace,Mobile Money,6.89
O002337,C01249,2025-08-08,Pending,Boutique,Mobile Money,4.84
O002338,C02731,2026-02-21,Completed,WhatsApp,Carte bancaire,5.98
O002339,C02580,2025-12-12,Completed,Site web,Mobile Money,8.71
O002340,C01442,2025-12-21,Pending,Marketplace,Carte bancaire,4.9
O002341,C01368,2026-01-30,Completed,Site web,Carte bancaire,1.5
O002342,C01860,2025-06-29,Completed,Marketplace,Mobile Money,8.52
O002343,C03122,2025-06-17,Pending,Marketplace,Carte bancaire,6.68
O002344,C02467,2025-01-15,Completed,Marketplace,Mobile Money,4.44
O002345,C00534,2026-04-15,Completed,Site web,Mobile Money,2.22
O002346,C03878,2025-06-01,Completed,Site web,Carte bancaire,7.22
O002347,C00850,2026-01-05,Pending,WhatsApp,Mobile Money,9.87
O002348,C02823,2026-01-11,Completed,Site web,Mobile Money,3.31
O002349,C00071,2026-01-21,Completed,Site web,Carte bancaire,6.85
O002350,C01069,2026-04-18,Completed,WhatsApp,Carte bancaire,12.64
O002351,C02372,2026-04-21,Completed,Boutique,Carte bancaire,8.85
O002352,C03559,2025-01-02,Completed,Site web,Carte bancaire,6.01
O002353,C02364,2026-04-06,Pending,Site web,Carte bancaire,5.71
O002354,C00232,2025-04-24,Completed,WhatsApp,Carte bancaire,4.6
O002355,C04014,2025-12-20,Pending,Site web,Cash,6.25
O002356,C01144,2026-01-04,Completed,Boutique,Mobile Money,4.79
O002357,C01532,2025-01-30,Completed,Boutique,Carte bancaire,5.23
O002358,C00455,2025-06-05,Completed,Marketplace,Mobile Money,5.68
O002359,C02925,2026-05-14,Completed,Boutique,Mobile Money,1.5
O002360,C01878,2025-03-19,Completed,WhatsApp,Virement,5.62
O002361,C00923,2025-05-08,Completed,Marketplace,Mobile Money,14.2
O002362,C02676,2025-02-14,Completed,WhatsApp,Mobile Money,1.95
O002363,C00824,2025-04-02,Completed,Boutique,Carte bancaire,10.73
O002364,C02231,2025-12-16,Completed,Site web,Mobile Money,9.29
O002365,C02788,2026-04-07,Completed,Boutique,Cash,8.09
O002366,C03408,2025-11-22,Returned,Site web,Cash,4.57
O002367,C02919,2025-06-05,Completed,Site web,Mobile Money,8.95
O002368,C02384,2026-04-16,Completed,WhatsApp,Virement,11.72
O002369,C00143,2025-07-21,Completed,Site web,Carte bancaire,9.49
O002370,C00978,2025-06-22,Completed,Site web,Carte bancaire,7.01
O002371,C02427,2025-10-05,Completed,Boutique,Mobile Money,6.32
O002372,C02253,2025-03-16,Returned,WhatsApp,Virement,4.36
O002373,C02242,2025-07-15,Pending,Boutique,Carte bancaire,6.6
O002374,C03090,2026-03-14,Completed,Boutique,Cash,7.92
O002375,C03801,2025-11-30,Completed,WhatsApp,Virement,6.42
O002376,C02113,2026-06-26,Completed,Marketplace,Carte bancaire,6.07
O002377,C00566,2026-03-02,Cancelled,Site web,Virement,6.11
O002378,C01857,2025-07-17,Completed,Site web,Mobile Money,11.81
O002379,C01062,2026-02-25,Completed,Site web,Virement,6.84
O002380,C02223,2026-04-20,Returned,Boutique,Mobile Money,6.95
O002381,C02477,2025-12-12,Completed,Site web,Mobile Money,1.5
O002382,C02302,2026-02-22,Completed,WhatsApp,Virement,9.21
O002383,C02444,2025-10-03,Completed,WhatsApp,Mobile Money,8.07
O002384,C01305,2026-05-15,Completed,Boutique,Virement,7.93
O002385,C00744,2025-05-11,Completed,Boutique,Mobile Money,8.13
O002386,C03588,2025-08-21,Completed,Site web,Carte bancaire,3.46
O002387,C01687,2025-05-20,Completed,Site web,Carte bancaire,5.44
O002388,C00873,2025-02-25,Completed,Boutique,Mobile Money,11.6
O002389,C04181,2025-12-04,Completed,Boutique,Virement,2.11
O002390,C00138,2025-03-06,Completed,Site web,Mobile Money,2.29
O002391,C01455,2025-05-04,Completed,Boutique,Virement,1.9
O002392,C03115,2026-02-23,Completed,Site web,Cash,5.76
O002393,C01726,2025-05-13,Completed,Site web,Carte bancaire,11.09
O002394,C03538,2026-04-19,Completed,Site web,Cash,7.14
O002395,C01508,2025-01-27,Completed,Boutique,Carte bancaire,9.57
O002396,C02700,2025-09-08,Completed,Boutique,Cash,1.5
O002397,C01796,2025-02-06,Completed,WhatsApp,Virement,3.78
O002398,C01970,2025-02-02,Pending,Boutique,Carte bancaire,4.26
O002399,C02092,2026-03-10,Completed,Site web,Cash,11.11
O002400,C04096,2025-02-06,Completed,Site web,Carte bancaire,6.74
O002401,C03192,2026-05-04,Completed,Boutique,Carte bancaire,6.16
O002402,C01558,2025-11-25,Completed,Site web,Virement,6.9
O002403,C01750,2025-09-22,Completed,Marketplace,Carte bancaire,5.6
O002404,C01705,2026-05-19,Completed,Boutique,Mobile Money,12.28
O002405,C03092,2025-08-01,Completed,Boutique,Mobile Money,12.16
O002406,C02483,2025-08-07,Completed,WhatsApp,Carte bancaire,9.67
O002407,C02245,2025-08-13,Completed,Boutique,Mobile Money,9.33
O002408,C01808,2025-12-23,Returned,Site web,Carte bancaire,4.78
O002409,C01674,2026-04-10,Completed,WhatsApp,Mobile Money,7.72
O002410,C02333,2025-10-25,Completed,Site web,Mobile Money,1.5
O002411,C03491,2025-06-04,Completed,WhatsApp,Virement,5.02
O002412,C04060,2026-05-03,Completed,WhatsApp,Mobile Money,1.65
O002413,C00257,2025-11-25,Completed,Site web,Virement,7.81
O002414,C00998,2026-04-02,Completed,Site web,Carte bancaire,6.01
O002415,C02878,2025-08-25,Completed,WhatsApp,Cash,8.61
O002416,C00624,2025-04-20,Completed,Marketplace,Carte bancaire,8.28
O002417,C02565,2026-06-02,Cancelled,WhatsApp,Mobile Money,9.69
O002418,C01779,2026-01-07,Completed,WhatsApp,Mobile Money,4.01
O002419,C00802,2025-06-18,Completed,Marketplace,Virement,1.5
O002420,C02117,2026-04-10,Completed,Boutique,Carte bancaire,12.14
O002421,C02139,2025-01-05,Completed,Boutique,Mobile Money,4.68
O002422,C02996,2026-05-25,Completed,Site web,Cash,6.18
O002423,C03469,2025-11-14,Completed,WhatsApp,Carte bancaire,9.53
O002424,C04012,2025-11-20,Returned,Site web,Mobile Money,5.44
O002425,C01845,2025-01-08,Completed,Boutique,Mobile Money,2.88
O002426,C02893,2025-04-07,Completed,Site web,Virement,12.66
O002427,C03307,2026-01-30,Returned,Boutique,Mobile Money,4.67
O002428,C04147,2025-11-02,Completed,Marketplace,Virement,11.86
O002429,C02732,2025-03-11,Completed,WhatsApp,Mobile Money,7.43
O002430,C01035,2025-12-31,Completed,Site web,Mobile Money,9.35
O002431,C01437,2026-02-14,Pending,Site web,Mobile Money,9.29
O002432,C00878,2025-05-30,Completed,WhatsApp,Virement,5.1
O002433,C00831,2026-01-13,Completed,Site web,Mobile Money,8.14
O002434,C01288,2026-06-18,Completed,Site web,Cash,12.26
O002435,C02094,2025-09-22,Completed,Site web,Mobile Money,10.3
O002436,C03306,2025-05-06,Cancelled,WhatsApp,Cash,9.81
O002437,C01223,2026-06-12,Completed,WhatsApp,Mobile Money,8.41
O002438,C00784,2026-05-15,Completed,Site web,Carte bancaire,6.05
O002439,C00532,2025-09-08,Completed,WhatsApp,Mobile Money,3.78
O002440,C00824,2025-08-21,Completed,Site web,Mobile Money,11.14
O002441,C01818,2026-04-02,Pending,WhatsApp,Virement,4.65
O002442,C01730,2025-01-01,Completed,Marketplace,Mobile Money,4.89
O002443,C01676,2025-06-21,Completed,Site web,Virement,6.41
O002444,C01334,2025-10-25,Completed,WhatsApp,Carte bancaire,1.96
O002445,C01904,2025-12-25,Pending,Site web,Carte bancaire,5.24
O002446,C02716,2025-12-11,Completed,Site web,Mobile Money,4.09
O002447,C00187,2025-07-23,Completed,WhatsApp,Cash,2.05
O002448,C03739,2026-04-22,Completed,WhatsApp,Virement,2.59
O002449,C01284,2025-12-22,Completed,WhatsApp,Cash,6.25
O002450,C00583,2025-10-24,Cancelled,Marketplace,Mobile Money,9.4
O002451,C00734,2026-05-30,Completed,Boutique,Mobile Money,6.05
O002452,C02297,2025-02-21,Completed,Site web,Virement,3.04
O002453,C02188,2026-01-24,Completed,WhatsApp,Carte bancaire,4.35
O002454,C00372,2026-05-23,Completed,WhatsApp,Mobile Money,7.35
O002455,C02097,2025-12-29,Completed,WhatsApp,Carte bancaire,9.77
O002456,C00931,2025-11-06,Completed,Site web,Mobile Money,9.2
O002457,C03827,2025-07-19,Completed,Marketplace,Carte bancaire,7.05
O002458,C01299,2025-05-29,Completed,WhatsApp,Carte bancaire,10.87
O002459,C04198,2025-10-27,Completed,Boutique,Carte bancaire,4.74
O002460,C02433,2026-05-08,Completed,WhatsApp,Mobile Money,2.8
O002461,C04051,2025-09-11,Cancelled,Boutique,Mobile Money,5.47
O002462,C02331,2025-03-08,Completed,Site web,Mobile Money,10.11
O002463,C00530,2025-09-23,Completed,Site web,Mobile Money,8.43
O002464,C02701,2025-02-23,Completed,WhatsApp,Carte bancaire,9.6
O002465,C02007,2026-05-28,Pending,WhatsApp,Cash,6.06
O002466,C03440,2025-10-21,Pending,Site web,Mobile Money,6.77
O002467,C01644,2025-04-28,Completed,WhatsApp,Cash,5.7
O002468,C00787,2025-12-09,Completed,Boutique,Carte bancaire,3.76
O002469,C00478,2025-10-22,Completed,Marketplace,Cash,6.45
O002470,C03123,2025-10-08,Pending,Site web,Mobile Money,5.68
O002471,C00979,2025-11-21,Completed,Site web,Carte bancaire,4.9
O002472,C02802,2026-05-25,Completed,Boutique,Carte bancaire,8.17
O002473,C00565,2026-04-15,Completed,Marketplace,Cash,6.74
O002474,C00335,2025-05-25,Completed,Site web,Mobile Money,10.41
O002475,C02985,2025-05-12,Completed,Site web,Mobile Money,3.76
O002476,C01448,2026-06-27,Completed,Site web,Virement,5.14
O002477,C02383,2025-12-20,Completed,WhatsApp,Mobile Money,1.5
O002478,C00117,2025-01-11,Completed,Boutique,Cash,3.38
O002479,C00790,2025-10-18,Completed,Site web,Mobile Money,8.24
O002480,C00379,2025-03-06,Completed,Boutique,Mobile Money,8.8
O002481,C01176,2025-01-17,Cancelled,Site web,Mobile Money,8.43
O002482,C01192,2025-04-12,Completed,Site web,Carte bancaire,10.25
O002483,C01573,2025-05-20,Completed,WhatsApp,Carte bancaire,7.99
O002484,C01022,2025-02-13,Completed,WhatsApp,Cash,6.55
O002485,C01918,2026-04-03,Completed,Site web,Carte bancaire,8.37
O002486,C03781,2025-08-29,Completed,Site web,Carte bancaire,4.1
O002487,C00362,2025-10-30,Completed,Site web,Carte bancaire,1.5
O002488,C03754,2026-04-20,Pending,Marketplace,Mobile Money,5.2
O002489,C01733,2026-04-04,Completed,Marketplace,Carte bancaire,5.56
O002490,C02428,2026-03-26,Completed,WhatsApp,Cash,6.72
O002491,C02822,2025-04-18,Completed,Marketplace,Cash,3.99
O002492,C03088,2026-02-13,Cancelled,WhatsApp,Mobile Money,4.58
O002493,C03965,2026-06-30,Completed,Site web,Carte bancaire,8.75
O002494,C04199,2025-01-05,Completed,WhatsApp,Carte bancaire,2.73
O002495,C00414,2026-04-21,Returned,Marketplace,Carte bancaire,6.1
O002496,C01723,2026-04-20,Completed,WhatsApp,Mobile Money,4.54
O002497,C02264,2026-04-07,Completed,Marketplace,Cash,1.5
O002498,C02195,2025-08-06,Completed,WhatsApp,Mobile Money,5.18
O002499,C04164,2025-04-20,Pending,Marketplace,Mobile Money,3.71
O002500,C02735,2026-02-05,Completed,Boutique,Virement,5.15
O002501,C01691,2025-12-08,Completed,Boutique,Carte bancaire,6.65
O002502,C03867,2026-02-03,Completed,Marketplace,Cash,1.5
O002503,C03070,2025-05-21,Completed,Site web,Mobile Money,9.5
O002504,C03348,2025-04-08,Pending,WhatsApp,Mobile Money,15.43
O002505,C02636,2026-05-10,Completed,Site web,Cash,3.58
O002506,C00271,2025-10-10,Completed,Boutique,Mobile Money,4.64
O002507,C04077,2026-04-12,Completed,WhatsApp,Mobile Money,3.94
O002508,C02995,2026-05-23,Completed,Site web,Carte bancaire,3.16
O002509,C00627,2025-09-09,Completed,Site web,Cash,12.38
O002510,C01059,2025-05-25,Completed,Site web,Cash,5.47
O002511,C01432,2026-05-06,Completed,Site web,Cash,8.49
O002512,C01071,2026-01-27,Completed,Site web,Mobile Money,9.94
O002513,C02608,2025-12-31,Completed,Marketplace,Virement,9.54
O002514,C02299,2026-06-10,Cancelled,WhatsApp,Mobile Money,9.77
O002515,C00892,2025-05-15,Completed,Marketplace,Mobile Money,2.46
O002516,C02925,2025-07-17,Completed,Site web,Mobile Money,9.14
O002517,C01205,2025-01-22,Cancelled,Site web,Mobile Money,5.25
O002518,C00669,2025-08-01,Completed,Marketplace,Mobile Money,11.34
O002519,C04018,2025-09-02,Completed,Boutique,Virement,3.76
O002520,C01321,2025-09-06,Completed,Site web,Cash,2.82
O002521,C00978,2025-03-24,Completed,Marketplace,Mobile Money,6.24
O002522,C03008,2026-03-20,Completed,Site web,Mobile Money,8.17
O002523,C03207,2025-09-26,Pending,Site web,Mobile Money,1.5
O002524,C00639,2025-08-29,Completed,Boutique,Carte bancaire,5.01
O002525,C00235,2026-04-19,Completed,Boutique,Virement,2.94
O002526,C03569,2025-09-24,Pending,WhatsApp,Carte bancaire,9.0
O002527,C02118,2026-05-04,Completed,Site web,Mobile Money,4.53
O002528,C01916,2025-05-02,Completed,Site web,Cash,9.6
O002529,C01766,2026-04-12,Completed,Site web,Carte bancaire,4.08
O002530,C02462,2026-06-26,Completed,Site web,Virement,7.14
O002531,C02829,2026-02-16,Completed,Site web,Carte bancaire,2.08
O002532,C00338,2026-05-05,Completed,WhatsApp,Carte bancaire,5.9
O002533,C01115,2026-02-10,Completed,Marketplace,Mobile Money,2.94
O002534,C04009,2025-11-25,Pending,Marketplace,Mobile Money,10.81
O002535,C00702,2026-02-23,Pending,Boutique,Carte bancaire,9.45
O002536,C03812,2026-06-11,Completed,Site web,Mobile Money,6.87
O002537,C01686,2025-11-28,Completed,WhatsApp,Carte bancaire,9.3
O002538,C00799,2026-01-12,Completed,Marketplace,Carte bancaire,4.72
O002539,C02499,2025-02-13,Completed,Site web,Carte bancaire,8.06
O002540,C02786,2026-06-10,Completed,Site web,Mobile Money,5.99
O002541,C01470,2026-03-03,Completed,Site web,Virement,7.77
O002542,C03332,2025-03-30,Completed,WhatsApp,Mobile Money,6.59
O002543,C00269,2025-06-08,Completed,Marketplace,Mobile Money,6.06
O002544,C00513,2025-05-04,Completed,WhatsApp,Mobile Money,1.5
O002545,C02611,2025-06-25,Cancelled,WhatsApp,Mobile Money,4.29
O002546,C02426,2026-05-01,Completed,WhatsApp,Mobile Money,11.67
O002547,C02937,2025-09-12,Completed,Boutique,Virement,5.88
O002548,C03572,2025-08-19,Completed,Site web,Virement,4.09
O002549,C03907,2026-03-03,Completed,WhatsApp,Carte bancaire,6.38
O002550,C02129,2025-07-23,Completed,Marketplace,Mobile Money,1.66
O002551,C02106,2026-05-01,Completed,Marketplace,Cash,4.81
O002552,C03880,2026-02-18,Completed,Site web,Virement,6.8
O002553,C04036,2025-05-21,Completed,Site web,Mobile Money,7.72
O002554,C00201,2025-12-12,Completed,Marketplace,Carte bancaire,7.28
O002555,C02125,2025-09-22,Completed,Marketplace,Cash,10.78
O002556,C03861,2025-07-08,Completed,Site web,Cash,4.22
O002557,C00215,2026-05-12,Completed,Site web,Mobile Money,1.73
O002558,C04105,2025-08-07,Completed,Site web,Carte bancaire,5.16
O002559,C03147,2025-03-05,Completed,WhatsApp,Carte bancaire,4.54
O002560,C00655,2025-08-12,Completed,Site web,Carte bancaire,6.79
O002561,C02692,2025-10-11,Completed,Site web,Cash,5.37
O002562,C01810,2025-03-11,Returned,Boutique,Carte bancaire,6.66
O002563,C01405,2026-02-12,Returned,Site web,Mobile Money,6.54
O002564,C02608,2025-05-06,Completed,Marketplace,Carte bancaire,8.89
O002565,C03088,2025-02-20,Completed,Site web,Cash,6.19
O002566,C03752,2025-10-22,Completed,Site web,Virement,6.84
O002567,C01754,2025-03-30,Completed,Marketplace,Mobile Money,11.57
O002568,C00671,2026-03-05,Completed,Site web,Virement,1.5
O002569,C03628,2025-02-07,Completed,Site web,Mobile Money,6.78
O002570,C01403,2025-08-18,Returned,Site web,Cash,5.88
O002571,C03190,2025-01-29,Completed,WhatsApp,Carte bancaire,6.37
O002572,C03352,2025-07-30,Completed,WhatsApp,Mobile Money,7.97
O002573,C00246,2026-05-27,Completed,Marketplace,Mobile Money,3.72
O002574,C01723,2025-12-23,Completed,Marketplace,Mobile Money,4.51
O002575,C00357,2025-10-21,Cancelled,Site web,Mobile Money,8.43
O002576,C02541,2025-03-28,Completed,Site web,Mobile Money,5.76
O002577,C03339,2025-06-21,Completed,WhatsApp,Virement,3.35
O002578,C02353,2025-07-28,Completed,Marketplace,Mobile Money,8.58
O002579,C01361,2025-11-14,Completed,Site web,Cash,8.12
O002580,C04088,2025-04-25,Completed,Site web,Mobile Money,6.69
O002581,C00360,2026-07-02,Completed,Site web,Carte bancaire,7.45
O002582,C00595,2025-12-24,Completed,Marketplace,Carte bancaire,7.9
O002583,C01538,2025-06-20,Completed,Site web,Mobile Money,5.93
O002584,C03984,2025-03-03,Completed,WhatsApp,Carte bancaire,7.13
O002585,C03757,2025-11-23,Completed,Site web,Virement,2.63
O002586,C02370,2025-09-03,Completed,WhatsApp,Mobile Money,5.58
O002587,C04000,2026-01-05,Completed,Site web,Mobile Money,9.09
O002588,C03798,2025-11-23,Completed,WhatsApp,Virement,12.79
O002589,C02466,2025-12-17,Completed,Site web,Mobile Money,6.57
O002590,C00496,2026-04-02,Completed,Site web,Mobile Money,3.49
O002591,C03779,2025-10-15,Completed,Site web,Mobile Money,5.14
O002592,C02695,2026-02-02,Completed,Boutique,Carte bancaire,1.85
O002593,C00593,2025-07-16,Cancelled,Boutique,Cash,8.21
O002594,C03529,2026-06-01,Completed,Site web,Mobile Money,6.34
O002595,C01675,2025-08-12,Completed,Site web,Carte bancaire,3.33
O002596,C03305,2026-01-08,Completed,Site web,Mobile Money,5.63
O002597,C01100,2026-07-02,Completed,Site web,Cash,8.32
O002598,C00042,2025-07-11,Completed,Boutique,Cash,6.35
O002599,C01907,2025-02-25,Completed,Site web,Mobile Money,4.14
O002600,C01900,2025-05-07,Pending,WhatsApp,Mobile Money,9.27
O002601,C03628,2025-05-14,Completed,WhatsApp,Carte bancaire,7.23
O002602,C00485,2025-02-01,Completed,Marketplace,Carte bancaire,3.91
O002603,C03835,2025-10-26,Returned,Boutique,Carte bancaire,6.28
O002604,C00642,2025-06-02,Completed,Site web,Mobile Money,1.5
O002605,C03925,2025-02-23,Pending,Site web,Mobile Money,6.98
O002606,C02967,2025-03-16,Completed,Site web,Mobile Money,14.59
O002607,C01512,2025-05-30,Completed,Site web,Virement,9.47
O002608,C04018,2025-07-22,Returned,Site web,Carte bancaire,5.69
O002609,C01509,2026-06-19,Completed,Marketplace,Mobile Money,6.94
O002610,C02664,2026-01-21,Completed,Site web,Cash,7.82
O002611,C00068,2026-01-27,Completed,Boutique,Virement,8.02
O002612,C00430,2026-01-15,Completed,Site web,Virement,5.84
O002613,C01485,2026-03-17,Completed,Site web,Carte bancaire,1.5
O002614,C01025,2025-06-24,Completed,Site web,Carte bancaire,5.13
O002615,C00956,2025-02-24,Returned,Site web,Carte bancaire,4.39
O002616,C01592,2025-10-06,Completed,Site web,Mobile Money,5.88
O002617,C02557,2025-01-01,Completed,Marketplace,Carte bancaire,3.93
O002618,C00527,2025-04-29,Completed,WhatsApp,Carte bancaire,8.0
O002619,C03159,2026-02-17,Completed,Site web,Carte bancaire,12.26
O002620,C03562,2025-10-03,Completed,Site web,Carte bancaire,9.1
O002621,C03510,2026-01-14,Completed,Marketplace,Mobile Money,5.97
O002622,C00817,2025-10-07,Completed,Site web,Carte bancaire,10.72
O002623,C03699,2025-10-25,Completed,Site web,Mobile Money,9.01
O002624,C00545,2025-06-15,Returned,Boutique,Virement,8.36
O002625,C00450,2025-04-30,Pending,WhatsApp,Cash,4.46
O002626,C03048,2025-05-23,Completed,Site web,Carte bancaire,5.74
O002627,C03194,2026-03-14,Completed,WhatsApp,Mobile Money,7.93
O002628,C00533,2026-06-21,Completed,Site web,Mobile Money,12.64
O002629,C01746,2025-02-14,Completed,WhatsApp,Virement,10.49
O002630,C01724,2025-10-22,Completed,Site web,Mobile Money,7.95
O002631,C03036,2025-09-15,Completed,Marketplace,Virement,6.65
O002632,C02166,2025-11-05,Completed,WhatsApp,Mobile Money,8.46
O002633,C02524,2025-05-08,Completed,Site web,Virement,7.78
O002634,C00337,2025-01-05,Completed,WhatsApp,Mobile Money,10.77
O002635,C04104,2025-04-22,Returned,Site web,Carte bancaire,2.89
O002636,C02335,2025-04-10,Completed,Marketplace,Mobile Money,6.28
O002637,C02809,2025-01-29,Completed,Site web,Cash,8.45
O002638,C02017,2025-07-15,Completed,Site web,Carte bancaire,10.45
O002639,C01035,2026-01-10,Completed,Boutique,Carte bancaire,12.03
O002640,C02808,2026-06-14,Returned,Site web,Mobile Money,1.81
O002641,C01212,2025-12-27,Completed,Site web,Carte bancaire,4.03
O002642,C00921,2025-04-07,Completed,Boutique,Mobile Money,5.97
O002643,C02321,2025-07-18,Completed,Boutique,Mobile Money,2.46
O002644,C01498,2025-06-16,Completed,Site web,Carte bancaire,11.18
O002645,C03757,2025-04-27,Completed,WhatsApp,Carte bancaire,6.56
O002646,C02771,2026-06-27,Returned,WhatsApp,Virement,9.71
O002647,C01569,2025-12-26,Completed,Marketplace,Mobile Money,5.65
O002648,C00150,2025-09-21,Completed,WhatsApp,Virement,7.41
O002649,C01433,2025-08-28,Completed,WhatsApp,Mobile Money,2.09
O002650,C00487,2025-06-24,Pending,Boutique,Carte bancaire,3.01
O002651,C00921,2025-08-17,Completed,Site web,Carte bancaire,3.07
O002652,C01191,2025-12-14,Completed,Site web,Cash,1.5
O002653,C02741,2026-05-24,Completed,Boutique,Mobile Money,9.26
O002654,C00447,2025-09-29,Completed,Site web,Carte bancaire,6.14
O002655,C00681,2025-04-12,Completed,WhatsApp,Virement,9.36
O002656,C00166,2026-06-09,Completed,Site web,Virement,5.84
O002657,C03852,2025-06-22,Completed,WhatsApp,Cash,9.56
O002658,C04148,2025-02-15,Completed,WhatsApp,Mobile Money,9.04
O002659,C01253,2025-10-26,Completed,Boutique,Virement,5.82
O002660,C01915,2026-03-10,Completed,Site web,Cash,6.78
O002661,C01265,2025-05-22,Completed,Marketplace,Carte bancaire,7.24
O002662,C02242,2025-06-02,Completed,Site web,Carte bancaire,9.53
O002663,C02315,2025-06-08,Returned,Boutique,Mobile Money,6.09
O002664,C01071,2026-03-19,Completed,WhatsApp,Mobile Money,7.25
O002665,C02709,2026-06-09,Completed,Site web,Mobile Money,1.76
O002666,C00033,2026-04-10,Completed,Marketplace,Mobile Money,3.54
O002667,C02707,2025-05-04,Completed,Site web,Carte bancaire,3.98
O002668,C03154,2026-04-11,Completed,Site web,Virement,7.73
O002669,C00223,2025-06-19,Completed,WhatsApp,Mobile Money,4.07
O002670,C03040,2026-04-20,Completed,WhatsApp,Mobile Money,6.52
O002671,C03098,2026-06-28,Completed,Boutique,Mobile Money,5.69
O002672,C04085,2026-01-29,Completed,Site web,Virement,6.19
O002673,C03386,2026-06-08,Completed,Site web,Mobile Money,8.78
O002674,C00089,2025-03-20,Completed,Site web,Virement,6.67
O002675,C00344,2025-12-25,Completed,WhatsApp,Mobile Money,5.43
O002676,C00576,2025-01-29,Pending,WhatsApp,Carte bancaire,7.39
O002677,C02444,2025-12-24,Completed,Boutique,Carte bancaire,11.03
O002678,C02991,2025-07-06,Completed,Site web,Virement,6.34
O002679,C02764,2026-06-16,Completed,WhatsApp,Carte bancaire,2.33
O002680,C01387,2025-09-29,Completed,Marketplace,Cash,2.05
O002681,C00844,2026-02-22,Completed,Site web,Mobile Money,5.16
O002682,C00268,2025-06-15,Returned,Site web,Carte bancaire,2.58
O002683,C01571,2025-02-11,Cancelled,Marketplace,Mobile Money,1.5
O002684,C01265,2026-02-11,Completed,Site web,Cash,5.12
O002685,C01276,2025-05-02,Completed,WhatsApp,Carte bancaire,7.14
O002686,C00369,2026-01-31,Completed,Site web,Carte bancaire,10.15
O002687,C01224,2025-09-12,Completed,Site web,Cash,5.95
O002688,C03518,2026-06-17,Completed,Boutique,Mobile Money,6.93
O002689,C01012,2025-07-13,Cancelled,Site web,Mobile Money,7.55
O002690,C03684,2025-08-08,Completed,Marketplace,Mobile Money,6.25
O002691,C00364,2026-02-10,Completed,Site web,Mobile Money,4.0
O002692,C02675,2026-03-07,Returned,Site web,Carte bancaire,12.51
O002693,C00453,2025-03-10,Completed,Site web,Mobile Money,3.04
O002694,C01620,2026-02-11,Completed,Boutique,Mobile Money,7.25
O002695,C04006,2025-09-27,Completed,Site web,Mobile Money,3.66
O002696,C03229,2026-06-26,Completed,Site web,Mobile Money,6.34
O002697,C02158,2025-12-12,Completed,Site web,Mobile Money,7.23
O002698,C02653,2026-02-28,Completed,WhatsApp,Carte bancaire,5.39
O002699,C02774,2025-07-08,Completed,Site web,Mobile Money,2.36
O002700,C03327,2025-06-05,Completed,Marketplace,Cash,4.96
O002701,C02491,2026-03-07,Completed,Site web,Mobile Money,9.37
O002702,C02146,2025-01-09,Completed,Site web,Mobile Money,1.5
O002703,C00319,2025-11-15,Completed,Site web,Mobile Money,10.89
O002704,C04026,2026-06-15,Returned,Site web,Mobile Money,6.28
O002705,C02378,2026-06-28,Returned,Boutique,Cash,8.14
O002706,C01219,2026-01-28,Completed,Marketplace,Carte bancaire,2.84
O002707,C00567,2025-09-30,Completed,WhatsApp,Mobile Money,5.55
O002708,C02538,2026-03-22,Cancelled,Boutique,Cash,4.0
O002709,C03287,2025-01-09,Completed,Boutique,Carte bancaire,6.89
O002710,C03394,2026-03-11,Completed,Site web,Virement,2.72
O002711,C03721,2025-04-15,Completed,Site web,Mobile Money,4.14
O002712,C03755,2026-02-08,Completed,WhatsApp,Mobile Money,12.2
O002713,C02617,2025-07-10,Completed,Marketplace,Mobile Money,7.94
O002714,C03977,2026-02-16,Completed,Boutique,Mobile Money,7.14
O002715,C00312,2025-11-27,Completed,WhatsApp,Cash,7.09
O002716,C01660,2026-05-25,Completed,Site web,Mobile Money,10.38
O002717,C02033,2026-03-08,Completed,Boutique,Mobile Money,5.62
O002718,C02938,2026-05-16,Completed,Boutique,Carte bancaire,8.81
O002719,C01257,2025-03-24,Completed,Marketplace,Carte bancaire,1.5
O002720,C01219,2025-07-27,Completed,Boutique,Carte bancaire,5.64
O002721,C03794,2025-08-28,Completed,Site web,Mobile Money,5.07
O002722,C02728,2025-01-17,Completed,WhatsApp,Mobile Money,4.43
O002723,C02668,2025-01-13,Completed,Site web,Mobile Money,8.22
O002724,C00774,2025-01-22,Completed,Site web,Virement,5.6
O002725,C02102,2026-02-25,Pending,WhatsApp,Mobile Money,5.52
O002726,C01771,2025-09-02,Completed,Marketplace,Virement,3.65
O002727,C02607,2026-02-16,Pending,Boutique,Carte bancaire,4.82
O002728,C03865,2026-04-03,Pending,Site web,Cash,1.5
O002729,C01170,2025-01-20,Returned,Site web,Cash,5.05
O002730,C03406,2026-04-10,Pending,Site web,Carte bancaire,1.75
O002731,C02662,2025-05-04,Completed,Boutique,Virement,10.63
O002732,C02086,2025-08-10,Completed,WhatsApp,Mobile Money,8.2
O002733,C03991,2026-06-12,Completed,WhatsApp,Mobile Money,8.74
O002734,C00617,2025-06-15,Completed,Site web,Carte bancaire,2.04
O002735,C02849,2026-05-31,Completed,Boutique,Mobile Money,8.51
O002736,C01675,2025-10-05,Returned,Site web,Carte bancaire,4.0
O002737,C02865,2025-01-08,Completed,WhatsApp,Mobile Money,6.83
O002738,C00583,2026-04-02,Completed,Boutique,Mobile Money,5.44
O002739,C03093,2025-01-25,Returned,Site web,Mobile Money,1.86
O002740,C00288,2025-12-15,Completed,Site web,Cash,2.89
O002741,C01466,2025-09-09,Completed,WhatsApp,Carte bancaire,7.98
O002742,C03808,2025-03-18,Completed,Site web,Virement,7.88
O002743,C02658,2025-10-10,Completed,WhatsApp,Virement,1.88
O002744,C02065,2025-07-18,Completed,Marketplace,Virement,9.41
O002745,C01391,2025-02-23,Completed,Site web,Mobile Money,4.86
O002746,C00376,2025-11-01,Completed,Marketplace,Cash,2.15
O002747,C00467,2025-01-25,Completed,Site web,Mobile Money,4.35
O002748,C03011,2025-10-22,Completed,WhatsApp,Carte bancaire,1.93
O002749,C01152,2025-05-04,Completed,Site web,Virement,3.82
O002750,C00312,2026-04-01,Completed,Boutique,Virement,4.57
O002751,C01841,2026-06-05,Completed,Marketplace,Carte bancaire,7.55
O002752,C01664,2026-05-26,Completed,Site web,Carte bancaire,8.44
O002753,C04024,2026-05-29,Completed,Marketplace,Mobile Money,9.19
O002754,C00968,2025-02-25,Completed,Boutique,Mobile Money,8.36
O002755,C01124,2025-10-07,Completed,Marketplace,Carte bancaire,1.5
O002756,C00692,2025-05-03,Completed,WhatsApp,Carte bancaire,1.67
O002757,C00791,2025-02-22,Pending,Boutique,Carte bancaire,9.29
O002758,C02241,2025-08-03,Returned,Marketplace,Mobile Money,4.6
O002759,C00937,2025-08-24,Completed,Boutique,Carte bancaire,5.58
O002760,C03023,2025-06-12,Completed,Boutique,Mobile Money,7.9
O002761,C03434,2025-03-04,Completed,Site web,Carte bancaire,9.87
O002762,C02047,2025-08-12,Completed,Site web,Virement,7.41
O002763,C01006,2025-03-27,Completed,WhatsApp,Mobile Money,3.42
O002764,C03448,2025-01-23,Completed,Site web,Cash,2.34
O002765,C04059,2025-09-05,Pending,Site web,Carte bancaire,2.79
O002766,C03854,2025-02-06,Completed,Boutique,Mobile Money,9.67
O002767,C03865,2026-06-14,Pending,WhatsApp,Mobile Money,8.58
O002768,C03391,2026-04-05,Completed,Marketplace,Mobile Money,6.14
O002769,C03101,2026-05-23,Cancelled,Site web,Virement,1.72
O002770,C04018,2025-02-26,Completed,Site web,Mobile Money,8.68
O002771,C01426,2025-09-12,Completed,Site web,Carte bancaire,6.57
O002772,C03902,2026-03-28,Completed,Marketplace,Virement,3.7
O002773,C00087,2025-11-12,Completed,Site web,Mobile Money,5.84
O002774,C03497,2025-06-17,Completed,Marketplace,Mobile Money,7.52
O002775,C01404,2026-04-01,Completed,Site web,Mobile Money,4.66
O002776,C01230,2025-06-19,Cancelled,Site web,Virement,2.89
O002777,C02837,2026-06-18,Completed,Boutique,Cash,6.57
O002778,C00733,2025-02-25,Returned,WhatsApp,Cash,6.76
O002779,C04175,2026-01-22,Completed,WhatsApp,Mobile Money,1.5
O002780,C03054,2025-01-08,Completed,Site web,Carte bancaire,5.78
O002781,C00081,2026-05-17,Completed,WhatsApp,Carte bancaire,3.47
O002782,C03552,2025-07-14,Completed,Boutique,Cash,7.43
O002783,C00454,2025-01-12,Completed,Site web,Carte bancaire,1.5
O002784,C03458,2026-04-03,Completed,Site web,Carte bancaire,2.18
O002785,C03415,2026-06-15,Completed,Site web,Mobile Money,1.5
O002786,C02704,2026-05-20,Completed,WhatsApp,Virement,7.24
O002787,C02522,2025-09-24,Completed,Boutique,Carte bancaire,1.5
O002788,C03486,2025-02-03,Completed,WhatsApp,Mobile Money,2.02
O002789,C03572,2025-05-05,Completed,Marketplace,Cash,5.73
O002790,C02971,2025-01-17,Completed,WhatsApp,Carte bancaire,5.52
O002791,C00718,2025-01-25,Completed,WhatsApp,Mobile Money,7.91
O002792,C02795,2025-03-29,Completed,WhatsApp,Carte bancaire,8.21
O002793,C00847,2025-11-05,Completed,Marketplace,Mobile Money,9.39
O002794,C00196,2026-02-24,Completed,Site web,Carte bancaire,10.84
O002795,C00638,2025-11-17,Completed,WhatsApp,Carte bancaire,9.13
O002796,C01934,2025-04-23,Completed,Site web,Cash,7.0
O002797,C04048,2025-11-26,Cancelled,Marketplace,Mobile Money,6.65
O002798,C00143,2025-05-07,Completed,Site web,Carte bancaire,7.85
O002799,C00312,2025-09-10,Completed,Site web,Mobile Money,1.5
O002800,C00388,2026-05-03,Completed,WhatsApp,Mobile Money,5.54
O002801,C00801,2025-03-15,Cancelled,WhatsApp,Virement,1.5
O002802,C02273,2026-04-25,Completed,Site web,Virement,3.8
O002803,C03450,2025-05-29,Returned,WhatsApp,Cash,1.57
O002804,C00200,2026-01-03,Pending,WhatsApp,Carte bancaire,7.17
O002805,C03379,2025-05-24,Completed,Site web,Mobile Money,7.8
O002806,C03836,2025-03-31,Completed,Site web,Mobile Money,9.65
O002807,C00334,2025-09-04,Completed,Site web,Carte bancaire,3.1
O002808,C01892,2025-07-28,Pending,Boutique,Carte bancaire,4.03
O002809,C03422,2025-10-06,Returned,Site web,Mobile Money,9.25
O002810,C02940,2025-05-10,Pending,WhatsApp,Cash,4.46
O002811,C00778,2026-06-21,Cancelled,Site web,Cash,3.84
O002812,C00621,2026-01-04,Completed,Site web,Virement,8.14
O002813,C01873,2026-04-06,Completed,Boutique,Mobile Money,7.56
O002814,C03560,2026-03-04,Completed,Site web,Mobile Money,8.87
O002815,C03985,2026-02-01,Completed,Site web,Carte bancaire,7.45
O002816,C02008,2025-03-19,Completed,Marketplace,Mobile Money,4.82
O002817,C02225,2025-11-19,Completed,Marketplace,Mobile Money,10.12
O002818,C02347,2026-05-08,Completed,Boutique,Carte bancaire,8.65
O002819,C02059,2025-02-22,Completed,WhatsApp,Mobile Money,5.95
O002820,C02724,2025-09-11,Completed,WhatsApp,Mobile Money,8.66
O002821,C01150,2025-04-12,Completed,Site web,Mobile Money,5.96
O002822,C02268,2026-03-12,Completed,Site web,Mobile Money,3.22
O002823,C02575,2026-05-26,Completed,WhatsApp,Carte bancaire,6.33
O002824,C02366,2025-01-29,Completed,Boutique,Virement,11.78
O002825,C04095,2026-03-16,Completed,WhatsApp,Mobile Money,9.12
O002826,C03127,2025-07-17,Completed,Marketplace,Mobile Money,7.25
O002827,C03084,2026-06-13,Completed,Site web,Mobile Money,3.31
O002828,C03388,2025-01-09,Completed,Site web,Carte bancaire,2.45
O002829,C02217,2025-04-15,Completed,Site web,Mobile Money,5.27
O002830,C01286,2026-01-29,Completed,Boutique,Mobile Money,4.18
O002831,C02251,2026-03-03,Completed,Site web,Virement,6.05
O002832,C03873,2025-02-13,Pending,Site web,Cash,6.45
O002833,C03693,2025-03-29,Completed,Boutique,Mobile Money,1.73
O002834,C01487,2025-07-05,Completed,WhatsApp,Mobile Money,3.49
O002835,C02030,2025-01-20,Pending,Site web,Virement,4.94
O002836,C01144,2026-03-05,Completed,WhatsApp,Carte bancaire,7.31
O002837,C00052,2026-01-02,Completed,Marketplace,Mobile Money,7.42
O002838,C01309,2026-02-15,Completed,WhatsApp,Cash,2.9
O002839,C00425,2025-09-15,Completed,Boutique,Carte bancaire,2.33
O002840,C01506,2025-12-17,Completed,Site web,Cash,3.16
O002841,C00226,2025-11-10,Completed,WhatsApp,Virement,8.39
O002842,C01332,2026-01-16,Completed,Site web,Cash,4.58
O002843,C03001,2025-09-04,Completed,Marketplace,Mobile Money,6.32
O002844,C03544,2025-12-23,Returned,Site web,Mobile Money,7.25
O002845,C03728,2025-12-20,Completed,Marketplace,Mobile Money,9.68
O002846,C02357,2025-12-18,Cancelled,Site web,Carte bancaire,2.34
O002847,C02295,2026-04-24,Completed,WhatsApp,Mobile Money,9.64
O002848,C04065,2025-07-11,Completed,WhatsApp,Mobile Money,7.73
O002849,C02334,2026-04-27,Completed,Site web,Mobile Money,11.0
O002850,C00353,2025-01-16,Completed,Site web,Mobile Money,10.22
O002851,C03931,2025-09-24,Completed,Site web,Virement,6.33
O002852,C02579,2025-08-31,Completed,Boutique,Cash,3.76
O002853,C02800,2026-04-21,Completed,Boutique,Mobile Money,7.98
O002854,C00404,2025-01-25,Completed,Marketplace,Mobile Money,2.64
O002855,C01973,2025-04-29,Completed,Site web,Carte bancaire,6.65
O002856,C01928,2025-09-14,Completed,Boutique,Carte bancaire,3.77
O002857,C03422,2026-03-23,Completed,Site web,Mobile Money,5.28
O002858,C01608,2025-09-12,Completed,WhatsApp,Mobile Money,1.5
O002859,C01441,2025-12-17,Completed,Site web,Carte bancaire,5.75
O002860,C02860,2025-04-08,Completed,Marketplace,Mobile Money,6.36
O002861,C00066,2026-06-01,Completed,WhatsApp,Carte bancaire,4.4
O002862,C03131,2026-03-06,Returned,WhatsApp,Cash,5.75
O002863,C00031,2025-01-24,Completed,Site web,Cash,2.75
O002864,C01000,2026-01-21,Completed,Site web,Carte bancaire,8.34
O002865,C02090,2025-03-12,Returned,Site web,Mobile Money,6.07
O002866,C00814,2025-11-03,Completed,Boutique,Cash,12.72
O002867,C00149,2026-01-24,Completed,WhatsApp,Carte bancaire,6.88
O002868,C01762,2026-05-23,Completed,Site web,Carte bancaire,7.15
O002869,C02971,2025-02-08,Completed,Site web,Mobile Money,4.59
O002870,C01017,2025-06-07,Completed,Site web,Virement,9.58
O002871,C01152,2026-01-14,Cancelled,WhatsApp,Virement,4.71
O002872,C02842,2025-05-24,Completed,Site web,Carte bancaire,11.19
O002873,C03981,2026-01-26,Completed,Site web,Mobile Money,11.1
O002874,C02175,2025-04-11,Completed,Site web,Mobile Money,4.46
O002875,C02348,2025-03-31,Completed,Site web,Carte bancaire,5.17
O002876,C03474,2025-10-26,Cancelled,WhatsApp,Mobile Money,3.82
O002877,C00278,2026-01-13,Cancelled,WhatsApp,Carte bancaire,1.99
O002878,C04122,2025-04-23,Completed,Site web,Mobile Money,6.88
O002879,C01999,2026-04-24,Completed,Site web,Virement,6.01
O002880,C01589,2026-04-22,Pending,WhatsApp,Mobile Money,7.98
O002881,C02596,2025-02-14,Completed,Site web,Mobile Money,5.85
O002882,C03831,2025-06-16,Completed,Marketplace,Virement,8.62
O002883,C03936,2025-11-01,Completed,Boutique,Mobile Money,5.86
O002884,C03265,2025-09-27,Completed,WhatsApp,Carte bancaire,5.42
O002885,C02032,2025-05-20,Completed,WhatsApp,Mobile Money,6.26
O002886,C00627,2025-10-18,Completed,WhatsApp,Virement,8.28
O002887,C00800,2026-06-12,Cancelled,Site web,Mobile Money,4.89
O002888,C03511,2025-06-18,Completed,Site web,Carte bancaire,8.72
O002889,C00526,2025-05-01,Completed,Boutique,Carte bancaire,3.79
O002890,C02023,2026-02-09,Completed,Marketplace,Carte bancaire,5.06
O002891,C01713,2025-11-09,Completed,Marketplace,Carte bancaire,1.5
O002892,C02979,2026-01-15,Completed,Site web,Mobile Money,4.98
O002893,C01442,2025-12-21,Completed,Marketplace,Carte bancaire,2.63
O002894,C02951,2026-02-21,Completed,Boutique,Carte bancaire,7.66
O002895,C02135,2026-02-04,Completed,Site web,Carte bancaire,7.53
O002896,C03722,2025-11-29,Returned,Marketplace,Carte bancaire,9.65
O002897,C00785,2025-09-07,Pending,Marketplace,Cash,10.98
O002898,C03197,2025-09-10,Completed,WhatsApp,Carte bancaire,5.51
O002899,C03031,2025-05-26,Completed,Boutique,Virement,3.79
O002900,C03464,2025-09-04,Completed,Boutique,Carte bancaire,7.41
O002901,C02060,2025-11-28,Completed,WhatsApp,Mobile Money,4.84
O002902,C01348,2026-01-28,Completed,Site web,Carte bancaire,4.19
O002903,C02172,2026-02-28,Completed,Site web,Carte bancaire,5.95
O002904,C04088,2025-07-26,Completed,Marketplace,Mobile Money,4.23
O002905,C00819,2026-02-06,Completed,Site web,Virement,12.18
O002906,C02779,2025-08-28,Pending,Site web,Mobile Money,5.21
O002907,C00943,2025-07-16,Completed,Site web,Carte bancaire,5.91
O002908,C03250,2025-03-31,Completed,Site web,Mobile Money,8.43
O002909,C01779,2025-05-26,Returned,Site web,Carte bancaire,12.57
O002910,C03608,2026-01-08,Completed,Site web,Mobile Money,5.32
O002911,C00687,2025-04-29,Completed,Marketplace,Mobile Money,1.5
O002912,C00520,2025-02-12,Completed,WhatsApp,Carte bancaire,5.77
O002913,C03994,2025-05-30,Completed,Marketplace,Mobile Money,1.5
O002914,C01413,2026-06-27,Completed,Marketplace,Mobile Money,4.45
O002915,C00357,2025-03-24,Completed,WhatsApp,Mobile Money,10.49
O002916,C03511,2025-03-20,Completed,Site web,Mobile Money,3.6
O002917,C01739,2025-08-09,Completed,Site web,Mobile Money,2.86
O002918,C03873,2025-07-29,Completed,Marketplace,Virement,8.57
O002919,C01839,2026-05-20,Completed,WhatsApp,Mobile Money,5.35
O002920,C03176,2025-05-11,Completed,Boutique,Carte bancaire,9.63
O002921,C02431,2025-08-17,Completed,Marketplace,Carte bancaire,5.16
O002922,C02026,2025-06-09,Completed,Site web,Mobile Money,7.94
O002923,C02042,2025-05-17,Cancelled,Marketplace,Mobile Money,1.5
O002924,C01055,2025-06-26,Completed,Boutique,Mobile Money,3.2
O002925,C03094,2025-05-21,Completed,Site web,Mobile Money,5.45
O002926,C02206,2026-01-29,Completed,Marketplace,Mobile Money,4.79
O002927,C00007,2026-03-09,Completed,WhatsApp,Virement,13.49
O002928,C01669,2025-04-07,Completed,Site web,Mobile Money,9.05
O002929,C01706,2025-09-29,Completed,Site web,Carte bancaire,8.97
O002930,C03720,2025-05-25,Completed,Boutique,Mobile Money,5.49
O002931,C01793,2026-04-21,Returned,Boutique,Virement,1.82
O002932,C02383,2025-02-25,Completed,Site web,Mobile Money,11.02
O002933,C00349,2025-08-13,Completed,Site web,Mobile Money,1.5
O002934,C01647,2025-07-01,Completed,Site web,Mobile Money,4.35
O002935,C01194,2025-07-19,Completed,WhatsApp,Cash,7.72
O002936,C02094,2026-05-31,Completed,WhatsApp,Carte bancaire,13.83
O002937,C03774,2025-10-24,Completed,Boutique,Mobile Money,11.22
O002938,C03921,2025-07-28,Completed,Site web,Mobile Money,7.87
O002939,C01206,2026-03-19,Completed,Site web,Virement,12.45
O002940,C02576,2026-03-02,Completed,Site web,Virement,4.52
O002941,C04009,2025-03-21,Completed,Marketplace,Mobile Money,7.35
O002942,C00962,2025-09-11,Completed,WhatsApp,Mobile Money,10.38
O002943,C01841,2025-08-14,Completed,Site web,Mobile Money,1.79
O002944,C02101,2025-09-04,Completed,Site web,Mobile Money,7.13
O002945,C00014,2025-07-11,Pending,Site web,Mobile Money,7.33
O002946,C01956,2026-03-28,Completed,Boutique,Mobile Money,7.23
O002947,C00510,2026-06-30,Completed,WhatsApp,Mobile Money,2.87
O002948,C01304,2025-01-15,Completed,Boutique,Carte bancaire,7.31
O002949,C00485,2026-04-15,Completed,Site web,Mobile Money,6.88
O002950,C03093,2026-04-19,Completed,Site web,Mobile Money,4.35
O002951,C03506,2025-07-20,Completed,WhatsApp,Cash,8.34
O002952,C01127,2025-09-23,Completed,Site web,Mobile Money,10.05
O002953,C00170,2025-02-25,Completed,Site web,Mobile Money,3.89
O002954,C02069,2025-07-12,Completed,Site web,Mobile Money,7.49
O002955,C00482,2025-05-11,Completed,Boutique,Carte bancaire,10.14
O002956,C01853,2026-05-12,Cancelled,WhatsApp,Carte bancaire,10.2
O002957,C02285,2025-02-28,Completed,Site web,Carte bancaire,5.54
O002958,C01961,2025-07-06,Pending,WhatsApp,Mobile Money,9.22
O002959,C02193,2025-09-21,Returned,Site web,Carte bancaire,-5.0
O002960,C02381,2026-06-20,Completed,Boutique,Virement,8.45
O002961,C00688,2026-03-24,Completed,Boutique,Mobile Money,3.78
O002962,C02870,2026-05-29,Completed,Site web,Carte bancaire,1.5
O002963,C02808,2025-06-19,Completed,Marketplace,Virement,7.6
O002964,C00601,2025-05-27,Pending,Site web,Mobile Money,8.64
O002965,C01823,2025-11-10,Pending,WhatsApp,Mobile Money,8.12
O002966,C01211,2025-07-06,Completed,WhatsApp,Mobile Money,3.55
O002967,C01669,2025-01-09,Completed,Boutique,Carte bancaire,1.5
O002968,C03246,2026-03-22,Completed,Site web,Virement,8.62
O002969,C02506,2025-02-21,Completed,Site web,Virement,10.38
O002970,C03813,2025-04-18,Completed,Marketplace,Virement,1.5
O002971,C02391,2026-06-01,Completed,Marketplace,Mobile Money,5.08
O002972,C00188,2026-02-06,Completed,Boutique,Mobile Money,3.19
O002973,C02988,2025-12-19,Completed,Site web,Mobile Money,6.74
O002974,C00309,2025-03-12,Completed,WhatsApp,Mobile Money,10.01
O002975,C01437,2025-05-18,Cancelled,Site web,Cash,5.3
O002976,C03923,2025-04-23,Completed,Site web,Mobile Money,4.48
O002977,C04157,2025-12-18,Completed,Site web,Carte bancaire,7.17
O002978,C00622,2025-10-02,Completed,Boutique,Mobile Money,1.5
O002979,C04138,2025-07-17,Completed,Site web,Virement,8.51
O002980,C04114,2026-02-13,Completed,Site web,Carte bancaire,9.17
O002981,C03690,2026-03-03,Completed,Site web,Mobile Money,6.01
O002982,C03479,2026-02-10,Completed,WhatsApp,Carte bancaire,4.68
O002983,C00316,2025-02-27,Completed,Boutique,Carte bancaire,5.16
O002984,C00507,2025-11-30,Completed,Site web,Carte bancaire,5.17
O002985,C02578,2025-04-26,Completed,Boutique,Mobile Money,5.83
O002986,C00431,2025-05-30,Completed,Site web,Carte bancaire,1.5
O002987,C01054,2026-06-21,Completed,Site web,Carte bancaire,7.24
O002988,C04105,2025-08-16,Completed,Site web,Mobile Money,4.9
O002989,C03825,2026-03-08,Completed,Site web,Carte bancaire,6.06
O002990,C01071,2025-05-15,Completed,Marketplace,Cash,4.27
O002991,C02263,2026-06-17,Completed,Boutique,Mobile Money,7.14
O002992,C02263,2025-06-01,Pending,Site web,Mobile Money,9.99
O002993,C01104,2025-04-10,Completed,Marketplace,Mobile Money,6.63
O002994,C00993,2025-06-27,Pending,Boutique,Carte bancaire,1.5
O002995,C01836,2025-04-06,Completed,Site web,Carte bancaire,6.01
O002996,C02523,2025-11-25,Completed,Marketplace,Carte bancaire,6.63
O002997,C03379,2025-03-20,Pending,Boutique,Carte bancaire,5.84
O002998,C03529,2025-04-24,Completed,Boutique,Cash,3.7
O002999,C00086,2026-01-20,Completed,Site web,Mobile Money,5.86
O003000,C02760,2025-01-24,Completed,Site web,Virement,8.52
O003001,C02588,2025-08-30,Completed,Marketplace,Virement,5.11
O003002,C00196,2026-01-15,Completed,Boutique,Mobile Money,10.14
O003003,C03506,2025-09-02,Completed,Boutique,Mobile Money,4.05
O003004,C02500,2025-01-12,Returned,Boutique,Cash,2.91
O003005,C03020,2025-03-28,Completed,Marketplace,Mobile Money,5.3
O003006,C02777,2026-06-16,Completed,Site web,Carte bancaire,1.5
O003007,C01405,2026-02-28,Completed,Site web,Mobile Money,5.97
O003008,C00844,2025-07-11,Completed,Site web,Virement,5.0
O003009,C01588,2026-04-24,Completed,Site web,Mobile Money,8.06
O003010,C03201,2025-01-04,Completed,WhatsApp,Carte bancaire,1.5
O003011,C02675,2025-01-26,Returned,WhatsApp,Mobile Money,8.3
O003012,C02633,2026-04-30,Completed,Site web,Mobile Money,6.46
O003013,C00548,2026-01-05,Completed,WhatsApp,Virement,10.76
O003014,C00041,2025-11-25,Completed,Site web,Carte bancaire,5.49
O003015,C02805,2025-07-08,Completed,Site web,Virement,7.02
O003016,C03993,2026-03-24,Completed,WhatsApp,Mobile Money,7.9
O003017,C01507,2025-11-30,Completed,Site web,Mobile Money,1.5
O003018,C01872,2025-08-27,Completed,Boutique,Virement,9.33
O003019,C04024,2025-07-28,Completed,WhatsApp,Carte bancaire,5.61
O003020,C00976,2025-07-14,Completed,Site web,Carte bancaire,2.19
O003021,C02192,2025-11-12,Pending,Site web,Mobile Money,5.77
O003022,C00363,2025-12-26,Completed,Site web,Carte bancaire,9.51
O003023,C01108,2026-03-18,Completed,Boutique,Carte bancaire,4.97
O003024,C01573,2025-08-11,Pending,Marketplace,Mobile Money,6.31
O003025,C02880,2025-05-20,Completed,Site web,Mobile Money,1.5
O003026,C01293,2025-11-01,Completed,Site web,Mobile Money,3.43
O003027,C01935,2025-11-16,Completed,Boutique,Cash,8.12
O003028,C01252,2025-06-02,Completed,Boutique,Virement,9.18
O003029,C00593,2025-02-10,Cancelled,Site web,Mobile Money,6.63
O003030,C03332,2025-07-02,Completed,WhatsApp,Virement,7.75
O003031,C02827,2025-02-08,Completed,Marketplace,Carte bancaire,4.8
O003032,C02713,2025-02-15,Completed,Site web,Cash,6.06
O003033,C02449,2026-06-14,Completed,WhatsApp,Carte bancaire,2.82
O003034,C00559,2026-03-05,Pending,Boutique,Mobile Money,4.53
O003035,C02164,2025-01-20,Completed,Site web,Virement,5.92
O003036,C02974,2025-07-11,Pending,Marketplace,Cash,1.5
O003037,C02077,2025-05-20,Completed,Marketplace,Carte bancaire,13.18
O003038,C03039,2026-06-19,Cancelled,Boutique,Mobile Money,3.89
O003039,C01383,2025-08-28,Pending,WhatsApp,Virement,6.63
O003040,C02160,2025-05-23,Completed,WhatsApp,Mobile Money,2.25
O003041,C01600,2025-12-14,Pending,WhatsApp,Virement,1.5
O003042,C04183,2025-09-18,Completed,Site web,Virement,11.14
O003043,C00753,2025-04-13,Completed,Site web,Mobile Money,6.17
O003044,C01191,2025-06-17,Completed,Site web,Mobile Money,1.5
O003045,C02861,2025-03-11,Completed,Site web,Mobile Money,2.92
O003046,C00246,2026-01-16,Returned,Boutique,Cash,12.21
O003047,C02154,2026-06-16,Completed,Marketplace,Virement,7.45
O003048,C00121,2026-03-19,Completed,Site web,Mobile Money,1.5
O003049,C02217,2025-07-25,Cancelled,WhatsApp,Virement,4.46
O003050,C01347,2025-09-24,Completed,WhatsApp,Virement,5.45
O003051,C00798,2025-02-03,Completed,WhatsApp,Cash,7.58
O003052,C02092,2025-07-21,Pending,Boutique,Carte bancaire,5.97
O003053,C01391,2025-01-18,Completed,Site web,Virement,1.5
O003054,C00329,2026-02-13,Completed,Site web,Mobile Money,4.1
O003055,C02238,2026-05-14,Completed,Site web,Mobile Money,3.28
O003056,C02377,2025-04-15,Completed,Marketplace,Carte bancaire,8.25
O003057,C02780,2026-01-05,Completed,Marketplace,Mobile Money,4.37
O003058,C03784,2025-11-25,Completed,WhatsApp,Mobile Money,4.34
O003059,C02951,2025-08-17,Completed,WhatsApp,Mobile Money,5.22
O003060,C03347,2026-02-07,Completed,WhatsApp,Carte bancaire,3.41
O003061,C02722,2026-01-08,Completed,Site web,Carte bancaire,10.53
O003062,C02825,2025-05-28,Completed,Site web,Cash,9.37
O003063,C03332,2026-03-14,Completed,Site web,Mobile Money,9.51
O003064,C02780,2025-12-26,Completed,Site web,Carte bancaire,2.3
O003065,C02110,2025-06-21,Completed,Marketplace,Virement,7.06
O003066,C03068,2026-02-07,Completed,Boutique,Virement,8.36
O003067,C04055,2025-12-18,Completed,Boutique,Mobile Money,2.92
O003068,C02076,2025-03-06,Completed,Boutique,Carte bancaire,2.48
O003069,C00950,2025-04-02,Completed,WhatsApp,Virement,3.02
O003070,C01688,2025-06-27,Returned,WhatsApp,Virement,1.61
O003071,C00060,2025-01-25,Completed,Boutique,Mobile Money,9.14
O003072,C01288,2025-08-11,Completed,Site web,Carte bancaire,8.86
O003073,C03726,2025-09-10,Completed,Site web,Carte bancaire,5.03
O003074,C00419,2026-03-02,Completed,WhatsApp,Mobile Money,5.81
O003075,C03730,2025-04-04,Completed,Site web,Carte bancaire,3.96
O003076,C02362,2025-11-07,Completed,WhatsApp,Mobile Money,12.94
O003077,C01338,2025-12-31,Completed,Boutique,Mobile Money,4.69
O003078,C01985,2025-09-04,Pending,Boutique,Mobile Money,4.41
O003079,C03691,2026-05-13,Completed,Site web,Mobile Money,5.62
O003080,C00500,2025-06-24,Pending,Site web,Mobile Money,2.06
O003081,C02377,2025-08-12,Completed,Marketplace,Cash,6.8
O003082,C01127,2025-01-03,Completed,Marketplace,Mobile Money,10.28
O003083,C02273,2025-08-14,Completed,Site web,Mobile Money,5.48
O003084,C03307,2025-01-12,Cancelled,Marketplace,Virement,8.4
O003085,C03870,2026-06-24,Completed,Marketplace,Carte bancaire,1.5
O003086,C01074,2025-05-12,Completed,Site web,Carte bancaire,3.14
O003087,C02788,2026-03-22,Completed,Site web,Virement,6.29
O003088,C01789,2025-03-05,Returned,Marketplace,Carte bancaire,1.5
O003089,C02112,2025-05-31,Completed,Boutique,Carte bancaire,6.98
O003090,C00678,2025-03-07,Completed,WhatsApp,Carte bancaire,5.08
O003091,C03598,2025-07-22,Returned,Marketplace,Carte bancaire,6.89
O003092,C00714,2025-11-27,Completed,Marketplace,Virement,5.3
O003093,C00168,2025-08-19,Completed,Site web,Mobile Money,5.51
O003094,C03177,2025-11-28,Completed,WhatsApp,Mobile Money,1.5
O003095,C01704,2026-03-18,Completed,Marketplace,Mobile Money,2.72
O003096,C00281,2025-01-25,Returned,Site web,Mobile Money,7.52
O003097,C02860,2025-08-21,Completed,Site web,Mobile Money,1.75
O003098,C01198,2025-11-22,Completed,Boutique,Carte bancaire,3.06
O003099,C04100,2025-10-14,Completed,Boutique,Virement,4.69
O003100,C04120,2025-03-21,Returned,Site web,Mobile Money,4.97
O003101,C02312,2025-04-24,Completed,Site web,Carte bancaire,8.15
O003102,C01999,2025-07-26,Completed,Boutique,Mobile Money,6.69
O003103,C01869,2025-12-23,Completed,Site web,Carte bancaire,4.02
O003104,C02547,2026-06-27,Returned,Site web,Mobile Money,1.5
O003105,C03818,2025-07-21,Cancelled,Marketplace,Cash,15.17
O003106,C02692,2025-10-14,Completed,Boutique,Mobile Money,6.11
O003107,C00417,2025-06-17,Completed,Site web,Virement,8.74
O003108,C00824,2025-01-19,Completed,WhatsApp,Mobile Money,1.5
O003109,C02644,2025-08-07,Completed,Site web,Virement,4.89
O003110,C01552,2025-07-10,Completed,Site web,Mobile Money,4.77
O003111,C02014,2025-03-24,Completed,Marketplace,Virement,4.61
O003112,C01683,2026-01-03,Completed,WhatsApp,Cash,8.33
O003113,C02504,2025-05-22,Completed,WhatsApp,Cash,5.21
O003114,C00969,2025-05-04,Completed,Site web,Virement,4.71
O003115,C00310,2025-08-02,Returned,WhatsApp,Mobile Money,5.96
O003116,C00983,2026-06-13,Completed,Site web,Mobile Money,6.08
O003117,C02806,2025-12-15,Completed,Site web,Cash,2.37
O003118,C02554,2025-08-22,Completed,WhatsApp,Virement,8.97
O003119,C03399,2026-03-26,Completed,Boutique,Carte bancaire,4.27
O003120,C00456,2025-01-12,Completed,Boutique,Mobile Money,5.69
O003121,C00595,2025-07-04,Pending,Site web,Mobile Money,10.49
O003122,C00543,2025-10-24,Completed,WhatsApp,Mobile Money,14.72
O003123,C02364,2025-09-25,Returned,Site web,Carte bancaire,7.4
O003124,C02408,2026-01-06,Completed,WhatsApp,Virement,1.5
O003125,C00670,2026-01-20,Completed,Marketplace,Mobile Money,5.14
O003126,C01888,2025-09-07,Cancelled,Boutique,Mobile Money,11.15
O003127,C00217,2026-05-25,Completed,Site web,Mobile Money,5.31
O003128,C02571,2026-05-24,Completed,Boutique,Mobile Money,8.5
O003129,C02394,2025-09-18,Completed,Site web,Virement,8.46
O003130,C00114,2026-05-10,Completed,Site web,Mobile Money,3.89
O003131,C00372,2025-12-18,Completed,Site web,Cash,11.68
O003132,C02961,2025-03-18,Completed,Site web,Mobile Money,7.29
O003133,C03777,2025-03-07,Completed,WhatsApp,Virement,5.92
O003134,C03570,2025-02-13,Completed,Site web,Mobile Money,5.51
O003135,C02382,2025-04-27,Completed,WhatsApp,Carte bancaire,2.48
O003136,C02202,2025-06-21,Completed,Site web,Virement,3.63
O003137,C03396,2025-02-07,Completed,WhatsApp,Mobile Money,2.93
O003138,C03532,2025-11-30,Completed,Site web,Carte bancaire,12.82
O003139,C03808,2025-08-14,Completed,Site web,Virement,9.11
O003140,C01679,2025-11-26,Completed,WhatsApp,Mobile Money,2.97
O003141,C02000,2025-10-03,Completed,Site web,Carte bancaire,11.53
O003142,C00332,2025-05-29,Completed,Site web,Carte bancaire,10.09
O003143,C00736,2025-12-03,Completed,Boutique,Virement,4.07
O003144,C01586,2026-06-06,Completed,Site web,Mobile Money,7.59
O003145,C03401,2025-06-23,Completed,Boutique,Carte bancaire,3.96
O003146,C01875,2025-06-18,Completed,Site web,Cash,9.08
O003147,C02467,2025-10-10,Pending,Boutique,Carte bancaire,7.48
O003148,C03636,2026-03-17,Completed,Site web,Mobile Money,4.73
O003149,C01998,2025-10-19,Completed,Marketplace,Mobile Money,2.29
O003150,C01406,2026-04-01,Completed,Site web,Mobile Money,5.81
O003151,C03068,2025-02-10,Completed,Marketplace,Mobile Money,7.47
O003152,C01324,2025-02-23,Completed,Site web,Mobile Money,9.9
O003153,C01631,2025-08-11,Completed,Boutique,Mobile Money,7.89
O003154,C03730,2025-05-08,Completed,Site web,Cash,8.78
O003155,C01837,2025-01-13,Completed,Site web,Virement,3.74
O003156,C01055,2025-04-28,Pending,Site web,Mobile Money,1.5
O003157,C03506,2025-05-29,Completed,Site web,Mobile Money,1.5
O003158,C02699,2026-05-19,Returned,Site web,Carte bancaire,5.13
O003159,C03225,2026-03-05,Completed,WhatsApp,Mobile Money,3.68
O003160,C01372,2025-07-12,Completed,WhatsApp,Mobile Money,5.63
O003161,C03285,2026-06-10,Pending,WhatsApp,Cash,8.2
O003162,C03997,2026-04-04,Completed,Site web,Virement,7.88
O003163,C00687,2025-05-18,Completed,WhatsApp,Virement,1.5
O003164,C00797,2025-09-19,Completed,Boutique,Virement,13.74
O003165,C02370,2026-05-21,Completed,Site web,Carte bancaire,7.17
O003166,C03041,2025-09-08,Completed,Boutique,Virement,6.87
O003167,C00002,2025-07-23,Completed,Site web,Carte bancaire,5.55
O003168,C02311,2026-05-11,Completed,Site web,Mobile Money,5.16
O003169,C00535,2025-12-28,Completed,Boutique,Mobile Money,9.3
O003170,C04111,2025-08-30,Completed,Boutique,Carte bancaire,3.08
O003171,C03051,2026-04-22,Completed,WhatsApp,Mobile Money,6.92
O003172,C04176,2026-02-13,Completed,Site web,Virement,10.55
O003173,C00917,2025-07-10,Returned,WhatsApp,Carte bancaire,6.57
O003174,C03334,2025-08-21,Completed,WhatsApp,Cash,7.54
O003175,C01605,2025-01-26,Completed,Marketplace,Mobile Money,1.79
O003176,C00435,2025-02-25,Pending,Boutique,Mobile Money,8.48
O003177,C02017,2026-06-08,Completed,Site web,Mobile Money,7.11
O003178,C01970,2025-01-30,Completed,Site web,Mobile Money,5.7
O003179,C02102,2026-04-04,Completed,WhatsApp,Carte bancaire,8.17
O003180,C03589,2025-04-25,Completed,Boutique,Mobile Money,2.57
O003181,C01174,2025-10-24,Completed,Site web,Virement,11.4
O003182,C02682,2026-01-31,Completed,Boutique,Mobile Money,14.68
O003183,C00837,2026-06-28,Completed,WhatsApp,Cash,4.2
O003184,C03692,2025-07-24,Pending,Site web,Mobile Money,9.53
O003185,C01924,2026-05-22,Pending,Site web,Carte bancaire,5.57
O003186,C03358,2025-09-06,Completed,Boutique,Cash,2.31
O003187,C01130,2026-04-21,Cancelled,Boutique,Carte bancaire,9.89
O003188,C01315,2025-02-25,Pending,Site web,Mobile Money,5.15
O003189,C04129,2025-05-27,Completed,Site web,Mobile Money,7.84
O003190,C00820,2025-12-08,Completed,Site web,Mobile Money,11.73
O003191,C02358,2026-01-22,Completed,Site web,Carte bancaire,7.58
O003192,C01355,2026-03-17,Returned,WhatsApp,Carte bancaire,6.63
O003193,C01639,2025-07-16,Completed,Site web,Virement,3.12
O003194,C02923,2025-12-09,Completed,Boutique,Mobile Money,3.13
O003195,C03285,2025-12-07,Completed,Site web,Mobile Money,5.59
O003196,C02021,2026-06-24,Completed,Boutique,Mobile Money,4.86
O003197,C02680,2025-03-06,Returned,Marketplace,Cash,8.04
O003198,C00185,2025-01-09,Completed,Site web,Cash,2.73
O003199,C00983,2025-11-12,Returned,Marketplace,Mobile Money,3.67
O003200,C03119,2025-01-09,Completed,Boutique,Carte bancaire,5.55
O003201,C02797,2025-04-18,Completed,Marketplace,Virement,6.29
O003202,C00188,2025-10-02,Cancelled,Site web,Carte bancaire,6.18
O003203,C03743,2025-05-27,Returned,Marketplace,Cash,5.41
O003204,C01720,2025-05-26,Completed,WhatsApp,Virement,3.65
O003205,C01276,2025-07-09,Returned,Site web,Carte bancaire,7.74
O003206,C01942,2026-01-12,Pending,Marketplace,Carte bancaire,9.55
O003207,C01659,2025-07-20,Pending,Marketplace,Mobile Money,6.93
O003208,C02113,2026-03-11,Pending,Site web,Mobile Money,4.26
O003209,C00690,2025-03-29,Completed,Site web,Virement,1.5
O003210,C00585,2025-02-26,Completed,Marketplace,Mobile Money,10.98
O003211,C04157,2025-04-02,Completed,WhatsApp,Mobile Money,5.48
O003212,C03141,2026-05-18,Completed,WhatsApp,Virement,9.97
O003213,C01518,2025-06-02,Completed,Site web,Mobile Money,10.93
O003214,C03568,2025-01-17,Completed,Site web,Carte bancaire,8.41
O003215,C03341,2025-06-22,Completed,WhatsApp,Carte bancaire,8.86
O003216,C02932,2026-01-13,Completed,Boutique,Mobile Money,8.63
O003217,C03030,2025-07-18,Completed,Site web,Mobile Money,5.34
O003218,C03995,2025-07-30,Completed,WhatsApp,Mobile Money,2.55
O003219,C03504,2025-02-17,Completed,Site web,Mobile Money,8.39
O003220,C01082,2026-01-01,Completed,Boutique,Mobile Money,1.5
O003221,C03053,2025-05-01,Completed,Site web,Virement,4.82
O003222,C00676,2025-02-23,Cancelled,WhatsApp,Cash,4.08
O003223,C02112,2026-01-27,Completed,Boutique,Mobile Money,7.72
O003224,C00283,2026-05-29,Completed,Boutique,Carte bancaire,6.7
O003225,C00712,2025-12-01,Returned,Site web,Mobile Money,4.08
O003226,C03031,2026-05-29,Completed,Boutique,Mobile Money,4.74
O003227,C01561,2025-08-09,Completed,Site web,Cash,11.87
O003228,C00681,2025-10-12,Completed,Site web,Mobile Money,3.65
O003229,C04114,2025-07-15,Completed,Boutique,Cash,5.45
O003230,C03941,2025-10-07,Completed,Site web,Mobile Money,7.74
O003231,C00963,2026-05-05,Pending,Site web,Carte bancaire,6.21
O003232,C02514,2025-12-14,Completed,Marketplace,Cash,7.83
O003233,C01235,2025-01-15,Returned,Site web,Carte bancaire,9.3
O003234,C03378,2025-11-14,Completed,Boutique,Virement,10.32
O003235,C02890,2025-07-26,Cancelled,WhatsApp,Mobile Money,6.14
O003236,C01826,2025-10-25,Completed,Site web,Carte bancaire,7.22
O003237,C03910,2025-11-02,Completed,Site web,Mobile Money,6.63
O003238,C03087,2025-11-19,Completed,Site web,Mobile Money,3.31
O003239,C00636,2026-04-20,Completed,Boutique,Mobile Money,6.59
O003240,C01864,2026-04-16,Completed,Boutique,Carte bancaire,1.5
O003241,C03485,2026-06-17,Cancelled,Site web,Carte bancaire,7.12
O003242,C02263,2025-12-01,Completed,Boutique,Mobile Money,1.5
O003243,C00420,2025-06-06,Completed,WhatsApp,Carte bancaire,3.03
O003244,C03250,2025-04-18,Completed,Boutique,Mobile Money,8.57
O003245,C02021,2026-04-11,Completed,Site web,Carte bancaire,7.4
O003246,C01001,2026-05-16,Completed,Site web,Virement,5.95
O003247,C03426,2025-01-21,Completed,Site web,Mobile Money,4.65
O003248,C03715,2025-04-29,Pending,WhatsApp,Carte bancaire,3.41
O003249,C02468,2026-01-08,Completed,Site web,Virement,4.29
O003250,C03009,2025-04-01,Cancelled,WhatsApp,Carte bancaire,8.06
O003251,C01013,2025-01-28,Completed,Marketplace,Cash,5.24
O003252,C03136,2026-07-01,Completed,Site web,Mobile Money,1.5
O003253,C03798,2025-02-22,Completed,WhatsApp,Mobile Money,2.31
O003254,C01001,2025-04-27,Completed,Site web,Carte bancaire,3.56
O003255,C03961,2026-06-26,Completed,WhatsApp,Carte bancaire,5.21
O003256,C00379,2025-02-24,Completed,Site web,Mobile Money,5.12
O003257,C01873,2026-03-15,Completed,Marketplace,Mobile Money,2.83
O003258,C00306,2025-11-04,Pending,Site web,Carte bancaire,7.84
O003259,C01880,2025-10-23,Returned,Marketplace,Virement,1.5
O003260,C02718,2026-03-30,Completed,Site web,Carte bancaire,3.76
O003261,C03657,2025-01-12,Completed,Boutique,Virement,8.35
O003262,C00631,2025-02-03,Completed,Site web,Carte bancaire,7.62
O003263,C03728,2025-04-18,Completed,Site web,Virement,5.19
O003264,C04197,2025-09-26,Completed,Marketplace,Mobile Money,8.82
O003265,C00280,2026-06-12,Completed,Site web,Cash,6.78
O003266,C04037,2025-02-07,Completed,WhatsApp,Virement,6.21
O003267,C03808,2025-08-19,Completed,Boutique,Virement,7.8
O003268,C00123,2025-08-23,Returned,Site web,Virement,7.22
O003269,C00266,2025-04-18,Completed,Site web,Virement,10.0
O003270,C03046,2025-07-08,Completed,Marketplace,Mobile Money,5.17
O003271,C01764,2025-04-21,Completed,WhatsApp,Cash,5.27
O003272,C01096,2025-03-17,Completed,Marketplace,Mobile Money,6.59
O003273,C01698,2025-10-13,Completed,Boutique,Virement,6.06
O003274,C01432,2026-05-26,Completed,Boutique,Carte bancaire,11.57
O003275,C04096,2025-08-10,Completed,WhatsApp,Mobile Money,7.57
O003276,C01010,2025-12-14,Completed,Site web,Mobile Money,3.83
O003277,C00373,2026-01-03,Completed,Marketplace,Mobile Money,1.53
O003278,C03489,2026-04-07,Completed,Boutique,Carte bancaire,10.71
O003279,C03528,2026-03-28,Completed,Boutique,Carte bancaire,4.87
O003280,C03754,2026-05-12,Returned,Marketplace,Mobile Money,6.99
O003281,C04080,2026-03-23,Pending,Site web,Mobile Money,5.94
O003282,C00170,2026-05-25,Completed,Site web,Mobile Money,8.42
O003283,C03230,2026-06-14,Completed,Site web,Mobile Money,4.34
O003284,C01135,2026-02-14,Completed,WhatsApp,Carte bancaire,6.36
O003285,C01771,2025-09-28,Returned,Site web,Carte bancaire,4.36
O003286,C01885,2025-06-18,Completed,Site web,Mobile Money,14.34
O003287,C04140,2025-11-10,Completed,WhatsApp,Carte bancaire,3.74
O003288,C02192,2026-03-31,Completed,Site web,Cash,7.68
O003289,C00936,2026-02-17,Completed,WhatsApp,Virement,14.54
O003290,C00369,2025-10-13,Returned,Site web,Mobile Money,9.3
O003291,C02474,2025-02-11,Completed,Site web,Virement,5.94
O003292,C03487,2025-05-29,Completed,Site web,Mobile Money,6.5
O003293,C02984,2025-11-13,Cancelled,Site web,Mobile Money,3.56
O003294,C03923,2025-07-31,Completed,Site web,Mobile Money,11.04
O003295,C00176,2025-09-07,Completed,Site web,Carte bancaire,5.32
O003296,C01693,2025-06-15,Completed,Marketplace,Virement,5.78
O003297,C02570,2025-02-11,Completed,Site web,Virement,3.37
O003298,C03601,2025-09-13,Completed,Site web,Mobile Money,5.06
O003299,C01314,2025-09-01,Completed,Boutique,Carte bancaire,6.2
O003300,C02841,2026-03-05,Completed,Site web,Mobile Money,9.27
O003301,C00874,2025-03-03,Completed,WhatsApp,Cash,6.8
O003302,C02486,2025-09-23,Completed,Boutique,Mobile Money,9.28
O003303,C03256,2026-04-13,Completed,Site web,Mobile Money,1.5
O003304,C03441,2025-05-27,Completed,Marketplace,Cash,10.2
O003305,C01898,2025-06-23,Completed,WhatsApp,Mobile Money,1.98
O003306,C01987,2025-02-17,Completed,Boutique,Mobile Money,8.31
O003307,C03705,2025-11-11,Completed,Marketplace,Cash,1.5
O003308,C02301,2026-04-14,Completed,Marketplace,Mobile Money,6.2
O003309,C01471,2025-09-21,Completed,Site web,Mobile Money,8.84
O003310,C01154,2025-08-17,Returned,WhatsApp,Carte bancaire,3.48
O003311,C02990,2026-02-15,Completed,Site web,Mobile Money,6.11
O003312,C02992,2025-08-31,Pending,WhatsApp,Virement,8.78
O003313,C02259,2025-08-07,Completed,Boutique,Carte bancaire,8.2
O003314,C00669,2026-02-23,Pending,Site web,Carte bancaire,1.5
O003315,C00679,2025-06-05,Pending,WhatsApp,Mobile Money,9.0
O003316,C01022,2026-04-11,Completed,WhatsApp,Mobile Money,11.13
O003317,C00051,2025-05-27,Completed,Site web,Virement,9.65
O003318,C02016,2025-10-08,Completed,WhatsApp,Mobile Money,2.31
O003319,C01743,2025-05-18,Completed,Site web,Mobile Money,2.74
O003320,C01619,2025-12-13,Completed,WhatsApp,Mobile Money,6.23
O003321,C03927,2025-08-26,Completed,Site web,Virement,7.76
O003322,C01007,2025-05-12,Pending,Boutique,Virement,8.61
O003323,C03398,2026-02-12,Completed,Site web,Mobile Money,3.62
O003324,C00806,2026-05-28,Completed,WhatsApp,Mobile Money,5.78
O003325,C02570,2025-01-16,Cancelled,WhatsApp,Virement,3.55
O003326,C03616,2025-11-08,Completed,Site web,Mobile Money,2.98
O003327,C03519,2026-01-29,Pending,WhatsApp,Mobile Money,7.22
O003328,C02482,2026-01-30,Completed,Boutique,Mobile Money,5.78
O003329,C00871,2025-05-01,Completed,Site web,Mobile Money,7.37
O003330,C01586,2025-03-04,Completed,WhatsApp,Mobile Money,4.28
O003331,C01784,2025-10-09,Returned,Site web,Virement,8.01
O003332,C03553,2025-12-16,Completed,WhatsApp,Mobile Money,2.62
O003333,C01586,2025-06-08,Returned,Marketplace,Mobile Money,4.63
O003334,C03466,2025-07-22,Completed,WhatsApp,Carte bancaire,2.68
O003335,C03997,2025-10-19,Completed,Site web,Virement,6.85
O003336,C00466,2025-09-04,Completed,Site web,Carte bancaire,11.44
O003337,C03930,2025-09-22,Completed,WhatsApp,Mobile Money,7.11
O003338,C02383,2026-01-09,Completed,Site web,Mobile Money,5.69
O003339,C02524,2026-06-24,Completed,WhatsApp,Carte bancaire,5.41
O003340,C01284,2026-03-13,Completed,Boutique,Carte bancaire,4.26
O003341,C01403,2025-01-05,Completed,Boutique,Mobile Money,9.32
O003342,C02272,2025-07-11,Pending,Site web,Carte bancaire,7.24
O003343,C00836,2025-01-06,Completed,Boutique,Virement,1.5
O003344,C03016,2026-04-24,Completed,Site web,Mobile Money,9.26
O003345,C02801,2025-12-20,Completed,Site web,Virement,3.39
O003346,C00036,2025-05-01,Completed,WhatsApp,Carte bancaire,4.03
O003347,C00886,2026-04-05,Completed,WhatsApp,Mobile Money,7.21
O003348,C02157,2025-11-05,Cancelled,Site web,Carte bancaire,4.21
O003349,C03118,2025-01-29,Completed,Boutique,Carte bancaire,12.73
O003350,C01226,2025-03-24,Cancelled,Site web,Virement,5.28
O003351,C03725,2026-03-20,Completed,Site web,Mobile Money,7.9
O003352,C02243,2025-06-08,Completed,Site web,Carte bancaire,1.5
O003353,C02264,2025-10-15,Completed,Site web,Carte bancaire,4.15
O003354,C00462,2026-05-06,Completed,Site web,Mobile Money,5.61
O003355,C02639,2025-06-08,Completed,Boutique,Mobile Money,8.99
O003356,C03434,2025-01-07,Completed,WhatsApp,Cash,2.77
O003357,C00888,2025-02-15,Completed,Site web,Mobile Money,9.6
O003358,C02284,2026-05-17,Completed,WhatsApp,Carte bancaire,6.38
O003359,C00027,2025-11-25,Completed,Site web,Mobile Money,6.98
O003360,C00887,2025-06-29,Completed,Site web,Virement,3.76
O003361,C00299,2025-02-13,Completed,WhatsApp,Carte bancaire,3.1
O003362,C03233,2026-01-17,Completed,Boutique,Mobile Money,1.5
O003363,C04182,2025-01-22,Completed,Boutique,Mobile Money,6.9
O003364,C00159,2025-02-20,Completed,Site web,Mobile Money,7.88
O003365,C02950,2025-11-22,Completed,Site web,Carte bancaire,4.91
O003366,C02490,2025-12-18,Completed,WhatsApp,Carte bancaire,1.5
O003367,C02949,2025-11-09,Cancelled,Boutique,Virement,4.33
O003368,C02108,2026-05-14,Completed,Site web,Mobile Money,7.12
O003369,C04164,2025-05-28,Completed,Site web,Virement,6.55
O003370,C00167,2025-11-01,Completed,Marketplace,Mobile Money,8.02
O003371,C00627,2025-06-17,Completed,Site web,Virement,1.5
O003372,C01049,2025-07-18,Completed,Marketplace,Mobile Money,4.78
O003373,C03287,2025-03-24,Pending,WhatsApp,Virement,5.7
O003374,C00324,2026-03-11,Completed,WhatsApp,Mobile Money,7.9
O003375,C00520,2026-01-21,Completed,Site web,Carte bancaire,4.19
O003376,C03077,2026-01-26,Completed,Marketplace,Carte bancaire,7.6
O003377,C01758,2025-03-19,Pending,Site web,Carte bancaire,3.15
O003378,C02965,2025-03-06,Completed,Site web,Cash,6.65
O003379,C01540,2026-03-05,Completed,Site web,Carte bancaire,5.12
O003380,C00376,2025-12-31,Completed,Site web,Mobile Money,4.95
O003381,C02509,2025-01-17,Completed,Boutique,Mobile Money,13.24
O003382,C00459,2025-12-31,Pending,Site web,Mobile Money,5.0
O003383,C02012,2026-06-22,Completed,WhatsApp,Mobile Money,4.73
O003384,C03698,2026-02-17,Completed,Boutique,Mobile Money,1.73
O003385,C00769,2025-06-02,Completed,WhatsApp,Carte bancaire,8.97
O003386,C00844,2025-06-23,Completed,WhatsApp,Cash,4.37
O003387,C03983,2026-02-17,Completed,Site web,Mobile Money,5.9
O003388,C01276,2025-08-08,Completed,Boutique,Virement,3.47
O003389,C01565,2026-02-08,Completed,Site web,Virement,7.25
O003390,C02874,2026-06-11,Completed,WhatsApp,Carte bancaire,8.8
O003391,C00538,2025-08-11,Completed,Boutique,Carte bancaire,9.93
O003392,C00256,2025-11-11,Completed,Boutique,Virement,5.65
O003393,C03542,2025-09-26,Completed,Site web,Mobile Money,4.22
O003394,C03981,2025-10-06,Cancelled,Site web,Cash,4.02
O003395,C04146,2025-02-11,Completed,Boutique,Mobile Money,6.05
O003396,C00097,2026-06-25,Completed,Boutique,Mobile Money,6.76
O003397,C02226,2025-10-24,Completed,WhatsApp,Carte bancaire,7.63
O003398,C03567,2025-05-06,Completed,Site web,Mobile Money,3.46
O003399,C03548,2025-11-11,Completed,Site web,Mobile Money,6.4
O003400,C01516,2025-08-07,Completed,Marketplace,Mobile Money,2.94
O003401,C02060,2026-03-27,Completed,Site web,Mobile Money,5.61
O003402,C00631,2026-02-21,Cancelled,Boutique,Mobile Money,10.19
O003403,C00585,2025-07-29,Pending,Site web,Mobile Money,5.32
O003404,C01586,2026-01-26,Completed,Boutique,Mobile Money,3.35
O003405,C00968,2025-01-19,Returned,Site web,Carte bancaire,7.05
O003406,C04086,2026-06-14,Completed,Site web,Mobile Money,8.68
O003407,C00337,2025-10-07,Completed,Site web,Virement,3.69
O003408,C02222,2025-12-25,Completed,Marketplace,Virement,1.93
O003409,C02338,2025-12-20,Completed,WhatsApp,Carte bancaire,3.56
O003410,C00249,2025-06-21,Completed,WhatsApp,Mobile Money,4.68
O003411,C01851,2026-01-14,Completed,Marketplace,Carte bancaire,10.55
O003412,C03955,2025-08-06,Completed,Site web,Mobile Money,1.79
O003413,C00461,2026-01-08,Completed,Boutique,Cash,1.5
O003414,C00603,2025-02-19,Completed,Site web,Mobile Money,6.82
O003415,C00695,2025-03-22,Cancelled,Site web,Mobile Money,3.86
O003416,C00230,2026-05-22,Pending,WhatsApp,Mobile Money,3.03
O003417,C03717,2026-02-08,Completed,Marketplace,Cash,7.95
O003418,C00191,2025-03-12,Completed,Boutique,Mobile Money,6.27
O003419,C01181,2025-04-28,Completed,Site web,Mobile Money,9.02
O003420,C03471,2025-10-27,Completed,Marketplace,Mobile Money,8.2
O003421,C04181,2025-01-04,Completed,Boutique,Virement,2.38
O003422,C00643,2025-08-08,Completed,Boutique,Mobile Money,1.5
O003423,C01513,2025-06-28,Completed,WhatsApp,Cash,9.36
O003424,C00752,2025-03-15,Cancelled,Site web,Cash,5.63
O003425,C00809,2025-06-14,Pending,Site web,Carte bancaire,15.04
O003426,C03966,2025-06-10,Completed,WhatsApp,Mobile Money,8.9
O003427,C01418,2025-02-06,Cancelled,Site web,Cash,10.11
O003428,C02569,2025-12-14,Completed,WhatsApp,Mobile Money,3.17
O003429,C00659,2025-05-30,Cancelled,WhatsApp,Carte bancaire,5.75
O003430,C01199,2025-01-18,Completed,WhatsApp,Carte bancaire,8.43
O003431,C01517,2025-01-13,Completed,Boutique,Carte bancaire,5.75
O003432,C02464,2026-06-14,Completed,Site web,Cash,6.17
O003433,C03781,2025-03-06,Completed,Site web,Cash,6.73
O003434,C01021,2026-05-14,Pending,Site web,Mobile Money,3.83
O003435,C02710,2025-04-02,Pending,Site web,Mobile Money,3.35
O003436,C02076,2025-02-16,Completed,Site web,Cash,5.45
O003437,C03340,2025-10-26,Pending,Site web,Mobile Money,4.76
O003438,C01406,2026-04-21,Completed,Site web,Carte bancaire,3.37
O003439,C01780,2025-02-09,Completed,Site web,Mobile Money,5.62
O003440,C02616,2025-06-30,Completed,Marketplace,Mobile Money,2.08
O003441,C01861,2026-02-17,Pending,Site web,Carte bancaire,8.29
O003442,C03187,2025-02-06,Completed,Site web,Carte bancaire,7.77
O003443,C00059,2025-04-03,Completed,Boutique,Cash,8.05
O003444,C01464,2025-06-17,Completed,Site web,Cash,3.48
O003445,C00733,2026-03-19,Pending,WhatsApp,Carte bancaire,3.1
O003446,C00605,2026-03-20,Completed,Boutique,Mobile Money,9.96
O003447,C00224,2026-01-24,Completed,WhatsApp,Carte bancaire,5.41
O003448,C01495,2025-12-31,Completed,Site web,Mobile Money,7.71
O003449,C00914,2025-01-15,Completed,Site web,Carte bancaire,2.54
O003450,C03185,2025-05-11,Completed,Marketplace,Cash,5.14
O003451,C02109,2026-05-21,Completed,Boutique,Carte bancaire,9.58
O003452,C03306,2026-01-30,Completed,Boutique,Mobile Money,6.4
O003453,C03719,2025-05-13,Pending,Site web,Carte bancaire,5.25
O003454,C03300,2026-01-23,Returned,Site web,Mobile Money,7.7
O003455,C01768,2026-02-01,Completed,Boutique,Mobile Money,6.95
O003456,C04094,2026-02-12,Completed,Site web,Virement,12.25
O003457,C01618,2026-06-22,Completed,Marketplace,Mobile Money,6.12
O003458,C03465,2025-10-24,Completed,Marketplace,Carte bancaire,7.94
O003459,C00726,2025-02-02,Completed,Site web,Virement,5.6
O003460,C04069,2026-03-25,Completed,Site web,Mobile Money,3.03
O003461,C01274,2025-01-09,Completed,Site web,Carte bancaire,7.27
O003462,C02633,2025-12-18,Completed,Site web,Carte bancaire,1.6
O003463,C01487,2026-03-13,Completed,Site web,Carte bancaire,8.96
O003464,C00964,2025-03-10,Pending,Boutique,Cash,2.05
O003465,C01384,2026-03-13,Cancelled,WhatsApp,Virement,3.34
O003466,C02555,2026-03-21,Completed,Site web,Mobile Money,3.09
O003467,C00470,2025-12-25,Completed,Site web,Carte bancaire,7.86
O003468,C00831,2025-06-27,Completed,Site web,Mobile Money,2.64
O003469,C03864,2025-04-21,Cancelled,WhatsApp,Mobile Money,7.53
O003470,C00359,2026-01-22,Completed,Marketplace,Mobile Money,3.98
O003471,C03035,2025-03-28,Completed,Site web,Mobile Money,5.65
O003472,C01266,2026-01-05,Completed,Boutique,Carte bancaire,4.39
O003473,C01342,2025-04-03,Completed,Site web,Carte bancaire,12.98
O003474,C01524,2025-07-04,Completed,Boutique,Mobile Money,1.5
O003475,C01608,2025-10-05,Pending,Site web,Virement,7.47
O003476,C02978,2025-03-30,Completed,Site web,Virement,5.97
O003477,C03380,2026-03-12,Completed,Site web,Carte bancaire,3.66
O003478,C01525,2026-01-16,Completed,Boutique,Mobile Money,7.18
O003479,C00721,2025-01-09,Completed,Site web,Mobile Money,3.12
O003480,C00014,2026-04-11,Completed,Site web,Mobile Money,2.78
O003481,C03044,2026-01-28,Completed,WhatsApp,Mobile Money,2.56
O003482,C03852,2026-04-05,Completed,WhatsApp,Cash,6.25
O003483,C00144,2025-11-26,Completed,Site web,Mobile Money,4.2
O003484,C02476,2025-12-10,Completed,Site web,Mobile Money,3.4
O003485,C00917,2025-07-30,Completed,Boutique,Carte bancaire,7.03
O003486,C00886,2025-05-05,Completed,Site web,Carte bancaire,9.23
O003487,C03480,2025-05-10,Completed,Site web,Cash,1.74
O003488,C01060,2025-06-23,Completed,Site web,Mobile Money,6.99
O003489,C01276,2025-06-09,Completed,WhatsApp,Virement,7.57
O003490,C00522,2026-02-18,Completed,Marketplace,Mobile Money,9.82
O003491,C03797,2025-10-15,Completed,Boutique,Mobile Money,5.13
O003492,C03808,2025-08-14,Cancelled,Boutique,Carte bancaire,10.63
O003493,C03836,2026-02-02,Completed,WhatsApp,Carte bancaire,7.75
O003494,C00967,2026-02-06,Completed,Site web,Mobile Money,1.5
O003495,C00789,2026-05-28,Completed,Marketplace,Mobile Money,6.9
O003496,C03951,2025-06-19,Completed,Site web,Carte bancaire,5.95
O003497,C02575,2025-05-14,Completed,Boutique,Carte bancaire,8.95
O003498,C01111,2025-01-04,Completed,Site web,Carte bancaire,9.54
O003499,C00197,2025-03-29,Completed,WhatsApp,Mobile Money,3.09
O003500,C03357,2025-11-27,Completed,Marketplace,Carte bancaire,8.72
O003501,C03370,2026-03-20,Completed,Boutique,Cash,5.61
O003502,C00044,2025-11-26,Completed,Boutique,Cash,3.87
O003503,C02009,2026-06-28,Completed,Boutique,Mobile Money,10.35
O003504,C02030,2025-12-10,Completed,Site web,Mobile Money,4.57
O003505,C01950,2026-04-29,Completed,Site web,Carte bancaire,6.1
O003506,C01551,2025-05-27,Completed,WhatsApp,Mobile Money,5.78
O003507,C01380,2025-06-27,Completed,Site web,Virement,7.54
O003508,C01406,2026-03-21,Completed,WhatsApp,Mobile Money,9.96
O003509,C03866,2025-12-29,Completed,Site web,Mobile Money,10.83
O003510,C04168,2025-09-25,Completed,Marketplace,Virement,8.71
O003511,C00470,2026-06-08,Completed,Boutique,Mobile Money,1.5
O003512,C03028,2026-02-22,Completed,Site web,Mobile Money,10.37
O003513,C02409,2025-06-11,Completed,WhatsApp,Virement,7.8
O003514,C01075,2025-12-01,Completed,Boutique,Mobile Money,9.29
O003515,C00782,2025-08-06,Completed,Marketplace,Mobile Money,5.1
O003516,C03161,2025-08-17,Completed,Site web,Mobile Money,5.96
O003517,C01532,2026-03-18,Returned,WhatsApp,Mobile Money,8.85
O003518,C00545,2026-01-08,Completed,Site web,Mobile Money,12.03
O003519,C04071,2025-01-07,Completed,Boutique,Mobile Money,6.58
O003520,C03889,2025-11-12,Completed,Marketplace,Mobile Money,2.26
O003521,C01759,2025-12-21,Cancelled,Site web,Cash,7.79
O003522,C01791,2025-10-07,Completed,Site web,Carte bancaire,5.44
O003523,C01767,2025-06-14,Completed,Site web,Carte bancaire,2.83
O003524,C00801,2025-12-22,Completed,Site web,Carte bancaire,5.6
O003525,C00444,2026-06-04,Completed,Site web,Virement,7.43
O003526,C01146,2025-02-17,Completed,Boutique,Carte bancaire,9.16
O003527,C01625,2025-11-27,Completed,Site web,Cash,4.55
O003528,C00652,2026-05-14,Completed,WhatsApp,Carte bancaire,4.68
O003529,C00150,2025-08-08,Completed,Boutique,Carte bancaire,5.7
O003530,C03909,2025-07-03,Completed,Boutique,Mobile Money,11.27
O003531,C03686,2025-05-16,Pending,Site web,Virement,10.03
O003532,C01285,2025-05-04,Completed,Boutique,Mobile Money,7.69
O003533,C02581,2025-08-03,Completed,WhatsApp,Virement,7.58
O003534,C00600,2026-02-27,Completed,Site web,Virement,5.06
O003535,C03893,2025-04-10,Completed,Site web,Mobile Money,8.32
O003536,C03415,2025-05-07,Completed,Boutique,Mobile Money,3.02
O003537,C00740,2026-07-02,Completed,Site web,Cash,7.44
O003538,C00896,2026-06-30,Completed,Site web,Mobile Money,1.5
O003539,C01398,2025-05-05,Completed,Site web,Carte bancaire,1.5
O003540,C00396,2025-08-19,Completed,Marketplace,Mobile Money,1.5
O003541,C01457,2025-08-10,Cancelled,Boutique,Carte bancaire,11.65
O003542,C02808,2025-06-12,Completed,Boutique,Cash,5.53
O003543,C03050,2025-03-25,Pending,Site web,Carte bancaire,1.94
O003544,C00032,2025-02-04,Completed,Boutique,Mobile Money,13.31
O003545,C01479,2025-12-03,Cancelled,Site web,Carte bancaire,3.67
O003546,C03497,2025-01-23,Pending,Marketplace,Mobile Money,7.58
O003547,C03657,2025-12-07,Completed,WhatsApp,Mobile Money,3.65
O003548,C02364,2025-02-22,Completed,WhatsApp,Carte bancaire,8.38
O003549,C03089,2025-03-26,Completed,Marketplace,Virement,5.96
O003550,C01037,2025-01-03,Completed,Marketplace,Carte bancaire,3.76
O003551,C03647,2025-08-07,Completed,Site web,Carte bancaire,1.99
O003552,C01990,2025-06-29,Completed,Site web,Mobile Money,3.87
O003553,C02906,2025-07-02,Completed,WhatsApp,Mobile Money,2.98
O003554,C01103,2025-06-20,Completed,Site web,Mobile Money,1.5
O003555,C00727,2026-05-30,Completed,Site web,Cash,8.2
O003556,C02238,2025-08-24,Completed,Site web,Carte bancaire,9.35
O003557,C02195,2026-03-20,Completed,WhatsApp,Virement,3.96
O003558,C02401,2025-05-08,Returned,WhatsApp,Mobile Money,1.5
O003559,C03394,2025-09-22,Completed,Site web,Carte bancaire,7.09
O003560,C03242,2025-02-04,Completed,WhatsApp,Mobile Money,6.47
O003561,C01268,2025-05-22,Completed,Site web,Cash,3.0
O003562,C01958,2025-02-08,Completed,Marketplace,Mobile Money,5.82
O003563,C00359,2025-01-12,Completed,Site web,Mobile Money,1.5
O003564,C03304,2025-04-10,Completed,Boutique,Mobile Money,6.02
O003565,C00569,2025-03-29,Pending,Marketplace,Mobile Money,5.54
O003566,C00291,2025-06-23,Completed,WhatsApp,Mobile Money,9.99
O003567,C02186,2026-02-12,Completed,Boutique,Cash,6.76
O003568,C03870,2025-03-23,Completed,Site web,Cash,6.27
O003569,C01581,2025-12-01,Completed,Site web,Carte bancaire,11.89
O003570,C00780,2025-07-20,Completed,Site web,Virement,3.62
O003571,C00775,2025-08-09,Completed,WhatsApp,Mobile Money,1.51
O003572,C03514,2026-05-21,Completed,Marketplace,Virement,8.74
O003573,C02775,2025-09-12,Completed,Site web,Mobile Money,9.14
O003574,C02078,2025-05-24,Completed,WhatsApp,Mobile Money,9.21
O003575,C03896,2025-05-11,Returned,Boutique,Mobile Money,5.3
O003576,C00440,2025-04-03,Completed,Site web,Cash,3.87
O003577,C02589,2026-03-16,Cancelled,WhatsApp,Mobile Money,2.27
O003578,C01512,2025-12-31,Completed,Site web,Mobile Money,3.34
O003579,C00981,2025-05-27,Pending,WhatsApp,Mobile Money,1.5
O003580,C03857,2025-09-27,Completed,Site web,Carte bancaire,4.68
O003581,C04019,2025-10-04,Completed,WhatsApp,Carte bancaire,10.98
O003582,C03506,2025-01-26,Completed,WhatsApp,Carte bancaire,4.37
O003583,C00624,2026-05-13,Completed,Site web,Virement,6.39
O003584,C03034,2026-03-08,Completed,WhatsApp,Carte bancaire,7.64
O003585,C01506,2025-10-21,Completed,WhatsApp,Carte bancaire,4.92
O003586,C01596,2026-01-28,Completed,WhatsApp,Carte bancaire,4.89
O003587,C00814,2025-03-01,Completed,WhatsApp,Cash,9.86
O003588,C02473,2026-06-20,Completed,Site web,Mobile Money,6.56
O003589,C03601,2025-12-17,Completed,Boutique,Mobile Money,9.39
O003590,C00975,2026-05-30,Completed,Site web,Carte bancaire,13.16
O003591,C02258,2026-04-19,Completed,WhatsApp,Carte bancaire,3.39
O003592,C02721,2025-11-17,Completed,Site web,Cash,5.53
O003593,C02649,2025-06-08,Completed,WhatsApp,Mobile Money,5.5
O003594,C01096,2026-01-11,Completed,Boutique,Carte bancaire,4.51
O003595,C00122,2025-10-08,Returned,Boutique,Carte bancaire,4.71
O003596,C03482,2025-08-13,Completed,Site web,Carte bancaire,10.21
O003597,C02506,2026-01-25,Completed,WhatsApp,Mobile Money,6.3
O003598,C02959,2026-05-02,Pending,Site web,Cash,13.47
O003599,C02235,2025-04-04,Returned,Boutique,Mobile Money,4.78
O003600,C01622,2025-10-30,Completed,Marketplace,Mobile Money,10.52
O003601,C01058,2026-03-03,Completed,WhatsApp,Carte bancaire,11.28
O003602,C02770,2025-06-28,Pending,Site web,Mobile Money,5.75
O003603,C03493,2025-07-07,Completed,Site web,Mobile Money,7.34
O003604,C01366,2025-01-06,Completed,Site web,Cash,8.65
O003605,C00102,2025-06-27,Completed,WhatsApp,Carte bancaire,4.33
O003606,C00654,2025-11-18,Completed,Marketplace,Cash,10.99
O003607,C02433,2026-06-17,Pending,WhatsApp,Mobile Money,3.57
O003608,C00988,2025-10-15,Completed,Marketplace,Mobile Money,4.44
O003609,C03420,2025-06-09,Completed,Site web,Mobile Money,4.47
O003610,C01142,2026-03-21,Cancelled,Site web,Mobile Money,6.68
O003611,C02075,2025-04-13,Completed,WhatsApp,Mobile Money,6.98
O003612,C00952,2025-04-13,Completed,Site web,Cash,4.09
O003613,C01910,2025-10-13,Completed,Site web,Mobile Money,5.66
O003614,C02850,2026-03-23,Completed,Site web,Carte bancaire,2.66
O003615,C03343,2025-04-27,Completed,WhatsApp,Carte bancaire,9.49
O003616,C03107,2025-01-09,Completed,Site web,Mobile Money,8.08
O003617,C02131,2026-02-01,Pending,Marketplace,Mobile Money,4.96
O003618,C01920,2025-11-18,Completed,Boutique,Carte bancaire,5.42
O003619,C01368,2026-01-11,Cancelled,Boutique,Mobile Money,4.01
O003620,C04149,2025-08-06,Completed,Site web,Carte bancaire,3.21
O003621,C03081,2025-03-06,Returned,Site web,Carte bancaire,2.76
O003622,C03743,2025-07-01,Completed,WhatsApp,Mobile Money,3.22
O003623,C03107,2025-09-15,Completed,Site web,Mobile Money,8.88
O003624,C00366,2025-08-26,Completed,Site web,Carte bancaire,9.11
O003625,C01114,2026-05-03,Completed,Site web,Mobile Money,1.89
O003626,C01934,2025-05-03,Cancelled,WhatsApp,Carte bancaire,8.1
O003627,C01322,2025-06-20,Cancelled,WhatsApp,Mobile Money,2.34
O003628,C03816,2025-04-11,Completed,WhatsApp,Virement,8.29
O003629,C02066,2025-11-09,Completed,Boutique,Carte bancaire,6.25
O003630,C00926,2026-03-18,Completed,Site web,Cash,4.44
O003631,C02512,2026-04-29,Completed,Site web,Virement,7.34
O003632,C01590,2025-05-05,Returned,Site web,Carte bancaire,10.05
O003633,C00538,2025-08-24,Completed,Boutique,Carte bancaire,1.5
O003634,C03978,2026-02-08,Pending,Site web,Mobile Money,9.41
O003635,C03972,2025-01-26,Cancelled,Marketplace,Mobile Money,3.61
O003636,C03260,2026-01-25,Completed,Site web,Carte bancaire,10.27
O003637,C01320,2025-03-15,Completed,Site web,Carte bancaire,8.6
O003638,C03496,2025-01-19,Completed,WhatsApp,Cash,2.64
O003639,C01211,2025-03-03,Pending,Site web,Carte bancaire,4.25
O003640,C03694,2026-04-28,Completed,Site web,Mobile Money,7.44
O003641,C03714,2026-01-09,Completed,Site web,Mobile Money,8.84
O003642,C00719,2026-03-09,Completed,WhatsApp,Mobile Money,7.43
O003643,C01323,2026-01-14,Completed,Site web,Cash,7.17
O003644,C02937,2026-03-13,Completed,Site web,Mobile Money,4.08
O003645,C00984,2025-09-30,Returned,Site web,Virement,6.1
O003646,C03372,2026-03-20,Completed,Boutique,Mobile Money,5.78
O003647,C02852,2025-02-01,Completed,Boutique,Cash,1.5
O003648,C00952,2025-11-16,Completed,Site web,Carte bancaire,7.01
O003649,C03259,2026-02-18,Pending,Marketplace,Virement,4.9
O003650,C00183,2026-06-29,Completed,Site web,Carte bancaire,10.13
O003651,C01613,2025-07-16,Completed,Boutique,Mobile Money,9.51
O003652,C00750,2025-04-09,Completed,Marketplace,Carte bancaire,6.55
O003653,C00001,2026-01-30,Completed,WhatsApp,Mobile Money,9.31
O003654,C03114,2025-02-09,Completed,Site web,Mobile Money,7.85
O003655,C00642,2026-03-02,Completed,Marketplace,Mobile Money,5.93
O003656,C02917,2026-01-21,Pending,Site web,Mobile Money,1.75
O003657,C00317,2026-01-14,Completed,Site web,Carte bancaire,5.52
O003658,C03746,2025-06-11,Completed,Marketplace,Carte bancaire,5.0
O003659,C04107,2025-03-07,Completed,Site web,Cash,5.67
O003660,C01332,2025-11-30,Completed,WhatsApp,Carte bancaire,5.31
O003661,C02043,2025-07-18,Completed,WhatsApp,Virement,9.31
O003662,C02612,2025-08-03,Completed,Marketplace,Carte bancaire,9.64
O003663,C02478,2025-04-13,Completed,WhatsApp,Mobile Money,4.54
O003664,C00113,2025-07-02,Completed,Marketplace,Mobile Money,2.03
O003665,C04113,2026-04-01,Completed,Site web,Virement,3.09
O003666,C03928,2026-05-05,Completed,WhatsApp,Mobile Money,9.73
O003667,C02045,2025-07-11,Completed,WhatsApp,Mobile Money,8.87
O003668,C02329,2025-03-19,Completed,Site web,Carte bancaire,2.58
O003669,C00714,2025-01-19,Completed,Site web,Mobile Money,1.6
O003670,C03144,2025-04-14,Completed,Site web,Mobile Money,4.23
O003671,C02162,2025-01-06,Completed,Site web,Mobile Money,11.39
O003672,C01193,2026-01-01,Cancelled,Boutique,Mobile Money,7.26
O003673,C01290,2025-12-19,Completed,Site web,Mobile Money,5.29
O003674,C00345,2026-03-05,Pending,Boutique,Mobile Money,5.62
O003675,C03314,2025-07-02,Completed,Marketplace,Cash,1.5
O003676,C00264,2026-04-02,Completed,Boutique,Virement,5.12
O003677,C02367,2025-04-03,Completed,Boutique,Mobile Money,9.72
O003678,C03422,2025-05-07,Completed,WhatsApp,Mobile Money,4.82
O003679,C00220,2026-05-17,Pending,Marketplace,Cash,5.27
O003680,C00639,2026-04-29,Completed,Boutique,Carte bancaire,6.99
O003681,C03203,2025-11-25,Completed,Site web,Carte bancaire,2.63
O003682,C03461,2025-12-01,Completed,Boutique,Carte bancaire,7.0
O003683,C00342,2026-01-19,Completed,WhatsApp,Mobile Money,3.52
O003684,C01115,2026-03-28,Completed,Boutique,Mobile Money,4.5
O003685,C02547,2025-05-07,Returned,Site web,Mobile Money,4.87
O003686,C02274,2025-02-07,Completed,WhatsApp,Mobile Money,4.87
O003687,C02171,2025-04-12,Completed,Marketplace,Cash,6.31
O003688,C01101,2025-07-15,Completed,Marketplace,Mobile Money,5.78
O003689,C02264,2025-05-10,Completed,Site web,Mobile Money,5.45
O003690,C00211,2025-10-15,Returned,WhatsApp,Cash,6.37
O003691,C03666,2025-03-17,Completed,Site web,Virement,3.28
O003692,C02278,2025-11-13,Pending,Boutique,Mobile Money,1.5
O003693,C01566,2026-01-25,Completed,Site web,Mobile Money,5.97
O003694,C01542,2025-02-24,Completed,Marketplace,Carte bancaire,3.94
O003695,C01554,2025-06-07,Completed,WhatsApp,Mobile Money,7.36
O003696,C01828,2025-10-23,Pending,Site web,Virement,4.34
O003697,C00810,2025-02-06,Completed,Site web,Mobile Money,1.5
O003698,C02527,2025-12-31,Completed,WhatsApp,Mobile Money,5.64
O003699,C00772,2026-02-17,Completed,WhatsApp,Carte bancaire,9.15
O003700,C01318,2025-07-18,Completed,Boutique,Carte bancaire,6.94
O003701,C03658,2025-01-05,Pending,WhatsApp,Cash,1.74
O003702,C02368,2025-10-02,Cancelled,WhatsApp,Carte bancaire,4.12
O003703,C03793,2026-04-22,Completed,Site web,Mobile Money,4.51
O003704,C02763,2025-06-10,Completed,Site web,Carte bancaire,5.45
O003705,C03291,2026-04-11,Completed,Site web,Mobile Money,4.24
O003706,C00377,2026-04-23,Completed,Site web,Mobile Money,1.5
O003707,C02119,2025-06-03,Completed,Boutique,Mobile Money,5.59
O003708,C01471,2025-11-25,Completed,Site web,Mobile Money,10.3
O003709,C00072,2025-01-24,Completed,WhatsApp,Mobile Money,4.04
O003710,C00378,2025-10-30,Pending,Site web,Virement,2.27
O003711,C00798,2026-04-27,Completed,Site web,Mobile Money,10.27
O003712,C00030,2026-06-02,Pending,Site web,Carte bancaire,11.76
O003713,C01837,2025-04-20,Completed,Site web,Mobile Money,4.78
O003714,C00216,2025-12-31,Cancelled,Site web,Carte bancaire,6.71
O003715,C03463,2025-02-06,Returned,Marketplace,Carte bancaire,6.66
O003716,C02488,2025-06-03,Completed,Site web,Mobile Money,8.67
O003717,C04045,2026-04-03,Completed,WhatsApp,Virement,2.65
O003718,C00355,2025-12-18,Completed,Marketplace,Carte bancaire,5.91
O003719,C00336,2025-08-03,Pending,Site web,Cash,2.73
O003720,C03648,2026-06-11,Completed,WhatsApp,Cash,7.04
O003721,C01647,2026-02-20,Completed,Boutique,Mobile Money,10.54
O003722,C03190,2025-01-13,Cancelled,Site web,Virement,7.0
O003723,C00798,2025-02-13,Completed,Site web,Carte bancaire,3.45
O003724,C00038,2025-12-10,Completed,Boutique,Mobile Money,8.99
O003725,C02091,2026-04-26,Completed,Site web,Virement,4.17
O003726,C02408,2025-03-27,Completed,Site web,Mobile Money,7.42
O003727,C00468,2025-10-22,Completed,Site web,Carte bancaire,3.67
O003728,C00044,2026-03-24,Completed,Site web,Mobile Money,2.01
O003729,C00891,2026-04-18,Completed,Boutique,Virement,3.72
O003730,C00459,2025-12-18,Completed,Marketplace,Cash,1.5
O003731,C04185,2026-07-02,Pending,Marketplace,Mobile Money,2.75
O003732,C04151,2026-05-29,Completed,Site web,Carte bancaire,12.42
O003733,C00067,2026-04-03,Completed,Marketplace,Mobile Money,1.5
O003734,C01920,2026-01-02,Completed,WhatsApp,Virement,1.5
O003735,C01615,2026-06-25,Completed,WhatsApp,Mobile Money,11.22
O003736,C00115,2025-01-10,Completed,Boutique,Mobile Money,3.12
O003737,C02800,2025-02-19,Completed,Boutique,Carte bancaire,4.79
O003738,C03572,2025-10-07,Completed,Site web,Carte bancaire,5.95
O003739,C02568,2026-01-03,Completed,WhatsApp,Mobile Money,1.5
O003740,C03853,2026-05-11,Completed,WhatsApp,Carte bancaire,9.13
O003741,C02678,2026-01-07,Completed,Site web,Virement,5.64
O003742,C02304,2025-05-08,Cancelled,Site web,Mobile Money,4.1
O003743,C03982,2026-05-13,Completed,WhatsApp,Mobile Money,8.83
O003744,C02965,2025-02-15,Completed,WhatsApp,Carte bancaire,2.01
O003745,C03212,2025-02-22,Cancelled,Boutique,Carte bancaire,6.12
O003746,C03277,2026-01-30,Completed,Boutique,Carte bancaire,2.96
O003747,C00134,2026-06-12,Pending,WhatsApp,Carte bancaire,2.23
O003748,C03086,2025-10-03,Completed,Site web,Carte bancaire,12.01
O003749,C03144,2025-03-15,Completed,WhatsApp,Mobile Money,6.38
O003750,C02077,2025-01-27,Pending,Site web,Mobile Money,8.84
O003751,C02371,2026-06-21,Completed,Boutique,Carte bancaire,4.44
O003752,C03498,2025-06-03,Completed,Site web,Mobile Money,2.91
O003753,C00596,2025-12-17,Completed,Marketplace,Cash,1.5
O003754,C02215,2025-06-29,Completed,Site web,Cash,5.05
O003755,C03237,2025-04-28,Completed,Boutique,Mobile Money,1.5
O003756,C01090,2026-01-01,Completed,Site web,Mobile Money,6.28
O003757,C01108,2026-02-10,Completed,Site web,Mobile Money,2.12
O003758,C00018,2025-09-16,Completed,WhatsApp,Mobile Money,7.4
O003759,C01312,2025-10-06,Returned,Site web,Cash,12.18
O003760,C01507,2025-09-24,Returned,Site web,Mobile Money,14.48
O003761,C04001,2025-11-21,Completed,Site web,Mobile Money,6.96
O003762,C00347,2026-03-19,Pending,Site web,Carte bancaire,5.97
O003763,C02715,2026-01-25,Pending,Site web,Carte bancaire,3.9
O003764,C00266,2025-06-02,Completed,Site web,Carte bancaire,3.66
O003765,C03358,2025-05-16,Completed,Site web,Carte bancaire,3.24
O003766,C01971,2026-01-04,Completed,Site web,Virement,10.45
O003767,C01789,2025-12-20,Completed,Site web,Carte bancaire,4.82
O003768,C03964,2025-07-21,Pending,WhatsApp,Mobile Money,12.48
O003769,C03146,2026-04-05,Completed,WhatsApp,Carte bancaire,3.21
O003770,C00444,2025-08-18,Completed,Site web,Carte bancaire,5.58
O003771,C01119,2025-07-04,Pending,WhatsApp,Mobile Money,2.2
O003772,C01150,2025-11-01,Completed,Site web,Virement,7.6
O003773,C02561,2025-04-16,Returned,Site web,Carte bancaire,5.39
O003774,C03487,2026-01-17,Returned,WhatsApp,Mobile Money,5.9
O003775,C02679,2026-05-07,Completed,WhatsApp,Cash,5.07
O003776,C01688,2026-06-02,Completed,Site web,Carte bancaire,7.67
O003777,C03136,2025-09-02,Completed,Site web,Cash,8.01
O003778,C03187,2025-05-28,Completed,Site web,Carte bancaire,8.49
O003779,C00339,2025-09-20,Pending,Site web,Carte bancaire,3.18
O003780,C02278,2025-02-26,Completed,Boutique,Mobile Money,6.96
O003781,C02986,2026-01-01,Completed,Boutique,Mobile Money,4.51
O003782,C02537,2025-08-23,Completed,Site web,Carte bancaire,9.99
O003783,C01029,2025-03-08,Completed,Boutique,Virement,6.74
O003784,C00677,2025-10-27,Completed,Marketplace,Cash,6.9
O003785,C01222,2026-01-29,Completed,Marketplace,Mobile Money,5.17
O003786,C01480,2025-05-05,Completed,Site web,Carte bancaire,3.56
O003787,C03871,2025-08-10,Pending,Marketplace,Mobile Money,6.22
O003788,C02612,2026-05-03,Completed,Site web,Carte bancaire,9.67
O003789,C03511,2026-01-25,Completed,Site web,Mobile Money,3.69
O003790,C00113,2026-03-14,Completed,Site web,Carte bancaire,9.96
O003791,C03293,2025-09-04,Completed,Site web,Carte bancaire,7.71
O003792,C00791,2025-09-28,Completed,Site web,Virement,1.5
O003793,C02377,2025-09-30,Completed,Site web,Carte bancaire,3.25
O003794,C01624,2025-09-04,Completed,WhatsApp,Mobile Money,12.87
O003795,C03628,2025-03-21,Completed,WhatsApp,Carte bancaire,5.64
O003796,C02834,2025-01-23,Returned,WhatsApp,Carte bancaire,3.29
O003797,C01934,2026-04-02,Pending,WhatsApp,Mobile Money,3.38
O003798,C02141,2025-10-22,Completed,Site web,Mobile Money,5.59
O003799,C02969,2025-10-19,Completed,WhatsApp,Cash,8.75
O003800,C03019,2025-11-23,Completed,WhatsApp,Mobile Money,4.99
O003801,C02408,2025-08-15,Completed,Site web,Mobile Money,3.67
O003802,C03053,2026-05-04,Completed,Marketplace,Carte bancaire,1.5
O003803,C03315,2025-09-15,Completed,WhatsApp,Mobile Money,3.27
O003804,C00131,2025-10-02,Completed,WhatsApp,Carte bancaire,3.91
O003805,C01542,2025-10-19,Completed,WhatsApp,Mobile Money,6.96
O003806,C03788,2025-03-28,Completed,Boutique,Mobile Money,7.22
O003807,C01349,2025-04-06,Completed,WhatsApp,Mobile Money,10.32
O003808,C03462,2025-04-09,Completed,Boutique,Carte bancaire,2.43
O003809,C02307,2025-05-20,Completed,Site web,Mobile Money,6.4
O003810,C01139,2025-03-29,Completed,Site web,Mobile Money,6.48
O003811,C01471,2025-05-03,Completed,Site web,Carte bancaire,3.0
O003812,C02036,2026-05-30,Returned,Marketplace,Carte bancaire,8.74
O003813,C00525,2025-07-17,Completed,Site web,Mobile Money,11.11
O003814,C01295,2026-03-11,Completed,Site web,Carte bancaire,6.07
O003815,C02861,2025-08-04,Completed,Site web,Mobile Money,4.57
O003816,C03808,2026-03-28,Completed,WhatsApp,Mobile Money,10.48
O003817,C03992,2026-02-17,Pending,Marketplace,Mobile Money,7.31
O003818,C01608,2026-04-06,Completed,WhatsApp,Carte bancaire,2.35
O003819,C03336,2025-06-08,Pending,Site web,Cash,5.42
O003820,C01664,2025-02-22,Completed,Boutique,Mobile Money,4.91
O003821,C03389,2025-06-18,Completed,Marketplace,Mobile Money,3.46
O003822,C03831,2026-01-20,Completed,Boutique,Cash,3.6
O003823,C01872,2025-12-25,Completed,WhatsApp,Carte bancaire,3.99
O003824,C02523,2026-01-21,Completed,WhatsApp,Virement,8.43
O003825,C03642,2026-06-29,Completed,Boutique,Carte bancaire,5.12
O003826,C00580,2025-05-04,Completed,Boutique,Virement,6.26
O003827,C01037,2025-09-01,Completed,WhatsApp,Virement,8.9
O003828,C02630,2025-09-26,Completed,WhatsApp,Mobile Money,5.1
O003829,C00753,2025-03-23,Completed,Site web,Virement,2.39
O003830,C03337,2025-12-30,Pending,Site web,Mobile Money,8.83
O003831,C01119,2025-01-27,Completed,Site web,Carte bancaire,4.86
O003832,C01419,2026-05-07,Completed,Boutique,Mobile Money,11.34
O003833,C03405,2025-02-18,Completed,Marketplace,Carte bancaire,9.03
O003834,C02214,2025-03-02,Completed,Site web,Mobile Money,7.59
O003835,C03322,2025-04-06,Completed,Site web,Mobile Money,6.68
O003836,C02633,2026-05-04,Completed,Boutique,Mobile Money,9.37
O003837,C02160,2026-04-18,Completed,Site web,Mobile Money,6.75
O003838,C02144,2026-05-21,Completed,Site web,Mobile Money,1.5
O003839,C03372,2026-04-02,Completed,Boutique,Mobile Money,5.69
O003840,C04197,2026-05-22,Completed,Site web,Virement,7.71
O003841,C00103,2025-09-16,Completed,WhatsApp,Virement,2.99
O003842,C02129,2025-01-03,Completed,WhatsApp,Carte bancaire,13.78
O003843,C03290,2025-08-29,Completed,Boutique,Carte bancaire,5.56
O003844,C02703,2025-05-02,Completed,Site web,Mobile Money,7.69
O003845,C02033,2025-05-15,Completed,Site web,Carte bancaire,9.52
O003846,C03334,2026-01-14,Completed,Site web,Carte bancaire,7.81
O003847,C01967,2025-04-02,Completed,WhatsApp,Mobile Money,5.68
O003848,C00574,2025-06-26,Completed,Site web,Carte bancaire,7.2
O003849,C01144,2025-08-04,Completed,WhatsApp,Cash,5.42
O003850,C00185,2025-02-03,Completed,WhatsApp,Mobile Money,5.72
O003851,C02949,2026-01-20,Completed,Boutique,Mobile Money,2.56
O003852,C04087,2026-02-23,Completed,Boutique,Virement,5.22
O003853,C01594,2025-11-03,Completed,Site web,Mobile Money,2.39
O003854,C03076,2025-01-16,Completed,Site web,Mobile Money,5.99
O003855,C04127,2026-03-08,Cancelled,Site web,Mobile Money,4.78
O003856,C01652,2025-09-02,Pending,Boutique,Mobile Money,7.51
O003857,C03706,2025-05-26,Completed,WhatsApp,Carte bancaire,1.51
O003858,C00075,2026-06-04,Completed,Site web,Cash,3.22
O003859,C02847,2026-04-16,Pending,Boutique,Carte bancaire,3.24
O003860,C00699,2025-08-30,Completed,Site web,Virement,5.96
O003861,C03283,2025-08-31,Completed,WhatsApp,Mobile Money,5.26
O003862,C00041,2026-05-15,Completed,Site web,Mobile Money,9.29
O003863,C03498,2025-04-15,Completed,Site web,Mobile Money,6.13
O003864,C01666,2025-08-13,Completed,Boutique,Mobile Money,6.0
O003865,C00996,2025-11-09,Completed,Boutique,Carte bancaire,2.83
O003866,C02331,2025-07-09,Completed,WhatsApp,Cash,5.13
O003867,C04157,2025-06-22,Completed,Boutique,Mobile Money,2.0
O003868,C00675,2025-02-28,Completed,Site web,Cash,7.48
O003869,C01303,2025-05-27,Completed,Site web,Carte bancaire,8.49
O003870,C02688,2025-07-16,Completed,WhatsApp,Mobile Money,1.5
O003871,C00394,2026-04-04,Completed,Site web,Carte bancaire,6.13
O003872,C04008,2025-07-04,Completed,Boutique,Carte bancaire,5.69
O003873,C02200,2025-03-30,Returned,WhatsApp,Carte bancaire,9.61
O003874,C04160,2026-04-09,Completed,Site web,Carte bancaire,3.0
O003875,C01744,2025-07-12,Completed,Site web,Carte bancaire,3.72
O003876,C03500,2026-05-20,Completed,Boutique,Carte bancaire,6.79
O003877,C01390,2025-03-01,Completed,Site web,Carte bancaire,4.54
O003878,C01865,2025-01-13,Completed,Boutique,Mobile Money,4.69
O003879,C01457,2026-05-21,Completed,Site web,Cash,4.64
O003880,C02300,2025-02-23,Returned,Site web,Mobile Money,7.57
O003881,C00939,2025-01-05,Completed,Boutique,Carte bancaire,9.41
O003882,C02114,2025-12-19,Completed,Site web,Virement,5.75
O003883,C03528,2025-06-23,Pending,Site web,Mobile Money,5.19
O003884,C00654,2025-09-23,Completed,Site web,Carte bancaire,7.99
O003885,C03331,2025-08-12,Completed,Site web,Mobile Money,6.62
O003886,C03589,2025-06-12,Completed,WhatsApp,Mobile Money,6.48
O003887,C00147,2025-09-21,Completed,Boutique,Carte bancaire,9.4
O003888,C02839,2025-05-23,Completed,Site web,Cash,2.8
O003889,C02038,2025-05-04,Completed,Boutique,Mobile Money,5.21
O003890,C02680,2025-05-04,Completed,Site web,Virement,3.06
O003891,C01238,2025-03-06,Completed,Boutique,Carte bancaire,4.39
O003892,C00926,2025-10-15,Completed,Boutique,Virement,2.18
O003893,C01206,2025-10-28,Completed,Marketplace,Virement,4.87
O003894,C00644,2025-01-10,Returned,Boutique,Carte bancaire,7.11
O003895,C01704,2025-09-09,Completed,Boutique,Mobile Money,1.5
O003896,C03667,2026-02-09,Completed,Marketplace,Carte bancaire,5.02
O003897,C03271,2025-01-01,Completed,Boutique,Carte bancaire,5.73
O003898,C00754,2025-06-14,Completed,Boutique,Virement,5.17
O003899,C02345,2026-06-11,Completed,Site web,Carte bancaire,1.5
O003900,C00310,2025-08-22,Completed,Boutique,Virement,8.87
O003901,C00250,2025-01-10,Completed,WhatsApp,Mobile Money,8.83
O003902,C02628,2025-10-16,Completed,Marketplace,Virement,9.43
O003903,C01271,2025-08-14,Completed,Boutique,Carte bancaire,4.32
O003904,C02959,2025-04-26,Completed,Site web,Mobile Money,6.52
O003905,C00655,2025-02-10,Completed,Site web,Carte bancaire,3.81
O003906,C00503,2026-04-30,Cancelled,Site web,Virement,2.78
O003907,C03004,2026-03-22,Cancelled,WhatsApp,Carte bancaire,2.63
O003908,C00869,2026-01-09,Completed,WhatsApp,Carte bancaire,6.6
O003909,C00245,2025-01-10,Pending,Site web,Virement,8.51
O003910,C03313,2026-04-22,Completed,Site web,Cash,9.86
O003911,C02963,2025-09-17,Completed,Site web,Mobile Money,5.85
O003912,C03905,2025-09-18,Cancelled,Boutique,Mobile Money,3.95
O003913,C02516,2026-04-26,Pending,Site web,Cash,5.71
O003914,C02002,2025-08-25,Completed,Site web,Mobile Money,8.91
O003915,C02816,2025-05-10,Completed,WhatsApp,Virement,10.87
O003916,C03327,2025-05-10,Completed,Site web,Carte bancaire,9.53
O003917,C02643,2026-05-23,Cancelled,WhatsApp,Mobile Money,9.24
O003918,C01342,2025-10-26,Returned,Boutique,Carte bancaire,10.08
O003919,C03738,2025-11-14,Completed,Site web,Virement,6.22
O003920,C02954,2025-11-22,Completed,Boutique,Mobile Money,6.85
O003921,C03685,2025-05-01,Completed,WhatsApp,Mobile Money,9.18
O003922,C02341,2025-08-19,Completed,Site web,Virement,7.54
O003923,C01890,2026-06-06,Completed,Site web,Carte bancaire,8.6
O003924,C03542,2025-03-21,Returned,Site web,Mobile Money,4.18
O003925,C02569,2026-06-06,Completed,Site web,Mobile Money,10.2
O003926,C03259,2025-05-30,Completed,Site web,Carte bancaire,4.5
O003927,C03738,2025-06-12,Completed,Marketplace,Carte bancaire,9.34
O003928,C01194,2025-01-08,Completed,Site web,Virement,5.73
O003929,C00811,2025-12-30,Completed,Marketplace,Virement,4.4
O003930,C00628,2025-06-24,Completed,WhatsApp,Carte bancaire,1.5
O003931,C02520,2025-09-09,Completed,WhatsApp,Carte bancaire,5.35
O003932,C03393,2025-11-15,Completed,WhatsApp,Carte bancaire,2.26
O003933,C04101,2025-12-14,Cancelled,Boutique,Carte bancaire,3.23
O003934,C00138,2026-06-08,Completed,Marketplace,Cash,7.53
O003935,C00007,2025-11-01,Returned,Site web,Mobile Money,1.5
O003936,C02852,2025-04-08,Completed,Site web,Carte bancaire,9.69
O003937,C01133,2026-01-21,Completed,Site web,Mobile Money,13.56
O003938,C01999,2025-01-31,Completed,Site web,Carte bancaire,4.55
O003939,C00331,2026-04-08,Completed,Site web,Carte bancaire,9.61
O003940,C00317,2025-06-12,Completed,Boutique,Mobile Money,1.81
O003941,C02219,2026-01-31,Cancelled,Site web,Virement,7.2
O003942,C02892,2025-03-27,Completed,Boutique,Carte bancaire,7.07
O003943,C03723,2025-08-11,Completed,Boutique,Cash,15.23
O003944,C02029,2026-01-17,Completed,Site web,Virement,4.88
O003945,C02712,2025-12-07,Completed,Site web,Virement,7.39
O003946,C03613,2025-01-04,Pending,WhatsApp,Mobile Money,5.45
O003947,C01814,2025-01-19,Completed,Site web,Cash,4.89
O003948,C00877,2026-06-22,Completed,Site web,Virement,5.59
O003949,C03467,2025-10-17,Completed,Site web,Virement,5.43
O003950,C00010,2026-04-14,Completed,Site web,Virement,4.1
O003951,C01160,2025-02-09,Completed,WhatsApp,Virement,6.8
O003952,C00549,2025-09-26,Completed,Site web,Carte bancaire,3.31
O003953,C02703,2025-11-12,Completed,Site web,Mobile Money,4.8
O003954,C01133,2026-05-20,Pending,Boutique,Carte bancaire,11.76
O003955,C01447,2026-01-25,Completed,WhatsApp,Mobile Money,5.65
O003956,C02740,2025-12-11,Returned,Site web,Mobile Money,8.66
O003957,C01245,2025-06-10,Completed,Site web,Mobile Money,5.77
O003958,C01524,2026-06-29,Completed,Site web,Carte bancaire,8.31
O003959,C02097,2025-06-29,Completed,WhatsApp,Virement,5.48
O003960,C00497,2025-06-02,Completed,Site web,Virement,1.5
O003961,C03928,2026-02-01,Completed,Boutique,Virement,5.91
O003962,C04123,2026-07-01,Completed,Site web,Mobile Money,3.0
O003963,C02995,2026-04-15,Cancelled,Boutique,Virement,5.1
O003964,C00455,2025-04-09,Completed,Site web,Cash,8.06
O003965,C01985,2026-03-23,Completed,Site web,Virement,11.45
O003966,C01492,2025-07-13,Completed,Boutique,Mobile Money,1.77
O003967,C00699,2025-05-02,Completed,Boutique,Cash,5.28
O003968,C03682,2026-05-28,Completed,WhatsApp,Carte bancaire,6.05
O003969,C01744,2026-06-05,Completed,Site web,Carte bancaire,6.15
O003970,C02741,2025-07-23,Pending,WhatsApp,Mobile Money,6.17
O003971,C02903,2025-01-15,Completed,Boutique,Virement,7.69
O003972,C01344,2025-04-25,Completed,Site web,Virement,4.69
O003973,C01465,2025-10-24,Completed,Site web,Virement,5.4
O003974,C04076,2025-02-02,Completed,WhatsApp,Mobile Money,7.18
O003975,C03464,2025-05-05,Completed,Boutique,Mobile Money,3.9
O003976,C02105,2025-03-23,Completed,WhatsApp,Cash,4.23
O003977,C02241,2026-06-06,Completed,Site web,Virement,5.8
O003978,C00035,2025-07-14,Completed,Marketplace,Virement,4.23
O003979,C00858,2025-07-28,Completed,Marketplace,Virement,3.07
O003980,C00026,2025-08-19,Completed,WhatsApp,Mobile Money,2.72
O003981,C03385,2025-01-08,Completed,Site web,Carte bancaire,5.87
O003982,C03953,2025-10-25,Completed,Site web,Mobile Money,10.11
O003983,C00682,2026-05-16,Completed,WhatsApp,Mobile Money,7.18
O003984,C01181,2026-03-22,Completed,Boutique,Mobile Money,3.14
O003985,C01480,2025-05-18,Completed,WhatsApp,Carte bancaire,10.64
O003986,C03411,2025-01-08,Returned,Site web,Carte bancaire,4.5
O003987,C01711,2026-02-28,Completed,Marketplace,Virement,10.76
O003988,C00183,2026-04-06,Completed,Site web,Mobile Money,5.78
O003989,C02461,2026-05-21,Returned,Marketplace,Virement,6.8
O003990,C00618,2025-11-13,Completed,WhatsApp,Mobile Money,4.9
O003991,C02710,2025-09-17,Completed,WhatsApp,Cash,5.1
O003992,C03599,2026-02-19,Completed,Site web,Carte bancaire,10.15
O003993,C00285,2026-01-14,Completed,Site web,Mobile Money,5.46
O003994,C04176,2026-02-19,Returned,Marketplace,Virement,8.83
O003995,C02786,2025-06-05,Returned,Boutique,Mobile Money,6.14
O003996,C00219,2026-05-10,Completed,WhatsApp,Carte bancaire,5.65
O003997,C00925,2025-01-21,Pending,WhatsApp,Virement,7.87
O003998,C00705,2025-02-21,Pending,Site web,Carte bancaire,5.65
O003999,C03712,2025-12-25,Completed,Boutique,Carte bancaire,3.64
O004000,C03037,2025-11-10,Pending,Site web,Carte bancaire,3.72
O004001,C01567,2025-10-31,Completed,Site web,Mobile Money,7.74
O004002,C02224,2026-05-14,Returned,Site web,Carte bancaire,1.5
O004003,C01464,2026-04-23,Pending,WhatsApp,Cash,7.13
O004004,C01706,2026-01-30,Completed,Site web,Mobile Money,1.69
O004005,C02681,2025-04-01,Completed,Marketplace,Mobile Money,6.52
O004006,C00817,2025-02-22,Cancelled,Boutique,Mobile Money,10.02
O004007,C03191,2025-03-18,Completed,Marketplace,Carte bancaire,3.35
O004008,C03971,2025-12-03,Completed,WhatsApp,Cash,7.57
O004009,C04091,2026-01-26,Completed,Site web,Virement,9.37
O004010,C00724,2026-03-15,Completed,Marketplace,Virement,4.27
O004011,C01730,2025-02-26,Completed,Site web,Mobile Money,4.06
O004012,C01115,2025-05-31,Completed,Marketplace,Carte bancaire,7.13
O004013,C02667,2025-07-05,Returned,Site web,Mobile Money,9.75
O004014,C01363,2025-12-13,Completed,Boutique,Mobile Money,12.85
O004015,C01658,2025-01-26,Pending,Boutique,Carte bancaire,3.78
O004016,C00583,2026-04-06,Completed,WhatsApp,Carte bancaire,7.94
O004017,C02352,2025-02-14,Completed,Boutique,Virement,4.56
O004018,C02253,2025-10-15,Completed,Site web,Virement,2.61
O004019,C02317,2026-05-27,Completed,Site web,Carte bancaire,5.3
O004020,C01434,2025-04-17,Pending,Site web,Carte bancaire,5.31
O004021,C03175,2026-01-12,Completed,Marketplace,Virement,6.26
O004022,C02553,2025-10-29,Returned,WhatsApp,Mobile Money,7.26
O004023,C00742,2026-03-26,Cancelled,Site web,Mobile Money,6.7
O004024,C01546,2025-11-19,Completed,Site web,Cash,9.65
O004025,C02775,2026-04-10,Returned,Boutique,Virement,11.63
O004026,C00489,2025-08-09,Pending,Marketplace,Cash,6.05
O004027,C01480,2025-03-31,Completed,Marketplace,Virement,4.52
O004028,C03665,2026-01-08,Completed,Site web,Virement,5.4
O004029,C01856,2026-06-15,Completed,Boutique,Mobile Money,5.31
O004030,C02141,2025-08-26,Completed,Site web,Carte bancaire,4.23
O004031,C02863,2026-03-26,Completed,Boutique,Mobile Money,1.5
O004032,C01352,2026-04-26,Completed,Boutique,Mobile Money,1.96
O004033,C03472,2025-12-20,Completed,Site web,Virement,8.05
O004034,C00069,2026-03-10,Completed,WhatsApp,Mobile Money,8.25
O004035,C01986,2025-11-05,Completed,Site web,Mobile Money,6.98
O004036,C02511,2026-03-18,Completed,Site web,Mobile Money,5.27
O004037,C01004,2025-07-04,Pending,Site web,Virement,4.48
O004038,C03287,2025-10-16,Completed,Site web,Carte bancaire,1.88
O004039,C00334,2025-02-12,Completed,Site web,Mobile Money,4.05
O004040,C02731,2025-04-18,Completed,Site web,Carte bancaire,3.8
O004041,C02661,2025-11-14,Returned,WhatsApp,Mobile Money,1.76
O004042,C03309,2026-02-01,Returned,WhatsApp,Mobile Money,6.65
O004043,C00870,2025-01-17,Cancelled,Marketplace,Mobile Money,3.78
O004044,C00651,2025-02-07,Completed,Site web,Virement,6.12
O004045,C02439,2025-01-04,Completed,WhatsApp,Mobile Money,1.56
O004046,C04082,2025-10-11,Completed,Marketplace,Mobile Money,7.76
O004047,C03297,2025-07-03,Completed,WhatsApp,Mobile Money,7.29
O004048,C00888,2025-01-30,Completed,Boutique,Virement,4.46
O004049,C01714,2026-03-11,Completed,Marketplace,Mobile Money,10.12
O004050,C01121,2025-10-17,Completed,Boutique,Carte bancaire,5.76
O004051,C03276,2025-01-06,Completed,Site web,Mobile Money,6.41
O004052,C02152,2026-01-11,Completed,Site web,Virement,1.5
O004053,C01838,2026-05-15,Cancelled,Site web,Mobile Money,3.65
O004054,C00022,2025-08-18,Completed,Boutique,Carte bancaire,4.05
O004055,C02662,2026-06-05,Completed,WhatsApp,Mobile Money,8.35
O004056,C01859,2025-08-17,Completed,Site web,Carte bancaire,8.89
O004057,C00167,2025-02-12,Completed,Site web,Mobile Money,4.29
O004058,C00823,2025-03-09,Cancelled,Site web,Mobile Money,6.51
O004059,C03052,2025-02-06,Completed,Boutique,Carte bancaire,8.57
O004060,C03146,2025-06-15,Completed,Site web,Cash,4.98
O004061,C02074,2025-07-30,Completed,Site web,Virement,1.61
O004062,C03183,2025-09-01,Completed,WhatsApp,Cash,8.13
O004063,C03102,2025-09-21,Completed,Site web,Mobile Money,7.27
O004064,C02587,2026-04-19,Completed,WhatsApp,Carte bancaire,6.87
O004065,C00876,2025-01-07,Completed,Site web,Virement,8.88
O004066,C01772,2026-05-08,Completed,WhatsApp,Mobile Money,9.13
O004067,C03429,2025-05-11,Completed,Boutique,Mobile Money,7.86
O004068,C01303,2026-06-07,Completed,Site web,Mobile Money,2.49
O004069,C02773,2025-03-16,Completed,Site web,Cash,1.5
O004070,C03476,2025-02-24,Completed,Marketplace,Virement,7.05
O004071,C02240,2025-03-08,Completed,Boutique,Mobile Money,6.2
O004072,C02130,2025-06-12,Completed,Site web,Virement,6.42
O004073,C00789,2026-05-31,Returned,Boutique,Carte bancaire,11.07
O004074,C02086,2025-09-11,Completed,Site web,Carte bancaire,8.75
O004075,C00176,2025-04-01,Cancelled,WhatsApp,Mobile Money,5.45
O004076,C00477,2025-12-18,Completed,Boutique,Carte bancaire,3.79
O004077,C02277,2025-10-06,Completed,Site web,Mobile Money,7.93
O004078,C00918,2026-01-21,Completed,WhatsApp,Mobile Money,7.39
O004079,C01460,2026-02-11,Completed,Site web,Carte bancaire,5.35
O004080,C01515,2026-03-07,Completed,WhatsApp,Mobile Money,1.5
O004081,C01988,2025-03-24,Completed,Site web,Carte bancaire,3.12
O004082,C02936,2025-09-29,Pending,Marketplace,Mobile Money,8.54
O004083,C01874,2025-12-12,Pending,WhatsApp,Virement,2.12
O004084,C03551,2025-11-02,Completed,Boutique,Mobile Money,7.74
O004085,C02026,2026-06-17,Completed,Site web,Carte bancaire,7.33
O004086,C04171,2026-06-11,Completed,Site web,Mobile Money,3.03
O004087,C04198,2026-03-21,Completed,Boutique,Mobile Money,8.7
O004088,C01796,2025-05-12,Completed,Site web,Mobile Money,5.76
O004089,C03216,2025-10-17,Completed,Marketplace,Mobile Money,5.55
O004090,C01904,2026-03-17,Completed,WhatsApp,Mobile Money,2.55
O004091,C03676,2025-05-28,Completed,Marketplace,Carte bancaire,9.89
O004092,C03218,2026-01-26,Pending,Site web,Carte bancaire,2.42
O004093,C01422,2025-05-17,Completed,Site web,Virement,2.39
O004094,C01350,2025-03-18,Pending,Site web,Carte bancaire,6.42
O004095,C03700,2025-05-12,Cancelled,Marketplace,Mobile Money,3.06
O004096,C02271,2026-05-23,Completed,Site web,Cash,12.2
O004097,C02919,2026-06-30,Completed,Boutique,Mobile Money,3.04
O004098,C02844,2026-04-14,Completed,WhatsApp,Mobile Money,8.38
O004099,C00697,2025-05-29,Completed,Boutique,Mobile Money,10.93
O004100,C00993,2026-03-04,Cancelled,Marketplace,Mobile Money,8.15
O004101,C03782,2025-04-30,Completed,Boutique,Carte bancaire,3.73
O004102,C01175,2025-03-11,Completed,Site web,Mobile Money,7.03
O004103,C03648,2025-05-22,Completed,Boutique,Mobile Money,10.07
O004104,C01497,2025-03-18,Completed,WhatsApp,Mobile Money,1.5
O004105,C03556,2025-12-17,Completed,WhatsApp,Mobile Money,9.29
O004106,C02427,2026-01-10,Pending,Site web,Carte bancaire,7.47
O004107,C00418,2025-01-20,Completed,Boutique,Mobile Money,11.67
O004108,C01136,2025-02-28,Completed,Site web,Mobile Money,7.29
O004109,C04002,2025-09-20,Returned,Boutique,Virement,6.46
O004110,C00875,2025-03-04,Completed,Site web,Carte bancaire,8.05
O004111,C00956,2026-03-30,Pending,WhatsApp,Cash,2.28
O004112,C00628,2025-08-08,Completed,Site web,Mobile Money,3.55
O004113,C02561,2025-08-15,Completed,Site web,Carte bancaire,6.21
O004114,C03400,2025-01-03,Completed,Marketplace,Mobile Money,4.43
O004115,C03933,2026-01-20,Completed,Boutique,Carte bancaire,4.17
O004116,C03722,2026-01-31,Completed,Site web,Carte bancaire,12.11
O004117,C03713,2026-02-19,Completed,WhatsApp,Mobile Money,11.38
O004118,C03800,2025-10-24,Completed,Boutique,Carte bancaire,1.5
O004119,C02385,2025-05-28,Completed,WhatsApp,Mobile Money,6.12
O004120,C03451,2025-02-12,Completed,Site web,Mobile Money,2.42
O004121,C02666,2025-06-22,Completed,Boutique,Carte bancaire,9.45
O004122,C00577,2025-10-25,Returned,Site web,Mobile Money,6.67
O004123,C00103,2025-03-05,Completed,WhatsApp,Carte bancaire,10.4
O004124,C00411,2025-01-30,Completed,WhatsApp,Carte bancaire,3.42
O004125,C01453,2025-04-29,Cancelled,WhatsApp,Mobile Money,3.15
O004126,C02097,2025-02-08,Completed,Site web,Mobile Money,5.34
O004127,C02682,2025-01-08,Returned,Site web,Mobile Money,4.21
O004128,C02190,2025-09-24,Completed,Marketplace,Mobile Money,5.72
O004129,C01539,2026-02-13,Completed,Marketplace,Cash,9.56
O004130,C03078,2025-10-01,Completed,Marketplace,Cash,7.4
O004131,C03618,2025-02-20,Completed,Boutique,Mobile Money,5.11
O004132,C00937,2025-07-05,Completed,Site web,Mobile Money,6.16
O004133,C01099,2025-01-20,Completed,WhatsApp,Carte bancaire,1.5
O004134,C03910,2025-12-07,Completed,Site web,Virement,1.5
O004135,C04077,2025-05-08,Completed,Site web,Carte bancaire,9.63
O004136,C01302,2025-08-01,Completed,Site web,Carte bancaire,3.72
O004137,C02140,2026-05-10,Completed,Site web,Mobile Money,10.3
O004138,C02427,2025-11-18,Completed,Site web,Virement,5.08
O004139,C02667,2026-02-24,Completed,Site web,Carte bancaire,6.4
O004140,C03630,2025-07-11,Completed,Boutique,Carte bancaire,8.49
O004141,C00445,2026-05-26,Completed,Marketplace,Mobile Money,8.84
O004142,C02199,2026-01-27,Completed,Site web,Mobile Money,4.46
O004143,C00910,2025-10-10,Completed,Site web,Mobile Money,6.21
O004144,C03165,2025-11-14,Completed,Site web,Cash,5.95
O004145,C02506,2025-12-08,Cancelled,Boutique,Carte bancaire,7.14
O004146,C03146,2025-03-29,Pending,Site web,Mobile Money,6.58
O004147,C03803,2025-05-18,Completed,WhatsApp,Mobile Money,3.81
O004148,C03319,2026-01-12,Completed,Site web,Mobile Money,6.45
O004149,C03588,2025-08-30,Completed,Boutique,Carte bancaire,1.61
O004150,C03407,2026-03-06,Completed,WhatsApp,Cash,6.01
O004151,C02627,2025-10-16,Completed,Site web,Mobile Money,6.36
O004152,C01649,2025-02-06,Completed,Marketplace,Mobile Money,3.06
O004153,C01413,2025-12-31,Completed,WhatsApp,Mobile Money,5.15
O004154,C01527,2025-12-01,Pending,Site web,Carte bancaire,4.46
O004155,C02552,2025-07-19,Completed,WhatsApp,Virement,4.52
O004156,C03375,2026-03-10,Completed,Site web,Carte bancaire,8.27
O004157,C01542,2025-07-12,Completed,Marketplace,Cash,7.39
O004158,C02435,2025-03-04,Completed,Site web,Carte bancaire,8.88
O004159,C01739,2025-03-08,Completed,Marketplace,Mobile Money,12.23
O004160,C02553,2026-05-10,Completed,Boutique,Mobile Money,9.29
O004161,C03439,2025-07-26,Completed,WhatsApp,Carte bancaire,1.5
O004162,C01731,2025-08-16,Completed,Site web,Virement,4.03
O004163,C01668,2025-06-17,Completed,Site web,Carte bancaire,10.03
O004164,C00847,2026-02-09,Completed,Marketplace,Virement,4.82
O004165,C02095,2025-11-28,Completed,WhatsApp,Mobile Money,4.62
O004166,C01920,2026-05-08,Completed,Marketplace,Mobile Money,7.0
O004167,C00673,2026-05-06,Returned,WhatsApp,Mobile Money,5.15
O004168,C04073,2026-06-27,Completed,WhatsApp,Mobile Money,11.13
O004169,C03611,2025-06-30,Cancelled,Marketplace,Carte bancaire,5.52
O004170,C01222,2025-11-16,Completed,Boutique,Cash,13.24
O004171,C03967,2025-07-09,Completed,Site web,Carte bancaire,4.32
O004172,C01143,2026-01-21,Completed,Boutique,Mobile Money,4.03
O004173,C01760,2026-02-15,Completed,Site web,Carte bancaire,3.49
O004174,C00550,2025-05-18,Completed,WhatsApp,Carte bancaire,3.64
O004175,C02571,2026-04-17,Completed,Site web,Mobile Money,8.17
O004176,C02021,2025-06-08,Completed,Marketplace,Carte bancaire,1.97
O004177,C01123,2026-06-23,Completed,Marketplace,Carte bancaire,2.99
O004178,C01212,2026-04-12,Completed,Marketplace,Carte bancaire,7.56
O004179,C03929,2025-01-10,Completed,Site web,Cash,1.5
O004180,C02886,2025-08-07,Completed,Boutique,Virement,1.58
O004181,C00643,2025-08-01,Completed,Site web,Virement,5.84
O004182,C00568,2026-03-27,Completed,Site web,Virement,7.22
O004183,C00295,2026-02-01,Completed,Boutique,Carte bancaire,4.99
O004184,C01039,2025-01-28,Completed,Site web,Mobile Money,7.31
O004185,C03101,2026-04-06,Completed,Site web,Mobile Money,3.42
O004186,C00260,2025-04-30,Completed,WhatsApp,Virement,10.54
O004187,C01047,2025-07-22,Completed,Boutique,Mobile Money,8.73
O004188,C00175,2025-04-04,Completed,Site web,Cash,3.56
O004189,C02728,2025-03-28,Completed,WhatsApp,Mobile Money,5.43
O004190,C03420,2025-10-16,Completed,Marketplace,Carte bancaire,1.5
O004191,C02223,2025-02-16,Completed,Site web,Mobile Money,8.79
O004192,C03805,2025-02-14,Completed,Boutique,Virement,2.16
O004193,C02892,2026-03-07,Completed,WhatsApp,Carte bancaire,4.38
O004194,C03209,2025-07-08,Completed,Site web,Mobile Money,5.12
O004195,C01318,2025-12-22,Completed,Site web,Mobile Money,1.87
O004196,C03634,2026-06-25,Completed,Site web,Carte bancaire,3.5
O004197,C02651,2025-01-28,Completed,Boutique,Mobile Money,7.12
O004198,C00364,2026-03-12,Completed,WhatsApp,Mobile Money,4.51
O004199,C00348,2025-03-02,Completed,Site web,Mobile Money,8.62
O004200,C03773,2026-02-21,Completed,Site web,Virement,8.22
O004201,C01156,2025-06-17,Completed,Boutique,Mobile Money,3.45
O004202,C01958,2025-03-16,Completed,Site web,Mobile Money,4.64
O004203,C03194,2025-05-06,Completed,Site web,Mobile Money,4.64
O004204,C03229,2025-07-19,Completed,Marketplace,Carte bancaire,4.79
O004205,C00114,2026-02-04,Completed,Site web,Mobile Money,10.42
O004206,C02587,2026-01-08,Completed,Boutique,Mobile Money,6.57
O004207,C03836,2026-02-04,Completed,Site web,Mobile Money,1.5
O004208,C01470,2025-01-12,Completed,Site web,Mobile Money,4.04
O004209,C02280,2026-06-19,Completed,Site web,Carte bancaire,4.61
O004210,C01113,2025-08-26,Completed,Boutique,Virement,7.27
O004211,C03030,2025-03-03,Completed,Boutique,Virement,11.41
O004212,C00497,2026-05-24,Completed,Site web,Carte bancaire,8.36
O004213,C02182,2026-03-11,Completed,Boutique,Mobile Money,5.69
O004214,C01734,2025-02-15,Cancelled,Boutique,Mobile Money,3.45
O004215,C02693,2025-08-28,Pending,WhatsApp,Carte bancaire,10.26
O004216,C02076,2026-05-12,Completed,WhatsApp,Virement,5.11
O004217,C04124,2026-01-10,Completed,WhatsApp,Cash,1.74
O004218,C04130,2025-04-17,Completed,Site web,Cash,7.07
O004219,C01194,2026-01-19,Completed,Boutique,Carte bancaire,2.29
O004220,C00157,2025-04-14,Completed,Boutique,Mobile Money,7.98
O004221,C02070,2025-07-12,Completed,Boutique,Cash,4.82
O004222,C02479,2025-04-18,Completed,Boutique,Mobile Money,5.08
O004223,C03158,2026-01-15,Completed,Boutique,Mobile Money,1.5
O004224,C02205,2026-05-26,Cancelled,Boutique,Virement,9.23
O004225,C02463,2025-01-25,Completed,Marketplace,Carte bancaire,2.46
O004226,C00097,2025-11-27,Cancelled,WhatsApp,Mobile Money,3.83
O004227,C03204,2025-05-17,Completed,Boutique,Carte bancaire,6.57
O004228,C01385,2026-02-16,Completed,Boutique,Virement,5.56
O004229,C01615,2025-03-18,Completed,Site web,Mobile Money,12.89
O004230,C01777,2025-07-20,Completed,WhatsApp,Carte bancaire,1.5
O004231,C00301,2025-04-23,Cancelled,Boutique,Mobile Money,4.85
O004232,C02076,2026-04-24,Completed,Site web,Mobile Money,8.36
O004233,C01601,2025-02-15,Completed,WhatsApp,Mobile Money,4.67
O004234,C00981,2025-11-15,Completed,Site web,Carte bancaire,5.99
O004235,C01033,2025-03-08,Cancelled,Site web,Mobile Money,13.75
O004236,C00144,2025-11-25,Completed,WhatsApp,Carte bancaire,6.2
O004237,C03729,2026-02-25,Completed,Site web,Virement,10.2
O004238,C01235,2026-02-17,Completed,Boutique,Mobile Money,7.95
O004239,C03674,2025-01-19,Completed,WhatsApp,Carte bancaire,8.21
O004240,C03513,2026-02-28,Pending,Site web,Mobile Money,5.4
O004241,C01922,2025-06-12,Completed,Site web,Carte bancaire,1.5
O004242,C03394,2026-01-09,Completed,Site web,Carte bancaire,9.26
O004243,C00888,2026-06-13,Completed,WhatsApp,Cash,7.67
O004244,C00760,2025-03-07,Completed,Boutique,Virement,7.61
O004245,C03776,2025-07-18,Completed,WhatsApp,Cash,5.55
O004246,C02715,2026-04-20,Completed,Site web,Mobile Money,4.06
O004247,C02895,2025-03-19,Completed,WhatsApp,Mobile Money,9.97
O004248,C03880,2025-05-23,Completed,Marketplace,Virement,6.98
O004249,C00059,2025-10-28,Completed,Marketplace,Virement,1.5
O004250,C00723,2026-06-30,Pending,Boutique,Mobile Money,5.84
O004251,C04040,2025-06-11,Completed,Site web,Mobile Money,5.09
O004252,C00541,2025-07-31,Completed,Site web,Carte bancaire,1.5
O004253,C01884,2026-03-13,Completed,Site web,Carte bancaire,3.76
O004254,C00094,2025-03-07,Completed,Site web,Carte bancaire,13.79
O004255,C01369,2025-06-29,Completed,WhatsApp,Mobile Money,1.5
O004256,C00725,2025-06-23,Pending,Site web,Mobile Money,2.54
O004257,C01075,2025-08-08,Completed,Marketplace,Virement,1.5
O004258,C03419,2025-11-11,Pending,Boutique,Mobile Money,1.5
O004259,C01159,2025-05-02,Completed,Marketplace,Virement,1.5
O004260,C03419,2025-08-03,Completed,Marketplace,Virement,2.45
O004261,C03759,2026-05-18,Returned,Site web,Cash,11.15
O004262,C02270,2026-03-31,Completed,WhatsApp,Mobile Money,8.72
O004263,C02262,2026-06-09,Completed,Boutique,Carte bancaire,5.22
O004264,C01401,2026-01-09,Completed,Site web,Carte bancaire,11.02
O004265,C02801,2025-11-16,Completed,Site web,Mobile Money,4.57
O004266,C03389,2025-04-27,Completed,Site web,Mobile Money,3.13
O004267,C03626,2025-03-29,Completed,Site web,Mobile Money,4.7
O004268,C00820,2025-10-23,Completed,WhatsApp,Mobile Money,1.5
O004269,C02883,2025-08-10,Completed,Site web,Mobile Money,1.5
O004270,C00588,2026-03-08,Completed,Site web,Mobile Money,7.98
O004271,C02060,2025-01-06,Completed,WhatsApp,Virement,6.99
O004272,C00375,2026-05-04,Cancelled,Boutique,Virement,2.14
O004273,C02311,2025-04-04,Completed,Site web,Carte bancaire,7.4
O004274,C03576,2025-08-05,Completed,Boutique,Virement,7.52
O004275,C03432,2025-07-15,Completed,Marketplace,Mobile Money,4.19
O004276,C03003,2026-05-22,Completed,Site web,Carte bancaire,3.14
O004277,C02426,2026-01-30,Completed,WhatsApp,Mobile Money,8.37
O004278,C02624,2025-01-20,Completed,Site web,Mobile Money,7.34
O004279,C00420,2026-04-13,Completed,Boutique,Carte bancaire,11.22
O004280,C03056,2026-01-06,Completed,Marketplace,Cash,7.31
O004281,C02863,2025-02-07,Completed,Site web,Mobile Money,1.5
O004282,C00603,2026-03-05,Cancelled,Boutique,Carte bancaire,1.5
O004283,C02656,2025-01-19,Completed,Site web,Mobile Money,5.35
O004284,C01617,2025-08-21,Completed,Boutique,Carte bancaire,8.43
O004285,C02139,2025-03-30,Completed,WhatsApp,Mobile Money,6.96
O004286,C03420,2025-01-07,Completed,Site web,Carte bancaire,4.15
O004287,C01353,2025-11-03,Cancelled,Marketplace,Mobile Money,1.5
O004288,C03851,2026-01-12,Completed,WhatsApp,Mobile Money,10.41
O004289,C01751,2025-09-20,Completed,Site web,Carte bancaire,10.26
O004290,C02156,2025-07-07,Completed,Boutique,Carte bancaire,1.78
O004291,C00122,2025-10-09,Completed,Site web,Virement,7.99
O004292,C00513,2025-03-25,Pending,Marketplace,Cash,6.77
O004293,C01184,2025-01-28,Completed,Site web,Mobile Money,8.05
O004294,C04110,2025-03-28,Cancelled,WhatsApp,Virement,10.55
O004295,C01092,2025-01-30,Completed,WhatsApp,Mobile Money,10.28
O004296,C01660,2026-02-26,Completed,WhatsApp,Mobile Money,7.52
O004297,C03587,2025-11-30,Completed,WhatsApp,Virement,5.27
O004298,C01340,2025-04-13,Completed,Site web,Virement,5.1
O004299,C03415,2025-11-09,Cancelled,Boutique,Mobile Money,5.34
O004300,C00504,2025-09-23,Completed,Site web,Virement,14.19
O004301,C00560,2025-03-02,Completed,Boutique,Virement,6.14
O004302,C00054,2026-06-16,Completed,Site web,Mobile Money,8.34
O004303,C00525,2026-05-29,Completed,Boutique,Carte bancaire,7.25
O004304,C02536,2026-02-20,Completed,Boutique,Carte bancaire,3.03
O004305,C00382,2026-03-20,Completed,Boutique,Mobile Money,7.43
O004306,C02573,2025-10-27,Completed,Site web,Carte bancaire,4.01
O004307,C02517,2026-03-17,Completed,Boutique,Cash,3.16
O004308,C00984,2025-10-17,Completed,Boutique,Virement,7.78
O004309,C00157,2025-04-02,Completed,Marketplace,Mobile Money,2.21
O004310,C00681,2025-04-02,Completed,Site web,Mobile Money,8.63
O004311,C00602,2026-04-13,Completed,Boutique,Mobile Money,7.71
O004312,C02218,2025-09-02,Completed,WhatsApp,Mobile Money,9.79
O004313,C03911,2026-02-04,Cancelled,Marketplace,Mobile Money,7.44
O004314,C01829,2025-03-21,Completed,Site web,Carte bancaire,3.13
O004315,C02662,2025-09-03,Completed,Site web,Carte bancaire,9.34
O004316,C01276,2025-02-15,Pending,Marketplace,Carte bancaire,9.5
O004317,C00386,2025-05-01,Completed,Site web,Carte bancaire,8.68
O004318,C00917,2025-03-01,Completed,Boutique,Mobile Money,8.2
O004319,C02013,2025-04-25,Completed,Site web,Cash,1.57
O004320,C03610,2025-11-29,Cancelled,Marketplace,Cash,8.57
O004321,C01044,2025-01-03,Completed,WhatsApp,Mobile Money,2.25
O004322,C04133,2025-04-17,Completed,Site web,Mobile Money,4.14
O004323,C02684,2026-01-14,Completed,Boutique,Virement,3.5
O004324,C01494,2025-03-23,Completed,Site web,Carte bancaire,1.5
O004325,C02615,2025-11-01,Completed,Site web,Cash,6.53
O004326,C02933,2026-04-21,Completed,Boutique,Mobile Money,5.91
O004327,C02881,2026-03-04,Completed,Site web,Virement,9.98
O004328,C03636,2025-03-08,Completed,Site web,Carte bancaire,9.62
O004329,C02781,2025-03-22,Completed,WhatsApp,Carte bancaire,6.53
O004330,C00114,2026-01-22,Completed,Site web,Mobile Money,8.36
O004331,C01585,2025-07-09,Pending,Marketplace,Carte bancaire,5.69
O004332,C03814,2025-08-17,Completed,Boutique,Mobile Money,5.67
O004333,C00870,2025-09-19,Completed,Marketplace,Mobile Money,6.38
O004334,C02097,2025-11-14,Completed,Boutique,Virement,5.55
O004335,C02102,2025-09-04,Completed,Marketplace,Mobile Money,6.64
O004336,C02339,2025-01-13,Completed,Site web,Mobile Money,7.99
O004337,C03650,2025-02-21,Returned,WhatsApp,Mobile Money,2.34
O004338,C02268,2025-01-01,Completed,Marketplace,Carte bancaire,4.78
O004339,C00003,2025-05-26,Completed,Boutique,Mobile Money,8.33
O004340,C01021,2026-03-24,Completed,Marketplace,Cash,4.34
O004341,C02651,2026-06-17,Completed,Marketplace,Carte bancaire,4.4
O004342,C03286,2025-09-18,Completed,Site web,Cash,9.05
O004343,C02717,2025-01-15,Completed,WhatsApp,Mobile Money,3.78
O004344,C03076,2025-02-09,Completed,Site web,Carte bancaire,7.3
O004345,C01012,2026-03-23,Completed,Marketplace,Virement,6.45
O004346,C00403,2025-07-08,Pending,Marketplace,Cash,8.66
O004347,C03984,2026-04-29,Completed,WhatsApp,Carte bancaire,5.8
O004348,C02364,2025-10-05,Completed,Site web,Cash,3.63
O004349,C03102,2026-04-27,Completed,Site web,Mobile Money,4.04
O004350,C04020,2025-03-16,Completed,Site web,Mobile Money,10.97
O004351,C00767,2026-04-16,Completed,WhatsApp,Carte bancaire,4.4
O004352,C03659,2025-10-27,Completed,Marketplace,Mobile Money,4.2
O004353,C01539,2025-08-28,Completed,Site web,Cash,4.62
O004354,C02629,2025-10-17,Completed,Boutique,Mobile Money,5.19
O004355,C01625,2025-06-29,Completed,Boutique,Mobile Money,4.78
O004356,C00835,2025-11-27,Completed,Boutique,Mobile Money,7.69
O004357,C03694,2026-02-26,Pending,Site web,Carte bancaire,6.3
O004358,C01459,2026-03-21,Completed,Site web,Mobile Money,4.23
O004359,C00105,2026-06-21,Cancelled,Site web,Virement,8.17
O004360,C00632,2025-08-15,Completed,Site web,Cash,6.85
O004361,C04039,2026-02-26,Completed,Site web,Carte bancaire,9.98
O004362,C03453,2026-05-02,Cancelled,WhatsApp,Mobile Money,6.95
O004363,C02792,2025-01-10,Completed,Boutique,Mobile Money,5.62
O004364,C03271,2025-09-18,Pending,Site web,Mobile Money,5.39
O004365,C02725,2026-01-20,Completed,WhatsApp,Mobile Money,6.44
O004366,C03824,2025-09-08,Pending,WhatsApp,Carte bancaire,7.1
O004367,C00419,2025-02-24,Completed,Site web,Mobile Money,5.99
O004368,C00267,2025-12-26,Completed,Site web,Mobile Money,4.68
O004369,C02919,2025-08-11,Completed,Site web,Virement,7.88
O004370,C04052,2025-12-05,Completed,WhatsApp,Carte bancaire,7.3
O004371,C02442,2025-01-01,Completed,WhatsApp,Carte bancaire,6.06
O004372,C04059,2025-01-07,Completed,Site web,Carte bancaire,8.01
O004373,C01684,2025-11-27,Completed,Site web,Virement,5.77
O004374,C02833,2026-06-23,Completed,Site web,Carte bancaire,6.04
O004375,C02139,2025-12-17,Completed,Site web,Mobile Money,7.89
O004376,C03704,2026-06-01,Completed,Boutique,Mobile Money,8.4
O004377,C02719,2026-04-10,Completed,Boutique,Carte bancaire,7.96
O004378,C01842,2025-06-04,Completed,WhatsApp,Mobile Money,3.71
O004379,C01028,2025-02-26,Completed,WhatsApp,Cash,7.13
O004380,C01317,2025-11-03,Completed,Site web,Mobile Money,6.13
O004381,C00315,2025-12-06,Completed,Site web,Virement,7.18
O004382,C00649,2026-02-27,Completed,WhatsApp,Cash,11.47
O004383,C02138,2025-10-13,Completed,Boutique,Mobile Money,5.37
O004384,C00133,2026-05-20,Completed,Boutique,Carte bancaire,6.07
O004385,C01980,2026-04-08,Completed,Boutique,Mobile Money,4.31
O004386,C00177,2025-11-18,Completed,WhatsApp,Virement,5.42
O004387,C00681,2025-10-30,Returned,Boutique,Virement,3.97
O004388,C02905,2025-01-11,Completed,Boutique,Virement,2.78
O004389,C00122,2026-03-04,Pending,Marketplace,Mobile Money,1.5
O004390,C01414,2026-01-09,Completed,Site web,Carte bancaire,3.91
O004391,C00800,2026-05-07,Completed,Site web,Carte bancaire,4.12
O004392,C00228,2025-02-21,Completed,WhatsApp,Mobile Money,5.82
O004393,C00875,2025-03-22,Completed,Site web,Virement,4.38
O004394,C00472,2026-01-03,Completed,Site web,Virement,9.1
O004395,C00339,2025-09-26,Completed,Boutique,Carte bancaire,6.68
O004396,C02795,2025-11-18,Completed,WhatsApp,Mobile Money,8.23
O004397,C00525,2025-08-27,Pending,WhatsApp,Mobile Money,8.95
O004398,C03943,2025-12-18,Completed,Site web,Mobile Money,10.16
O004399,C02044,2025-12-27,Completed,WhatsApp,Mobile Money,8.92
O004400,C01714,2025-04-14,Completed,WhatsApp,Virement,3.35
O004401,C03679,2026-02-21,Pending,Site web,Mobile Money,8.58
O004402,C03267,2025-09-28,Cancelled,Site web,Mobile Money,6.96
O004403,C01766,2025-11-12,Cancelled,WhatsApp,Mobile Money,10.04
O004404,C04090,2025-12-05,Pending,Marketplace,Mobile Money,6.08
O004405,C02229,2026-02-12,Completed,Site web,Mobile Money,9.43
O004406,C02975,2025-06-14,Completed,Site web,Mobile Money,6.3
O004407,C04073,2025-01-04,Completed,Site web,Carte bancaire,6.42
O004408,C03037,2025-04-10,Cancelled,Site web,Mobile Money,8.0
O004409,C02482,2026-06-14,Completed,Boutique,Mobile Money,5.06
O004410,C02587,2025-05-03,Completed,Site web,Carte bancaire,7.66
O004411,C02748,2025-05-17,Completed,Site web,Mobile Money,1.5
O004412,C04107,2026-04-16,Pending,Marketplace,Mobile Money,7.45
O004413,C02945,2025-05-10,Completed,Site web,Cash,2.18
O004414,C01260,2025-09-12,Pending,WhatsApp,Mobile Money,7.66
O004415,C00093,2025-07-23,Cancelled,Marketplace,Virement,1.5
O004416,C03289,2025-12-29,Completed,WhatsApp,Cash,1.5
O004417,C02051,2025-11-22,Completed,Site web,Cash,6.16
O004418,C01744,2025-10-10,Completed,Site web,Virement,6.21
O004419,C03928,2025-10-02,Completed,Marketplace,Virement,5.24
O004420,C00653,2026-04-03,Completed,Marketplace,Mobile Money,8.17
O004421,C00158,2025-11-15,Completed,Site web,Mobile Money,8.8
O004422,C03106,2025-10-06,Completed,WhatsApp,Carte bancaire,13.59
O004423,C03882,2026-05-02,Completed,Site web,Carte bancaire,6.13
O004424,C03484,2025-02-21,Completed,Site web,Carte bancaire,9.1
O004425,C03659,2026-04-02,Completed,Marketplace,Mobile Money,3.51
O004426,C03628,2025-04-19,Completed,Site web,Mobile Money,4.36
O004427,C02880,2025-07-01,Completed,Site web,Carte bancaire,3.54
O004428,C03872,2025-01-08,Completed,WhatsApp,Carte bancaire,5.67
O004429,C01434,2025-11-10,Returned,Boutique,Mobile Money,6.67
O004430,C03129,2026-04-01,Completed,Boutique,Mobile Money,9.13
O004431,C00387,2025-07-29,Completed,WhatsApp,Virement,7.04
O004432,C02216,2025-12-30,Cancelled,Boutique,Virement,10.01
O004433,C01221,2025-08-04,Completed,Boutique,Mobile Money,10.06
O004434,C03943,2026-02-21,Completed,Marketplace,Carte bancaire,6.12
O004435,C01832,2026-07-02,Pending,WhatsApp,Mobile Money,5.69
O004436,C00881,2026-01-27,Completed,WhatsApp,Carte bancaire,1.5
O004437,C02392,2025-07-06,Completed,Marketplace,Carte bancaire,4.37
O004438,C00325,2026-03-28,Completed,Site web,Mobile Money,3.57
O004439,C00533,2025-01-21,Cancelled,WhatsApp,Mobile Money,3.7
O004440,C01813,2026-06-25,Completed,Boutique,Carte bancaire,4.73
O004441,C02650,2026-04-06,Completed,Marketplace,Carte bancaire,7.58
O004442,C02446,2025-12-25,Completed,Site web,Mobile Money,6.87
O004443,C00233,2025-12-07,Completed,WhatsApp,Carte bancaire,8.97
O004444,C02856,2025-05-19,Completed,Boutique,Mobile Money,7.15
O004445,C00243,2025-08-25,Cancelled,WhatsApp,Cash,4.23
O004446,C03425,2025-02-25,Completed,Site web,Carte bancaire,8.27
O004447,C00165,2025-07-05,Pending,Site web,Virement,1.89
O004448,C00113,2025-11-20,Completed,Site web,Mobile Money,8.93
O004449,C02174,2025-07-18,Completed,Site web,Mobile Money,3.7
O004450,C03369,2026-02-27,Completed,Site web,Mobile Money,1.5
O004451,C03214,2026-04-13,Completed,Boutique,Virement,7.63
O004452,C02521,2025-11-04,Completed,Site web,Carte bancaire,5.07
O004453,C00750,2025-07-06,Completed,Site web,Virement,9.52
O004454,C04003,2025-06-16,Completed,WhatsApp,Carte bancaire,8.89
O004455,C00087,2025-10-27,Completed,Site web,Mobile Money,3.04
O004456,C01462,2026-01-30,Completed,Marketplace,Mobile Money,10.57
O004457,C03168,2025-03-11,Returned,Site web,Mobile Money,1.5
O004458,C02592,2025-09-03,Returned,Boutique,Mobile Money,7.39
O004459,C03320,2025-08-30,Completed,Site web,Carte bancaire,10.27
O004460,C03220,2025-06-07,Completed,Marketplace,Carte bancaire,2.95
O004461,C03947,2025-05-11,Completed,WhatsApp,Carte bancaire,12.34
O004462,C02169,2026-04-06,Completed,Marketplace,Mobile Money,6.49
O004463,C03448,2025-08-25,Completed,WhatsApp,Carte bancaire,7.12
O004464,C00655,2025-11-12,Completed,Boutique,Mobile Money,9.52
O004465,C00732,2025-01-21,Completed,Site web,Carte bancaire,7.25
O004466,C00210,2025-06-05,Completed,Site web,Mobile Money,2.03
O004467,C00859,2025-05-03,Completed,Site web,Mobile Money,1.5
O004468,C00468,2025-06-30,Completed,Boutique,Cash,3.07
O004469,C03462,2026-04-07,Completed,WhatsApp,Mobile Money,3.34
O004470,C02079,2025-11-10,Completed,WhatsApp,Carte bancaire,3.15
O004471,C01866,2026-05-10,Completed,Site web,Carte bancaire,4.1
O004472,C02687,2025-08-20,Completed,Site web,Carte bancaire,1.5
O004473,C01511,2026-02-26,Completed,Boutique,Carte bancaire,2.42
O004474,C02397,2025-03-29,Completed,Site web,Carte bancaire,7.64
O004475,C00015,2026-03-23,Completed,Site web,Virement,9.13
O004476,C02995,2025-12-01,Completed,Marketplace,Mobile Money,3.81
O004477,C03661,2025-01-22,Completed,Site web,Mobile Money,8.07
O004478,C00164,2026-01-13,Returned,WhatsApp,Carte bancaire,1.5
O004479,C00339,2025-09-20,Completed,Site web,Mobile Money,6.81
O004480,C00573,2025-01-01,Completed,Boutique,Mobile Money,9.55
O004481,C02554,2026-04-10,Completed,WhatsApp,Mobile Money,7.55
O004482,C03197,2025-10-22,Completed,Boutique,Carte bancaire,5.92
O004483,C03457,2025-11-29,Returned,Boutique,Virement,1.5
O004484,C03281,2025-11-13,Completed,Site web,Mobile Money,11.67
O004485,C02424,2025-02-19,Pending,Site web,Mobile Money,11.82
O004486,C02950,2025-07-01,Completed,Site web,Mobile Money,8.1
O004487,C01176,2026-01-20,Completed,WhatsApp,Cash,10.0
O004488,C03131,2025-07-05,Completed,Site web,Mobile Money,6.01
O004489,C00769,2026-05-02,Completed,WhatsApp,Mobile Money,8.28
O004490,C04047,2025-06-24,Completed,Site web,Mobile Money,8.52
O004491,C00176,2025-09-09,Completed,WhatsApp,Mobile Money,5.81
O004492,C03966,2025-09-02,Completed,Site web,Carte bancaire,3.52
O004493,C01935,2025-01-11,Completed,Marketplace,Mobile Money,8.63
O004494,C02707,2026-03-21,Completed,Marketplace,Carte bancaire,11.64
O004495,C00672,2025-03-16,Completed,Site web,Mobile Money,9.73
O004496,C01342,2025-09-15,Completed,Marketplace,Carte bancaire,7.02
O004497,C03622,2026-05-13,Completed,Boutique,Mobile Money,6.79
O004498,C00060,2026-06-29,Returned,Site web,Mobile Money,6.96
O004499,C00805,2025-05-07,Completed,WhatsApp,Virement,1.5
O004500,C02653,2025-07-26,Returned,Site web,Cash,5.68
O004501,C03378,2025-11-07,Completed,Boutique,Mobile Money,5.35
O004502,C01812,2026-01-19,Cancelled,Marketplace,Carte bancaire,2.38
O004503,C00368,2025-05-18,Completed,WhatsApp,Carte bancaire,9.16
O004504,C00618,2025-10-28,Completed,WhatsApp,Virement,6.85
O004505,C03740,2026-04-03,Completed,Boutique,Carte bancaire,1.5
O004506,C00905,2026-02-22,Completed,WhatsApp,Carte bancaire,6.7
O004507,C02431,2026-03-27,Cancelled,WhatsApp,Virement,9.83
O004508,C03934,2026-05-02,Cancelled,WhatsApp,Carte bancaire,4.21
O004509,C01578,2026-04-18,Completed,Boutique,Carte bancaire,2.93
O004510,C00279,2025-10-08,Completed,WhatsApp,Mobile Money,2.13
O004511,C03415,2026-06-18,Completed,Site web,Virement,6.3
O004512,C03308,2025-09-28,Completed,Site web,Mobile Money,3.82
O004513,C02735,2026-01-24,Completed,Site web,Carte bancaire,1.59
O004514,C03789,2026-06-01,Completed,WhatsApp,Carte bancaire,10.86
O004515,C03259,2025-01-24,Completed,Site web,Carte bancaire,6.61
O004516,C02892,2026-05-27,Returned,Site web,Mobile Money,4.43
O004517,C01401,2026-03-27,Completed,Marketplace,Carte bancaire,11.02
O004518,C00258,2026-07-01,Completed,Marketplace,Mobile Money,6.82
O004519,C03049,2026-02-28,Completed,WhatsApp,Virement,5.6
O004520,C03553,2025-03-27,Completed,Boutique,Mobile Money,6.65
O004521,C02920,2025-06-15,Completed,Site web,Cash,4.41
O004522,C02744,2025-01-02,Completed,WhatsApp,Cash,5.58
O004523,C03017,2025-11-30,Completed,Site web,Virement,7.75
O004524,C01164,2025-08-28,Completed,WhatsApp,Mobile Money,11.04
O004525,C00492,2025-09-18,Completed,WhatsApp,Mobile Money,4.35
O004526,C02645,2026-02-06,Returned,Site web,Carte bancaire,7.88
O004527,C03961,2026-03-26,Completed,Boutique,Mobile Money,1.58
O004528,C00574,2025-02-09,Completed,Site web,Cash,7.52
O004529,C00300,2026-05-18,Completed,Site web,Carte bancaire,11.41
O004530,C02973,2025-07-24,Completed,Marketplace,Virement,6.07
O004531,C01776,2026-02-17,Completed,Site web,Cash,4.27
O004532,C03793,2025-11-15,Completed,Site web,Cash,4.41
O004533,C01982,2025-09-01,Completed,WhatsApp,Mobile Money,7.45
O004534,C02192,2025-04-27,Completed,Site web,Cash,6.18
O004535,C00260,2025-04-14,Completed,Boutique,Mobile Money,4.79
O004536,C03999,2026-02-05,Returned,Site web,Virement,7.96
O004537,C01390,2025-06-26,Completed,Marketplace,Carte bancaire,3.37
O004538,C01840,2025-05-06,Completed,Site web,Mobile Money,8.6
O004539,C02643,2025-01-04,Completed,Site web,Mobile Money,5.05
O004540,C03602,2026-04-06,Completed,WhatsApp,Carte bancaire,7.98
O004541,C03340,2025-08-05,Completed,Site web,Carte bancaire,8.52
O004542,C03250,2025-07-10,Completed,Site web,Carte bancaire,1.5
O004543,C00444,2025-07-23,Completed,Site web,Mobile Money,5.79
O004544,C00372,2025-11-25,Completed,Site web,Mobile Money,1.5
O004545,C03492,2025-09-22,Completed,Boutique,Carte bancaire,1.5
O004546,C03834,2025-10-26,Completed,Marketplace,Mobile Money,5.3
O004547,C02620,2025-06-02,Completed,Site web,Carte bancaire,6.92
O004548,C03824,2025-06-12,Completed,WhatsApp,Carte bancaire,1.5
O004549,C01334,2026-04-18,Returned,WhatsApp,Cash,6.81
O004550,C01476,2025-08-29,Completed,Site web,Cash,3.38
O004551,C00715,2026-06-18,Completed,WhatsApp,Carte bancaire,6.2
O004552,C03333,2026-04-09,Completed,Marketplace,Carte bancaire,13.59
O004553,C02812,2026-01-26,Completed,Site web,Carte bancaire,5.05
O004554,C00944,2025-10-28,Completed,Site web,Mobile Money,2.58
O004555,C04197,2026-04-04,Completed,Site web,Virement,5.95
O004556,C00128,2025-01-31,Completed,WhatsApp,Mobile Money,5.43
O004557,C03236,2025-10-01,Completed,Marketplace,Mobile Money,4.96
O004558,C00874,2026-01-26,Completed,Site web,Mobile Money,6.1
O004559,C03293,2025-03-01,Completed,Site web,Mobile Money,5.45
O004560,C02033,2025-04-10,Completed,Site web,Virement,2.29
O004561,C00983,2025-02-05,Completed,Boutique,Mobile Money,8.47
O004562,C00243,2025-09-24,Completed,WhatsApp,Mobile Money,9.94
O004563,C02610,2025-10-24,Completed,Site web,Mobile Money,4.88
O004564,C00673,2025-09-14,Completed,Site web,Carte bancaire,7.05
O004565,C01890,2025-01-31,Completed,Site web,Mobile Money,1.5
O004566,C03992,2025-09-24,Completed,Marketplace,Carte bancaire,5.94
O004567,C03729,2026-05-02,Completed,WhatsApp,Virement,11.77
O004568,C02075,2025-01-17,Completed,Site web,Carte bancaire,8.4
O004569,C03073,2026-03-02,Completed,Marketplace,Mobile Money,6.46
O004570,C03458,2025-05-30,Completed,Marketplace,Carte bancaire,5.87
O004571,C02548,2025-02-10,Returned,Site web,Mobile Money,5.1
O004572,C00868,2025-01-28,Pending,Site web,Carte bancaire,7.26
O004573,C03409,2025-01-07,Completed,Marketplace,Virement,9.09
O004574,C00372,2025-08-16,Completed,Site web,Virement,4.5
O004575,C02195,2025-09-30,Completed,Site web,Virement,8.25
O004576,C03279,2025-12-07,Completed,Site web,Mobile Money,3.57
O004577,C02397,2025-02-14,Completed,Boutique,Virement,4.69
O004578,C01466,2025-12-25,Completed,Site web,Mobile Money,2.67
O004579,C01749,2026-02-10,Cancelled,Site web,Mobile Money,6.48
O004580,C01932,2025-02-05,Completed,Boutique,Carte bancaire,6.25
O004581,C03125,2026-01-05,Completed,Boutique,Carte bancaire,7.19
O004582,C04167,2025-03-07,Completed,Site web,Virement,6.93
O004583,C03271,2025-08-29,Cancelled,Site web,Virement,8.17
O004584,C01330,2025-12-29,Completed,WhatsApp,Virement,12.25
O004585,C00468,2026-04-23,Cancelled,Site web,Carte bancaire,8.2
O004586,C01988,2025-10-19,Completed,WhatsApp,Carte bancaire,1.5
O004587,C03604,2025-08-27,Completed,Site web,Mobile Money,5.26
O004588,C02667,2026-04-02,Completed,Boutique,Mobile Money,5.89
O004589,C01352,2025-04-29,Completed,Site web,Mobile Money,1.5
O004590,C00375,2025-04-23,Completed,Site web,Mobile Money,8.49
O004591,C01060,2025-09-13,Completed,Site web,Virement,11.37
O004592,C03010,2025-03-07,Completed,Site web,Carte bancaire,3.4
O004593,C02814,2025-01-13,Completed,WhatsApp,Carte bancaire,9.79
O004594,C01898,2025-07-18,Completed,WhatsApp,Mobile Money,9.22
O004595,C01403,2025-03-25,Completed,Boutique,Carte bancaire,6.82
O004596,C00736,2025-12-16,Completed,WhatsApp,Carte bancaire,8.49
O004597,C04085,2025-10-28,Completed,Site web,Mobile Money,3.71
O004598,C01809,2025-09-24,Completed,Boutique,Mobile Money,9.45
O004599,C03223,2025-09-29,Pending,Site web,Carte bancaire,9.8
O004600,C01935,2025-02-24,Completed,Boutique,Mobile Money,7.43
O004601,C02391,2025-08-09,Completed,WhatsApp,Carte bancaire,6.92
O004602,C02692,2025-02-09,Completed,Site web,Cash,3.62
O004603,C01495,2025-07-14,Completed,WhatsApp,Mobile Money,8.84
O004604,C03936,2026-01-07,Completed,Marketplace,Mobile Money,6.04
O004605,C01921,2026-06-25,Completed,Site web,Carte bancaire,5.59
O004606,C03214,2025-06-12,Completed,WhatsApp,Mobile Money,8.83
O004607,C03849,2025-05-25,Pending,Site web,Carte bancaire,5.13
O004608,C01607,2026-01-02,Completed,Site web,Mobile Money,3.88
O004609,C00983,2026-05-19,Completed,Site web,Mobile Money,9.26
O004610,C04073,2025-06-11,Completed,Site web,Carte bancaire,1.5
O004611,C03301,2026-04-05,Completed,Site web,Virement,8.18
O004612,C03322,2025-06-22,Completed,Boutique,Mobile Money,2.31
O004613,C03974,2025-12-17,Completed,Site web,Mobile Money,1.5
O004614,C00118,2025-04-25,Completed,WhatsApp,Mobile Money,7.97
O004615,C03968,2025-05-24,Completed,Site web,Mobile Money,6.97
O004616,C00490,2026-06-24,Completed,Site web,Mobile Money,4.1
O004617,C00611,2025-08-02,Completed,WhatsApp,Carte bancaire,2.53
O004618,C00916,2025-01-09,Completed,WhatsApp,Virement,7.02
O004619,C00476,2026-02-28,Completed,WhatsApp,Virement,4.6
O004620,C00351,2025-03-11,Completed,Boutique,Carte bancaire,8.37
O004621,C00526,2025-03-02,Completed,WhatsApp,Virement,4.27
O004622,C02039,2026-04-04,Completed,Site web,Carte bancaire,4.72
O004623,C01565,2025-07-11,Completed,Site web,Cash,9.33
O004624,C01432,2025-03-17,Completed,Site web,Virement,2.92
O004625,C00722,2026-06-19,Returned,Site web,Carte bancaire,1.63
O004626,C04087,2025-06-03,Completed,Site web,Mobile Money,3.2
O004627,C01397,2025-12-13,Completed,WhatsApp,Virement,6.73
O004628,C01986,2025-05-25,Completed,Site web,Virement,11.73
O004629,C00598,2025-11-15,Completed,WhatsApp,Carte bancaire,6.46
O004630,C00892,2026-01-17,Completed,Site web,Mobile Money,3.38
O004631,C00985,2026-02-20,Returned,Marketplace,Mobile Money,3.51
O004632,C04078,2025-08-14,Completed,Marketplace,Virement,7.23
O004633,C00741,2025-12-04,Completed,Marketplace,Cash,1.5
O004634,C02159,2026-04-06,Completed,WhatsApp,Mobile Money,1.5
O004635,C02286,2026-04-06,Pending,Marketplace,Mobile Money,6.59
O004636,C00307,2026-02-14,Completed,Site web,Mobile Money,8.65
O004637,C01475,2025-08-07,Completed,WhatsApp,Virement,8.73
O004638,C00340,2025-10-19,Cancelled,Boutique,Mobile Money,7.04
O004639,C00735,2026-06-15,Completed,WhatsApp,Virement,9.59
O004640,C02837,2025-05-17,Completed,Site web,Mobile Money,5.43
O004641,C02388,2026-01-15,Completed,WhatsApp,Mobile Money,4.86
O004642,C02079,2026-03-11,Completed,Marketplace,Mobile Money,5.85
O004643,C00897,2025-09-21,Cancelled,WhatsApp,Mobile Money,6.89
O004644,C02622,2026-04-20,Completed,Site web,Cash,17.67
O004645,C03800,2025-08-23,Completed,Site web,Mobile Money,5.41
O004646,C03569,2026-04-04,Completed,Site web,Carte bancaire,6.54
O004647,C00728,2025-12-20,Completed,Boutique,Cash,11.21
O004648,C02862,2025-01-29,Completed,WhatsApp,Virement,7.66
O004649,C01025,2026-03-28,Completed,Site web,Cash,1.5
O004650,C03620,2026-01-18,Completed,Marketplace,Mobile Money,11.16
O004651,C01987,2025-05-02,Pending,Site web,Carte bancaire,6.97
O004652,C03120,2026-01-21,Completed,Boutique,Carte bancaire,1.5
O004653,C02266,2025-10-08,Completed,Boutique,Virement,4.78
O004654,C02833,2026-06-01,Completed,Boutique,Carte bancaire,3.84
O004655,C03927,2025-06-16,Completed,Marketplace,Virement,4.58
O004656,C00566,2025-05-25,Completed,Marketplace,Mobile Money,5.89
O004657,C03796,2025-02-02,Completed,Site web,Carte bancaire,8.17
O004658,C02028,2026-03-07,Completed,Site web,Virement,9.8
O004659,C00597,2026-06-24,Completed,Marketplace,Mobile Money,9.91
O004660,C01819,2026-01-13,Cancelled,WhatsApp,Mobile Money,10.81
O004661,C00235,2025-07-22,Completed,Site web,Mobile Money,5.4
O004662,C02271,2026-04-27,Completed,Marketplace,Virement,1.5
O004663,C01984,2025-05-19,Completed,WhatsApp,Carte bancaire,1.5
O004664,C01643,2026-01-15,Completed,Site web,Mobile Money,8.32
O004665,C01866,2025-11-24,Completed,Site web,Cash,5.82
O004666,C02606,2026-04-13,Completed,Boutique,Mobile Money,10.49
O004667,C03473,2026-06-17,Completed,Boutique,Virement,7.39
O004668,C01649,2025-07-17,Pending,Marketplace,Virement,1.5
O004669,C00071,2025-02-22,Pending,Boutique,Carte bancaire,4.19
O004670,C02342,2025-03-28,Completed,Site web,Mobile Money,7.28
O004671,C03968,2026-02-10,Completed,Site web,Mobile Money,2.66
O004672,C01659,2025-07-19,Completed,Site web,Mobile Money,10.52
O004673,C00516,2025-03-18,Completed,Site web,Mobile Money,4.68
O004674,C03788,2026-03-23,Completed,Boutique,Carte bancaire,5.03
O004675,C01762,2025-12-22,Completed,Site web,Mobile Money,1.5
O004676,C01569,2025-03-14,Completed,WhatsApp,Cash,12.11
O004677,C01241,2026-01-26,Completed,Marketplace,Carte bancaire,5.41
O004678,C03070,2025-12-16,Completed,Boutique,Mobile Money,6.87
O004679,C00613,2026-06-24,Completed,Site web,Carte bancaire,3.68
O004680,C02578,2026-06-26,Completed,Site web,Mobile Money,4.82
O004681,C01465,2026-06-19,Completed,Site web,Mobile Money,6.92
O004682,C01620,2026-05-06,Completed,WhatsApp,Mobile Money,7.3
O004683,C00906,2026-03-11,Cancelled,Boutique,Mobile Money,7.73
O004684,C03393,2026-01-03,Pending,WhatsApp,Carte bancaire,9.03
O004685,C01905,2025-10-26,Completed,Site web,Mobile Money,8.08
O004686,C03896,2026-03-11,Completed,Boutique,Mobile Money,7.64
O004687,C03478,2026-06-14,Completed,Site web,Virement,4.03
O004688,C03195,2025-03-05,Completed,Boutique,Mobile Money,5.32
O004689,C01891,2025-03-16,Completed,Site web,Mobile Money,2.32
O004690,C03985,2025-10-01,Completed,Site web,Mobile Money,4.5
O004691,C02457,2025-06-10,Completed,Site web,Virement,7.28
O004692,C01833,2025-10-19,Completed,WhatsApp,Carte bancaire,7.2
O004693,C01460,2025-06-20,Completed,Site web,Mobile Money,7.99
O004694,C03838,2026-03-05,Completed,Site web,Carte bancaire,10.41
O004695,C01068,2026-05-08,Completed,Boutique,Virement,2.06
O004696,C03681,2025-06-04,Completed,Site web,Mobile Money,1.5
O004697,C00961,2026-02-28,Completed,Site web,Mobile Money,5.21
O004698,C03203,2025-02-28,Completed,Site web,Carte bancaire,10.42
O004699,C01186,2026-03-13,Completed,Site web,Carte bancaire,10.33
O004700,C03508,2026-01-18,Completed,WhatsApp,Mobile Money,6.6
O004701,C03510,2026-01-25,Completed,Site web,Carte bancaire,5.14
O004702,C03067,2025-09-27,Returned,Site web,Mobile Money,6.78
O004703,C04167,2025-02-28,Completed,Marketplace,Mobile Money,9.36
O004704,C02152,2026-04-07,Completed,Site web,Virement,3.66
O004705,C03523,2025-03-02,Completed,Boutique,Mobile Money,4.29
O004706,C02321,2025-09-21,Completed,Boutique,Carte bancaire,6.29
O004707,C00163,2025-04-06,Pending,Site web,Mobile Money,9.36
O004708,C01755,2026-04-09,Completed,WhatsApp,Virement,8.51
O004709,C00137,2025-11-11,Completed,WhatsApp,Carte bancaire,1.5
O004710,C02791,2025-10-06,Completed,Site web,Mobile Money,8.51
O004711,C00641,2025-06-23,Completed,Site web,Carte bancaire,5.96
O004712,C01365,2026-03-05,Completed,Site web,Carte bancaire,7.91
O004713,C03660,2025-04-26,Completed,Site web,Cash,5.35
O004714,C03107,2026-01-30,Cancelled,Site web,Carte bancaire,7.5
O004715,C01412,2026-06-16,Completed,Site web,Carte bancaire,6.14
O004716,C02122,2025-05-26,Completed,WhatsApp,Cash,4.37
O004717,C02441,2026-01-11,Completed,Site web,Mobile Money,3.72
O004718,C01484,2025-06-19,Completed,Boutique,Carte bancaire,5.43
O004719,C03150,2026-05-25,Completed,Site web,Cash,2.12
O004720,C00619,2026-05-08,Completed,WhatsApp,Virement,4.67
O004721,C01792,2025-06-21,Returned,Boutique,Mobile Money,5.04
O004722,C01074,2025-05-07,Completed,Site web,Mobile Money,9.11
O004723,C02853,2025-02-15,Completed,Site web,Mobile Money,7.99
O004724,C02689,2026-01-18,Completed,Site web,Carte bancaire,12.04
O004725,C03390,2026-05-19,Completed,Site web,Carte bancaire,1.5
O004726,C01554,2025-03-21,Completed,Site web,Carte bancaire,5.23
O004727,C00970,2026-03-24,Cancelled,WhatsApp,Cash,9.7
O004728,C00140,2026-02-18,Completed,WhatsApp,Mobile Money,6.82
O004729,C03615,2025-09-16,Completed,Site web,Cash,5.35
O004730,C01385,2025-05-03,Completed,Marketplace,Carte bancaire,3.2
O004731,C03170,2025-12-24,Completed,Marketplace,Mobile Money,8.08
O004732,C01539,2025-11-22,Completed,Site web,Cash,6.56
O004733,C01395,2026-03-21,Completed,Boutique,Cash,4.99
O004734,C00985,2025-11-06,Completed,Site web,Cash,9.03
O004735,C03282,2025-01-27,Completed,Boutique,Virement,12.72
O004736,C01203,2025-04-22,Cancelled,Boutique,Mobile Money,3.33
O004737,C01245,2025-07-28,Completed,Site web,Mobile Money,7.75
O004738,C02961,2025-09-27,Completed,Site web,Mobile Money,6.42
O004739,C02176,2025-07-11,Cancelled,WhatsApp,Mobile Money,7.95
O004740,C03135,2026-04-27,Completed,Site web,Cash,9.96
O004741,C00435,2025-06-04,Completed,WhatsApp,Carte bancaire,10.27
O004742,C04028,2026-01-08,Completed,Marketplace,Mobile Money,4.5
O004743,C00995,2025-07-18,Completed,Site web,Virement,1.5
O004744,C00496,2026-06-28,Completed,Site web,Carte bancaire,5.72
O004745,C00460,2026-05-18,Completed,WhatsApp,Mobile Money,5.74
O004746,C01310,2026-03-06,Cancelled,WhatsApp,Cash,1.5
O004747,C01779,2026-02-24,Completed,WhatsApp,Carte bancaire,9.04
O004748,C00324,2025-12-19,Cancelled,Site web,Carte bancaire,4.42
O004749,C02615,2025-11-18,Completed,WhatsApp,Mobile Money,5.85
O004750,C02576,2025-11-05,Completed,Site web,Carte bancaire,4.29
O004751,C03264,2025-01-15,Completed,Site web,Mobile Money,5.38
O004752,C00069,2026-05-29,Completed,Site web,Carte bancaire,9.83
O004753,C00405,2026-06-22,Completed,Boutique,Mobile Money,6.25
O004754,C00863,2025-10-16,Completed,Marketplace,Mobile Money,12.36
O004755,C01841,2026-04-23,Pending,Boutique,Mobile Money,7.89
O004756,C02466,2025-08-09,Completed,Boutique,Cash,8.1
O004757,C00848,2025-03-03,Completed,Site web,Mobile Money,5.39
O004758,C01507,2026-04-03,Completed,Boutique,Mobile Money,5.82
O004759,C02157,2025-10-07,Completed,Boutique,Carte bancaire,9.1
O004760,C02287,2026-05-31,Cancelled,Boutique,Virement,9.56
O004761,C02211,2025-04-27,Completed,Boutique,Virement,6.8
O004762,C02689,2025-09-20,Completed,Site web,Virement,7.67
O004763,C03174,2026-01-01,Completed,Site web,Virement,5.58
O004764,C03524,2025-03-17,Completed,Boutique,Cash,6.66
O004765,C04055,2026-07-01,Completed,Site web,Mobile Money,6.26
O004766,C01651,2025-11-30,Completed,Site web,Mobile Money,6.12
O004767,C01379,2025-04-05,Pending,Marketplace,Mobile Money,9.01
O004768,C01172,2026-02-11,Completed,Marketplace,Virement,5.85
O004769,C01471,2026-04-27,Completed,Site web,Cash,4.11
O004770,C02263,2025-07-24,Completed,Site web,Mobile Money,5.19
O004771,C02538,2025-12-01,Completed,Site web,Carte bancaire,5.14
O004772,C00293,2026-02-14,Completed,Site web,Mobile Money,7.32
O004773,C04195,2025-03-21,Cancelled,Site web,Virement,4.33
O004774,C00177,2025-10-19,Completed,Site web,Mobile Money,9.38
O004775,C01685,2025-11-03,Completed,Boutique,Carte bancaire,5.19
O004776,C01900,2025-06-15,Completed,Site web,Carte bancaire,10.71
O004777,C01451,2025-06-14,Completed,Site web,Mobile Money,6.08
O004778,C00916,2025-12-11,Completed,WhatsApp,Cash,7.58
O004779,C02229,2026-02-16,Completed,Site web,Carte bancaire,8.98
O004780,C00031,2025-08-02,Completed,Marketplace,Carte bancaire,9.67
O004781,C03123,2025-03-22,Completed,Site web,Mobile Money,7.88
O004782,C02854,2026-03-08,Completed,Site web,Mobile Money,13.86
O004783,C03238,2025-04-06,Cancelled,Site web,Mobile Money,6.01
O004784,C03428,2025-01-02,Completed,Site web,Carte bancaire,1.5
O004785,C03728,2025-06-26,Completed,Site web,Carte bancaire,5.9
O004786,C00622,2026-03-25,Completed,Marketplace,Mobile Money,8.38
O004787,C03508,2026-02-19,Completed,Marketplace,Cash,7.36
O004788,C02369,2025-06-18,Cancelled,Marketplace,Mobile Money,2.95
O004789,C00519,2025-10-12,Completed,WhatsApp,Carte bancaire,4.99
O004790,C04133,2026-06-10,Completed,Site web,Cash,3.57
O004791,C03410,2026-01-29,Pending,Marketplace,Virement,4.01
O004792,C01129,2026-02-21,Completed,Boutique,Carte bancaire,5.72
O004793,C03741,2025-02-18,Completed,Site web,Mobile Money,7.4
O004794,C03070,2025-05-13,Completed,Boutique,Carte bancaire,3.81
O004795,C01878,2025-02-27,Completed,WhatsApp,Virement,4.1
O004796,C00681,2026-06-21,Completed,WhatsApp,Carte bancaire,8.13
O004797,C03071,2025-07-07,Completed,Boutique,Carte bancaire,3.43
O004798,C03915,2025-10-01,Completed,Marketplace,Cash,3.3
O004799,C00810,2025-10-30,Completed,Boutique,Carte bancaire,12.6
O004800,C00002,2025-10-14,Cancelled,Marketplace,Virement,4.42
O004801,C00964,2025-01-29,Completed,WhatsApp,Virement,1.5
O004802,C01238,2026-05-14,Completed,Site web,Virement,2.28
O004803,C01593,2025-07-28,Completed,WhatsApp,Mobile Money,1.5
O004804,C04102,2026-05-19,Completed,WhatsApp,Virement,10.95
O004805,C04047,2026-02-24,Completed,Site web,Virement,5.78
O004806,C02817,2026-01-17,Completed,WhatsApp,Carte bancaire,2.88
O004807,C00914,2026-01-21,Completed,Site web,Mobile Money,7.68
O004808,C00890,2026-06-21,Completed,Site web,Mobile Money,11.14
O004809,C00343,2025-06-16,Completed,Boutique,Carte bancaire,5.49
O004810,C03324,2025-06-30,Completed,Marketplace,Carte bancaire,10.9
O004811,C00928,2026-01-03,Completed,Site web,Cash,4.99
O004812,C03772,2025-05-08,Completed,Boutique,Mobile Money,2.47
O004813,C02522,2026-03-17,Completed,Site web,Mobile Money,11.43
O004814,C02047,2025-01-17,Completed,WhatsApp,Carte bancaire,3.84
O004815,C03903,2026-05-07,Completed,Boutique,Cash,4.3
O004816,C00656,2025-07-09,Completed,Marketplace,Mobile Money,9.12
O004817,C01948,2025-01-03,Completed,Site web,Mobile Money,6.11
O004818,C01087,2025-11-27,Completed,Boutique,Virement,5.67
O004819,C00761,2025-05-31,Completed,Marketplace,Mobile Money,5.24
O004820,C03962,2025-06-17,Completed,Site web,Mobile Money,4.0
O004821,C02543,2025-09-21,Completed,Site web,Cash,6.54
O004822,C00677,2025-11-14,Completed,Boutique,Virement,7.46
O004823,C00451,2025-03-16,Completed,Site web,Mobile Money,5.33
O004824,C01311,2025-01-27,Completed,WhatsApp,Cash,7.7
O004825,C03502,2025-09-10,Completed,Site web,Virement,7.24
O004826,C00612,2025-07-14,Completed,WhatsApp,Cash,7.16
O004827,C03116,2025-11-16,Completed,Site web,Mobile Money,5.15
O004828,C00444,2026-02-14,Completed,Site web,Carte bancaire,4.89
O004829,C01415,2025-12-03,Completed,Site web,Mobile Money,7.11
O004830,C02193,2025-02-27,Pending,Marketplace,Mobile Money,2.4
O004831,C00542,2026-06-30,Completed,WhatsApp,Carte bancaire,14.7
O004832,C01667,2026-01-27,Completed,WhatsApp,Mobile Money,1.5
O004833,C01125,2025-01-27,Pending,Boutique,Mobile Money,4.32
O004834,C00194,2026-02-23,Completed,Site web,Carte bancaire,7.54
O004835,C00005,2026-04-28,Completed,Site web,Mobile Money,8.19
O004836,C00610,2025-11-08,Completed,WhatsApp,Cash,3.47
O004837,C03144,2026-04-02,Completed,Site web,Virement,4.05
O004838,C00159,2026-05-01,Returned,Site web,Carte bancaire,6.15
O004839,C02124,2026-06-13,Completed,Boutique,Virement,1.93
O004840,C00104,2026-06-08,Cancelled,Marketplace,Cash,2.39
O004841,C00906,2025-04-17,Pending,Site web,Carte bancaire,8.63
O004842,C00750,2025-01-20,Pending,Site web,Carte bancaire,8.45
O004843,C01428,2025-12-24,Completed,Boutique,Mobile Money,6.04
O004844,C03124,2026-01-08,Completed,Boutique,Cash,8.31
O004845,C01769,2025-11-08,Completed,Site web,Mobile Money,6.28
O004846,C00063,2025-05-10,Completed,Boutique,Virement,3.68
O004847,C00608,2026-06-04,Pending,Marketplace,Carte bancaire,2.52
O004848,C01279,2025-08-12,Completed,Site web,Carte bancaire,7.87
O004849,C01170,2026-02-11,Completed,Site web,Carte bancaire,3.98
O004850,C02373,2025-12-08,Returned,Boutique,Mobile Money,8.43
O004851,C01474,2026-05-06,Completed,Site web,Cash,5.08
O004852,C03124,2026-01-26,Pending,Site web,Mobile Money,9.9
O004853,C01061,2025-12-14,Completed,Boutique,Mobile Money,3.13
O004854,C02848,2026-04-06,Completed,Boutique,Virement,2.58
O004855,C00424,2025-01-30,Completed,WhatsApp,Mobile Money,6.62
O004856,C04152,2026-01-22,Completed,WhatsApp,Mobile Money,4.96
O004857,C04145,2025-11-18,Completed,WhatsApp,Mobile Money,6.44
O004858,C01158,2026-03-03,Completed,Boutique,Mobile Money,5.78
O004859,C00984,2025-05-03,Completed,Marketplace,Virement,4.45
O004860,C00001,2025-11-25,Pending,Boutique,Carte bancaire,5.19
O004861,C04100,2025-06-05,Completed,WhatsApp,Mobile Money,1.5
O004862,C00161,2025-03-06,Completed,Boutique,Carte bancaire,10.47
O004863,C00009,2025-11-12,Completed,Boutique,Carte bancaire,4.08
O004864,C00410,2025-01-12,Cancelled,Site web,Virement,7.31
O004865,C01239,2025-02-21,Cancelled,Site web,Carte bancaire,1.5
O004866,C04096,2025-10-18,Completed,Site web,Mobile Money,3.34
O004867,C00700,2026-05-08,Completed,WhatsApp,Cash,6.75
O004868,C02395,2026-01-28,Returned,Site web,Mobile Money,11.42
O004869,C02732,2025-01-09,Cancelled,Site web,Cash,7.32
O004870,C03358,2025-03-01,Completed,Site web,Mobile Money,7.65
O004871,C02938,2025-08-25,Completed,Site web,Carte bancaire,4.5
O004872,C04138,2025-08-24,Completed,WhatsApp,Mobile Money,5.93
O004873,C02780,2025-01-22,Completed,Boutique,Virement,5.38
O004874,C03546,2025-05-21,Completed,WhatsApp,Carte bancaire,6.89
O004875,C01344,2025-03-11,Completed,Boutique,Virement,9.69
O004876,C01712,2025-11-07,Completed,Site web,Virement,4.92
O004877,C03097,2025-12-27,Pending,Boutique,Mobile Money,6.05
O004878,C03679,2025-08-02,Completed,Boutique,Mobile Money,4.79
O004879,C00022,2025-11-10,Pending,Boutique,Cash,5.19
O004880,C01822,2025-04-21,Completed,Boutique,Carte bancaire,9.37
O004881,C03370,2026-04-12,Returned,Site web,Virement,7.31
O004882,C00479,2025-01-03,Completed,WhatsApp,Carte bancaire,6.92
O004883,C01482,2025-10-04,Completed,Boutique,Virement,5.59
O004884,C02303,2025-06-26,Completed,Site web,Carte bancaire,3.38
O004885,C00349,2025-09-05,Completed,Site web,Carte bancaire,8.06
O004886,C03847,2025-10-10,Completed,WhatsApp,Cash,8.49
O004887,C01545,2025-12-21,Completed,Site web,Carte bancaire,8.62
O004888,C03296,2026-05-25,Completed,Marketplace,Cash,5.93
O004889,C01796,2025-11-04,Completed,Boutique,Mobile Money,3.64
O004890,C01689,2025-05-05,Completed,Site web,Virement,7.9
O004891,C04058,2025-10-15,Completed,WhatsApp,Carte bancaire,9.22
O004892,C03591,2025-10-08,Completed,Boutique,Mobile Money,8.49
O004893,C02167,2026-04-19,Completed,WhatsApp,Carte bancaire,3.64
O004894,C01950,2025-11-07,Completed,WhatsApp,Carte bancaire,7.11
O004895,C03280,2026-04-21,Completed,Site web,Cash,1.5
O004896,C02876,2025-12-22,Completed,Marketplace,Carte bancaire,10.0
O004897,C04113,2025-11-10,Completed,Site web,Mobile Money,6.49
O004898,C01400,2025-06-30,Completed,Site web,Cash,6.58
O004899,C00474,2025-05-21,Completed,Site web,Mobile Money,10.63
O004900,C00818,2025-02-24,Completed,Boutique,Carte bancaire,4.22
O004901,C02217,2025-10-28,Completed,WhatsApp,Carte bancaire,6.35
O004902,C01317,2026-05-20,Cancelled,Site web,Mobile Money,3.41
O004903,C03400,2025-01-07,Completed,WhatsApp,Mobile Money,1.51
O004904,C03676,2026-06-07,Cancelled,Marketplace,Carte bancaire,6.84
O004905,C00785,2026-04-16,Completed,WhatsApp,Virement,6.7
O004906,C04158,2025-08-29,Returned,Site web,Cash,1.5
O004907,C02652,2025-06-21,Completed,Site web,Cash,8.19
O004908,C01109,2025-11-15,Completed,Site web,Mobile Money,5.87
O004909,C00845,2026-04-14,Completed,Marketplace,Mobile Money,8.26
O004910,C00695,2025-01-16,Cancelled,Site web,Mobile Money,6.71
O004911,C01979,2025-09-04,Completed,Site web,Cash,9.14
O004912,C00299,2025-01-26,Completed,Site web,Mobile Money,9.48
O004913,C00551,2025-12-19,Completed,Site web,Carte bancaire,6.6
O004914,C03167,2025-02-12,Completed,Site web,Cash,8.77
O004915,C02054,2025-06-23,Completed,Marketplace,Carte bancaire,8.65
O004916,C02218,2026-02-09,Completed,Site web,Mobile Money,2.45
O004917,C01364,2026-02-17,Completed,Site web,Mobile Money,3.35
O004918,C02336,2025-05-05,Completed,Site web,Carte bancaire,2.97
O004919,C01441,2025-10-09,Completed,Marketplace,Mobile Money,7.99
O004920,C00190,2025-04-12,Completed,Marketplace,Carte bancaire,3.88
O004921,C02387,2025-11-21,Completed,Marketplace,Mobile Money,1.5
O004922,C00341,2025-01-05,Completed,Site web,Virement,2.97
O004923,C02894,2026-03-22,Completed,Boutique,Cash,4.85
O004924,C03842,2025-01-13,Completed,WhatsApp,Carte bancaire,7.38
O004925,C02804,2025-11-30,Completed,Site web,Carte bancaire,9.88
O004926,C02423,2025-08-11,Cancelled,WhatsApp,Mobile Money,8.86
O004927,C04051,2025-05-03,Completed,Boutique,Mobile Money,6.53
O004928,C00921,2025-10-24,Completed,WhatsApp,Cash,3.52
O004929,C03251,2025-03-19,Pending,Site web,Carte bancaire,1.5
O004930,C00872,2025-11-14,Completed,Site web,Mobile Money,4.54
O004931,C00003,2025-12-20,Completed,WhatsApp,Virement,5.14
O004932,C01012,2025-09-08,Completed,Site web,Cash,6.3
O004933,C02111,2025-07-18,Completed,Site web,Mobile Money,8.68
O004934,C00268,2025-09-09,Completed,Boutique,Carte bancaire,8.01
O004935,C01171,2026-06-09,Completed,Site web,Cash,6.28
O004936,C00210,2026-02-17,Completed,Site web,Mobile Money,4.8
O004937,C01022,2025-01-04,Completed,Site web,Virement,1.5
O004938,C03024,2025-06-08,Completed,Site web,Carte bancaire,3.6
O004939,C00640,2025-01-14,Completed,Site web,Carte bancaire,3.11
O004940,C01108,2025-05-11,Completed,Boutique,Mobile Money,13.78
O004941,C00570,2026-03-03,Completed,Boutique,Mobile Money,11.98
O004942,C01615,2026-04-14,Completed,Site web,Carte bancaire,2.22
O004943,C03197,2025-09-08,Completed,WhatsApp,Mobile Money,7.18
O004944,C02257,2026-01-13,Pending,Site web,Carte bancaire,1.95
O004945,C00841,2025-07-23,Completed,Site web,Mobile Money,6.67
O004946,C01345,2025-09-19,Cancelled,Boutique,Virement,4.53
O004947,C02815,2026-03-31,Returned,Marketplace,Mobile Money,5.57
O004948,C02011,2025-05-31,Completed,Site web,Carte bancaire,9.15
O004949,C01932,2025-06-24,Completed,Boutique,Mobile Money,7.12
O004950,C03634,2025-03-16,Completed,Site web,Virement,8.61
O004951,C03441,2025-04-30,Completed,Boutique,Mobile Money,7.51
O004952,C01026,2025-01-21,Completed,WhatsApp,Mobile Money,3.8
O004953,C02958,2026-03-24,Completed,WhatsApp,Mobile Money,2.07
O004954,C03324,2026-04-13,Completed,Boutique,Virement,5.1
O004955,C03780,2025-08-19,Cancelled,Boutique,Mobile Money,5.1
O004956,C01109,2025-11-22,Completed,Marketplace,Carte bancaire,4.43
O004957,C03058,2025-05-17,Completed,Site web,Mobile Money,3.89
O004958,C00786,2025-01-26,Returned,Marketplace,Cash,6.2
O004959,C01868,2025-10-10,Pending,Boutique,Mobile Money,9.96
O004960,C00306,2025-03-28,Completed,WhatsApp,Mobile Money,1.5
O004961,C02537,2026-04-10,Completed,WhatsApp,Carte bancaire,2.27
O004962,C02874,2025-06-03,Completed,Marketplace,Mobile Money,6.78
O004963,C01877,2026-02-09,Completed,WhatsApp,Carte bancaire,1.5
O004964,C01729,2025-05-25,Completed,Site web,Virement,1.67
O004965,C01017,2025-03-11,Completed,Site web,Virement,12.35
O004966,C03236,2025-10-28,Cancelled,Site web,Mobile Money,7.69
O004967,C03824,2025-04-11,Completed,Site web,Mobile Money,14.01
O004968,C00558,2025-08-07,Completed,Site web,Mobile Money,1.5
O004969,C01159,2025-06-10,Completed,WhatsApp,Mobile Money,12.25
O004970,C02535,2026-04-29,Completed,Site web,Carte bancaire,2.07
O004971,C01537,2025-10-03,Cancelled,Site web,Carte bancaire,8.69
O004972,C00055,2026-01-30,Completed,Site web,Virement,1.5
O004973,C00088,2025-11-19,Completed,Site web,Carte bancaire,6.87
O004974,C00983,2026-05-15,Completed,WhatsApp,Carte bancaire,7.08
O004975,C04064,2025-08-29,Pending,Site web,Carte bancaire,4.65
O004976,C02561,2026-04-18,Completed,Marketplace,Mobile Money,1.82
O004977,C01073,2026-05-08,Completed,WhatsApp,Mobile Money,5.16
O004978,C00236,2026-05-20,Completed,Boutique,Mobile Money,6.72
O004979,C03176,2026-01-17,Completed,Site web,Mobile Money,2.55
O004980,C01585,2026-06-22,Cancelled,Boutique,Cash,5.38
O004981,C01654,2026-02-13,Completed,Boutique,Virement,5.81
O004982,C02359,2025-06-20,Completed,Marketplace,Mobile Money,7.36
O004983,C00960,2025-03-28,Cancelled,WhatsApp,Mobile Money,1.5
O004984,C03056,2025-04-25,Completed,Marketplace,Virement,4.22
O004985,C01318,2025-11-11,Completed,Marketplace,Carte bancaire,6.53
O004986,C02964,2025-04-01,Completed,Marketplace,Mobile Money,4.81
O004987,C02173,2025-05-11,Returned,WhatsApp,Virement,2.7
O004988,C00623,2025-12-11,Returned,Site web,Virement,8.81
O004989,C02619,2025-07-02,Completed,WhatsApp,Mobile Money,8.91
O004990,C00316,2026-01-09,Completed,Marketplace,Carte bancaire,8.26
O004991,C03004,2026-07-01,Completed,Marketplace,Virement,4.9
O004992,C01581,2025-02-18,Completed,Marketplace,Carte bancaire,5.38
O004993,C02817,2025-12-18,Completed,Site web,Carte bancaire,9.75
O004994,C01012,2026-03-26,Pending,Boutique,Mobile Money,8.4
O004995,C01711,2025-03-18,Completed,WhatsApp,Carte bancaire,9.79
O004996,C01284,2026-03-06,Completed,Boutique,Virement,6.25
O004997,C01054,2025-10-06,Completed,Site web,Carte bancaire,7.83
O004998,C01439,2025-12-11,Completed,Site web,Mobile Money,7.99
O004999,C00226,2025-01-29,Completed,Site web,Carte bancaire,10.33
O005000,C01669,2025-08-27,Completed,Site web,Carte bancaire,1.5
O005001,C00518,2025-07-21,Completed,Site web,Virement,6.37
O005002,C02179,2025-03-26,Returned,WhatsApp,Virement,8.86
O005003,C00381,2026-02-23,Completed,Site web,Carte bancaire,9.53
O005004,C00040,2025-10-05,Completed,WhatsApp,Cash,4.64
O005005,C01845,2026-04-27,Completed,Site web,Carte bancaire,7.17
O005006,C01252,2025-03-29,Completed,Site web,Mobile Money,8.21
O005007,C03683,2026-02-05,Completed,Site web,Mobile Money,9.76
O005008,C01111,2025-11-28,Completed,Site web,Mobile Money,7.07
O005009,C01678,2025-12-23,Completed,Boutique,Mobile Money,6.77
O005010,C00993,2025-06-19,Completed,Boutique,Mobile Money,5.19
O005011,C03736,2026-01-14,Pending,WhatsApp,Carte bancaire,9.36
O005012,C03313,2025-05-16,Pending,Boutique,Cash,9.73
O005013,C00723,2026-02-22,Completed,WhatsApp,Virement,9.13
O005014,C01056,2025-08-30,Completed,Boutique,Virement,8.23
O005015,C00784,2025-09-20,Completed,WhatsApp,Mobile Money,6.74
O005016,C00635,2025-11-15,Cancelled,Site web,Mobile Money,4.24
O005017,C01012,2025-02-16,Returned,Marketplace,Mobile Money,3.78
O005018,C03578,2025-07-21,Completed,WhatsApp,Carte bancaire,9.09
O005019,C01928,2025-04-22,Completed,Marketplace,Mobile Money,9.4
O005020,C01609,2026-06-13,Completed,Marketplace,Mobile Money,6.74
O005021,C00802,2025-08-20,Pending,Site web,Mobile Money,6.73
O005022,C00773,2025-01-04,Cancelled,Marketplace,Carte bancaire,6.64
O005023,C02332,2025-01-15,Completed,Site web,Cash,9.6
O005024,C03156,2026-05-16,Completed,WhatsApp,Mobile Money,8.27
O005025,C02344,2025-03-27,Completed,Boutique,Mobile Money,4.71
O005026,C02761,2025-01-01,Completed,Boutique,Mobile Money,7.53
O005027,C01099,2025-04-27,Completed,WhatsApp,Carte bancaire,1.5
O005028,C03971,2025-04-29,Completed,Site web,Mobile Money,4.15
O005029,C03455,2025-02-13,Completed,Site web,Mobile Money,1.5
O005030,C03687,2026-07-01,Completed,WhatsApp,Mobile Money,3.43
O005031,C02804,2025-02-02,Completed,Site web,Carte bancaire,3.71
O005032,C02917,2026-02-03,Completed,Site web,Mobile Money,1.5
O005033,C00298,2026-04-04,Completed,WhatsApp,Carte bancaire,9.52
O005034,C00677,2025-12-20,Completed,WhatsApp,Virement,4.47
O005035,C00557,2025-03-14,Completed,Site web,Cash,5.03
O005036,C02030,2026-02-02,Completed,Site web,Mobile Money,3.42
O005037,C02470,2025-06-30,Completed,Marketplace,Virement,7.7
O005038,C00499,2025-08-12,Completed,Boutique,Carte bancaire,10.14
O005039,C03157,2025-05-18,Completed,WhatsApp,Mobile Money,7.57
O005040,C02308,2026-03-06,Returned,WhatsApp,Mobile Money,7.04
O005041,C02501,2025-11-14,Completed,Site web,Mobile Money,1.5
O005042,C03851,2025-03-26,Completed,Site web,Virement,5.7
O005043,C02456,2025-08-12,Returned,Boutique,Cash,7.94
O005044,C00017,2026-03-12,Completed,Site web,Carte bancaire,9.6
O005045,C03229,2026-05-29,Completed,Site web,Virement,7.82
O005046,C03680,2026-05-30,Pending,WhatsApp,Mobile Money,12.26
O005047,C00351,2025-03-15,Completed,Boutique,Carte bancaire,3.81
O005048,C02266,2026-04-16,Pending,Site web,Mobile Money,3.81
O005049,C01973,2025-11-07,Completed,WhatsApp,Mobile Money,7.15
O005050,C00636,2026-02-10,Completed,Marketplace,Virement,9.83
O005051,C01160,2025-07-31,Cancelled,Marketplace,Mobile Money,10.32
O005052,C03595,2025-12-23,Completed,WhatsApp,Mobile Money,1.5
O005053,C01646,2025-05-22,Completed,Site web,Cash,6.33
O005054,C02255,2025-10-13,Completed,WhatsApp,Mobile Money,8.86
O005055,C03264,2025-05-04,Completed,Marketplace,Mobile Money,8.77
O005056,C01883,2025-08-05,Completed,Boutique,Mobile Money,7.69
O005057,C03744,2025-08-12,Completed,Marketplace,Carte bancaire,5.74
O005058,C02099,2026-04-20,Completed,WhatsApp,Mobile Money,1.5
O005059,C04141,2025-12-11,Returned,Site web,Cash,12.17
O005060,C00619,2025-12-21,Completed,Site web,Mobile Money,7.84
O005061,C03731,2025-06-05,Completed,Marketplace,Carte bancaire,3.35
O005062,C00474,2025-08-27,Completed,Site web,Mobile Money,5.03
O005063,C03416,2025-09-17,Completed,WhatsApp,Mobile Money,6.78
O005064,C02779,2026-03-07,Completed,Site web,Mobile Money,7.43
O005065,C02351,2025-04-12,Completed,Site web,Mobile Money,1.83
O005066,C03698,2025-01-30,Completed,WhatsApp,Carte bancaire,3.03
O005067,C02692,2025-10-04,Cancelled,Site web,Virement,7.5
O005068,C02917,2026-03-22,Completed,Marketplace,Virement,4.27
O005069,C03169,2026-02-07,Completed,Site web,Carte bancaire,1.5
O005070,C03532,2026-03-21,Completed,Boutique,Mobile Money,3.63
O005071,C00975,2025-08-04,Cancelled,Site web,Mobile Money,5.96
O005072,C03549,2025-05-06,Completed,Site web,Mobile Money,1.5
O005073,C02474,2025-12-28,Completed,Site web,Carte bancaire,10.9
O005074,C00135,2025-01-21,Completed,Site web,Carte bancaire,9.56
O005075,C03858,2026-05-06,Completed,WhatsApp,Carte bancaire,8.75
O005076,C03239,2026-01-27,Completed,Site web,Virement,6.27
O005077,C03745,2025-10-04,Completed,Site web,Mobile Money,2.29
O005078,C03243,2025-04-20,Pending,Marketplace,Mobile Money,3.48
O005079,C01452,2025-05-18,Completed,WhatsApp,Cash,9.97
O005080,C01470,2026-06-30,Pending,Marketplace,Mobile Money,3.62
O005081,C01162,2025-01-08,Returned,Boutique,Cash,5.9
O005082,C01722,2025-01-06,Completed,WhatsApp,Mobile Money,5.13
O005083,C00147,2025-07-10,Completed,WhatsApp,Mobile Money,5.53
O005084,C03132,2025-05-06,Completed,Marketplace,Carte bancaire,5.62
O005085,C03160,2026-01-06,Completed,Site web,Mobile Money,5.28
O005086,C04144,2025-01-24,Completed,WhatsApp,Virement,4.65
O005087,C02313,2026-03-07,Completed,Site web,Mobile Money,5.04
O005088,C04149,2026-03-05,Completed,Site web,Mobile Money,5.37
O005089,C00882,2025-05-06,Cancelled,Boutique,Mobile Money,3.17
O005090,C01991,2025-11-14,Completed,Site web,Mobile Money,1.8
O005091,C03287,2026-01-04,Completed,Site web,Carte bancaire,4.89
O005092,C03317,2026-04-10,Completed,Boutique,Mobile Money,3.37
O005093,C03250,2026-02-06,Completed,Boutique,Carte bancaire,5.8
O005094,C01958,2026-06-12,Pending,Marketplace,Mobile Money,2.8
O005095,C00307,2025-03-05,Completed,WhatsApp,Virement,1.5
O005096,C03638,2025-12-01,Completed,Site web,Carte bancaire,10.36
O005097,C01603,2026-02-28,Completed,WhatsApp,Virement,4.1
O005098,C02729,2025-05-08,Pending,Site web,Mobile Money,1.5
O005099,C00560,2025-04-30,Pending,Site web,Carte bancaire,8.23
O005100,C03934,2025-02-20,Returned,Marketplace,Carte bancaire,4.52
O005101,C01079,2026-06-25,Completed,Boutique,Mobile Money,5.8
O005102,C04189,2026-04-20,Completed,Site web,Mobile Money,6.35
O005103,C03005,2025-03-08,Completed,Site web,Carte bancaire,8.76
O005104,C01387,2025-05-15,Completed,Marketplace,Mobile Money,6.64
O005105,C01553,2025-09-09,Completed,Site web,Mobile Money,1.52
O005106,C04114,2026-05-05,Completed,Site web,Carte bancaire,2.14
O005107,C02495,2026-03-29,Completed,Site web,Mobile Money,1.5
O005108,C02909,2026-04-27,Completed,Site web,Mobile Money,4.23
O005109,C02573,2026-03-30,Pending,Site web,Mobile Money,6.89
O005110,C01000,2025-12-11,Completed,Boutique,Mobile Money,3.29
O005111,C00557,2025-06-09,Completed,Site web,Cash,3.69
O005112,C00014,2025-11-27,Completed,Site web,Virement,3.57
O005113,C01701,2025-09-28,Completed,Site web,Mobile Money,3.97
O005114,C02873,2026-06-06,Completed,Site web,Mobile Money,-5.0
O005115,C01267,2025-09-03,Completed,Site web,Virement,4.88
O005116,C00934,2026-02-19,Completed,WhatsApp,Carte bancaire,9.07
O005117,C01633,2025-04-06,Completed,Site web,Mobile Money,4.16
O005118,C00972,2026-01-10,Completed,Site web,Virement,5.85
O005119,C01827,2025-09-06,Cancelled,Marketplace,Cash,5.19
O005120,C02320,2025-08-27,Completed,Site web,Mobile Money,6.64
O005121,C01145,2026-02-18,Completed,Boutique,Virement,7.38
O005122,C00130,2025-09-23,Completed,Marketplace,Carte bancaire,5.87
O005123,C00428,2025-02-02,Completed,Site web,Virement,13.87
O005124,C01749,2025-08-02,Completed,Site web,Mobile Money,10.38
O005125,C00745,2026-06-12,Completed,Site web,Mobile Money,4.19
O005126,C03358,2026-06-03,Completed,Marketplace,Carte bancaire,9.86
O005127,C00693,2025-12-03,Cancelled,WhatsApp,Mobile Money,9.54
O005128,C00115,2025-12-16,Completed,Site web,Carte bancaire,1.97
O005129,C02602,2025-05-25,Completed,Site web,Carte bancaire,1.5
O005130,C02621,2026-03-04,Completed,Site web,Mobile Money,6.56
O005131,C02822,2025-11-25,Completed,WhatsApp,Virement,5.52
O005132,C00666,2025-01-21,Pending,Boutique,Mobile Money,1.5
O005133,C02859,2026-06-05,Completed,Site web,Virement,6.3
O005134,C03624,2026-04-13,Completed,Site web,Carte bancaire,6.06
O005135,C02541,2025-02-14,Completed,Boutique,Carte bancaire,4.1
O005136,C01641,2025-08-17,Completed,Marketplace,Virement,10.66
O005137,C02023,2026-02-11,Completed,Site web,Carte bancaire,5.25
O005138,C03411,2026-02-08,Completed,Boutique,Mobile Money,4.74
O005139,C00601,2025-04-02,Completed,Marketplace,Mobile Money,5.92
O005140,C03041,2025-01-22,Completed,Site web,Carte bancaire,1.83
O005141,C01133,2026-06-24,Completed,Site web,Virement,3.17
O005142,C03687,2026-05-05,Completed,Site web,Carte bancaire,1.5
O005143,C00588,2026-02-09,Completed,Site web,Mobile Money,7.08
O005144,C02171,2025-12-28,Completed,Site web,Cash,8.67
O005145,C01683,2026-01-12,Completed,Boutique,Carte bancaire,6.77
O005146,C02042,2025-09-08,Completed,Boutique,Carte bancaire,6.54
O005147,C01606,2026-01-11,Cancelled,WhatsApp,Virement,5.65
O005148,C00158,2025-06-16,Cancelled,Boutique,Mobile Money,10.42
O005149,C03604,2025-02-15,Pending,Marketplace,Carte bancaire,5.44
O005150,C02243,2025-06-20,Completed,Boutique,Mobile Money,8.57
O005151,C02522,2025-06-11,Completed,Marketplace,Mobile Money,8.26
O005152,C02193,2025-06-16,Completed,Marketplace,Mobile Money,1.75
O005153,C02221,2025-09-16,Cancelled,Site web,Virement,7.84
O005154,C02547,2025-03-13,Returned,Marketplace,Virement,2.53
O005155,C01762,2025-08-12,Completed,Marketplace,Mobile Money,4.19
O005156,C00551,2025-09-12,Completed,Site web,Mobile Money,5.33
O005157,C00123,2025-04-14,Completed,WhatsApp,Mobile Money,9.63
O005158,C02268,2025-09-06,Completed,Site web,Mobile Money,3.72
O005159,C00782,2026-01-05,Completed,Site web,Carte bancaire,6.87
O005160,C01907,2025-08-14,Completed,WhatsApp,Carte bancaire,1.5
O005161,C02542,2025-01-02,Completed,Site web,Mobile Money,5.31
O005162,C02504,2026-01-21,Completed,WhatsApp,Carte bancaire,4.44
O005163,C00708,2025-11-14,Completed,WhatsApp,Carte bancaire,9.66
O005164,C02775,2025-08-19,Pending,Site web,Mobile Money,3.63
O005165,C03952,2025-01-13,Completed,Boutique,Carte bancaire,1.5
O005166,C01518,2025-02-18,Completed,Marketplace,Carte bancaire,4.58
O005167,C00498,2025-02-13,Completed,Site web,Carte bancaire,4.03
O005168,C02118,2026-04-12,Completed,Site web,Carte bancaire,6.61
O005169,C02591,2025-06-19,Returned,Site web,Virement,9.85
O005170,C01660,2025-08-21,Completed,Site web,Carte bancaire,4.88
O005171,C02518,2026-01-17,Completed,WhatsApp,Virement,6.99
O005172,C03216,2025-12-26,Completed,Site web,Carte bancaire,5.59
O005173,C02428,2025-02-05,Completed,WhatsApp,Mobile Money,7.39
O005174,C03345,2026-05-25,Completed,Site web,Mobile Money,2.96
O005175,C00614,2025-05-26,Completed,Boutique,Carte bancaire,5.83
O005176,C01231,2026-02-25,Completed,Site web,Virement,8.73
O005177,C02333,2026-04-01,Completed,Marketplace,Carte bancaire,3.61
O005178,C01091,2025-10-23,Completed,Site web,Mobile Money,5.38
O005179,C04177,2025-03-30,Completed,Site web,Mobile Money,5.69
O005180,C02849,2025-10-26,Pending,Site web,Mobile Money,1.5
O005181,C01731,2025-05-15,Completed,WhatsApp,Mobile Money,8.06
O005182,C03251,2026-04-11,Completed,Marketplace,Carte bancaire,4.18
O005183,C04130,2026-02-18,Completed,WhatsApp,Mobile Money,5.75
O005184,C00046,2026-03-28,Completed,Site web,Mobile Money,7.74
O005185,C02339,2026-03-30,Completed,Boutique,Carte bancaire,8.04
O005186,C01796,2025-04-08,Completed,Site web,Cash,2.33
O005187,C03172,2025-01-17,Cancelled,WhatsApp,Cash,7.14
O005188,C01293,2025-12-10,Completed,Site web,Mobile Money,8.85
O005189,C01368,2025-12-03,Completed,Boutique,Mobile Money,3.93
O005190,C03220,2026-04-20,Pending,Marketplace,Cash,8.28
O005191,C03741,2025-12-16,Completed,Site web,Virement,7.14
O005192,C00603,2026-03-17,Completed,Site web,Carte bancaire,7.38
O005193,C02583,2025-07-11,Completed,Boutique,Carte bancaire,8.49
O005194,C03269,2025-03-10,Completed,WhatsApp,Carte bancaire,3.25
O005195,C00691,2025-01-21,Completed,WhatsApp,Carte bancaire,3.08
O005196,C02778,2025-08-27,Returned,WhatsApp,Virement,9.4
O005197,C04115,2025-01-02,Completed,Site web,Carte bancaire,4.99
O005198,C03541,2025-10-11,Completed,Boutique,Carte bancaire,1.58
O005199,C00817,2025-08-08,Cancelled,Site web,Cash,5.46
O005200,C04160,2025-05-22,Completed,WhatsApp,Cash,5.63
O005201,C01500,2025-11-20,Completed,Site web,Mobile Money,6.69
O005202,C02002,2026-01-08,Returned,Site web,Cash,4.8
O005203,C01225,2025-01-22,Completed,Boutique,Mobile Money,11.17
O005204,C02938,2025-09-18,Completed,Site web,Mobile Money,3.27
O005205,C00529,2026-05-30,Completed,WhatsApp,Mobile Money,1.5
O005206,C02982,2025-06-13,Completed,Marketplace,Mobile Money,1.56
O005207,C00233,2026-03-05,Cancelled,WhatsApp,Mobile Money,3.75
O005208,C03548,2025-07-04,Completed,Boutique,Cash,7.38
O005209,C01370,2025-05-29,Pending,Marketplace,Mobile Money,5.34
O005210,C02177,2026-04-15,Completed,Boutique,Cash,6.99
O005211,C00958,2025-07-15,Completed,Site web,Mobile Money,3.94
O005212,C00453,2026-04-20,Pending,Site web,Mobile Money,7.18
O005213,C00098,2025-12-25,Cancelled,Site web,Mobile Money,1.5
O005214,C04114,2026-03-22,Pending,Site web,Carte bancaire,6.42
O005215,C00573,2026-03-23,Completed,Site web,Cash,7.74
O005216,C00239,2026-05-16,Completed,Site web,Mobile Money,3.17
O005217,C02158,2025-11-01,Completed,Site web,Mobile Money,10.98
O005218,C04042,2026-06-06,Completed,Site web,Virement,1.5
O005219,C00349,2025-02-02,Cancelled,Site web,Carte bancaire,8.04
O005220,C01073,2025-09-27,Returned,Site web,Mobile Money,8.44
O005221,C02335,2025-08-06,Completed,Boutique,Mobile Money,3.34
O005222,C02069,2025-02-22,Completed,Marketplace,Carte bancaire,6.89
O005223,C00613,2026-04-24,Cancelled,WhatsApp,Mobile Money,3.36
O005224,C03993,2026-03-15,Completed,Marketplace,Carte bancaire,6.81
O005225,C01505,2026-02-15,Completed,Site web,Virement,5.27
O005226,C02842,2025-12-14,Completed,Boutique,Mobile Money,5.93
O005227,C01924,2025-11-26,Completed,Site web,Carte bancaire,4.18
O005228,C02460,2025-07-28,Cancelled,WhatsApp,Cash,4.19
O005229,C03799,2026-01-10,Completed,WhatsApp,Mobile Money,3.61
O005230,C01369,2026-06-19,Completed,Boutique,Mobile Money,7.86
O005231,C03421,2025-05-18,Completed,Site web,Carte bancaire,10.94
O005232,C01229,2025-07-05,Completed,Site web,Carte bancaire,12.76
O005233,C01332,2025-03-01,Cancelled,Boutique,Carte bancaire,8.74
O005234,C00138,2026-05-13,Pending,WhatsApp,Cash,5.92
O005235,C01457,2025-10-18,Completed,Site web,Mobile Money,8.93
O005236,C02463,2025-11-21,Cancelled,Site web,Mobile Money,6.99
O005237,C02688,2025-05-27,Completed,Site web,Mobile Money,4.91
O005238,C01807,2025-01-21,Completed,Site web,Virement,11.86
O005239,C01498,2026-03-18,Completed,WhatsApp,Mobile Money,8.88
O005240,C00943,2026-04-17,Completed,Site web,Carte bancaire,3.72
O005241,C03798,2025-07-06,Completed,Boutique,Cash,8.84
O005242,C01614,2026-02-22,Cancelled,Boutique,Mobile Money,7.68
O005243,C01286,2025-11-10,Completed,Site web,Mobile Money,3.14
O005244,C03952,2025-12-19,Completed,Site web,Virement,6.18
O005245,C02675,2025-04-05,Returned,Marketplace,Mobile Money,5.79
O005246,C03564,2025-12-03,Completed,Marketplace,Mobile Money,1.5
O005247,C01633,2025-03-30,Completed,Marketplace,Carte bancaire,1.74
O005248,C01808,2025-04-30,Completed,Boutique,Carte bancaire,9.24
O005249,C03065,2025-07-15,Completed,Marketplace,Mobile Money,3.82
O005250,C04116,2025-04-28,Completed,Site web,Virement,7.75
O005251,C03313,2026-05-14,Completed,Site web,Virement,9.79
O005252,C01941,2025-01-16,Cancelled,Site web,Mobile Money,1.5
O005253,C02512,2026-05-11,Completed,WhatsApp,Mobile Money,10.83
O005254,C01467,2025-03-26,Completed,Site web,Carte bancaire,5.48
O005255,C01917,2026-04-22,Completed,WhatsApp,Carte bancaire,7.16
O005256,C01630,2025-07-04,Completed,Site web,Carte bancaire,11.81
O005257,C00418,2026-05-20,Completed,WhatsApp,Mobile Money,8.89
O005258,C03674,2025-10-24,Completed,Marketplace,Carte bancaire,5.46
O005259,C00575,2025-09-26,Completed,Boutique,Mobile Money,4.4
O005260,C01125,2025-03-13,Completed,Site web,Mobile Money,4.65
O005261,C01064,2025-08-26,Completed,Site web,Carte bancaire,4.3
O005262,C00933,2025-11-02,Completed,Site web,Cash,9.79
O005263,C02090,2026-06-23,Completed,WhatsApp,Mobile Money,7.62
O005264,C04035,2025-05-25,Completed,Site web,Carte bancaire,6.63
O005265,C01380,2025-02-15,Completed,Boutique,Mobile Money,5.34
O005266,C03084,2025-05-20,Completed,Marketplace,Mobile Money,8.18
O005267,C03078,2025-05-14,Cancelled,Site web,Mobile Money,1.5
O005268,C03208,2026-06-04,Completed,Site web,Virement,11.59
O005269,C02615,2025-03-24,Completed,Site web,Mobile Money,5.2
O005270,C03110,2026-06-28,Completed,Boutique,Virement,3.14
O005271,C03199,2025-03-03,Completed,Site web,Mobile Money,9.44
O005272,C02869,2026-03-21,Completed,Boutique,Carte bancaire,9.37
O005273,C02346,2025-08-16,Completed,Site web,Carte bancaire,5.78
O005274,C00384,2025-01-30,Completed,Site web,Carte bancaire,9.98
O005275,C02135,2025-12-03,Completed,Boutique,Cash,9.01
O005276,C03166,2026-02-04,Completed,Site web,Cash,7.14
O005277,C01437,2026-04-05,Cancelled,Boutique,Virement,1.5
O005278,C01046,2025-04-08,Completed,Site web,Mobile Money,6.38
O005279,C02496,2025-12-05,Completed,Boutique,Virement,6.03
O005280,C00557,2025-11-08,Completed,Marketplace,Cash,5.25
O005281,C03021,2025-08-31,Completed,Site web,Mobile Money,4.89
O005282,C04129,2026-05-05,Completed,WhatsApp,Mobile Money,8.25
O005283,C02034,2025-08-20,Completed,WhatsApp,Carte bancaire,2.27
O005284,C00118,2025-07-28,Completed,Site web,Carte bancaire,9.58
O005285,C01141,2025-10-15,Completed,WhatsApp,Mobile Money,5.85
O005286,C00133,2026-05-25,Completed,Site web,Mobile Money,3.47
O005287,C01930,2026-04-21,Returned,Boutique,Mobile Money,5.13
O005288,C01302,2026-01-24,Completed,WhatsApp,Carte bancaire,6.6
O005289,C03248,2025-02-14,Completed,Site web,Mobile Money,10.33
O005290,C03546,2025-06-14,Completed,Boutique,Cash,8.13
O005291,C01827,2025-01-09,Completed,Boutique,Carte bancaire,9.54
O005292,C04108,2025-02-22,Completed,Site web,Mobile Money,5.81
O005293,C01889,2026-04-01,Completed,Site web,Carte bancaire,5.36
O005294,C00498,2026-03-23,Completed,Site web,Mobile Money,11.57
O005295,C03815,2025-02-26,Completed,Marketplace,Virement,5.59
O005296,C01661,2025-09-09,Completed,Site web,Virement,4.36
O005297,C03719,2025-06-03,Completed,Site web,Carte bancaire,4.05
O005298,C03085,2025-02-09,Completed,Site web,Mobile Money,6.88
O005299,C03947,2025-07-29,Completed,Site web,Carte bancaire,2.75
O005300,C02712,2025-02-26,Completed,Site web,Carte bancaire,6.55
O005301,C02490,2026-02-08,Returned,Site web,Mobile Money,6.49
O005302,C00981,2026-06-14,Completed,Site web,Virement,7.77
O005303,C01174,2025-08-20,Completed,Site web,Mobile Money,1.5
O005304,C01383,2025-05-14,Completed,Boutique,Virement,1.5
O005305,C01301,2025-10-01,Completed,WhatsApp,Mobile Money,4.69
O005306,C02497,2026-06-14,Completed,WhatsApp,Carte bancaire,5.58
O005307,C03655,2025-03-29,Completed,Site web,Mobile Money,2.65
O005308,C00149,2026-01-09,Completed,Marketplace,Mobile Money,1.89
O005309,C02599,2025-02-21,Completed,Site web,Mobile Money,7.3
O005310,C03185,2025-06-14,Completed,Boutique,Carte bancaire,5.06
O005311,C01862,2025-08-29,Completed,Boutique,Cash,8.43
O005312,C01157,2025-07-30,Pending,Site web,Mobile Money,1.87
O005313,C01817,2025-04-08,Completed,Site web,Cash,5.68
O005314,C03480,2026-03-02,Completed,Boutique,Mobile Money,11.02
O005315,C03841,2026-01-04,Completed,WhatsApp,Cash,5.11
O005316,C02872,2025-08-27,Completed,Marketplace,Mobile Money,4.25
O005317,C02040,2025-08-18,Completed,Boutique,Carte bancaire,8.74
O005318,C02711,2025-02-10,Cancelled,Marketplace,Virement,9.66
O005319,C02844,2025-12-28,Pending,WhatsApp,Mobile Money,4.09
O005320,C03223,2025-05-06,Completed,WhatsApp,Cash,4.31
O005321,C00608,2025-06-14,Completed,Marketplace,Cash,8.6
O005322,C00316,2026-04-17,Completed,Boutique,Mobile Money,6.9
O005323,C01452,2025-12-18,Completed,Site web,Mobile Money,6.97
O005324,C01092,2026-01-17,Returned,WhatsApp,Mobile Money,6.71
O005325,C02583,2025-05-26,Completed,Site web,Mobile Money,5.85
O005326,C02192,2025-10-02,Completed,Marketplace,Carte bancaire,9.01
O005327,C03858,2025-01-08,Pending,WhatsApp,Mobile Money,10.17
O005328,C03265,2025-05-15,Completed,Site web,Carte bancaire,2.91
O005329,C00621,2026-03-15,Completed,Marketplace,Mobile Money,8.66
O005330,C03567,2025-09-18,Returned,Site web,Virement,5.87
O005331,C03238,2025-12-14,Pending,Site web,Mobile Money,2.14
O005332,C01605,2026-03-09,Completed,Site web,Carte bancaire,3.23
O005333,C00244,2026-05-29,Completed,Site web,Carte bancaire,4.77
O005334,C03334,2025-02-14,Cancelled,Site web,Mobile Money,9.17
O005335,C00812,2025-11-15,Completed,WhatsApp,Virement,2.9
O005336,C00926,2026-06-30,Cancelled,Site web,Mobile Money,1.5
O005337,C01976,2025-04-20,Completed,Marketplace,Carte bancaire,5.21
O005338,C00347,2026-04-17,Completed,Site web,Mobile Money,4.57
O005339,C01678,2025-11-14,Completed,Site web,Mobile Money,9.21
O005340,C01036,2025-06-24,Completed,Site web,Cash,6.77
O005341,C00223,2026-03-06,Completed,Site web,Mobile Money,8.14
O005342,C03794,2026-04-23,Completed,Boutique,Mobile Money,4.82
O005343,C01096,2025-03-20,Cancelled,Marketplace,Mobile Money,2.35
O005344,C02285,2026-01-09,Completed,Site web,Carte bancaire,9.94
O005345,C03431,2026-05-29,Completed,Site web,Virement,4.23
O005346,C02022,2026-01-01,Completed,Site web,Mobile Money,7.94
O005347,C01231,2025-10-27,Completed,WhatsApp,Carte bancaire,4.9
O005348,C03123,2025-03-18,Completed,Site web,Virement,7.97
O005349,C02907,2025-09-04,Pending,Site web,Virement,6.91
O005350,C00043,2026-05-12,Completed,Boutique,Virement,6.38
O005351,C03441,2026-03-14,Completed,Boutique,Mobile Money,7.24
O005352,C00497,2025-09-04,Completed,Site web,Mobile Money,5.28
O005353,C03098,2025-06-19,Completed,WhatsApp,Carte bancaire,1.5
O005354,C00419,2026-03-17,Completed,Boutique,Carte bancaire,6.87
O005355,C00276,2026-06-15,Completed,Site web,Virement,9.44
O005356,C00512,2025-06-14,Completed,WhatsApp,Cash,5.87
O005357,C03111,2026-03-21,Completed,Site web,Carte bancaire,5.06
O005358,C01905,2025-06-18,Completed,Site web,Carte bancaire,6.78
O005359,C02527,2026-03-30,Completed,Site web,Carte bancaire,8.94
O005360,C01179,2026-06-13,Completed,Boutique,Mobile Money,5.16
O005361,C00504,2025-12-30,Completed,WhatsApp,Carte bancaire,1.52
O005362,C03301,2025-09-30,Returned,Boutique,Mobile Money,6.47
O005363,C03498,2025-06-22,Completed,Site web,Carte bancaire,7.09
O005364,C03524,2025-02-02,Completed,WhatsApp,Virement,6.52
O005365,C00273,2025-01-29,Completed,Marketplace,Cash,4.52
O005366,C03885,2026-04-03,Completed,Site web,Carte bancaire,7.0
O005367,C02276,2025-12-29,Completed,WhatsApp,Mobile Money,5.31
O005368,C00824,2025-05-05,Completed,WhatsApp,Mobile Money,4.69
O005369,C00835,2025-10-30,Completed,Marketplace,Cash,5.14
O005370,C02112,2026-04-27,Pending,WhatsApp,Mobile Money,6.52
O005371,C02536,2025-12-21,Completed,WhatsApp,Mobile Money,6.84
O005372,C00205,2026-05-18,Completed,Boutique,Mobile Money,4.46
O005373,C02084,2025-03-06,Completed,Marketplace,Virement,6.6
O005374,C01008,2025-02-09,Completed,Marketplace,Mobile Money,7.15
O005375,C03856,2026-01-01,Completed,Site web,Mobile Money,7.67
O005376,C02584,2025-11-16,Completed,WhatsApp,Carte bancaire,7.45
O005377,C01562,2026-01-13,Pending,Site web,Carte bancaire,9.91
O005378,C01775,2026-06-22,Completed,Site web,Carte bancaire,8.06
O005379,C03517,2025-03-01,Completed,WhatsApp,Mobile Money,12.01
O005380,C02901,2026-05-26,Completed,Site web,Mobile Money,9.09
O005381,C01628,2025-02-03,Completed,Boutique,Mobile Money,9.0
O005382,C03525,2025-10-15,Completed,Site web,Cash,2.32
O005383,C02612,2026-04-01,Completed,Boutique,Mobile Money,8.27
O005384,C00251,2026-01-08,Pending,Site web,Mobile Money,8.55
O005385,C02649,2025-05-03,Completed,Site web,Mobile Money,5.87
O005386,C03943,2025-11-28,Returned,WhatsApp,Carte bancaire,1.5
O005387,C03626,2026-05-10,Returned,Boutique,Mobile Money,1.5
O005388,C00179,2025-04-22,Completed,WhatsApp,Virement,5.16
O005389,C03704,2026-05-29,Completed,Boutique,Virement,4.39
O005390,C04124,2025-12-24,Completed,Boutique,Carte bancaire,1.53
O005391,C00684,2025-02-17,Completed,Site web,Virement,7.16
O005392,C02679,2025-07-02,Completed,Site web,Mobile Money,2.6
O005393,C03172,2026-04-18,Completed,Site web,Mobile Money,-5.0
O005394,C00182,2025-07-05,Completed,Site web,Mobile Money,12.19
O005395,C03477,2026-06-03,Pending,WhatsApp,Mobile Money,7.51
O005396,C01654,2025-08-19,Pending,Site web,Mobile Money,4.72
O005397,C01258,2025-07-07,Cancelled,Site web,Carte bancaire,1.76
O005398,C01085,2026-04-12,Completed,Site web,Virement,3.34
O005399,C02124,2026-03-07,Completed,WhatsApp,Cash,4.13
O005400,C03355,2025-05-11,Completed,Marketplace,Mobile Money,4.37
O005401,C03451,2026-03-04,Completed,Boutique,Carte bancaire,5.03
O005402,C00947,2025-05-18,Cancelled,Site web,Virement,2.46
O005403,C03474,2026-05-06,Pending,Site web,Mobile Money,3.38
O005404,C03471,2025-01-05,Completed,Site web,Carte bancaire,1.5
O005405,C00258,2025-12-29,Completed,Site web,Carte bancaire,1.5
O005406,C01312,2025-03-26,Completed,WhatsApp,Mobile Money,1.5
O005407,C00064,2026-01-06,Completed,Marketplace,Carte bancaire,4.17
O005408,C04155,2026-06-21,Completed,Site web,Carte bancaire,5.08
O005409,C01984,2026-01-01,Completed,Site web,Mobile Money,7.4
O005410,C01136,2025-08-26,Pending,Site web,Cash,7.25
O005411,C03756,2026-03-28,Completed,WhatsApp,Mobile Money,7.87
O005412,C02877,2025-04-17,Completed,Marketplace,Cash,5.09
O005413,C03949,2025-10-25,Completed,Site web,Carte bancaire,7.97
O005414,C03361,2026-06-14,Completed,WhatsApp,Mobile Money,1.5
O005415,C04013,2025-07-15,Completed,Site web,Mobile Money,7.81
O005416,C00910,2025-01-15,Completed,WhatsApp,Virement,5.88
O005417,C00857,2025-08-30,Completed,Site web,Mobile Money,8.89
O005418,C00319,2025-09-23,Completed,Site web,Mobile Money,1.5
O005419,C01440,2026-03-21,Completed,Boutique,Carte bancaire,8.74
O005420,C02316,2026-03-17,Pending,Site web,Cash,1.5
O005421,C02374,2025-07-06,Completed,Site web,Mobile Money,9.36
O005422,C02844,2026-02-28,Completed,Site web,Mobile Money,3.47
O005423,C03080,2025-03-20,Completed,Site web,Virement,7.25
O005424,C03433,2025-04-14,Completed,WhatsApp,Carte bancaire,5.74
O005425,C02184,2025-11-28,Completed,Site web,Mobile Money,9.04
O005426,C01146,2026-01-23,Cancelled,WhatsApp,Carte bancaire,6.45
O005427,C01846,2026-03-19,Completed,WhatsApp,Carte bancaire,10.71
O005428,C03664,2025-12-08,Completed,Site web,Mobile Money,3.84
O005429,C03428,2025-03-11,Completed,Site web,Mobile Money,2.9
O005430,C03847,2026-01-06,Pending,WhatsApp,Carte bancaire,4.04
O005431,C02269,2025-08-24,Completed,WhatsApp,Mobile Money,7.9
O005432,C03273,2025-05-26,Completed,Boutique,Virement,8.02
O005433,C01736,2025-07-05,Completed,WhatsApp,Carte bancaire,2.14
O005434,C00032,2026-03-21,Completed,Boutique,Mobile Money,3.46
O005435,C03124,2025-04-08,Completed,WhatsApp,Cash,6.87
O005436,C00367,2025-11-03,Cancelled,Boutique,Virement,9.74
O005437,C02668,2025-02-15,Pending,WhatsApp,Carte bancaire,3.89
O005438,C04191,2026-02-02,Completed,Marketplace,Carte bancaire,1.72
O005439,C00108,2025-03-24,Completed,Boutique,Carte bancaire,9.01
O005440,C03083,2026-05-30,Cancelled,Site web,Mobile Money,1.5
O005441,C03647,2026-04-29,Completed,Boutique,Carte bancaire,7.62
O005442,C02633,2026-04-14,Completed,Site web,Mobile Money,1.5
O005443,C02898,2025-07-11,Completed,Marketplace,Cash,5.64
O005444,C03786,2026-03-05,Completed,Site web,Mobile Money,4.94
O005445,C03265,2025-03-15,Completed,WhatsApp,Carte bancaire,3.65
O005446,C00167,2025-06-08,Completed,Site web,Mobile Money,10.32
O005447,C03252,2025-03-14,Completed,Marketplace,Carte bancaire,5.75
O005448,C03181,2025-01-30,Completed,Marketplace,Mobile Money,5.5
O005449,C00959,2025-07-21,Completed,WhatsApp,Mobile Money,5.23
O005450,C02750,2025-11-11,Completed,Site web,Carte bancaire,3.7
O005451,C03536,2026-04-18,Completed,Boutique,Carte bancaire,11.48
O005452,C03563,2025-01-19,Completed,Site web,Mobile Money,4.87
O005453,C03658,2025-08-12,Returned,Marketplace,Mobile Money,11.56
O005454,C03268,2026-01-27,Pending,Site web,Carte bancaire,3.52
O005455,C00513,2025-04-21,Completed,WhatsApp,Mobile Money,6.05
O005456,C02037,2026-02-08,Completed,Site web,Virement,4.57
O005457,C00979,2025-11-09,Completed,Marketplace,Carte bancaire,3.59
O005458,C00299,2025-11-05,Completed,WhatsApp,Virement,5.43
O005459,C01107,2025-03-10,Completed,Marketplace,Cash,10.99
O005460,C03820,2025-04-03,Cancelled,Site web,Mobile Money,9.86
O005461,C02512,2026-04-26,Returned,WhatsApp,Carte bancaire,6.07
O005462,C03207,2026-04-25,Completed,Site web,Carte bancaire,1.9
O005463,C02112,2025-09-05,Completed,Boutique,Carte bancaire,6.97
O005464,C01497,2025-11-23,Completed,Site web,Carte bancaire,4.41
O005465,C02028,2025-10-24,Completed,Site web,Cash,3.1
O005466,C04133,2025-10-10,Completed,WhatsApp,Carte bancaire,7.92
O005467,C01206,2026-01-26,Cancelled,Site web,Virement,2.16
O005468,C01307,2025-11-08,Pending,Boutique,Carte bancaire,6.31
O005469,C03559,2025-03-10,Pending,Boutique,Virement,7.34
O005470,C01557,2025-02-15,Completed,WhatsApp,Mobile Money,7.98
O005471,C03797,2026-04-11,Completed,WhatsApp,Mobile Money,2.15
O005472,C04094,2026-02-10,Completed,Site web,Cash,11.02
O005473,C00278,2025-04-19,Completed,Site web,Virement,6.8
O005474,C02807,2025-02-03,Completed,Boutique,Carte bancaire,5.92
O005475,C00396,2025-05-01,Completed,Site web,Carte bancaire,1.94
O005476,C03693,2025-11-13,Completed,Marketplace,Mobile Money,3.45
O005477,C00484,2025-11-16,Completed,WhatsApp,Mobile Money,4.84
O005478,C03729,2025-04-03,Cancelled,Site web,Mobile Money,5.83
O005479,C03232,2025-04-07,Completed,Site web,Cash,6.94
O005480,C02254,2025-04-24,Completed,WhatsApp,Mobile Money,4.85
O005481,C00874,2025-08-31,Completed,Marketplace,Mobile Money,10.25
O005482,C01122,2025-05-08,Completed,Boutique,Carte bancaire,4.77
O005483,C01812,2025-09-08,Completed,WhatsApp,Carte bancaire,6.49
O005484,C03560,2025-01-08,Completed,Marketplace,Virement,9.32
O005485,C03771,2026-05-28,Completed,Site web,Mobile Money,4.26
O005486,C02108,2026-05-04,Pending,Site web,Mobile Money,1.81
O005487,C00979,2025-07-05,Completed,Boutique,Carte bancaire,4.67
O005488,C02371,2026-03-17,Completed,WhatsApp,Carte bancaire,8.65
O005489,C03493,2025-10-21,Pending,Site web,Cash,6.12
O005490,C02274,2025-01-18,Completed,Boutique,Carte bancaire,7.94
O005491,C03741,2025-06-06,Cancelled,Site web,Virement,1.97
O005492,C00041,2025-02-01,Completed,WhatsApp,Cash,1.5
O005493,C02109,2026-01-23,Completed,Boutique,Mobile Money,7.65
O005494,C00193,2026-03-06,Completed,Site web,Mobile Money,6.96
O005495,C02570,2025-12-05,Completed,Boutique,Mobile Money,3.17
O005496,C02589,2025-01-04,Completed,Marketplace,Cash,2.48
O005497,C01312,2025-05-10,Completed,Site web,Mobile Money,5.42
O005498,C03337,2025-09-15,Completed,Site web,Carte bancaire,5.78
O005499,C03996,2025-03-21,Completed,Marketplace,Carte bancaire,2.26
O005500,C01920,2025-02-28,Completed,WhatsApp,Virement,5.71
O005501,C01827,2025-06-16,Completed,Site web,Mobile Money,1.56
O005502,C00800,2025-11-21,Completed,Site web,Mobile Money,4.01
O005503,C00119,2025-02-18,Completed,Site web,Mobile Money,1.97
O005504,C01708,2026-07-02,Completed,WhatsApp,Carte bancaire,5.59
O005505,C01855,2025-09-09,Completed,Boutique,Mobile Money,4.0
O005506,C03227,2025-04-05,Completed,WhatsApp,Mobile Money,9.97
O005507,C03621,2025-01-11,Completed,Site web,Mobile Money,6.83
O005508,C00457,2026-06-09,Completed,Marketplace,Mobile Money,1.98
O005509,C00641,2025-11-22,Completed,Site web,Cash,8.65
O005510,C02353,2026-04-20,Completed,Site web,Mobile Money,5.33
O005511,C01578,2026-03-02,Completed,Marketplace,Mobile Money,8.19
O005512,C02950,2026-06-25,Completed,Site web,Mobile Money,2.04
O005513,C01355,2026-05-03,Completed,WhatsApp,Mobile Money,7.72
O005514,C01747,2026-02-24,Completed,Boutique,Carte bancaire,12.07
O005515,C01866,2026-04-12,Completed,Site web,Cash,7.67
O005516,C02526,2026-04-15,Completed,WhatsApp,Mobile Money,4.14
O005517,C00293,2025-05-20,Completed,Marketplace,Carte bancaire,9.37
O005518,C03711,2025-11-22,Completed,Site web,Virement,3.87
O005519,C01424,2026-06-25,Completed,Marketplace,Carte bancaire,7.37
O005520,C00894,2026-04-21,Pending,Site web,Virement,12.66
O005521,C02690,2025-02-27,Completed,Boutique,Mobile Money,4.18
O005522,C00568,2025-03-03,Completed,Site web,Mobile Money,7.46
O005523,C02479,2025-04-20,Completed,WhatsApp,Carte bancaire,11.94
O005524,C00256,2026-02-11,Completed,WhatsApp,Carte bancaire,8.88
O005525,C01108,2025-08-04,Returned,Site web,Mobile Money,8.06
O005526,C03051,2025-12-11,Completed,Site web,Cash,1.5
O005527,C01562,2025-03-18,Pending,Boutique,Mobile Money,3.04
O005528,C03783,2025-02-02,Completed,Boutique,Cash,8.52
O005529,C01495,2026-02-27,Completed,Site web,Mobile Money,4.99
O005530,C02900,2025-06-09,Completed,Boutique,Virement,4.44
O005531,C00126,2025-01-24,Completed,Site web,Mobile Money,9.45
O005532,C04102,2025-04-29,Pending,WhatsApp,Carte bancaire,7.91
O005533,C02587,2025-06-27,Completed,WhatsApp,Carte bancaire,3.46
O005534,C02975,2025-08-11,Completed,Boutique,Carte bancaire,8.21
O005535,C01367,2026-05-07,Completed,WhatsApp,Virement,3.04
O005536,C01212,2025-04-19,Completed,Site web,Carte bancaire,1.5
O005537,C01835,2025-11-28,Completed,Site web,Mobile Money,6.87
O005538,C01074,2025-05-31,Completed,Site web,Virement,2.19
O005539,C00088,2025-10-01,Completed,WhatsApp,Carte bancaire,2.14
O005540,C02801,2025-06-12,Pending,Site web,Carte bancaire,2.84
O005541,C03010,2025-07-08,Returned,Site web,Mobile Money,6.39
O005542,C02839,2025-11-25,Completed,Site web,Carte bancaire,8.25
O005543,C02327,2025-11-20,Completed,Site web,Carte bancaire,5.01
O005544,C02201,2025-03-15,Completed,WhatsApp,Cash,2.27
O005545,C04140,2025-03-27,Completed,Marketplace,Mobile Money,2.5
O005546,C02213,2025-05-13,Completed,Site web,Mobile Money,1.5
O005547,C02965,2026-05-08,Cancelled,Site web,Carte bancaire,8.03
O005548,C01750,2025-06-23,Completed,Site web,Carte bancaire,3.17
O005549,C00139,2025-11-13,Completed,WhatsApp,Carte bancaire,6.55
O005550,C01470,2025-09-04,Completed,WhatsApp,Virement,1.5
O005551,C03030,2025-07-14,Completed,Site web,Cash,9.68
O005552,C02664,2025-01-21,Pending,Site web,Cash,5.83
O005553,C02914,2025-08-30,Pending,Marketplace,Mobile Money,1.5
O005554,C03140,2026-07-02,Completed,WhatsApp,Mobile Money,4.05
O005555,C00917,2026-05-31,Completed,Boutique,Mobile Money,6.41
O005556,C03417,2025-06-14,Cancelled,Site web,Cash,3.21
O005557,C03001,2025-10-20,Completed,Boutique,Virement,6.95
O005558,C01293,2025-06-07,Completed,Boutique,Mobile Money,9.7
O005559,C02116,2026-05-20,Completed,Site web,Mobile Money,8.6
O005560,C03603,2025-11-01,Completed,Site web,Cash,5.78
O005561,C00703,2026-05-20,Completed,Site web,Mobile Money,10.14
O005562,C01272,2026-04-14,Completed,Boutique,Carte bancaire,6.44
O005563,C00807,2025-06-29,Completed,Site web,Carte bancaire,5.48
O005564,C01281,2025-09-08,Completed,Site web,Mobile Money,5.55
O005565,C00860,2025-11-09,Completed,WhatsApp,Mobile Money,6.12
O005566,C03386,2025-05-17,Completed,WhatsApp,Cash,7.16
O005567,C04164,2026-04-01,Completed,Site web,Mobile Money,3.17
O005568,C04072,2025-11-07,Completed,Site web,Carte bancaire,9.25
O005569,C01505,2025-04-24,Completed,Site web,Virement,9.74
O005570,C03916,2025-09-22,Completed,Site web,Mobile Money,13.26
O005571,C00344,2026-03-27,Pending,Site web,Mobile Money,1.5
O005572,C00467,2025-08-20,Completed,Marketplace,Carte bancaire,5.96
O005573,C01368,2026-01-25,Cancelled,Marketplace,Mobile Money,3.45
O005574,C01212,2026-06-24,Cancelled,Boutique,Mobile Money,7.8
O005575,C03855,2025-07-03,Completed,Site web,Mobile Money,9.53
O005576,C03192,2026-06-30,Completed,Site web,Cash,5.98
O005577,C03164,2025-08-16,Completed,WhatsApp,Carte bancaire,4.95
O005578,C03387,2025-11-04,Completed,Site web,Mobile Money,4.43
O005579,C03046,2026-02-28,Completed,Marketplace,Mobile Money,-5.0
O005580,C02118,2025-02-07,Completed,Boutique,Virement,7.01
O005581,C00247,2026-01-20,Completed,Marketplace,Virement,6.99
O005582,C00068,2025-11-07,Completed,Boutique,Mobile Money,10.38
O005583,C04098,2025-12-26,Completed,Site web,Carte bancaire,5.41
O005584,C02108,2026-06-06,Completed,Site web,Mobile Money,8.64
O005585,C04003,2025-09-23,Completed,Boutique,Mobile Money,3.25
O005586,C00131,2026-05-23,Completed,WhatsApp,Cash,2.12
O005587,C02672,2025-11-08,Completed,Marketplace,Carte bancaire,8.95
O005588,C01182,2025-04-29,Completed,Site web,Mobile Money,7.18
O005589,C01531,2025-12-24,Completed,WhatsApp,Carte bancaire,4.38
O005590,C02759,2025-04-15,Completed,WhatsApp,Carte bancaire,3.2
O005591,C02081,2026-05-08,Completed,Site web,Cash,4.54
O005592,C00566,2025-03-25,Completed,WhatsApp,Mobile Money,6.62
O005593,C04199,2025-10-01,Completed,Site web,Carte bancaire,6.44
O005594,C02993,2026-03-26,Completed,Site web,Virement,1.64
O005595,C01515,2025-01-06,Completed,WhatsApp,Virement,2.17
O005596,C02610,2025-09-26,Completed,Site web,Virement,6.39
O005597,C00636,2025-10-05,Completed,Boutique,Carte bancaire,7.74
O005598,C01805,2025-07-05,Completed,Site web,Mobile Money,3.62
O005599,C01785,2026-01-04,Completed,Boutique,Mobile Money,1.72
O005600,C01564,2025-06-27,Completed,Site web,Cash,6.09
O005601,C02032,2025-07-25,Completed,Boutique,Mobile Money,1.5
O005602,C03842,2025-05-31,Completed,Site web,Mobile Money,4.83
O005603,C00030,2025-12-09,Completed,Boutique,Mobile Money,7.78
O005604,C02324,2026-04-29,Completed,WhatsApp,Mobile Money,5.26
O005605,C03951,2025-04-08,Completed,Site web,Mobile Money,1.5
O005606,C03734,2025-08-13,Completed,WhatsApp,Mobile Money,10.52
O005607,C03770,2025-05-04,Completed,Site web,Mobile Money,6.02
O005608,C01733,2025-05-14,Completed,Site web,Carte bancaire,6.62
O005609,C02383,2026-06-17,Completed,Site web,Cash,8.63
O005610,C02498,2026-01-25,Completed,Boutique,Carte bancaire,5.46
O005611,C03519,2026-06-02,Completed,WhatsApp,Cash,5.17
O005612,C04010,2025-12-15,Pending,Marketplace,Mobile Money,9.68
O005613,C01071,2026-01-01,Completed,Site web,Mobile Money,3.55
O005614,C00522,2026-01-28,Completed,Site web,Mobile Money,8.74
O005615,C01113,2025-12-24,Completed,WhatsApp,Carte bancaire,2.61
O005616,C01104,2026-03-27,Completed,WhatsApp,Cash,3.81
O005617,C01262,2025-06-28,Completed,Site web,Mobile Money,6.87
O005618,C03851,2025-02-25,Completed,Site web,Carte bancaire,10.28
O005619,C00905,2025-09-25,Completed,Marketplace,Virement,6.44
O005620,C01773,2025-01-02,Completed,Site web,Mobile Money,1.8
O005621,C01503,2025-01-26,Completed,Site web,Mobile Money,8.13
O005622,C01143,2025-01-28,Returned,Site web,Mobile Money,3.62
O005623,C00825,2025-02-12,Completed,Site web,Mobile Money,7.9
O005624,C04189,2026-01-23,Completed,Site web,Virement,6.86
O005625,C02631,2025-11-24,Completed,Site web,Mobile Money,1.5
O005626,C00430,2026-05-28,Completed,Site web,Cash,7.08
O005627,C02751,2025-06-08,Completed,Site web,Virement,2.3
O005628,C02569,2025-07-01,Completed,Site web,Mobile Money,10.06
O005629,C01509,2025-09-26,Completed,Site web,Mobile Money,1.5
O005630,C03310,2026-03-05,Cancelled,Marketplace,Carte bancaire,5.52
O005631,C03370,2026-05-26,Completed,Site web,Carte bancaire,3.16
O005632,C03305,2026-02-04,Completed,Site web,Carte bancaire,10.23
O005633,C02685,2025-10-05,Completed,Boutique,Mobile Money,1.5
O005634,C01856,2026-06-20,Completed,Boutique,Cash,12.99
O005635,C00870,2025-04-10,Completed,WhatsApp,Mobile Money,4.92
O005636,C00185,2025-09-15,Completed,Site web,Carte bancaire,4.31
O005637,C03857,2025-05-16,Pending,Boutique,Mobile Money,8.32
O005638,C03533,2025-04-02,Completed,WhatsApp,Carte bancaire,5.9
O005639,C00846,2025-08-06,Completed,Site web,Mobile Money,3.45
O005640,C03372,2026-02-24,Completed,Site web,Mobile Money,3.71
O005641,C00201,2025-06-25,Completed,Site web,Mobile Money,4.51
O005642,C00997,2026-03-25,Completed,Site web,Cash,3.92
O005643,C00631,2025-12-01,Completed,Site web,Mobile Money,8.43
O005644,C01431,2026-01-23,Completed,Site web,Mobile Money,6.26
O005645,C01343,2025-05-14,Completed,Marketplace,Carte bancaire,7.39
O005646,C02153,2026-04-19,Completed,Boutique,Mobile Money,4.74
O005647,C01927,2025-04-22,Returned,Site web,Cash,7.93
O005648,C00480,2025-07-23,Pending,Site web,Mobile Money,3.92
O005649,C00630,2026-03-06,Completed,WhatsApp,Cash,3.24
O005650,C03447,2026-01-14,Completed,Site web,Mobile Money,4.47
O005651,C02303,2025-06-14,Completed,Boutique,Mobile Money,10.27
O005652,C03873,2025-05-25,Cancelled,Marketplace,Virement,4.27
O005653,C00549,2025-08-26,Completed,WhatsApp,Mobile Money,4.41
O005654,C01295,2025-09-02,Completed,Site web,Virement,6.66
O005655,C00663,2025-02-02,Completed,Marketplace,Carte bancaire,5.61
O005656,C03881,2025-05-13,Returned,Site web,Carte bancaire,2.74
O005657,C00668,2025-03-26,Cancelled,Site web,Mobile Money,2.46
O005658,C03364,2025-03-26,Completed,Boutique,Mobile Money,8.25
O005659,C00809,2025-07-13,Completed,Site web,Virement,2.43
O005660,C03057,2025-01-20,Completed,Site web,Mobile Money,8.65
O005661,C01913,2026-01-07,Completed,Boutique,Mobile Money,4.6
O005662,C04071,2026-01-03,Completed,Site web,Mobile Money,1.5
O005663,C00294,2025-05-01,Completed,Site web,Mobile Money,7.94
O005664,C01364,2026-04-25,Completed,WhatsApp,Mobile Money,8.4
O005665,C03038,2025-11-22,Completed,Site web,Mobile Money,7.75
O005666,C03846,2025-06-22,Completed,Boutique,Mobile Money,4.6
O005667,C02265,2025-04-17,Pending,Marketplace,Carte bancaire,4.93
O005668,C00414,2025-08-24,Cancelled,Marketplace,Carte bancaire,4.64
O005669,C02644,2026-06-11,Completed,Site web,Cash,3.84
O005670,C02008,2025-01-02,Pending,Marketplace,Carte bancaire,6.84
O005671,C03255,2025-01-12,Completed,Site web,Mobile Money,5.38
O005672,C02319,2025-08-15,Completed,Site web,Mobile Money,4.61
O005673,C03772,2026-05-19,Completed,Site web,Carte bancaire,3.86
O005674,C00516,2025-06-04,Completed,Boutique,Mobile Money,6.44
O005675,C02621,2026-02-14,Returned,Site web,Virement,9.8
O005676,C03097,2025-11-11,Completed,WhatsApp,Mobile Money,6.36
O005677,C01705,2025-04-20,Completed,Boutique,Carte bancaire,1.93
O005678,C01996,2026-05-13,Completed,Site web,Carte bancaire,5.93
O005679,C02921,2025-03-31,Completed,Boutique,Mobile Money,7.44
O005680,C01914,2025-10-05,Completed,Site web,Carte bancaire,8.13
O005681,C01649,2025-12-30,Completed,Site web,Mobile Money,7.55
O005682,C02443,2026-01-06,Pending,Site web,Mobile Money,6.4
O005683,C03376,2026-04-14,Completed,Boutique,Mobile Money,14.13
O005684,C00566,2026-01-22,Completed,Site web,Mobile Money,2.43
O005685,C03671,2025-12-27,Completed,Boutique,Mobile Money,10.47
O005686,C00841,2025-03-25,Completed,Site web,Virement,7.66
O005687,C00411,2025-06-18,Completed,Boutique,Carte bancaire,12.88
O005688,C00759,2025-07-09,Completed,Site web,Virement,1.65
O005689,C00322,2025-07-23,Completed,Site web,Cash,10.61
O005690,C03999,2025-03-04,Completed,WhatsApp,Carte bancaire,10.91
O005691,C01226,2025-02-22,Pending,WhatsApp,Carte bancaire,5.53
O005692,C03248,2025-08-30,Cancelled,Site web,Carte bancaire,3.45
O005693,C00767,2026-02-01,Completed,WhatsApp,Virement,12.37
O005694,C02223,2026-05-02,Completed,Site web,Carte bancaire,3.53
O005695,C01790,2026-05-31,Completed,Site web,Carte bancaire,9.14
O005696,C02770,2025-09-21,Completed,Site web,Mobile Money,10.49
O005697,C04152,2026-05-08,Completed,Marketplace,Carte bancaire,5.52
O005698,C02730,2025-09-07,Completed,Site web,Carte bancaire,5.5
O005699,C02949,2025-09-17,Completed,Site web,Mobile Money,11.3
O005700,C01102,2025-04-25,Completed,Site web,Carte bancaire,5.08
O005701,C00513,2025-12-11,Completed,WhatsApp,Mobile Money,4.33
O005702,C00364,2025-06-19,Completed,Site web,Carte bancaire,1.5
O005703,C01261,2025-09-23,Completed,Site web,Carte bancaire,9.36
O005704,C02331,2026-05-29,Completed,Marketplace,Carte bancaire,4.88
O005705,C00254,2025-10-27,Pending,Marketplace,Carte bancaire,8.35
O005706,C01105,2025-06-16,Completed,Site web,Mobile Money,5.56
O005707,C02652,2026-01-03,Completed,Boutique,Carte bancaire,10.01
O005708,C03669,2026-02-05,Completed,Marketplace,Cash,10.13
O005709,C04157,2025-11-29,Completed,Marketplace,Mobile Money,3.01
O005710,C00992,2025-01-24,Completed,Site web,Virement,4.61
O005711,C00429,2025-05-04,Pending,Boutique,Mobile Money,7.74
O005712,C02407,2025-03-12,Cancelled,Site web,Carte bancaire,10.22
O005713,C03941,2026-06-08,Returned,WhatsApp,Mobile Money,6.34
O005714,C01765,2025-06-20,Completed,WhatsApp,Virement,6.64
O005715,C03798,2025-09-17,Completed,Boutique,Mobile Money,7.05
O005716,C03121,2026-05-09,Completed,Marketplace,Carte bancaire,3.37
O005717,C03775,2026-06-28,Completed,Site web,Mobile Money,4.64
O005718,C03994,2025-05-01,Completed,Site web,Mobile Money,5.44
O005719,C00451,2026-04-16,Completed,WhatsApp,Cash,9.0
O005720,C01729,2026-02-03,Cancelled,Site web,Mobile Money,11.38
O005721,C00210,2025-12-03,Completed,WhatsApp,Mobile Money,3.27
O005722,C00187,2025-04-02,Completed,Boutique,Mobile Money,8.16
O005723,C01996,2026-01-14,Completed,Boutique,Mobile Money,6.65
O005724,C02779,2025-12-02,Completed,Boutique,Carte bancaire,4.49
O005725,C03722,2025-09-02,Completed,Site web,Mobile Money,3.12
O005726,C00543,2025-11-18,Completed,Site web,Carte bancaire,6.69
O005727,C00140,2025-04-26,Completed,Marketplace,Mobile Money,4.25
O005728,C00439,2025-12-07,Returned,Site web,Virement,7.12
O005729,C03893,2025-03-25,Completed,WhatsApp,Mobile Money,2.99
O005730,C02779,2025-06-06,Completed,Site web,Mobile Money,2.69
O005731,C02022,2025-09-29,Returned,Boutique,Virement,9.23
O005732,C00432,2025-03-30,Completed,Site web,Mobile Money,6.59
O005733,C01558,2026-05-16,Completed,Boutique,Carte bancaire,6.52
O005734,C00541,2026-05-01,Cancelled,Site web,Virement,4.48
O005735,C00127,2025-09-17,Completed,Site web,Cash,8.27
O005736,C01845,2025-11-09,Completed,Site web,Mobile Money,5.45
O005737,C02112,2025-06-09,Completed,Site web,Virement,8.33
O005738,C01900,2025-04-27,Completed,Marketplace,Virement,4.64
O005739,C03661,2026-06-11,Completed,Site web,Cash,2.81
O005740,C03838,2025-08-15,Completed,WhatsApp,Virement,3.82
O005741,C00511,2026-06-07,Completed,Site web,Mobile Money,7.27
O005742,C01160,2025-02-06,Completed,WhatsApp,Cash,3.04
O005743,C02105,2025-02-28,Completed,Site web,Mobile Money,11.44
O005744,C01684,2025-09-18,Completed,WhatsApp,Mobile Money,1.92
O005745,C01831,2026-03-05,Completed,Marketplace,Mobile Money,5.55
O005746,C02972,2025-08-21,Completed,Site web,Carte bancaire,9.57
O005747,C00756,2026-04-06,Completed,Boutique,Mobile Money,6.86
O005748,C03474,2025-03-14,Completed,Marketplace,Mobile Money,4.94
O005749,C01113,2026-04-15,Returned,Marketplace,Virement,9.45
O005750,C01467,2025-09-01,Completed,Boutique,Carte bancaire,3.21
O005751,C00932,2025-06-06,Completed,Marketplace,Carte bancaire,5.13
O005752,C02651,2025-12-17,Completed,Site web,Virement,1.5
O005753,C02922,2026-03-03,Completed,WhatsApp,Cash,8.65
O005754,C02622,2026-05-24,Completed,WhatsApp,Mobile Money,7.68
O005755,C02074,2025-02-17,Completed,Site web,Mobile Money,7.69
O005756,C01274,2026-01-21,Pending,Site web,Cash,6.39
O005757,C02889,2025-06-22,Returned,Site web,Carte bancaire,6.24
O005758,C00499,2025-10-03,Completed,Site web,Mobile Money,6.32
O005759,C01311,2025-09-11,Completed,Site web,Mobile Money,6.91
O005760,C02867,2026-02-26,Completed,Boutique,Cash,6.39
O005761,C02908,2025-08-07,Completed,WhatsApp,Carte bancaire,3.21
O005762,C01126,2025-06-03,Completed,WhatsApp,Virement,1.5
O005763,C01434,2025-09-25,Completed,WhatsApp,Carte bancaire,12.26
O005764,C01337,2026-01-02,Completed,Site web,Mobile Money,4.05
O005765,C03725,2026-04-09,Completed,Site web,Virement,5.47
O005766,C02404,2025-01-03,Completed,Site web,Mobile Money,9.34
O005767,C00499,2025-11-08,Completed,Marketplace,Virement,7.01
O005768,C00676,2025-02-09,Completed,Boutique,Carte bancaire,1.71
O005769,C00291,2025-12-06,Completed,WhatsApp,Virement,2.51
O005770,C01015,2025-12-09,Completed,Site web,Carte bancaire,8.64
O005771,C00934,2026-04-14,Completed,Marketplace,Mobile Money,7.79
O005772,C01874,2025-04-16,Completed,Site web,Carte bancaire,4.45
O005773,C03139,2026-03-12,Pending,Site web,Virement,5.88
O005774,C03690,2026-01-13,Completed,WhatsApp,Virement,6.12
O005775,C02346,2025-12-31,Pending,WhatsApp,Carte bancaire,6.74
O005776,C03244,2025-12-15,Completed,Marketplace,Mobile Money,7.26
O005777,C02751,2025-10-29,Completed,Boutique,Mobile Money,4.83
O005778,C01334,2025-02-04,Completed,Marketplace,Mobile Money,8.1
O005779,C02571,2026-03-22,Completed,Boutique,Cash,7.78
O005780,C01269,2025-08-04,Completed,Marketplace,Carte bancaire,8.62
O005781,C01297,2025-02-27,Completed,Boutique,Carte bancaire,8.31
O005782,C04147,2025-12-02,Completed,WhatsApp,Carte bancaire,8.24
O005783,C03825,2026-06-04,Completed,WhatsApp,Mobile Money,4.64
O005784,C02745,2026-01-26,Completed,Marketplace,Carte bancaire,5.63
O005785,C02491,2025-05-15,Completed,Site web,Cash,3.45
O005786,C02880,2026-03-24,Pending,WhatsApp,Carte bancaire,6.6
O005787,C03163,2026-04-09,Completed,Site web,Carte bancaire,3.6
O005788,C00232,2025-07-01,Completed,WhatsApp,Mobile Money,7.41
O005789,C01506,2025-10-14,Pending,WhatsApp,Mobile Money,9.6
O005790,C00441,2026-04-04,Completed,Site web,Mobile Money,6.0
O005791,C02223,2025-03-28,Completed,Boutique,Mobile Money,4.38
O005792,C01237,2025-07-14,Completed,WhatsApp,Carte bancaire,7.48
O005793,C01387,2025-09-08,Completed,Site web,Cash,9.1
O005794,C03537,2025-01-04,Completed,WhatsApp,Mobile Money,3.76
O005795,C00858,2025-04-02,Completed,Site web,Virement,6.35
O005796,C03825,2025-12-01,Completed,Boutique,Mobile Money,6.94
O005797,C01768,2025-05-25,Completed,Marketplace,Carte bancaire,5.17
O005798,C00803,2025-05-13,Completed,Site web,Carte bancaire,7.54
O005799,C00602,2025-06-12,Completed,Site web,Mobile Money,1.5
O005800,C03000,2025-03-10,Completed,Site web,Mobile Money,7.03
O005801,C03792,2025-12-15,Returned,Boutique,Mobile Money,11.38
O005802,C03672,2025-05-22,Completed,Site web,Mobile Money,7.68
O005803,C00716,2025-12-24,Completed,WhatsApp,Virement,6.11
O005804,C03692,2026-03-30,Completed,Site web,Mobile Money,2.35
O005805,C00948,2025-09-20,Completed,Boutique,Mobile Money,4.97
O005806,C01927,2026-05-16,Completed,WhatsApp,Virement,6.93
O005807,C00024,2025-04-18,Cancelled,WhatsApp,Mobile Money,6.28
O005808,C01087,2026-06-12,Completed,WhatsApp,Mobile Money,2.3
O005809,C01344,2025-06-26,Completed,Boutique,Mobile Money,6.75
O005810,C04017,2025-06-15,Completed,WhatsApp,Virement,3.43
O005811,C01169,2026-06-21,Completed,Site web,Cash,4.28
O005812,C01162,2025-09-07,Completed,Site web,Cash,8.69
O005813,C01149,2026-02-14,Completed,Site web,Mobile Money,5.28
O005814,C01062,2026-03-16,Completed,Site web,Mobile Money,4.06
O005815,C02268,2025-09-03,Completed,WhatsApp,Virement,3.05
O005816,C00864,2025-06-24,Completed,WhatsApp,Virement,3.85
O005817,C01221,2025-09-27,Completed,Marketplace,Mobile Money,4.38
O005818,C02237,2025-07-31,Completed,Site web,Carte bancaire,8.57
O005819,C03177,2025-08-17,Completed,WhatsApp,Mobile Money,5.9
O005820,C00451,2025-05-11,Completed,Boutique,Mobile Money,9.61
O005821,C01464,2026-05-17,Completed,Site web,Mobile Money,2.5
O005822,C02397,2025-11-10,Completed,WhatsApp,Virement,9.87
O005823,C03851,2026-03-13,Completed,Site web,Virement,5.55
O005824,C03964,2025-12-28,Pending,Site web,Mobile Money,5.32
O005825,C03664,2025-07-13,Completed,Site web,Mobile Money,5.29
O005826,C02121,2025-06-24,Completed,Site web,Mobile Money,12.78
O005827,C00413,2026-06-23,Completed,Site web,Mobile Money,4.57
O005828,C04055,2025-01-14,Cancelled,Marketplace,Mobile Money,12.21
O005829,C02611,2025-06-11,Completed,Site web,Mobile Money,8.59
O005830,C03804,2026-02-08,Completed,Site web,Virement,2.68
O005831,C03867,2025-10-27,Completed,WhatsApp,Virement,3.12
O005832,C03328,2025-12-04,Completed,Marketplace,Cash,6.58
O005833,C01765,2025-01-12,Completed,Site web,Carte bancaire,6.31
O005834,C02554,2025-05-01,Completed,Boutique,Virement,4.8
O005835,C02903,2025-11-25,Completed,Site web,Virement,4.39
O005836,C03699,2025-06-22,Completed,Site web,Carte bancaire,10.65
O005837,C00950,2025-09-15,Completed,Marketplace,Mobile Money,6.46
O005838,C02331,2026-06-09,Pending,Boutique,Mobile Money,7.41
O005839,C02503,2025-12-16,Completed,WhatsApp,Carte bancaire,6.35
O005840,C00871,2025-12-12,Completed,Site web,Carte bancaire,6.13
O005841,C01689,2025-04-18,Completed,WhatsApp,Mobile Money,12.46
O005842,C03886,2025-11-23,Completed,Site web,Carte bancaire,7.72
O005843,C00068,2026-06-11,Completed,Site web,Virement,13.89
O005844,C02110,2025-12-17,Completed,Boutique,Mobile Money,8.34
O005845,C02560,2026-03-07,Returned,WhatsApp,Mobile Money,4.04
O005846,C03813,2026-06-08,Completed,WhatsApp,Cash,9.73
O005847,C01191,2026-05-09,Pending,Site web,Mobile Money,5.77
O005848,C01652,2025-07-06,Completed,Boutique,Mobile Money,10.57
O005849,C00338,2025-06-11,Completed,Marketplace,Carte bancaire,3.97
O005850,C01411,2025-06-03,Completed,Marketplace,Cash,1.5
O005851,C04189,2026-02-27,Completed,Site web,Mobile Money,6.31
O005852,C03218,2025-07-26,Completed,Site web,Mobile Money,10.4
O005853,C01800,2026-03-27,Completed,WhatsApp,Mobile Money,4.11
O005854,C02665,2026-03-15,Completed,WhatsApp,Carte bancaire,7.74
O005855,C04052,2025-12-31,Completed,Boutique,Virement,3.98
O005856,C01847,2025-03-08,Completed,Site web,Cash,8.83
O005857,C01238,2026-01-26,Completed,WhatsApp,Virement,4.9
O005858,C03691,2025-04-24,Cancelled,Site web,Mobile Money,6.8
O005859,C03573,2025-10-30,Pending,Marketplace,Virement,5.0
O005860,C02170,2025-05-06,Completed,Site web,Carte bancaire,3.75
O005861,C00050,2025-02-03,Completed,Marketplace,Carte bancaire,1.5
O005862,C00054,2025-12-15,Completed,Marketplace,Carte bancaire,2.1
O005863,C00494,2025-09-05,Completed,Site web,Mobile Money,5.16
O005864,C02912,2025-12-18,Completed,Boutique,Carte bancaire,7.35
O005865,C00738,2025-09-26,Completed,Site web,Carte bancaire,11.56
O005866,C00266,2025-07-23,Completed,Site web,Mobile Money,4.44
O005867,C02864,2025-01-09,Cancelled,Site web,Carte bancaire,4.09
O005868,C02021,2025-06-01,Completed,Marketplace,Mobile Money,2.03
O005869,C02229,2026-04-28,Completed,Site web,Mobile Money,8.57
O005870,C00807,2026-02-18,Cancelled,Site web,Mobile Money,7.71
O005871,C00902,2025-09-12,Completed,WhatsApp,Cash,7.34
O005872,C01017,2025-01-18,Completed,Site web,Mobile Money,7.03
O005873,C02705,2026-06-24,Completed,Site web,Virement,4.88
O005874,C04116,2026-02-09,Completed,Site web,Mobile Money,10.08
O005875,C03847,2025-01-13,Completed,Site web,Mobile Money,3.67
O005876,C00477,2025-04-26,Completed,WhatsApp,Mobile Money,4.58
O005877,C02855,2025-04-04,Completed,WhatsApp,Mobile Money,2.95
O005878,C03183,2026-05-10,Completed,Boutique,Virement,5.61
O005879,C00171,2026-06-07,Completed,Site web,Carte bancaire,3.67
O005880,C02678,2025-08-15,Completed,Boutique,Carte bancaire,4.11
O005881,C01867,2025-04-08,Pending,Site web,Virement,2.4
O005882,C00820,2025-12-18,Completed,Site web,Mobile Money,3.12
O005883,C03317,2025-05-30,Completed,Marketplace,Carte bancaire,1.5
O005884,C03929,2025-03-08,Returned,Boutique,Mobile Money,7.07
O005885,C02513,2025-05-22,Completed,WhatsApp,Carte bancaire,3.41
O005886,C00846,2025-05-20,Completed,Site web,Virement,10.83
O005887,C01802,2025-01-30,Completed,Site web,Carte bancaire,8.84
O005888,C02166,2026-01-19,Pending,WhatsApp,Mobile Money,6.21
O005889,C03790,2025-07-12,Completed,Marketplace,Carte bancaire,7.71
O005890,C03321,2025-10-29,Completed,WhatsApp,Carte bancaire,8.58
O005891,C02817,2025-10-29,Completed,Site web,Mobile Money,4.52
O005892,C03207,2026-02-27,Completed,WhatsApp,Mobile Money,5.39
O005893,C02916,2026-02-22,Completed,Site web,Carte bancaire,9.23
O005894,C01343,2025-11-05,Completed,Site web,Virement,9.43
O005895,C00561,2026-04-05,Completed,Boutique,Carte bancaire,3.69
O005896,C03525,2025-11-08,Completed,WhatsApp,Carte bancaire,12.89
O005897,C02327,2025-01-15,Completed,Boutique,Virement,1.94
O005898,C04041,2026-04-16,Completed,Site web,Virement,1.5
O005899,C02861,2026-02-26,Completed,Site web,Mobile Money,11.17
O005900,C01991,2025-08-21,Completed,WhatsApp,Mobile Money,8.19
O005901,C02717,2025-07-31,Completed,WhatsApp,Carte bancaire,6.56
O005902,C02740,2026-05-06,Cancelled,WhatsApp,Virement,8.43
O005903,C04123,2025-08-22,Completed,Boutique,Mobile Money,3.96
O005904,C01531,2025-07-23,Completed,WhatsApp,Virement,1.5
O005905,C01598,2026-02-06,Completed,WhatsApp,Mobile Money,4.65
O005906,C01488,2025-06-30,Completed,Site web,Carte bancaire,3.91
O005907,C00454,2025-08-10,Completed,Site web,Virement,3.03
O005908,C01973,2026-03-04,Returned,WhatsApp,Mobile Money,4.19
O005909,C01871,2025-05-03,Completed,WhatsApp,Virement,4.23
O005910,C00828,2025-01-07,Completed,Site web,Virement,4.58
O005911,C03424,2025-07-04,Completed,Marketplace,Mobile Money,7.14
O005912,C02896,2025-04-05,Completed,Site web,Mobile Money,7.67
O005913,C01015,2025-07-18,Completed,Marketplace,Virement,6.9
O005914,C00696,2025-02-09,Cancelled,Boutique,Cash,1.5
O005915,C02596,2025-11-19,Completed,WhatsApp,Carte bancaire,2.95
O005916,C00022,2025-10-08,Completed,Site web,Mobile Money,2.99
O005917,C00635,2025-05-30,Returned,WhatsApp,Mobile Money,9.59
O005918,C01846,2025-12-11,Completed,Site web,Mobile Money,3.45
O005919,C04161,2025-03-21,Completed,Marketplace,Carte bancaire,1.5
O005920,C00321,2025-01-06,Completed,Site web,Carte bancaire,8.07
O005921,C02221,2025-09-19,Completed,Site web,Carte bancaire,6.27
O005922,C02363,2025-03-30,Completed,WhatsApp,Virement,13.54
O005923,C01058,2026-04-15,Pending,Site web,Mobile Money,1.86
O005924,C02186,2025-06-15,Returned,WhatsApp,Mobile Money,5.35
O005925,C02664,2025-08-23,Completed,Boutique,Mobile Money,2.89
O005926,C00577,2025-06-11,Cancelled,Site web,Virement,2.89
O005927,C04008,2025-08-26,Completed,Site web,Carte bancaire,3.53
O005928,C01034,2025-02-23,Completed,WhatsApp,Virement,2.7
O005929,C01549,2026-05-27,Completed,WhatsApp,Mobile Money,6.56
O005930,C00103,2025-04-05,Completed,Site web,Virement,6.19
O005931,C02493,2025-08-05,Completed,Site web,Carte bancaire,5.91
O005932,C02495,2026-04-10,Completed,Site web,Mobile Money,9.8
O005933,C00488,2025-08-22,Cancelled,Site web,Virement,7.67
O005934,C01231,2026-01-19,Completed,Site web,Mobile Money,8.51
O005935,C03221,2025-02-07,Completed,WhatsApp,Virement,6.48
O005936,C02995,2025-06-12,Completed,Site web,Carte bancaire,6.93
O005937,C01291,2026-02-21,Completed,Site web,Carte bancaire,8.78
O005938,C02646,2025-05-25,Completed,Site web,Carte bancaire,2.57
O005939,C03138,2025-08-15,Completed,Boutique,Cash,4.04
O005940,C01570,2025-02-13,Completed,Site web,Carte bancaire,6.22
O005941,C00739,2025-10-04,Completed,Site web,Mobile Money,6.12
O005942,C00092,2025-07-11,Completed,Boutique,Cash,1.74
O005943,C04010,2026-04-17,Completed,Marketplace,Mobile Money,8.29
O005944,C01345,2025-08-07,Completed,Marketplace,Carte bancaire,10.32
O005945,C03386,2026-03-30,Completed,WhatsApp,Virement,10.09
O005946,C01365,2026-05-11,Completed,Site web,Mobile Money,3.92
O005947,C02992,2026-04-05,Pending,Boutique,Mobile Money,8.55
O005948,C01398,2026-02-12,Completed,WhatsApp,Virement,4.79
O005949,C02551,2025-11-17,Completed,Marketplace,Mobile Money,6.21
O005950,C04005,2025-09-20,Completed,WhatsApp,Carte bancaire,9.31
O005951,C03166,2025-02-14,Completed,WhatsApp,Mobile Money,10.02
O005952,C00692,2025-03-15,Completed,Site web,Mobile Money,4.67
O005953,C02200,2025-07-28,Completed,Site web,Virement,4.44
O005954,C01135,2025-12-26,Completed,WhatsApp,Cash,10.49
O005955,C00922,2025-01-03,Completed,Marketplace,Carte bancaire,5.7
O005956,C03497,2026-05-28,Completed,WhatsApp,Mobile Money,1.5
O005957,C04127,2026-06-29,Pending,Site web,Mobile Money,7.32
O005958,C03886,2025-02-12,Completed,Site web,Mobile Money,3.6
O005959,C03525,2025-02-22,Completed,Site web,Virement,5.15
O005960,C01967,2026-04-11,Completed,Marketplace,Virement,7.78
O005961,C02210,2025-04-20,Completed,Site web,Mobile Money,1.5
O005962,C02269,2025-04-09,Completed,Site web,Mobile Money,8.29
O005963,C03093,2025-04-13,Completed,Site web,Carte bancaire,1.5
O005964,C00223,2026-01-20,Completed,WhatsApp,Virement,3.77
O005965,C03473,2025-03-14,Completed,Boutique,Carte bancaire,6.95
O005966,C03394,2025-04-11,Completed,Site web,Carte bancaire,2.31
O005967,C04180,2025-08-06,Completed,Marketplace,Carte bancaire,2.32
O005968,C02498,2025-11-25,Completed,WhatsApp,Mobile Money,7.0
O005969,C01921,2026-06-27,Completed,Site web,Carte bancaire,7.59
O005970,C02012,2025-05-11,Completed,Site web,Mobile Money,5.47
O005971,C02605,2025-05-20,Completed,WhatsApp,Mobile Money,7.86
O005972,C01271,2025-10-24,Completed,Site web,Mobile Money,18.09
O005973,C03264,2025-08-17,Cancelled,Site web,Carte bancaire,1.53
O005974,C01864,2025-11-25,Completed,Site web,Cash,1.5
O005975,C01184,2025-05-16,Completed,Site web,Mobile Money,9.37
O005976,C03089,2025-12-05,Completed,Site web,Carte bancaire,2.45
O005977,C01415,2026-05-23,Completed,Boutique,Virement,7.11
O005978,C00340,2026-01-10,Cancelled,WhatsApp,Virement,7.82
O005979,C02193,2026-02-07,Completed,Site web,Mobile Money,5.9
O005980,C02129,2025-02-07,Returned,Site web,Carte bancaire,6.83
O005981,C01225,2026-05-10,Completed,Marketplace,Mobile Money,11.13
O005982,C00146,2026-01-21,Pending,Site web,Virement,4.16
O005983,C01999,2025-12-10,Completed,Site web,Carte bancaire,9.83
O005984,C03244,2025-03-26,Cancelled,Site web,Carte bancaire,2.07
O005985,C03367,2025-10-31,Pending,Site web,Mobile Money,7.05
O005986,C00887,2026-01-07,Completed,Site web,Mobile Money,7.46
O005987,C01808,2025-12-08,Completed,Marketplace,Mobile Money,5.77
O005988,C03795,2025-03-09,Completed,Boutique,Mobile Money,8.91
O005989,C01448,2025-01-23,Completed,Boutique,Virement,6.13
O005990,C02000,2025-09-20,Completed,Marketplace,Mobile Money,7.0
O005991,C02855,2026-01-29,Completed,Site web,Mobile Money,3.88
O005992,C01921,2025-07-31,Completed,Marketplace,Carte bancaire,3.01
O005993,C03534,2026-01-12,Completed,Marketplace,Mobile Money,2.93
O005994,C01514,2026-06-15,Completed,WhatsApp,Mobile Money,4.16
O005995,C02068,2026-05-03,Completed,Marketplace,Mobile Money,2.16
O005996,C02169,2025-12-12,Completed,Boutique,Cash,11.6
O005997,C03127,2026-02-04,Completed,Site web,Cash,5.08
O005998,C01420,2025-02-18,Completed,Site web,Mobile Money,5.97
O005999,C01157,2025-02-16,Completed,WhatsApp,Mobile Money,2.56
O006000,C01512,2026-01-20,Completed,WhatsApp,Carte bancaire,12.13
O006001,C00977,2026-03-15,Completed,Site web,Virement,5.24
O006002,C00822,2025-04-17,Completed,Site web,Mobile Money,4.23
O006003,C03441,2025-11-21,Completed,Site web,Carte bancaire,4.51
O006004,C01450,2025-06-06,Returned,Site web,Mobile Money,5.37
O006005,C01135,2025-03-01,Completed,Site web,Mobile Money,5.09
O006006,C03410,2025-07-27,Completed,Site web,Carte bancaire,1.96
O006007,C03312,2025-09-03,Cancelled,Site web,Mobile Money,8.58
O006008,C01032,2026-03-02,Pending,Marketplace,Carte bancaire,2.66
O006009,C01281,2026-04-19,Completed,Site web,Mobile Money,8.43
O006010,C03450,2026-06-02,Completed,Marketplace,Mobile Money,2.01
O006011,C01168,2025-02-27,Completed,Site web,Mobile Money,6.52
O006012,C03618,2026-05-22,Completed,Site web,Mobile Money,2.93
O006013,C02595,2025-10-11,Completed,WhatsApp,Carte bancaire,3.82
O006014,C02799,2025-04-04,Completed,Marketplace,Mobile Money,7.44
O006015,C02243,2025-12-21,Completed,Boutique,Carte bancaire,9.54
O006016,C00129,2025-02-03,Completed,Marketplace,Virement,11.47
O006017,C03464,2025-09-10,Pending,Site web,Virement,7.12
O006018,C02357,2026-03-31,Completed,Site web,Cash,5.98
O006019,C00727,2026-06-17,Returned,Marketplace,Mobile Money,3.11
O006020,C03500,2025-06-07,Completed,WhatsApp,Cash,1.5
O006021,C01233,2025-04-06,Returned,Site web,Virement,7.86
O006022,C01537,2025-11-16,Completed,Site web,Mobile Money,5.24
O006023,C02685,2025-03-28,Completed,Boutique,Mobile Money,6.03
O006024,C01188,2026-06-21,Completed,Site web,Mobile Money,4.81
O006025,C00028,2025-06-29,Completed,WhatsApp,Virement,3.85
O006026,C01350,2025-04-13,Completed,Site web,Carte bancaire,8.03
O006027,C02870,2025-05-11,Completed,Site web,Mobile Money,11.11
O006028,C01777,2025-07-25,Completed,Site web,Virement,2.4
O006029,C02993,2026-02-11,Pending,Site web,Virement,1.5
O006030,C00295,2026-04-21,Completed,WhatsApp,Carte bancaire,5.3
O006031,C01082,2026-02-08,Completed,Site web,Mobile Money,3.85
O006032,C00999,2025-12-23,Cancelled,Boutique,Mobile Money,9.55
O006033,C00270,2025-05-29,Completed,WhatsApp,Virement,7.52
O006034,C02718,2026-05-29,Completed,Site web,Virement,11.69
O006035,C00884,2026-07-02,Completed,WhatsApp,Carte bancaire,9.23
O006036,C01985,2025-12-13,Completed,Site web,Carte bancaire,6.31
O006037,C04160,2026-03-06,Completed,Site web,Mobile Money,6.44
O006038,C01039,2025-06-16,Completed,Site web,Carte bancaire,7.17
O006039,C00818,2025-09-03,Returned,WhatsApp,Mobile Money,3.27
O006040,C03910,2026-03-18,Completed,Site web,Cash,7.31
O006041,C01502,2025-08-21,Completed,Boutique,Mobile Money,10.11
O006042,C01242,2026-02-21,Completed,Site web,Mobile Money,4.1
O006043,C03023,2026-04-17,Cancelled,Site web,Mobile Money,5.27
O006044,C00544,2026-05-27,Completed,Site web,Cash,7.97
O006045,C01589,2025-06-09,Completed,Site web,Cash,10.5
O006046,C00838,2025-09-18,Completed,Site web,Virement,3.77
O006047,C03746,2025-07-31,Completed,Site web,Carte bancaire,6.73
O006048,C01246,2025-10-03,Completed,Site web,Carte bancaire,5.91
O006049,C02381,2026-02-12,Completed,WhatsApp,Carte bancaire,5.18
O006050,C02195,2025-06-27,Completed,Site web,Mobile Money,1.5
O006051,C02070,2025-05-08,Completed,Marketplace,Mobile Money,3.77
O006052,C00279,2025-05-28,Completed,WhatsApp,Mobile Money,2.32
O006053,C01104,2026-02-24,Completed,Boutique,Mobile Money,5.6
O006054,C03591,2026-07-01,Completed,Site web,Carte bancaire,4.64
O006055,C02303,2025-02-26,Returned,Site web,Mobile Money,2.43
O006056,C03686,2026-06-20,Completed,Site web,Carte bancaire,5.2
O006057,C02350,2025-01-18,Completed,Site web,Virement,11.6
O006058,C01338,2025-10-18,Completed,WhatsApp,Virement,4.01
O006059,C01451,2025-03-15,Completed,Marketplace,Mobile Money,4.84
O006060,C03257,2026-06-08,Completed,Site web,Mobile Money,5.32
O006061,C00999,2026-02-22,Completed,Site web,Mobile Money,3.81
O006062,C02519,2025-07-15,Returned,Boutique,Carte bancaire,1.5
O006063,C03930,2026-01-12,Completed,Site web,Mobile Money,11.43
O006064,C03551,2026-04-11,Completed,Boutique,Virement,1.5
O006065,C01627,2025-04-30,Completed,Boutique,Carte bancaire,1.5
O006066,C01164,2025-12-14,Completed,Boutique,Carte bancaire,8.25
O006067,C02611,2025-06-14,Completed,Site web,Mobile Money,1.5
O006068,C02563,2026-01-28,Pending,Site web,Mobile Money,8.31
O006069,C03035,2025-11-08,Returned,WhatsApp,Virement,8.58
O006070,C00306,2026-01-29,Cancelled,Site web,Carte bancaire,3.6
O006071,C02268,2025-12-15,Completed,Boutique,Mobile Money,6.12
O006072,C00040,2025-12-15,Completed,Site web,Virement,5.85
O006073,C04163,2025-02-16,Completed,Site web,Mobile Money,3.58
O006074,C03674,2026-04-13,Completed,Site web,Carte bancaire,4.15
O006075,C03108,2025-04-04,Completed,WhatsApp,Carte bancaire,5.53
O006076,C01238,2025-08-03,Completed,Site web,Cash,4.6
O006077,C03135,2025-10-08,Completed,Site web,Virement,7.73
O006078,C01871,2026-04-11,Pending,Site web,Mobile Money,5.55
O006079,C02726,2025-12-11,Completed,WhatsApp,Carte bancaire,7.35
O006080,C00974,2025-04-11,Cancelled,Boutique,Carte bancaire,4.84
O006081,C01994,2025-06-06,Completed,Site web,Mobile Money,7.92
O006082,C03683,2025-04-20,Pending,Site web,Virement,8.65
O006083,C00798,2025-11-20,Completed,WhatsApp,Mobile Money,1.5
O006084,C01616,2026-01-29,Completed,Boutique,Carte bancaire,7.13
O006085,C01225,2026-01-24,Completed,Site web,Mobile Money,3.92
O006086,C00753,2026-02-16,Completed,Site web,Mobile Money,4.68
O006087,C01669,2026-01-20,Completed,Boutique,Mobile Money,6.94
O006088,C02554,2026-05-10,Completed,WhatsApp,Mobile Money,6.37
O006089,C00231,2026-05-12,Completed,Site web,Cash,5.3
O006090,C00863,2025-05-31,Cancelled,Site web,Carte bancaire,7.98
O006091,C03433,2025-06-16,Completed,WhatsApp,Mobile Money,6.54
O006092,C01095,2025-01-31,Completed,Site web,Mobile Money,3.72
O006093,C01411,2025-05-27,Cancelled,WhatsApp,Cash,9.3
O006094,C02826,2025-10-06,Completed,Boutique,Carte bancaire,9.19
O006095,C03135,2025-12-27,Pending,WhatsApp,Carte bancaire,6.04
O006096,C04029,2026-04-25,Completed,Site web,Carte bancaire,4.32
O006097,C00668,2025-11-22,Completed,Site web,Mobile Money,3.69
O006098,C03171,2026-06-17,Completed,Boutique,Mobile Money,11.02
O006099,C03040,2025-10-31,Completed,Marketplace,Mobile Money,5.45
O006100,C00522,2026-04-16,Completed,Marketplace,Carte bancaire,6.44
O006101,C03682,2026-03-19,Completed,Boutique,Mobile Money,7.27
O006102,C01313,2025-09-26,Completed,WhatsApp,Mobile Money,1.5
O006103,C01777,2026-04-24,Completed,Marketplace,Cash,3.25
O006104,C03345,2026-04-19,Returned,Site web,Mobile Money,12.6
O006105,C02201,2025-06-21,Cancelled,Marketplace,Mobile Money,1.5
O006106,C01156,2025-04-28,Completed,Site web,Mobile Money,1.51
O006107,C01353,2025-03-08,Completed,WhatsApp,Mobile Money,4.65
O006108,C03109,2026-05-20,Completed,Site web,Carte bancaire,3.02
O006109,C00770,2025-08-31,Completed,WhatsApp,Carte bancaire,3.75
O006110,C01982,2025-11-07,Completed,Site web,Mobile Money,2.53
O006111,C03140,2025-05-30,Completed,Site web,Mobile Money,5.48
O006112,C03715,2025-08-02,Completed,WhatsApp,Carte bancaire,7.07
O006113,C03470,2025-08-09,Completed,Marketplace,Virement,7.2
O006114,C01509,2025-11-15,Completed,Boutique,Mobile Money,3.53
O006115,C00835,2025-04-06,Cancelled,Site web,Carte bancaire,8.92
O006116,C03926,2026-03-06,Completed,Boutique,Cash,6.43
O006117,C02510,2025-08-03,Completed,WhatsApp,Mobile Money,9.21
O006118,C01712,2025-05-12,Completed,Site web,Carte bancaire,6.86
O006119,C03789,2025-01-09,Completed,Marketplace,Carte bancaire,5.22
O006120,C03051,2025-02-25,Completed,Site web,Mobile Money,5.29
O006121,C02002,2025-05-28,Completed,Boutique,Cash,7.06
O006122,C00820,2026-02-06,Completed,Site web,Virement,9.79
O006123,C00343,2026-04-14,Completed,Marketplace,Mobile Money,6.38
O006124,C02230,2026-06-06,Returned,Boutique,Carte bancaire,6.63
O006125,C00481,2025-06-13,Completed,WhatsApp,Mobile Money,7.7
O006126,C01303,2025-12-16,Pending,Site web,Mobile Money,1.5
O006127,C02862,2025-05-27,Completed,Site web,Virement,1.71
O006128,C00054,2025-03-20,Cancelled,Site web,Carte bancaire,6.65
O006129,C04156,2025-10-25,Completed,Boutique,Mobile Money,3.13
O006130,C01837,2025-12-19,Completed,WhatsApp,Virement,5.21
O006131,C03655,2026-02-21,Completed,Site web,Mobile Money,5.96
O006132,C00725,2025-03-05,Completed,Site web,Mobile Money,13.24
O006133,C01936,2026-02-14,Pending,Site web,Mobile Money,5.47
O006134,C04027,2025-06-16,Completed,WhatsApp,Cash,1.5
O006135,C02656,2025-06-02,Completed,Site web,Mobile Money,6.61
O006136,C03397,2025-01-18,Completed,Boutique,Mobile Money,9.05
O006137,C02878,2025-04-23,Completed,Boutique,Carte bancaire,7.6
O006138,C03107,2025-09-25,Completed,Site web,Carte bancaire,7.39
O006139,C01531,2025-04-14,Cancelled,Site web,Mobile Money,3.79
O006140,C01904,2025-06-26,Completed,WhatsApp,Cash,4.74
O006141,C00208,2025-10-18,Pending,Marketplace,Mobile Money,3.45
O006142,C01089,2025-02-23,Completed,Site web,Mobile Money,3.8
O006143,C00271,2026-04-25,Completed,Site web,Cash,5.37
O006144,C01363,2025-06-19,Completed,WhatsApp,Mobile Money,8.76
O006145,C03049,2026-02-21,Completed,Site web,Cash,14.64
O006146,C00859,2025-12-21,Completed,Site web,Virement,6.44
O006147,C02010,2026-02-16,Completed,Site web,Virement,7.62
O006148,C02318,2025-06-08,Completed,Site web,Mobile Money,1.5
O006149,C00688,2025-04-05,Completed,WhatsApp,Mobile Money,4.68
O006150,C03408,2025-03-20,Completed,Marketplace,Mobile Money,10.6
O006151,C03240,2025-05-06,Completed,Marketplace,Mobile Money,6.28
O006152,C00788,2025-10-26,Completed,WhatsApp,Virement,5.69
O006153,C00152,2025-12-09,Completed,Site web,Mobile Money,14.7
O006154,C00020,2026-02-17,Completed,Site web,Mobile Money,9.57
O006155,C01231,2026-06-13,Completed,Site web,Mobile Money,8.31
O006156,C00528,2026-03-31,Completed,WhatsApp,Carte bancaire,5.81
O006157,C00074,2025-07-15,Completed,Site web,Mobile Money,6.82
O006158,C01936,2025-09-16,Completed,Site web,Virement,12.41
O006159,C02206,2026-06-08,Completed,Site web,Mobile Money,12.7
O006160,C00079,2026-01-25,Completed,Site web,Carte bancaire,4.39
O006161,C02515,2025-08-17,Completed,WhatsApp,Virement,1.5
O006162,C01694,2026-04-02,Completed,Marketplace,Carte bancaire,6.15
O006163,C00842,2025-03-16,Completed,WhatsApp,Virement,8.29
O006164,C00467,2026-01-04,Completed,Site web,Virement,11.42
O006165,C03189,2026-06-04,Completed,Site web,Mobile Money,5.68
O006166,C00453,2025-10-16,Returned,WhatsApp,Mobile Money,4.95
O006167,C00843,2025-12-02,Returned,Marketplace,Virement,9.34
O006168,C02993,2025-02-02,Completed,Boutique,Carte bancaire,3.23
O006169,C02645,2025-11-28,Completed,Site web,Cash,5.29
O006170,C04198,2025-06-08,Completed,WhatsApp,Mobile Money,6.02
O006171,C00170,2026-06-29,Completed,Site web,Cash,5.79
O006172,C00817,2025-06-25,Completed,Site web,Cash,9.84
O006173,C02779,2025-06-22,Returned,Marketplace,Mobile Money,7.61
O006174,C00965,2025-08-05,Completed,Marketplace,Mobile Money,4.38
O006175,C01601,2026-01-17,Completed,Site web,Mobile Money,5.29
O006176,C01245,2026-06-06,Completed,Boutique,Mobile Money,14.39
O006177,C03396,2025-07-09,Completed,Site web,Mobile Money,1.67
O006178,C03298,2025-04-25,Completed,Site web,Mobile Money,1.5
O006179,C03385,2026-02-23,Cancelled,Boutique,Virement,2.28
O006180,C02125,2025-10-24,Completed,Boutique,Mobile Money,6.91
O006181,C02049,2025-09-07,Completed,Site web,Virement,9.41
O006182,C02397,2026-06-28,Completed,Boutique,Mobile Money,5.65
O006183,C00283,2025-09-29,Completed,Site web,Virement,4.31
O006184,C02296,2025-12-06,Completed,WhatsApp,Mobile Money,3.8
O006185,C01162,2026-06-22,Completed,Marketplace,Mobile Money,1.5
O006186,C03937,2025-04-25,Completed,Boutique,Virement,10.8
O006187,C00774,2026-05-10,Returned,WhatsApp,Mobile Money,5.39
O006188,C00147,2026-06-11,Completed,Site web,Mobile Money,6.67
O006189,C04047,2025-09-15,Pending,Boutique,Mobile Money,8.56
O006190,C00664,2025-07-04,Completed,Marketplace,Carte bancaire,10.16
O006191,C02174,2025-03-31,Completed,Site web,Carte bancaire,5.32
O006192,C01605,2025-01-27,Completed,Site web,Mobile Money,3.26
O006193,C01132,2026-06-24,Completed,Site web,Cash,5.94
O006194,C02050,2025-08-25,Cancelled,WhatsApp,Mobile Money,5.6
O006195,C03077,2026-01-02,Completed,Site web,Virement,4.33
O006196,C00479,2025-05-12,Completed,WhatsApp,Carte bancaire,2.21
O006197,C02779,2025-06-27,Completed,Site web,Mobile Money,7.17
O006198,C03752,2026-03-25,Completed,Marketplace,Carte bancaire,9.98
O006199,C01220,2025-12-26,Cancelled,Site web,Carte bancaire,11.26
O006200,C02848,2025-05-01,Pending,Boutique,Carte bancaire,3.73
O006201,C03866,2025-01-03,Completed,Marketplace,Carte bancaire,11.28
O006202,C03916,2026-03-26,Completed,WhatsApp,Carte bancaire,2.7
O006203,C02722,2025-02-13,Completed,Site web,Carte bancaire,6.45
O006204,C03952,2025-01-20,Returned,Marketplace,Mobile Money,9.14
O006205,C03265,2025-06-14,Completed,Site web,Carte bancaire,7.66
O006206,C02153,2026-05-25,Completed,WhatsApp,Mobile Money,10.24
O006207,C00529,2025-12-20,Completed,Site web,Cash,2.93
O006208,C03583,2025-01-24,Cancelled,Site web,Virement,5.45
O006209,C01204,2026-05-18,Completed,WhatsApp,Mobile Money,5.39
O006210,C03095,2026-05-30,Completed,Boutique,Virement,9.42
O006211,C02709,2026-01-17,Completed,Marketplace,Carte bancaire,5.31
O006212,C01515,2025-02-10,Completed,WhatsApp,Carte bancaire,6.7
O006213,C03254,2025-01-08,Completed,Site web,Mobile Money,5.23
O006214,C02761,2026-04-24,Pending,WhatsApp,Virement,7.09
O006215,C03132,2026-03-27,Completed,Site web,Mobile Money,3.75
O006216,C04002,2026-04-01,Returned,Site web,Virement,2.64
O006217,C01155,2025-09-24,Completed,Site web,Mobile Money,4.5
O006218,C03209,2025-11-22,Pending,Site web,Mobile Money,3.25
O006219,C00167,2025-04-05,Completed,Site web,Carte bancaire,5.39
O006220,C02980,2025-01-20,Completed,Site web,Mobile Money,8.35
O006221,C00654,2025-05-02,Completed,Site web,Mobile Money,1.99
O006222,C00932,2025-12-07,Pending,Boutique,Carte bancaire,4.76
O006223,C00822,2025-08-09,Completed,Site web,Mobile Money,12.51
O006224,C03491,2025-12-05,Completed,Marketplace,Mobile Money,1.5
O006225,C01571,2025-08-30,Completed,Marketplace,Carte bancaire,2.65
O006226,C01637,2025-11-02,Completed,Marketplace,Mobile Money,6.91
O006227,C01518,2026-06-06,Completed,Site web,Mobile Money,1.5
O006228,C02622,2025-12-13,Completed,Site web,Mobile Money,5.61
O006229,C03848,2026-06-07,Completed,WhatsApp,Carte bancaire,11.02
O006230,C02847,2026-06-15,Completed,Site web,Carte bancaire,4.12
O006231,C00426,2025-12-05,Completed,Site web,Carte bancaire,3.31
O006232,C02165,2026-06-30,Completed,Site web,Cash,1.5
O006233,C00452,2025-05-17,Pending,WhatsApp,Mobile Money,3.36
O006234,C00696,2025-10-13,Completed,WhatsApp,Virement,5.28
O006235,C00827,2025-02-10,Completed,Site web,Carte bancaire,12.4
O006236,C02930,2025-02-20,Completed,Site web,Carte bancaire,5.44
O006237,C03678,2025-03-14,Pending,WhatsApp,Carte bancaire,5.58
O006238,C01039,2025-03-15,Cancelled,WhatsApp,Mobile Money,5.85
O006239,C03958,2025-08-13,Completed,Boutique,Mobile Money,3.38
O006240,C01115,2026-01-30,Cancelled,Boutique,Carte bancaire,1.5
O006241,C01291,2026-06-25,Completed,WhatsApp,Mobile Money,10.33
O006242,C00533,2026-06-23,Cancelled,Site web,Mobile Money,7.81
O006243,C00197,2025-04-08,Cancelled,Site web,Carte bancaire,9.33
O006244,C02604,2025-08-27,Completed,Site web,Carte bancaire,6.7
O006245,C01712,2025-08-25,Returned,Site web,Carte bancaire,9.48
O006246,C00494,2025-02-23,Completed,Marketplace,Carte bancaire,1.5
O006247,C02372,2025-01-22,Completed,WhatsApp,Virement,6.15
O006248,C01450,2025-07-13,Pending,WhatsApp,Carte bancaire,7.55
O006249,C01650,2026-04-15,Completed,Site web,Carte bancaire,9.96
O006250,C03736,2025-07-30,Completed,WhatsApp,Mobile Money,7.25
O006251,C01695,2025-07-30,Completed,Site web,Mobile Money,7.25
O006252,C01903,2026-07-01,Completed,Site web,Carte bancaire,6.68
O006253,C02887,2025-07-26,Completed,WhatsApp,Carte bancaire,1.57
O006254,C03757,2026-01-12,Pending,Site web,Mobile Money,4.22
O006255,C03101,2026-06-22,Cancelled,Site web,Carte bancaire,4.49
O006256,C02070,2025-03-06,Pending,Site web,Mobile Money,8.5
O006257,C01284,2025-10-07,Completed,Site web,Virement,7.54
O006258,C00752,2025-07-04,Cancelled,Site web,Mobile Money,10.52
O006259,C00520,2025-03-07,Completed,Boutique,Carte bancaire,7.46
O006260,C03188,2025-01-27,Completed,Site web,Cash,5.36
O006261,C03096,2025-12-22,Completed,Site web,Carte bancaire,9.85
O006262,C01485,2025-12-24,Completed,Site web,Carte bancaire,2.27
O006263,C03943,2025-11-04,Completed,Site web,Mobile Money,5.13
O006264,C04059,2026-01-04,Completed,Boutique,Mobile Money,3.16
O006265,C02608,2026-01-29,Returned,Boutique,Cash,2.64
O006266,C01101,2025-02-01,Completed,WhatsApp,Virement,2.74
O006267,C02128,2025-01-19,Cancelled,WhatsApp,Virement,4.02
O006268,C03454,2025-07-03,Completed,Boutique,Cash,6.57
O006269,C02130,2025-11-08,Completed,Site web,Mobile Money,4.95
O006270,C02075,2026-05-10,Completed,WhatsApp,Virement,6.78
O006271,C02238,2026-06-21,Returned,Site web,Mobile Money,6.66
O006272,C03537,2026-03-30,Completed,Site web,Carte bancaire,1.5
O006273,C01725,2025-06-09,Completed,Boutique,Carte bancaire,6.46
O006274,C00769,2025-11-11,Returned,Boutique,Carte bancaire,3.75
O006275,C02158,2025-03-05,Completed,Site web,Mobile Money,1.5
O006276,C02662,2025-09-23,Pending,Marketplace,Virement,6.68
O006277,C03926,2025-02-24,Completed,WhatsApp,Carte bancaire,6.19
O006278,C00476,2026-06-29,Completed,WhatsApp,Cash,6.44
O006279,C03960,2025-09-05,Completed,WhatsApp,Mobile Money,8.08
O006280,C03384,2026-01-31,Completed,Boutique,Mobile Money,3.96
O006281,C02984,2025-02-27,Completed,Marketplace,Virement,3.02
O006282,C00990,2026-06-07,Completed,Boutique,Virement,5.88
O006283,C00867,2025-10-15,Returned,Site web,Mobile Money,4.61
O006284,C01796,2025-02-09,Completed,WhatsApp,Mobile Money,14.1
O006285,C00767,2025-07-21,Pending,Site web,Mobile Money,5.52
O006286,C02756,2025-04-27,Completed,WhatsApp,Virement,5.9
O006287,C03160,2025-02-07,Completed,Marketplace,Carte bancaire,3.25
O006288,C02009,2025-01-18,Completed,Marketplace,Mobile Money,2.75
O006289,C02906,2026-01-26,Completed,WhatsApp,Mobile Money,1.5
O006290,C03272,2026-04-21,Completed,Site web,Mobile Money,4.83
O006291,C03835,2025-12-28,Cancelled,Site web,Mobile Money,5.18
O006292,C02891,2026-01-16,Completed,Site web,Cash,9.08
O006293,C00982,2025-01-21,Completed,Marketplace,Cash,5.03
O006294,C00548,2025-04-08,Completed,Site web,Carte bancaire,4.55
O006295,C03950,2025-01-19,Completed,Boutique,Cash,6.46
O006296,C03249,2026-06-18,Completed,Site web,Virement,5.42
O006297,C03568,2026-02-09,Completed,WhatsApp,Virement,8.6
O006298,C01779,2026-06-08,Completed,Marketplace,Mobile Money,10.03
O006299,C00662,2026-05-11,Completed,WhatsApp,Carte bancaire,5.6
O006300,C02511,2025-05-04,Pending,WhatsApp,Cash,2.79
O006301,C02687,2025-10-08,Completed,Site web,Virement,5.26
O006302,C00910,2025-12-21,Completed,Site web,Carte bancaire,6.33
O006303,C01974,2026-02-11,Completed,WhatsApp,Mobile Money,1.65
O006304,C01777,2026-01-02,Completed,Site web,Mobile Money,4.82
O006305,C01091,2025-09-06,Completed,WhatsApp,Carte bancaire,1.5
O006306,C03433,2025-01-03,Completed,Site web,Mobile Money,6.95
O006307,C02041,2026-05-30,Returned,Site web,Mobile Money,2.37
O006308,C03891,2026-01-13,Completed,Boutique,Carte bancaire,4.72
O006309,C00006,2026-04-04,Cancelled,Boutique,Virement,5.23
O006310,C03943,2025-05-02,Completed,Marketplace,Carte bancaire,1.84
O006311,C02779,2025-02-28,Completed,Site web,Carte bancaire,5.83
O006312,C02941,2026-05-09,Completed,Site web,Mobile Money,2.46
O006313,C01209,2026-03-18,Completed,Site web,Carte bancaire,10.17
O006314,C00332,2026-04-05,Completed,Marketplace,Virement,9.71
O006315,C00973,2025-08-30,Pending,WhatsApp,Mobile Money,9.25
O006316,C01860,2026-05-12,Cancelled,Marketplace,Virement,6.17
O006317,C01420,2025-05-03,Cancelled,Marketplace,Mobile Money,6.74
O006318,C00811,2026-02-20,Completed,Site web,Carte bancaire,5.2
O006319,C00054,2025-09-28,Pending,Site web,Virement,7.34
O006320,C02930,2025-04-01,Cancelled,Site web,Virement,10.64
O006321,C02802,2026-01-29,Completed,WhatsApp,Carte bancaire,2.79
O006322,C00678,2025-07-17,Completed,Marketplace,Carte bancaire,7.05
O006323,C03290,2025-03-29,Completed,Site web,Cash,1.5
O006324,C04106,2026-01-24,Completed,Boutique,Carte bancaire,4.49
O006325,C04200,2026-02-27,Completed,Site web,Mobile Money,5.54
O006326,C00818,2025-06-27,Cancelled,Boutique,Carte bancaire,6.68
O006327,C01795,2026-06-14,Returned,Site web,Carte bancaire,7.76
O006328,C00222,2026-01-25,Cancelled,WhatsApp,Carte bancaire,9.66
O006329,C00052,2025-01-13,Completed,WhatsApp,Mobile Money,1.53
O006330,C03543,2025-07-04,Completed,Site web,Carte bancaire,8.34
O006331,C04066,2026-06-18,Completed,Marketplace,Carte bancaire,11.14
O006332,C00850,2025-04-08,Completed,Boutique,Carte bancaire,4.61
O006333,C01948,2026-06-07,Completed,Site web,Mobile Money,4.24
O006334,C00101,2025-10-11,Cancelled,Site web,Virement,6.36
O006335,C03427,2026-01-06,Completed,Site web,Virement,5.55
O006336,C02302,2026-01-12,Pending,Site web,Mobile Money,5.35
O006337,C01227,2025-10-08,Completed,Site web,Virement,10.3
O006338,C04071,2025-10-11,Completed,Site web,Carte bancaire,13.13
O006339,C00572,2025-11-07,Completed,Marketplace,Mobile Money,5.02
O006340,C01124,2025-12-18,Completed,Marketplace,Virement,12.94
O006341,C03141,2026-02-09,Cancelled,Site web,Mobile Money,4.93
O006342,C01717,2025-08-29,Completed,Boutique,Mobile Money,8.27
O006343,C02943,2025-08-27,Completed,Site web,Virement,2.86
O006344,C00997,2026-03-03,Cancelled,WhatsApp,Mobile Money,3.35
O006345,C02766,2026-02-19,Completed,Site web,Cash,5.02
O006346,C02344,2025-12-23,Completed,Site web,Carte bancaire,8.49
O006347,C00198,2025-09-10,Cancelled,Site web,Mobile Money,6.62
O006348,C01356,2025-11-11,Completed,Boutique,Mobile Money,1.5
O006349,C01250,2025-11-09,Completed,WhatsApp,Mobile Money,2.0
O006350,C02484,2025-08-27,Completed,Boutique,Virement,1.5
O006351,C01841,2025-04-08,Completed,Site web,Mobile Money,6.95
O006352,C02008,2025-10-21,Completed,WhatsApp,Carte bancaire,6.44
O006353,C00712,2025-08-31,Completed,Site web,Virement,6.38
O006354,C03902,2025-01-28,Completed,Site web,Cash,6.35
O006355,C03149,2026-06-08,Completed,Site web,Virement,3.72
O006356,C02815,2026-01-01,Completed,Site web,Carte bancaire,6.51
O006357,C01158,2025-03-04,Completed,Boutique,Mobile Money,10.3
O006358,C02867,2025-04-23,Completed,WhatsApp,Mobile Money,7.7
O006359,C00987,2025-11-10,Completed,WhatsApp,Mobile Money,2.49
O006360,C02044,2026-04-17,Cancelled,Site web,Cash,4.99
O006361,C01127,2025-09-23,Completed,Site web,Virement,4.11
O006362,C01274,2026-03-22,Completed,WhatsApp,Mobile Money,8.64
O006363,C02728,2025-03-12,Completed,Site web,Mobile Money,2.83
O006364,C01319,2025-10-17,Completed,Site web,Mobile Money,6.54
O006365,C03067,2026-03-30,Completed,Site web,Mobile Money,4.97
O006366,C02117,2026-04-10,Completed,Marketplace,Mobile Money,3.66
O006367,C04121,2025-05-12,Completed,Site web,Virement,6.62
O006368,C00807,2026-01-03,Completed,Site web,Carte bancaire,5.33
O006369,C03969,2025-01-22,Completed,WhatsApp,Carte bancaire,8.23
O006370,C00557,2025-03-19,Completed,Marketplace,Mobile Money,4.53
O006371,C02309,2026-05-09,Completed,Site web,Carte bancaire,2.45
O006372,C01564,2026-02-10,Completed,Site web,Carte bancaire,5.38
O006373,C03160,2025-04-24,Completed,Marketplace,Mobile Money,6.75
O006374,C00548,2026-06-30,Completed,Boutique,Mobile Money,7.83
O006375,C01070,2026-06-28,Cancelled,WhatsApp,Carte bancaire,5.44
O006376,C00970,2025-01-23,Completed,Site web,Carte bancaire,8.53
O006377,C03868,2025-01-15,Completed,Site web,Carte bancaire,1.98
O006378,C02248,2025-05-15,Completed,Marketplace,Virement,8.94
O006379,C00690,2026-03-12,Completed,WhatsApp,Cash,7.71
O006380,C03319,2025-11-24,Completed,Site web,Virement,4.67
O006381,C01200,2025-10-08,Returned,Site web,Mobile Money,9.14
O006382,C00945,2025-08-16,Completed,Site web,Mobile Money,6.93
O006383,C02077,2025-09-20,Completed,Boutique,Virement,9.83
O006384,C03325,2025-12-16,Completed,WhatsApp,Cash,3.67
O006385,C03527,2025-02-04,Completed,Site web,Cash,3.95
O006386,C00066,2025-11-18,Completed,WhatsApp,Carte bancaire,7.65
O006387,C03772,2025-05-02,Cancelled,Boutique,Virement,6.2
O006388,C04188,2026-03-08,Completed,WhatsApp,Mobile Money,1.68
O006389,C01348,2025-04-18,Completed,Site web,Mobile Money,11.61
O006390,C02172,2025-02-08,Cancelled,Marketplace,Mobile Money,11.26
O006391,C01581,2025-08-27,Completed,Site web,Mobile Money,6.57
O006392,C01999,2025-08-30,Completed,WhatsApp,Virement,3.94
O006393,C02740,2025-10-12,Completed,Site web,Mobile Money,4.01
O006394,C02733,2026-04-17,Completed,Boutique,Carte bancaire,7.16
O006395,C01994,2026-01-19,Completed,WhatsApp,Virement,10.31
O006396,C01996,2025-07-18,Pending,Site web,Virement,13.94
O006397,C02053,2026-02-03,Completed,WhatsApp,Cash,5.1
O006398,C01714,2025-10-04,Completed,WhatsApp,Carte bancaire,4.93
O006399,C00518,2025-05-03,Completed,Site web,Carte bancaire,5.5
O006400,C01559,2025-01-12,Completed,Site web,Virement,7.23
O006401,C03006,2025-01-03,Completed,Site web,Mobile Money,3.44
O006402,C04107,2025-05-03,Cancelled,Marketplace,Carte bancaire,1.91
O006403,C03414,2026-03-25,Completed,Site web,Cash,5.3
O006404,C03619,2025-09-12,Completed,Site web,Carte bancaire,6.93
O006405,C03290,2025-09-05,Completed,Site web,Mobile Money,11.14
O006406,C02111,2025-08-07,Completed,Boutique,Mobile Money,2.76
O006407,C02865,2025-05-21,Completed,WhatsApp,Mobile Money,9.39
O006408,C03514,2026-01-27,Completed,Boutique,Carte bancaire,5.69
O006409,C00937,2025-01-07,Cancelled,WhatsApp,Virement,5.27
O006410,C00627,2025-12-02,Completed,WhatsApp,Mobile Money,1.5
O006411,C01119,2026-05-29,Completed,Marketplace,Mobile Money,7.18
O006412,C02224,2026-04-28,Completed,Boutique,Carte bancaire,6.82
O006413,C03303,2025-07-22,Completed,Boutique,Cash,12.8
O006414,C01891,2026-04-14,Completed,Boutique,Mobile Money,5.23
O006415,C04129,2025-05-11,Completed,WhatsApp,Carte bancaire,10.66
O006416,C01365,2025-05-13,Completed,WhatsApp,Mobile Money,5.09
O006417,C01941,2025-07-08,Pending,WhatsApp,Mobile Money,4.97
O006418,C03858,2025-01-10,Completed,Marketplace,Mobile Money,1.5
O006419,C00717,2025-05-26,Completed,Marketplace,Mobile Money,9.45
O006420,C03497,2026-04-14,Completed,WhatsApp,Mobile Money,6.41
O006421,C00635,2026-02-22,Completed,WhatsApp,Mobile Money,5.99
O006422,C03810,2025-06-30,Completed,Site web,Mobile Money,5.13
O006423,C01358,2025-06-21,Completed,Boutique,Cash,6.71
O006424,C02668,2025-07-10,Cancelled,Boutique,Cash,3.87
O006425,C02990,2025-03-07,Completed,Marketplace,Virement,7.35
O006426,C01581,2025-03-28,Completed,WhatsApp,Mobile Money,3.14
O006427,C02312,2026-06-29,Completed,Boutique,Mobile Money,5.6
O006428,C03179,2026-01-15,Completed,Site web,Mobile Money,7.49
O006429,C03679,2026-01-07,Completed,WhatsApp,Mobile Money,10.22
O006430,C00456,2025-06-03,Completed,Site web,Virement,6.63
O006431,C02081,2026-04-15,Completed,WhatsApp,Carte bancaire,9.89
O006432,C03583,2025-04-07,Completed,Site web,Mobile Money,5.96
O006433,C02335,2026-06-15,Completed,Site web,Mobile Money,3.19
O006434,C00121,2025-10-03,Completed,Boutique,Carte bancaire,12.24
O006435,C00528,2025-07-01,Completed,WhatsApp,Virement,5.65
O006436,C03437,2026-02-16,Completed,Site web,Carte bancaire,8.84
O006437,C01779,2025-08-17,Completed,Boutique,Mobile Money,4.14
O006438,C02957,2025-05-28,Pending,Site web,Carte bancaire,7.56
O006439,C03750,2026-01-10,Cancelled,Site web,Carte bancaire,7.03
O006440,C00372,2026-01-31,Pending,Site web,Virement,6.0
O006441,C01912,2025-11-27,Pending,Site web,Mobile Money,12.09
O006442,C00618,2025-09-11,Cancelled,Boutique,Carte bancaire,7.29
O006443,C03538,2025-06-30,Completed,WhatsApp,Mobile Money,4.89
O006444,C01901,2025-08-10,Completed,WhatsApp,Mobile Money,10.72
O006445,C03682,2026-04-25,Completed,WhatsApp,Virement,1.5
O006446,C01260,2025-07-17,Completed,Site web,Cash,1.63
O006447,C00611,2026-06-15,Pending,WhatsApp,Cash,8.64
O006448,C03643,2025-03-21,Completed,Boutique,Virement,6.68
O006449,C02576,2025-03-31,Completed,WhatsApp,Carte bancaire,4.36
O006450,C00810,2025-07-02,Completed,WhatsApp,Mobile Money,7.18
O006451,C02916,2025-01-02,Completed,Site web,Cash,9.2
O006452,C01752,2026-04-27,Completed,Site web,Carte bancaire,2.83
O006453,C00196,2025-07-06,Completed,Site web,Carte bancaire,5.74
O006454,C01094,2025-02-25,Completed,Boutique,Carte bancaire,6.12
O006455,C03151,2025-12-05,Completed,Site web,Virement,6.92
O006456,C00535,2026-06-10,Completed,Boutique,Carte bancaire,7.93
O006457,C01419,2026-06-29,Completed,WhatsApp,Mobile Money,1.5
O006458,C01091,2025-02-28,Completed,Site web,Cash,7.61
O006459,C03079,2026-03-11,Returned,WhatsApp,Mobile Money,1.5
O006460,C03612,2025-07-18,Completed,Site web,Mobile Money,5.89
O006461,C03308,2026-04-04,Completed,Marketplace,Mobile Money,2.83
O006462,C03006,2025-11-29,Pending,Site web,Mobile Money,6.59
O006463,C00377,2026-02-05,Pending,Boutique,Virement,8.0
O006464,C03840,2026-04-05,Completed,Site web,Mobile Money,6.17
O006465,C00680,2026-05-06,Completed,WhatsApp,Virement,4.04
O006466,C01703,2025-03-20,Pending,WhatsApp,Mobile Money,2.05
O006467,C03477,2026-02-01,Completed,Site web,Mobile Money,5.89
O006468,C01010,2025-03-19,Completed,Site web,Virement,4.78
O006469,C00911,2026-06-02,Completed,Site web,Mobile Money,7.01
O006470,C00111,2025-12-11,Cancelled,Boutique,Mobile Money,4.71
O006471,C01505,2025-04-16,Cancelled,WhatsApp,Mobile Money,10.21
O006472,C02080,2025-06-10,Completed,Site web,Mobile Money,6.14
O006473,C01964,2026-05-06,Cancelled,Site web,Carte bancaire,8.76
O006474,C00167,2025-12-20,Completed,Marketplace,Mobile Money,4.5
O006475,C00861,2025-05-06,Completed,Site web,Carte bancaire,8.21
O006476,C00018,2026-03-26,Completed,WhatsApp,Virement,7.87
O006477,C00945,2026-01-29,Completed,Site web,Carte bancaire,3.96
O006478,C02540,2025-02-12,Completed,Site web,Carte bancaire,1.51
O006479,C00037,2025-06-05,Completed,Site web,Mobile Money,9.8
O006480,C00693,2026-04-08,Completed,Marketplace,Cash,4.74
O006481,C02285,2025-07-12,Completed,WhatsApp,Mobile Money,4.06
O006482,C02352,2025-01-21,Completed,Site web,Virement,5.1
O006483,C03765,2025-11-27,Cancelled,WhatsApp,Mobile Money,3.16
O006484,C02409,2026-05-08,Completed,Site web,Virement,7.89
O006485,C03889,2025-11-01,Pending,Marketplace,Carte bancaire,5.97
O006486,C03041,2026-06-19,Completed,Site web,Mobile Money,6.16
O006487,C02313,2025-03-04,Completed,Marketplace,Virement,9.42
O006488,C01610,2026-01-01,Cancelled,Boutique,Mobile Money,6.3
O006489,C00468,2025-12-23,Completed,Site web,Virement,10.73
O006490,C02962,2026-06-24,Completed,Marketplace,Carte bancaire,5.94
O006491,C03940,2025-10-13,Returned,Marketplace,Mobile Money,1.5
O006492,C01538,2026-03-27,Completed,Boutique,Carte bancaire,3.34
O006493,C01494,2025-03-21,Completed,Site web,Carte bancaire,3.82
O006494,C00411,2025-01-25,Completed,WhatsApp,Mobile Money,6.34
O006495,C02511,2026-01-28,Completed,Site web,Virement,10.57
O006496,C01302,2025-01-03,Completed,Marketplace,Mobile Money,6.57
O006497,C00043,2026-04-25,Pending,Site web,Mobile Money,5.31
O006498,C00032,2025-01-12,Completed,Boutique,Mobile Money,5.09
O006499,C01410,2026-01-13,Completed,Boutique,Virement,7.64
O006500,C01943,2025-09-05,Completed,Marketplace,Mobile Money,7.25
O006501,C01921,2025-12-20,Completed,Boutique,Virement,8.39
O006502,C03110,2025-12-08,Completed,Boutique,Virement,3.89
O006503,C02218,2025-09-01,Returned,Boutique,Carte bancaire,12.75
O006504,C03296,2025-09-21,Completed,WhatsApp,Carte bancaire,4.97
O006505,C01248,2025-10-03,Completed,Site web,Mobile Money,4.09
O006506,C00975,2026-01-07,Completed,Marketplace,Mobile Money,9.58
O006507,C02267,2026-01-25,Pending,Site web,Carte bancaire,8.71
O006508,C00444,2025-09-04,Completed,Boutique,Carte bancaire,4.07
O006509,C03211,2025-07-13,Completed,Site web,Mobile Money,8.03
O006510,C00779,2025-01-24,Completed,Site web,Mobile Money,4.72
O006511,C03844,2026-03-04,Completed,WhatsApp,Mobile Money,7.26
O006512,C04132,2025-05-04,Returned,Marketplace,Mobile Money,6.7
O006513,C02258,2025-08-26,Completed,Site web,Mobile Money,13.64
O006514,C01311,2026-06-28,Completed,WhatsApp,Cash,10.17
O006515,C01423,2026-03-07,Completed,Site web,Cash,9.2
O006516,C01803,2025-07-09,Cancelled,WhatsApp,Mobile Money,8.3
O006517,C02013,2025-09-18,Completed,WhatsApp,Carte bancaire,2.24
O006518,C00318,2025-06-27,Completed,Site web,Mobile Money,6.56
O006519,C00830,2025-12-10,Pending,Boutique,Carte bancaire,4.68
O006520,C03316,2025-03-25,Cancelled,Boutique,Mobile Money,5.85
O006521,C00222,2026-06-07,Completed,Boutique,Carte bancaire,6.26
O006522,C01884,2026-06-25,Completed,Boutique,Carte bancaire,1.5
O006523,C03676,2025-06-13,Completed,Site web,Carte bancaire,5.15
O006524,C00368,2025-05-07,Cancelled,WhatsApp,Mobile Money,6.38
O006525,C03888,2025-10-23,Completed,Boutique,Carte bancaire,8.78
O006526,C01987,2025-12-21,Completed,Boutique,Mobile Money,3.65
O006527,C01779,2025-12-19,Completed,Boutique,Carte bancaire,3.63
O006528,C02996,2025-01-24,Pending,WhatsApp,Virement,3.43
O006529,C03265,2026-01-25,Completed,Boutique,Mobile Money,5.05
O006530,C01987,2025-02-06,Completed,Boutique,Mobile Money,2.62
O006531,C00350,2025-07-07,Pending,WhatsApp,Carte bancaire,9.98
O006532,C04069,2026-01-28,Completed,Site web,Mobile Money,8.33
O006533,C00038,2026-05-02,Completed,Boutique,Carte bancaire,14.15
O006534,C03661,2025-12-15,Completed,WhatsApp,Carte bancaire,4.41
O006535,C01824,2025-03-29,Cancelled,Boutique,Carte bancaire,8.58
O006536,C02163,2026-01-08,Completed,Site web,Carte bancaire,2.36
O006537,C03214,2025-01-21,Completed,Site web,Mobile Money,10.41
O006538,C03951,2025-05-07,Cancelled,Boutique,Mobile Money,5.36
O006539,C00632,2025-03-09,Pending,Site web,Virement,5.75
O006540,C03408,2026-06-24,Completed,Site web,Carte bancaire,9.83
O006541,C02777,2025-07-21,Completed,WhatsApp,Mobile Money,9.64
O006542,C01547,2025-11-02,Completed,Site web,Carte bancaire,3.06
O006543,C01789,2026-03-10,Completed,WhatsApp,Carte bancaire,5.68
O006544,C03240,2026-06-16,Completed,Site web,Mobile Money,10.27
O006545,C00589,2026-06-30,Cancelled,Site web,Mobile Money,4.9
O006546,C02125,2025-03-31,Completed,Marketplace,Cash,6.92
O006547,C03034,2025-08-04,Completed,WhatsApp,Virement,7.61
O006548,C02265,2025-08-10,Completed,Marketplace,Virement,10.23
O006549,C01882,2026-03-13,Cancelled,WhatsApp,Mobile Money,8.0
O006550,C02187,2025-07-03,Completed,Boutique,Carte bancaire,5.27
O006551,C02149,2025-05-07,Completed,Site web,Cash,1.5
O006552,C03376,2026-02-18,Completed,Site web,Cash,8.11
O006553,C03448,2025-09-29,Returned,Site web,Mobile Money,6.52
O006554,C03859,2026-02-14,Completed,Site web,Mobile Money,11.33
O006555,C00303,2025-07-28,Completed,Marketplace,Carte bancaire,7.73
O006556,C01342,2025-09-24,Cancelled,WhatsApp,Mobile Money,4.3
O006557,C03683,2025-01-06,Completed,WhatsApp,Mobile Money,2.26
O006558,C02697,2025-01-09,Completed,WhatsApp,Carte bancaire,5.48
O006559,C01583,2025-01-01,Completed,Site web,Mobile Money,7.09
O006560,C02640,2025-04-07,Completed,Marketplace,Carte bancaire,6.31
O006561,C01946,2025-07-10,Completed,WhatsApp,Mobile Money,2.21
O006562,C03728,2025-01-28,Completed,Site web,Mobile Money,1.5
O006563,C02345,2025-03-30,Completed,WhatsApp,Virement,3.13
O006564,C01879,2026-04-10,Cancelled,Site web,Carte bancaire,1.5
O006565,C02620,2026-04-14,Completed,WhatsApp,Cash,3.06
O006566,C00799,2025-06-08,Completed,WhatsApp,Mobile Money,6.72
O006567,C03238,2026-06-03,Completed,Marketplace,Carte bancaire,10.34
O006568,C00853,2025-03-06,Completed,Marketplace,Carte bancaire,1.5
O006569,C00100,2025-01-18,Returned,Site web,Cash,2.92
O006570,C00216,2025-07-14,Completed,Site web,Mobile Money,7.19
O006571,C00278,2025-05-26,Completed,Marketplace,Carte bancaire,4.65
O006572,C00424,2025-02-12,Completed,WhatsApp,Mobile Money,6.49
O006573,C00213,2026-04-10,Completed,WhatsApp,Virement,7.13
O006574,C01266,2026-06-21,Completed,WhatsApp,Mobile Money,4.76
O006575,C04036,2025-05-29,Completed,WhatsApp,Carte bancaire,9.61
O006576,C00431,2025-06-22,Cancelled,WhatsApp,Carte bancaire,13.29
O006577,C02840,2026-01-29,Completed,Marketplace,Mobile Money,2.8
O006578,C03659,2026-05-27,Completed,WhatsApp,Mobile Money,8.78
O006579,C03399,2025-06-07,Completed,Site web,Mobile Money,12.32
O006580,C01521,2026-01-10,Pending,Site web,Mobile Money,10.34
O006581,C00222,2025-01-13,Completed,Marketplace,Mobile Money,3.93
O006582,C01548,2025-11-07,Completed,WhatsApp,Mobile Money,5.02
O006583,C02527,2026-06-25,Pending,WhatsApp,Virement,1.5
O006584,C03182,2025-09-18,Pending,Site web,Carte bancaire,4.29
O006585,C00596,2025-12-18,Completed,Marketplace,Carte bancaire,4.38
O006586,C01266,2026-01-12,Completed,WhatsApp,Mobile Money,7.37
O006587,C02527,2025-12-13,Completed,Marketplace,Carte bancaire,2.59
O006588,C03004,2026-01-12,Completed,Site web,Carte bancaire,6.22
O006589,C01306,2026-05-01,Completed,Site web,Cash,6.62
O006590,C03455,2025-01-06,Completed,Site web,Mobile Money,4.6
O006591,C03368,2026-04-30,Completed,Site web,Carte bancaire,8.52
O006592,C01513,2026-05-13,Completed,Marketplace,Carte bancaire,4.64
O006593,C02252,2026-05-11,Pending,Site web,Carte bancaire,6.98
O006594,C02007,2025-07-21,Cancelled,Boutique,Mobile Money,2.1
O006595,C02810,2025-11-16,Completed,Boutique,Virement,3.66
O006596,C01354,2025-07-13,Completed,Site web,Mobile Money,8.88
O006597,C01385,2026-04-06,Returned,WhatsApp,Mobile Money,1.5
O006598,C01778,2025-08-11,Completed,Boutique,Mobile Money,8.26
O006599,C00907,2025-06-21,Completed,WhatsApp,Virement,5.02
O006600,C02440,2026-01-11,Completed,Site web,Carte bancaire,1.5
O006601,C04024,2025-01-28,Completed,Marketplace,Mobile Money,4.67
O006602,C01469,2025-07-26,Completed,WhatsApp,Mobile Money,8.2
O006603,C03617,2025-04-24,Completed,Marketplace,Carte bancaire,12.92
O006604,C01950,2025-07-24,Completed,WhatsApp,Virement,11.6
O006605,C00697,2025-09-03,Completed,Site web,Carte bancaire,3.21
O006606,C02085,2025-02-04,Pending,Site web,Carte bancaire,8.4
O006607,C02098,2026-04-19,Completed,Marketplace,Mobile Money,4.66
O006608,C00103,2025-08-17,Completed,Marketplace,Mobile Money,4.17
O006609,C02014,2025-07-16,Cancelled,Site web,Mobile Money,9.02
O006610,C00688,2025-03-23,Completed,Site web,Carte bancaire,6.68
O006611,C03337,2026-06-30,Completed,Site web,Carte bancaire,6.69
O006612,C02274,2026-04-14,Completed,Site web,Mobile Money,1.5
O006613,C01278,2025-09-22,Completed,Site web,Mobile Money,3.1
O006614,C00012,2025-07-03,Completed,Site web,Mobile Money,3.3
O006615,C02399,2025-09-14,Cancelled,Site web,Virement,7.54
O006616,C02958,2026-06-11,Completed,WhatsApp,Mobile Money,8.2
O006617,C01782,2025-05-02,Completed,Marketplace,Carte bancaire,11.21
O006618,C03803,2026-01-11,Cancelled,Site web,Mobile Money,3.18
O006619,C00825,2026-05-11,Completed,Boutique,Mobile Money,11.28
O006620,C03170,2026-02-19,Completed,Site web,Mobile Money,5.22
O006621,C02082,2026-04-22,Completed,WhatsApp,Mobile Money,6.24
O006622,C01320,2026-06-04,Completed,Marketplace,Mobile Money,5.65
O006623,C01211,2025-02-02,Completed,Site web,Mobile Money,6.76
O006624,C01890,2025-05-11,Completed,Boutique,Carte bancaire,8.09
O006625,C00339,2025-03-21,Pending,Site web,Virement,9.11
O006626,C02734,2025-11-07,Completed,Site web,Virement,5.27
O006627,C01718,2025-08-12,Completed,Site web,Mobile Money,6.27
O006628,C02858,2025-01-23,Pending,Site web,Mobile Money,3.27
O006629,C02164,2025-11-02,Completed,Site web,Carte bancaire,8.03
O006630,C04106,2025-02-25,Returned,Boutique,Mobile Money,6.8
O006631,C00348,2025-08-12,Completed,Site web,Virement,3.67
O006632,C02071,2025-07-20,Completed,Boutique,Virement,2.27
O006633,C02253,2026-05-05,Completed,Site web,Mobile Money,6.48
O006634,C01049,2026-01-10,Completed,Site web,Mobile Money,9.92
O006635,C02824,2025-12-09,Completed,WhatsApp,Mobile Money,10.76
O006636,C01522,2026-04-01,Completed,WhatsApp,Mobile Money,2.12
O006637,C03207,2025-04-09,Completed,Marketplace,Mobile Money,8.8
O006638,C03875,2025-05-21,Cancelled,Boutique,Cash,8.39
O006639,C03586,2026-02-17,Completed,WhatsApp,Mobile Money,10.15
O006640,C02658,2026-02-15,Completed,Marketplace,Mobile Money,7.43
O006641,C03016,2025-01-12,Returned,Site web,Mobile Money,5.0
O006642,C03630,2025-05-03,Completed,Marketplace,Mobile Money,8.36
O006643,C04119,2025-05-05,Pending,Site web,Carte bancaire,1.5
O006644,C03042,2025-01-04,Completed,Site web,Mobile Money,3.03
O006645,C03835,2025-12-29,Completed,Site web,Carte bancaire,3.39
O006646,C04055,2025-01-30,Completed,WhatsApp,Virement,3.98
O006647,C00739,2026-04-07,Completed,WhatsApp,Carte bancaire,1.5
O006648,C02106,2025-11-17,Completed,Site web,Mobile Money,4.31
O006649,C01502,2026-02-22,Completed,Site web,Mobile Money,4.34
O006650,C03990,2025-09-30,Completed,WhatsApp,Virement,5.21
O006651,C03125,2026-06-16,Completed,WhatsApp,Mobile Money,6.85
O006652,C03721,2025-05-29,Completed,Marketplace,Mobile Money,2.25
O006653,C01469,2025-11-02,Completed,Marketplace,Mobile Money,4.64
O006654,C03541,2025-01-04,Completed,WhatsApp,Carte bancaire,5.73
O006655,C00342,2026-04-02,Pending,WhatsApp,Carte bancaire,1.5
O006656,C03945,2025-11-08,Cancelled,Boutique,Virement,5.78
O006657,C00966,2025-04-07,Pending,Boutique,Carte bancaire,6.72
O006658,C02208,2026-03-25,Completed,Boutique,Cash,8.27
O006659,C03009,2026-06-27,Completed,Boutique,Cash,2.04
O006660,C03120,2025-02-07,Completed,Site web,Mobile Money,5.55
O006661,C00892,2026-04-09,Completed,Marketplace,Mobile Money,9.72
O006662,C02333,2026-02-08,Cancelled,WhatsApp,Virement,1.5
O006663,C02229,2025-07-14,Completed,Site web,Cash,5.98
O006664,C03261,2025-12-14,Completed,WhatsApp,Carte bancaire,1.5
O006665,C01348,2026-03-07,Completed,Site web,Mobile Money,4.71
O006666,C03208,2025-09-20,Completed,Site web,Mobile Money,3.59
O006667,C02589,2026-01-01,Completed,WhatsApp,Cash,7.12
O006668,C03186,2025-01-27,Pending,WhatsApp,Mobile Money,5.11
O006669,C03676,2026-05-23,Completed,Marketplace,Cash,2.17
O006670,C01800,2026-05-22,Cancelled,Marketplace,Mobile Money,10.57
O006671,C01816,2025-04-26,Completed,Site web,Cash,6.53
O006672,C03345,2025-09-19,Completed,Site web,Mobile Money,8.96
O006673,C03284,2025-05-11,Completed,Site web,Cash,2.71
O006674,C03682,2025-08-07,Completed,Marketplace,Carte bancaire,4.82
O006675,C02312,2025-05-31,Completed,Site web,Virement,9.0
O006676,C02673,2026-04-18,Completed,Site web,Mobile Money,3.75
O006677,C00249,2026-01-16,Completed,WhatsApp,Mobile Money,5.98
O006678,C01910,2026-04-09,Completed,Site web,Mobile Money,5.8
O006679,C01035,2026-03-11,Completed,WhatsApp,Carte bancaire,1.5
O006680,C03584,2026-02-03,Completed,Marketplace,Mobile Money,5.79
O006681,C00515,2025-04-02,Completed,Boutique,Carte bancaire,4.74
O006682,C03270,2026-03-31,Completed,Site web,Mobile Money,5.5
O006683,C03515,2026-03-06,Completed,Site web,Carte bancaire,3.84
O006684,C01973,2025-03-10,Returned,Site web,Mobile Money,2.13
O006685,C02807,2025-02-18,Completed,Site web,Cash,3.56
O006686,C02436,2026-02-21,Completed,Site web,Mobile Money,4.42
O006687,C02895,2025-08-02,Completed,Site web,Cash,7.82
O006688,C02881,2025-06-29,Completed,WhatsApp,Carte bancaire,4.32
O006689,C01063,2025-08-06,Completed,Site web,Mobile Money,6.33
O006690,C02891,2026-04-21,Completed,WhatsApp,Virement,6.6
O006691,C03788,2025-07-19,Pending,Site web,Mobile Money,4.38
O006692,C01307,2025-07-22,Cancelled,Site web,Carte bancaire,8.91
O006693,C01288,2025-08-07,Completed,Boutique,Carte bancaire,4.87
O006694,C01230,2025-01-30,Completed,Site web,Virement,4.32
O006695,C03830,2025-01-21,Completed,WhatsApp,Mobile Money,9.31
O006696,C03727,2025-08-16,Completed,WhatsApp,Mobile Money,6.41
O006697,C01461,2025-01-10,Completed,WhatsApp,Cash,1.5
O006698,C03936,2026-02-19,Completed,Marketplace,Mobile Money,1.5
O006699,C03199,2025-08-21,Completed,Boutique,Carte bancaire,10.78
O006700,C01689,2025-10-02,Completed,Boutique,Virement,6.25
O006701,C03466,2025-07-04,Completed,Marketplace,Mobile Money,5.48
O006702,C03837,2026-02-23,Completed,Marketplace,Mobile Money,1.5
O006703,C03648,2025-08-23,Completed,Boutique,Mobile Money,5.56
O006704,C01977,2025-01-20,Completed,WhatsApp,Cash,2.84
O006705,C00911,2025-09-25,Completed,Boutique,Cash,5.05
O006706,C00703,2025-04-08,Completed,Site web,Cash,3.81
O006707,C03475,2025-11-23,Completed,Marketplace,Mobile Money,5.13
O006708,C03079,2025-11-05,Completed,Site web,Carte bancaire,6.58
O006709,C02978,2025-09-18,Completed,Site web,Cash,7.12
O006710,C00193,2025-07-31,Completed,Site web,Virement,5.8
O006711,C04055,2025-11-23,Completed,Boutique,Mobile Money,6.32
O006712,C00479,2026-01-08,Completed,Site web,Mobile Money,1.5
O006713,C02439,2026-04-27,Completed,Boutique,Mobile Money,5.75
O006714,C03953,2026-06-12,Completed,WhatsApp,Virement,6.62
O006715,C01017,2025-02-15,Completed,Site web,Mobile Money,5.76
O006716,C02175,2025-12-28,Completed,Marketplace,Mobile Money,10.46
O006717,C03529,2025-02-16,Completed,Site web,Virement,5.21
O006718,C01119,2025-08-17,Completed,WhatsApp,Mobile Money,2.03
O006719,C00428,2026-02-11,Returned,Boutique,Mobile Money,6.0
O006720,C02018,2025-10-25,Completed,Site web,Carte bancaire,4.28
O006721,C03340,2026-03-19,Completed,Site web,Virement,1.5
O006722,C02429,2026-05-16,Completed,Site web,Carte bancaire,5.09
O006723,C01860,2026-06-18,Cancelled,WhatsApp,Cash,10.43
O006724,C02684,2026-01-04,Completed,Boutique,Virement,4.89
O006725,C00218,2026-01-05,Completed,Site web,Mobile Money,9.25
O006726,C01463,2026-03-17,Completed,Site web,Mobile Money,8.15
O006727,C03688,2025-05-08,Completed,Boutique,Mobile Money,13.1
O006728,C01628,2025-06-15,Cancelled,Boutique,Carte bancaire,7.36
O006729,C04054,2025-07-07,Completed,Site web,Carte bancaire,6.23
O006730,C02310,2026-02-12,Pending,Site web,Carte bancaire,6.27
O006731,C03923,2025-07-12,Returned,Site web,Carte bancaire,6.84
O006732,C02632,2025-03-18,Completed,Site web,Mobile Money,5.22
O006733,C01760,2026-03-14,Pending,WhatsApp,Mobile Money,4.47
O006734,C03870,2026-02-15,Completed,WhatsApp,Carte bancaire,7.38
O006735,C01134,2025-11-22,Completed,Marketplace,Mobile Money,4.1
O006736,C01648,2026-04-29,Completed,WhatsApp,Mobile Money,1.5
O006737,C03035,2026-03-10,Completed,Site web,Virement,2.07
O006738,C03674,2026-05-09,Completed,Site web,Carte bancaire,10.94
O006739,C00812,2025-05-23,Completed,Boutique,Carte bancaire,5.04
O006740,C04172,2025-03-05,Completed,WhatsApp,Mobile Money,8.3
O006741,C01809,2025-07-07,Completed,Boutique,Cash,3.91
O006742,C01424,2026-03-31,Completed,Site web,Virement,8.67
O006743,C00540,2026-05-22,Completed,Site web,Mobile Money,7.21
O006744,C00115,2025-03-02,Completed,Marketplace,Mobile Money,11.97
O006745,C02342,2026-04-14,Completed,Site web,Virement,9.95
O006746,C02539,2025-09-20,Completed,Site web,Carte bancaire,8.21
O006747,C00395,2026-03-25,Returned,WhatsApp,Virement,4.23
O006748,C03796,2026-01-10,Returned,Boutique,Carte bancaire,2.47
O006749,C02285,2025-02-02,Completed,WhatsApp,Virement,5.58
O006750,C00225,2025-09-23,Completed,WhatsApp,Carte bancaire,6.06
O006751,C03534,2025-02-18,Completed,Site web,Mobile Money,4.77
O006752,C00829,2025-07-06,Completed,Boutique,Virement,8.12
O006753,C02827,2026-02-20,Completed,Boutique,Mobile Money,6.23
O006754,C02840,2026-01-10,Returned,Boutique,Mobile Money,5.99
O006755,C03404,2026-01-22,Completed,Site web,Mobile Money,10.57
O006756,C03401,2025-12-29,Completed,WhatsApp,Mobile Money,6.31
O006757,C04140,2025-01-09,Completed,Boutique,Carte bancaire,1.93
O006758,C00364,2025-11-16,Pending,Site web,Mobile Money,9.07
O006759,C01533,2025-09-23,Completed,Site web,Mobile Money,6.63
O006760,C01528,2025-10-17,Completed,Marketplace,Carte bancaire,5.18
O006761,C01581,2025-04-27,Completed,Boutique,Mobile Money,3.13
O006762,C01003,2026-01-22,Pending,Marketplace,Mobile Money,9.78
O006763,C00983,2025-11-29,Completed,WhatsApp,Carte bancaire,11.07
O006764,C04053,2025-08-09,Completed,Site web,Carte bancaire,3.98
O006765,C03776,2025-01-31,Completed,Site web,Cash,6.89
O006766,C02867,2025-02-07,Pending,Boutique,Carte bancaire,7.32
O006767,C02331,2025-07-16,Completed,Boutique,Carte bancaire,1.5
O006768,C01998,2025-10-22,Completed,Site web,Mobile Money,5.87
O006769,C02865,2026-07-01,Completed,Site web,Mobile Money,1.5
O006770,C03622,2026-02-01,Completed,Boutique,Carte bancaire,5.95
O006771,C01791,2025-09-23,Completed,Site web,Carte bancaire,12.79
O006772,C02259,2025-06-13,Completed,Site web,Mobile Money,1.65
O006773,C03831,2025-04-03,Completed,Marketplace,Mobile Money,11.63
O006774,C03828,2025-03-19,Completed,WhatsApp,Mobile Money,11.33
O006775,C00966,2025-02-09,Completed,Boutique,Mobile Money,5.98
O006776,C01003,2026-05-15,Completed,Marketplace,Mobile Money,7.55
O006777,C00858,2025-01-09,Completed,Boutique,Carte bancaire,5.15
O006778,C00115,2026-04-19,Completed,WhatsApp,Carte bancaire,4.66
O006779,C02917,2025-11-16,Returned,WhatsApp,Carte bancaire,6.61
O006780,C01801,2025-12-05,Completed,WhatsApp,Carte bancaire,3.68
O006781,C00134,2026-06-10,Completed,Marketplace,Carte bancaire,7.42
O006782,C00858,2026-03-08,Completed,Site web,Virement,6.12
O006783,C02236,2025-03-22,Completed,Boutique,Mobile Money,2.8
O006784,C03511,2026-06-15,Completed,Marketplace,Virement,8.13
O006785,C02785,2025-04-07,Pending,Site web,Mobile Money,8.21
O006786,C02239,2025-11-08,Completed,Boutique,Carte bancaire,9.37
O006787,C00784,2025-12-18,Completed,Site web,Mobile Money,4.56
O006788,C01213,2025-05-14,Completed,Site web,Mobile Money,9.09
O006789,C03285,2025-12-12,Completed,Site web,Cash,12.5
O006790,C03250,2025-12-17,Completed,WhatsApp,Mobile Money,6.09
O006791,C03647,2026-06-21,Completed,Site web,Carte bancaire,6.36
O006792,C02213,2026-05-17,Completed,WhatsApp,Mobile Money,8.04
O006793,C01147,2025-08-08,Completed,Site web,Mobile Money,1.5
O006794,C02112,2026-01-14,Completed,Site web,Cash,1.9
O006795,C03765,2026-03-26,Pending,Site web,Carte bancaire,4.35
O006796,C00760,2025-01-15,Completed,Boutique,Carte bancaire,4.98
O006797,C03558,2026-01-11,Cancelled,Site web,Mobile Money,6.34
O006798,C04180,2026-05-18,Completed,Boutique,Mobile Money,6.8
O006799,C03444,2025-03-07,Completed,Boutique,Carte bancaire,1.88
O006800,C02768,2026-02-18,Completed,Boutique,Mobile Money,9.46
O006801,C01719,2025-02-03,Pending,WhatsApp,Mobile Money,7.0
O006802,C03591,2025-08-09,Completed,Boutique,Mobile Money,6.18
O006803,C00676,2026-03-26,Completed,WhatsApp,Mobile Money,7.47
O006804,C03191,2026-06-26,Completed,WhatsApp,Cash,4.15
O006805,C01688,2026-02-03,Cancelled,Site web,Carte bancaire,5.28
O006806,C02113,2026-01-31,Completed,Marketplace,Mobile Money,2.75
O006807,C01946,2025-05-23,Pending,Boutique,Carte bancaire,1.5
O006808,C00041,2026-03-29,Pending,WhatsApp,Carte bancaire,5.29
O006809,C04144,2025-12-28,Completed,WhatsApp,Mobile Money,11.17
O006810,C02801,2026-06-01,Pending,WhatsApp,Virement,4.29
O006811,C02521,2025-11-27,Completed,Site web,Carte bancaire,1.5
O006812,C00424,2025-01-22,Completed,Site web,Mobile Money,7.69
O006813,C03271,2025-10-08,Completed,Site web,Carte bancaire,4.56
O006814,C04039,2026-03-01,Pending,Boutique,Carte bancaire,7.31
O006815,C03422,2026-03-08,Completed,WhatsApp,Mobile Money,7.98
O006816,C01047,2025-07-31,Completed,Site web,Virement,4.48
O006817,C00762,2025-04-04,Completed,Site web,Mobile Money,7.24
O006818,C01543,2026-04-22,Completed,Boutique,Mobile Money,5.89
O006819,C00095,2026-03-28,Completed,Boutique,Cash,1.5
O006820,C02317,2026-04-27,Completed,Boutique,Mobile Money,4.43
O006821,C01925,2026-01-03,Completed,Site web,Mobile Money,3.51
O006822,C02111,2026-03-31,Completed,WhatsApp,Mobile Money,1.5
O006823,C04158,2025-08-09,Completed,WhatsApp,Virement,3.46
O006824,C02752,2026-03-04,Pending,Site web,Mobile Money,8.01
O006825,C01751,2025-09-25,Completed,Site web,Virement,6.04
O006826,C03291,2026-03-12,Completed,WhatsApp,Carte bancaire,1.5
O006827,C01553,2025-03-22,Pending,WhatsApp,Virement,2.67
O006828,C03183,2025-06-12,Completed,Site web,Cash,6.05
O006829,C03918,2025-04-28,Completed,Site web,Virement,5.99
O006830,C03814,2025-08-11,Completed,Site web,Mobile Money,5.04
O006831,C02180,2026-03-23,Completed,WhatsApp,Cash,8.26
O006832,C01974,2025-03-05,Completed,WhatsApp,Mobile Money,7.11
O006833,C01670,2026-02-05,Pending,Boutique,Virement,4.29
O006834,C02244,2026-04-01,Completed,Site web,Carte bancaire,3.97
O006835,C03933,2026-01-03,Completed,WhatsApp,Mobile Money,5.4
O006836,C03672,2025-12-21,Completed,Site web,Carte bancaire,1.5
O006837,C02548,2025-03-17,Pending,Boutique,Carte bancaire,6.88
O006838,C01186,2025-12-02,Completed,Marketplace,Cash,2.23
O006839,C01582,2025-05-05,Completed,WhatsApp,Mobile Money,9.63
O006840,C01033,2025-05-15,Completed,Boutique,Carte bancaire,1.5
O006841,C00784,2026-04-18,Completed,Site web,Carte bancaire,7.11
O006842,C00039,2025-12-04,Completed,Marketplace,Carte bancaire,1.5
O006843,C03251,2026-06-29,Cancelled,Boutique,Mobile Money,4.06
O006844,C03102,2025-09-07,Completed,Site web,Mobile Money,7.19
O006845,C00753,2025-07-16,Completed,WhatsApp,Virement,8.75
O006846,C02888,2026-06-30,Pending,WhatsApp,Carte bancaire,8.6
O006847,C00695,2025-12-08,Returned,Marketplace,Carte bancaire,8.06
O006848,C01163,2026-04-18,Pending,Site web,Cash,8.39
O006849,C01086,2025-01-25,Completed,WhatsApp,Carte bancaire,8.65
O006850,C00546,2025-10-16,Returned,WhatsApp,Carte bancaire,4.3
O006851,C03062,2026-03-24,Completed,Site web,Virement,4.84
O006852,C00179,2026-03-20,Pending,Boutique,Mobile Money,8.01
O006853,C01703,2026-01-27,Completed,Boutique,Carte bancaire,9.26
O006854,C02050,2025-04-01,Completed,WhatsApp,Cash,5.49
O006855,C02424,2025-10-27,Completed,Marketplace,Carte bancaire,4.33
O006856,C00813,2025-02-25,Completed,Marketplace,Mobile Money,4.23
O006857,C01980,2026-03-16,Completed,Boutique,Mobile Money,3.44
O006858,C03333,2025-12-12,Cancelled,Site web,Mobile Money,7.33
O006859,C01573,2025-04-17,Completed,Marketplace,Virement,9.32
O006860,C03991,2026-02-03,Pending,Site web,Cash,7.38
O006861,C01806,2026-01-30,Completed,WhatsApp,Virement,5.87
O006862,C03263,2025-01-30,Completed,Marketplace,Virement,11.68
O006863,C00480,2025-02-18,Completed,Site web,Virement,5.94
O006864,C03577,2025-04-21,Completed,Site web,Mobile Money,10.11
O006865,C02015,2025-02-08,Completed,Boutique,Mobile Money,2.71
O006866,C04162,2025-10-22,Completed,Site web,Carte bancaire,6.63
O006867,C02943,2026-04-28,Cancelled,Site web,Cash,3.03
O006868,C03112,2025-02-04,Completed,Site web,Mobile Money,3.22
O006869,C00624,2025-12-03,Completed,Boutique,Virement,3.56
O006870,C02383,2025-08-21,Completed,WhatsApp,Virement,6.18
O006871,C03100,2026-04-04,Completed,Site web,Mobile Money,4.61
O006872,C03403,2025-09-22,Cancelled,Marketplace,Mobile Money,1.5
O006873,C01581,2026-01-02,Completed,Boutique,Carte bancaire,4.69
O006874,C02369,2026-05-21,Pending,WhatsApp,Mobile Money,4.12
O006875,C00729,2025-03-16,Completed,Site web,Mobile Money,1.5
O006876,C01817,2025-06-22,Completed,Boutique,Carte bancaire,7.36
O006877,C01999,2025-05-28,Completed,Site web,Carte bancaire,8.0
O006878,C00137,2025-04-03,Completed,Marketplace,Carte bancaire,7.85
O006879,C03850,2025-12-22,Completed,Site web,Cash,11.11
O006880,C02701,2025-01-05,Completed,Boutique,Carte bancaire,2.63
O006881,C00769,2025-07-31,Completed,Marketplace,Virement,2.71
O006882,C03770,2025-03-08,Cancelled,Site web,Mobile Money,5.9
O006883,C02904,2025-12-04,Cancelled,Site web,Mobile Money,5.64
O006884,C02912,2026-02-16,Completed,Site web,Carte bancaire,6.4
O006885,C03919,2025-09-13,Completed,Site web,Virement,8.51
O006886,C01698,2025-09-01,Returned,WhatsApp,Mobile Money,5.23
O006887,C01492,2025-09-04,Completed,Site web,Virement,9.1
O006888,C02591,2025-04-19,Completed,Site web,Carte bancaire,3.69
O006889,C03732,2025-07-25,Completed,Site web,Mobile Money,4.48
O006890,C03415,2026-05-27,Completed,Site web,Mobile Money,2.67
O006891,C03304,2025-01-23,Completed,Boutique,Carte bancaire,1.5
O006892,C03210,2026-03-08,Completed,Site web,Carte bancaire,1.5
O006893,C00147,2025-04-01,Completed,Site web,Mobile Money,8.68
O006894,C02063,2025-03-04,Completed,Site web,Carte bancaire,9.31
O006895,C01494,2025-06-06,Pending,Site web,Mobile Money,2.16
O006896,C01520,2025-05-28,Completed,Site web,Carte bancaire,8.79
O006897,C03596,2025-06-23,Cancelled,Site web,Cash,1.5
O006898,C01667,2026-04-11,Completed,Site web,Mobile Money,2.91
O006899,C03515,2026-05-11,Completed,Site web,Carte bancaire,4.6
O006900,C03814,2026-01-15,Completed,WhatsApp,Virement,9.16
O006901,C01912,2025-03-22,Completed,WhatsApp,Mobile Money,11.42
O006902,C00714,2026-06-03,Completed,Marketplace,Mobile Money,4.61
O006903,C02934,2026-04-10,Completed,Boutique,Carte bancaire,5.79
O006904,C03625,2025-02-11,Completed,Site web,Virement,9.12
O006905,C01706,2025-08-01,Completed,Site web,Virement,12.74
O006906,C00821,2026-03-01,Completed,Boutique,Mobile Money,9.56
O006907,C02187,2025-02-18,Completed,WhatsApp,Cash,2.37
O006908,C04120,2025-02-11,Completed,Site web,Mobile Money,8.63
O006909,C02172,2025-11-29,Cancelled,Boutique,Mobile Money,4.06
O006910,C01884,2025-07-04,Completed,Site web,Carte bancaire,10.2
O006911,C01848,2025-08-31,Completed,Site web,Virement,7.9
O006912,C03081,2026-02-16,Completed,Boutique,Mobile Money,2.93
O006913,C01433,2025-10-26,Completed,Marketplace,Mobile Money,9.32
O006914,C03064,2026-01-25,Completed,Marketplace,Mobile Money,7.59
O006915,C04144,2025-03-11,Completed,Marketplace,Carte bancaire,7.2
O006916,C03245,2025-01-02,Cancelled,Site web,Carte bancaire,6.09
O006917,C03901,2025-05-18,Cancelled,Site web,Carte bancaire,4.43
O006918,C03316,2025-04-21,Pending,Site web,Mobile Money,7.85
O006919,C03544,2025-06-27,Completed,WhatsApp,Mobile Money,12.6
O006920,C00165,2026-03-03,Completed,Boutique,Virement,11.72
O006921,C01483,2025-03-25,Completed,Site web,Mobile Money,5.45
O006922,C01149,2025-03-11,Completed,Site web,Mobile Money,1.5
O006923,C03626,2025-04-21,Completed,Marketplace,Mobile Money,4.36
O006924,C00965,2025-06-28,Completed,Site web,Carte bancaire,6.44
O006925,C04065,2025-04-19,Completed,Site web,Virement,6.86
O006926,C02935,2025-04-11,Completed,Marketplace,Mobile Money,8.7
O006927,C00521,2025-11-14,Completed,Site web,Mobile Money,8.18
O006928,C02870,2025-03-03,Completed,Boutique,Virement,8.22
O006929,C01439,2025-03-26,Pending,Site web,Carte bancaire,4.1
O006930,C01248,2026-04-04,Completed,Site web,Carte bancaire,4.43
O006931,C04176,2025-01-10,Completed,Site web,Mobile Money,2.76
O006932,C03333,2025-02-03,Cancelled,Site web,Carte bancaire,6.78
O006933,C03207,2025-02-08,Completed,Site web,Cash,8.6
O006934,C01309,2025-10-21,Pending,Boutique,Carte bancaire,9.21
O006935,C02783,2026-01-16,Completed,WhatsApp,Virement,1.5
O006936,C01441,2026-01-15,Returned,Site web,Carte bancaire,7.41
O006937,C02533,2026-01-14,Completed,Site web,Mobile Money,2.87
O006938,C01676,2025-02-01,Completed,Boutique,Mobile Money,7.77
O006939,C02561,2025-07-08,Completed,Site web,Virement,2.85
O006940,C03128,2025-12-14,Completed,Site web,Carte bancaire,8.2
O006941,C01324,2026-01-09,Completed,Marketplace,Mobile Money,4.06
O006942,C00050,2025-07-03,Completed,Marketplace,Carte bancaire,4.12
O006943,C00407,2026-04-10,Returned,Site web,Cash,8.41
O006944,C03808,2026-04-02,Completed,Site web,Mobile Money,4.35
O006945,C04030,2026-02-24,Completed,WhatsApp,Mobile Money,8.88
O006946,C02907,2026-03-14,Completed,Site web,Carte bancaire,8.23
O006947,C00450,2026-06-19,Completed,Marketplace,Mobile Money,5.67
O006948,C02464,2026-03-12,Completed,Site web,Carte bancaire,4.64
O006949,C01817,2025-11-17,Completed,Site web,Cash,9.83
O006950,C00997,2025-08-07,Completed,WhatsApp,Carte bancaire,8.49
O006951,C01593,2025-07-18,Completed,Site web,Mobile Money,10.93
O006952,C03300,2026-03-27,Completed,Site web,Cash,1.5
O006953,C04185,2025-06-12,Completed,WhatsApp,Carte bancaire,5.13
O006954,C03666,2025-12-12,Completed,Marketplace,Mobile Money,4.63
O006955,C00857,2025-10-03,Returned,Site web,Mobile Money,7.54
O006956,C02107,2025-07-27,Pending,WhatsApp,Carte bancaire,3.15
O006957,C02219,2025-09-05,Completed,Site web,Mobile Money,3.58
O006958,C01229,2025-02-14,Cancelled,Marketplace,Virement,6.12
O006959,C01828,2026-01-24,Completed,Site web,Mobile Money,1.5
O006960,C01599,2025-02-06,Completed,Site web,Mobile Money,1.5
O006961,C00293,2025-02-10,Cancelled,Site web,Mobile Money,5.65
O006962,C01749,2025-05-18,Completed,Boutique,Virement,13.96
O006963,C01530,2025-10-19,Completed,Site web,Mobile Money,6.34
O006964,C01285,2025-06-14,Pending,WhatsApp,Carte bancaire,4.87
O006965,C02578,2026-04-28,Completed,Site web,Virement,7.29
O006966,C02992,2026-05-24,Completed,Boutique,Mobile Money,7.74
O006967,C00198,2025-08-04,Completed,Marketplace,Cash,5.62
O006968,C01438,2026-07-02,Completed,Site web,Carte bancaire,3.97
O006969,C00130,2025-02-18,Completed,WhatsApp,Mobile Money,1.5
O006970,C03450,2025-03-20,Completed,Site web,Cash,8.7
O006971,C03895,2025-07-10,Completed,WhatsApp,Virement,4.59
O006972,C01948,2026-06-01,Completed,Site web,Mobile Money,7.42
O006973,C03970,2025-10-03,Completed,Site web,Virement,9.17
O006974,C02642,2026-01-23,Completed,Boutique,Carte bancaire,5.08
O006975,C03650,2025-12-24,Completed,Site web,Virement,1.6
O006976,C03982,2025-10-01,Completed,Site web,Carte bancaire,5.32
O006977,C02466,2026-05-26,Completed,Site web,Virement,5.53
O006978,C01874,2026-06-08,Returned,WhatsApp,Virement,7.49
O006979,C03117,2025-09-03,Completed,Marketplace,Virement,4.28
O006980,C00716,2026-01-27,Completed,Boutique,Mobile Money,4.13
O006981,C01246,2025-12-08,Returned,Boutique,Carte bancaire,4.84
O006982,C02310,2025-11-22,Completed,Marketplace,Virement,7.12
O006983,C00846,2025-02-25,Completed,WhatsApp,Cash,8.7
O006984,C02087,2025-04-25,Completed,WhatsApp,Virement,13.0
O006985,C03595,2026-06-27,Completed,WhatsApp,Mobile Money,11.79
O006986,C03287,2025-05-14,Completed,Marketplace,Virement,5.6
O006987,C03744,2025-12-24,Completed,Site web,Mobile Money,3.84
O006988,C03613,2026-05-15,Completed,WhatsApp,Virement,4.13
O006989,C01396,2025-11-27,Completed,Boutique,Carte bancaire,2.06
O006990,C02994,2025-04-28,Completed,Site web,Virement,6.37
O006991,C01563,2026-04-17,Completed,Boutique,Carte bancaire,3.03
O006992,C04081,2025-01-18,Pending,Boutique,Mobile Money,2.68
O006993,C00743,2026-02-01,Cancelled,WhatsApp,Virement,2.88
O006994,C01131,2025-05-26,Completed,Boutique,Mobile Money,8.67
O006995,C03955,2025-12-17,Completed,Site web,Carte bancaire,5.75
O006996,C01005,2025-09-21,Completed,Marketplace,Virement,1.91
O006997,C02602,2025-11-08,Pending,Site web,Mobile Money,8.64
O006998,C01224,2025-07-29,Cancelled,Site web,Mobile Money,9.57
O006999,C01195,2025-10-17,Completed,WhatsApp,Virement,4.62
O007000,C02818,2026-05-28,Completed,Boutique,Virement,3.65
O007001,C03339,2026-03-29,Completed,Boutique,Mobile Money,3.38
O007002,C00977,2025-08-18,Pending,WhatsApp,Mobile Money,6.8
O007003,C04129,2026-05-31,Completed,Boutique,Mobile Money,8.73
O007004,C00372,2026-05-03,Completed,WhatsApp,Cash,6.51
O007005,C00421,2025-12-10,Completed,Boutique,Carte bancaire,1.96
O007006,C04107,2025-11-22,Completed,Site web,Mobile Money,9.19
O007007,C00233,2025-01-20,Pending,Marketplace,Virement,5.84
O007008,C01322,2025-10-15,Completed,Marketplace,Carte bancaire,5.4
O007009,C00509,2025-04-27,Completed,Marketplace,Carte bancaire,7.29
O007010,C00935,2025-03-29,Completed,Site web,Carte bancaire,9.13
O007011,C00311,2026-04-16,Completed,Marketplace,Mobile Money,2.58
O007012,C01507,2025-05-29,Completed,Site web,Mobile Money,1.98
O007013,C01242,2025-12-04,Completed,Site web,Carte bancaire,5.86
O007014,C00666,2026-04-21,Completed,Site web,Mobile Money,5.89
O007015,C03019,2025-11-24,Completed,Marketplace,Carte bancaire,8.71
O007016,C00151,2026-03-04,Completed,Marketplace,Cash,9.8
O007017,C01993,2026-03-01,Returned,WhatsApp,Carte bancaire,4.49
O007018,C01283,2025-09-03,Completed,Boutique,Virement,6.99
O007019,C02732,2026-05-21,Completed,WhatsApp,Virement,7.38
O007020,C01420,2026-05-14,Pending,Site web,Mobile Money,7.67
O007021,C01986,2025-07-05,Completed,WhatsApp,Carte bancaire,1.5
O007022,C03407,2026-03-25,Completed,Site web,Carte bancaire,7.57
O007023,C00607,2025-04-11,Pending,WhatsApp,Mobile Money,3.51
O007024,C01830,2025-03-03,Completed,Site web,Carte bancaire,7.72
O007025,C02362,2025-10-18,Completed,Site web,Mobile Money,2.53
O007026,C03095,2025-11-29,Completed,WhatsApp,Mobile Money,6.18
O007027,C02254,2025-11-16,Completed,WhatsApp,Cash,5.07
O007028,C03090,2026-03-14,Completed,Boutique,Mobile Money,12.39
O007029,C03343,2025-08-03,Completed,Boutique,Mobile Money,3.31
O007030,C03314,2026-03-19,Completed,Site web,Carte bancaire,3.08
O007031,C02585,2026-05-10,Completed,Boutique,Carte bancaire,10.39
O007032,C03858,2025-02-20,Completed,Site web,Cash,8.54
O007033,C00096,2025-09-04,Completed,Boutique,Mobile Money,6.71
O007034,C02095,2025-05-04,Pending,Site web,Virement,4.44
O007035,C03369,2025-12-26,Completed,Site web,Mobile Money,2.42
O007036,C00437,2025-08-15,Completed,WhatsApp,Mobile Money,4.58
O007037,C03437,2025-06-04,Completed,Marketplace,Mobile Money,4.26
O007038,C00163,2025-05-18,Completed,Site web,Mobile Money,3.76
O007039,C03304,2025-07-14,Completed,Marketplace,Virement,4.33
O007040,C00786,2025-03-01,Completed,WhatsApp,Mobile Money,4.19
O007041,C02804,2025-02-27,Completed,Site web,Carte bancaire,8.76
O007042,C03483,2025-12-11,Completed,Boutique,Carte bancaire,1.69
O007043,C03420,2026-06-01,Completed,Boutique,Mobile Money,7.05
O007044,C02413,2025-10-06,Completed,WhatsApp,Carte bancaire,6.68
O007045,C03816,2026-05-24,Completed,Site web,Virement,5.68
O007046,C00589,2025-03-26,Completed,Boutique,Carte bancaire,7.88
O007047,C00994,2026-06-18,Returned,Boutique,Mobile Money,7.17
O007048,C00558,2025-11-18,Cancelled,Boutique,Mobile Money,6.18
O007049,C03022,2026-02-12,Pending,Boutique,Carte bancaire,9.19
O007050,C03745,2025-02-03,Pending,Site web,Mobile Money,1.5
O007051,C03908,2025-11-28,Completed,WhatsApp,Mobile Money,12.45
O007052,C02185,2025-07-29,Completed,WhatsApp,Mobile Money,9.4
O007053,C00555,2026-05-08,Completed,Site web,Mobile Money,11.06
O007054,C00722,2026-03-11,Returned,WhatsApp,Cash,3.27
O007055,C02631,2026-04-19,Completed,Site web,Mobile Money,6.11
O007056,C03767,2026-05-03,Completed,Boutique,Mobile Money,6.84
O007057,C04150,2026-01-30,Pending,Site web,Carte bancaire,4.8
O007058,C03028,2025-05-15,Completed,Boutique,Carte bancaire,6.45
O007059,C03700,2025-06-05,Completed,Site web,Carte bancaire,6.7
O007060,C02007,2026-04-17,Completed,Marketplace,Carte bancaire,2.32
O007061,C00824,2025-11-26,Completed,WhatsApp,Mobile Money,8.15
O007062,C01954,2026-05-04,Completed,Site web,Carte bancaire,7.9
O007063,C00418,2026-03-12,Cancelled,Site web,Mobile Money,3.89
O007064,C02826,2025-11-29,Completed,WhatsApp,Cash,2.03
O007065,C01384,2025-03-25,Pending,Site web,Carte bancaire,6.31
O007066,C01421,2026-06-23,Completed,Boutique,Carte bancaire,3.47
O007067,C00013,2025-05-14,Completed,Boutique,Mobile Money,6.81
O007068,C04200,2025-05-15,Completed,Boutique,Carte bancaire,3.62
O007069,C01796,2025-03-22,Completed,Site web,Carte bancaire,10.49
O007070,C03296,2025-02-07,Pending,Site web,Carte bancaire,3.94
O007071,C02183,2025-07-25,Completed,WhatsApp,Cash,3.32
O007072,C02693,2026-04-08,Completed,Site web,Mobile Money,6.07
O007073,C01966,2026-04-20,Completed,WhatsApp,Mobile Money,1.5
O007074,C02888,2025-09-27,Returned,WhatsApp,Mobile Money,3.4
O007075,C00840,2025-06-22,Completed,WhatsApp,Mobile Money,1.5
O007076,C04184,2025-07-09,Completed,WhatsApp,Carte bancaire,6.64
O007077,C01797,2026-05-19,Completed,WhatsApp,Cash,8.78
O007078,C00046,2025-01-31,Completed,Marketplace,Mobile Money,4.71
O007079,C04001,2025-02-01,Completed,Site web,Mobile Money,9.76
O007080,C00096,2025-02-05,Completed,Site web,Mobile Money,3.45
O007081,C01984,2026-05-02,Completed,Site web,Carte bancaire,4.6
O007082,C03298,2025-02-19,Completed,Site web,Virement,8.68
O007083,C01556,2026-05-31,Completed,WhatsApp,Carte bancaire,8.15
O007084,C00880,2025-04-11,Completed,Boutique,Carte bancaire,7.37
O007085,C01011,2025-10-28,Completed,Boutique,Virement,9.33
O007086,C02878,2026-06-16,Completed,Marketplace,Virement,5.85
O007087,C02410,2025-03-05,Completed,Site web,Mobile Money,6.91
O007088,C02115,2025-06-04,Completed,Site web,Carte bancaire,3.96
O007089,C02160,2026-02-03,Completed,Site web,Carte bancaire,11.78
O007090,C01339,2026-03-24,Completed,WhatsApp,Mobile Money,4.65
O007091,C03928,2026-05-13,Completed,Site web,Carte bancaire,5.36
O007092,C00972,2025-01-11,Completed,Site web,Carte bancaire,6.63
O007093,C03518,2026-03-02,Completed,Site web,Mobile Money,8.0
O007094,C03263,2025-06-26,Cancelled,Marketplace,Mobile Money,7.97
O007095,C00029,2025-11-02,Completed,Site web,Carte bancaire,1.5
O007096,C00719,2026-05-12,Completed,Site web,Mobile Money,11.3
O007097,C02320,2026-05-10,Cancelled,WhatsApp,Carte bancaire,10.83
O007098,C00667,2025-04-12,Completed,Site web,Mobile Money,9.76
O007099,C03581,2025-09-15,Completed,Boutique,Virement,6.44
O007100,C01857,2025-06-05,Completed,WhatsApp,Carte bancaire,9.74
O007101,C03515,2025-12-03,Completed,Boutique,Mobile Money,6.79
O007102,C00501,2026-03-29,Completed,Boutique,Virement,6.75
O007103,C00101,2025-06-24,Completed,Site web,Mobile Money,8.09
O007104,C02695,2025-03-08,Cancelled,Marketplace,Cash,7.63
O007105,C03369,2025-02-05,Returned,WhatsApp,Cash,9.07
O007106,C04167,2025-01-30,Completed,Marketplace,Carte bancaire,1.5
O007107,C03308,2025-07-20,Cancelled,WhatsApp,Virement,5.73
O007108,C03142,2026-06-14,Completed,Site web,Virement,2.34
O007109,C00244,2025-05-18,Returned,WhatsApp,Carte bancaire,8.79
O007110,C02534,2025-08-10,Completed,Marketplace,Mobile Money,3.26
O007111,C02998,2026-01-05,Completed,Marketplace,Mobile Money,5.15
O007112,C01658,2025-12-27,Completed,Site web,Mobile Money,8.81
O007113,C04197,2025-05-28,Completed,WhatsApp,Carte bancaire,9.92
O007114,C04150,2025-03-11,Pending,Marketplace,Mobile Money,8.65
O007115,C03596,2025-03-27,Completed,Site web,Carte bancaire,8.26
O007116,C03696,2025-05-01,Completed,WhatsApp,Mobile Money,2.44
O007117,C02386,2025-02-17,Cancelled,Marketplace,Virement,2.95
O007118,C03447,2025-09-10,Completed,WhatsApp,Mobile Money,1.98
O007119,C00300,2025-12-20,Completed,Site web,Carte bancaire,2.83
O007120,C00967,2026-01-05,Returned,Site web,Mobile Money,6.47
O007121,C02789,2026-05-14,Completed,WhatsApp,Carte bancaire,9.02
O007122,C00520,2025-06-10,Completed,WhatsApp,Mobile Money,9.01
O007123,C03415,2025-12-25,Completed,Marketplace,Carte bancaire,1.5
O007124,C00748,2026-04-30,Completed,Boutique,Mobile Money,5.89
O007125,C01467,2025-01-16,Completed,Site web,Carte bancaire,5.18
O007126,C01087,2026-03-05,Completed,Boutique,Carte bancaire,1.5
O007127,C02274,2025-02-18,Completed,Site web,Virement,8.49
O007128,C00344,2025-10-30,Completed,Site web,Mobile Money,8.41
O007129,C03412,2026-04-01,Completed,WhatsApp,Mobile Money,4.18
O007130,C03732,2025-09-09,Completed,WhatsApp,Cash,5.07
O007131,C03138,2025-11-03,Completed,Site web,Carte bancaire,6.44
O007132,C00778,2025-12-06,Completed,WhatsApp,Carte bancaire,7.24
O007133,C01221,2025-11-13,Completed,Marketplace,Mobile Money,4.05
O007134,C00952,2026-02-05,Completed,WhatsApp,Carte bancaire,3.42
O007135,C02529,2026-04-16,Pending,Site web,Mobile Money,2.74
O007136,C03731,2025-03-15,Completed,Marketplace,Virement,10.47
O007137,C03693,2025-08-16,Completed,Site web,Mobile Money,9.66
O007138,C04025,2026-04-13,Completed,Site web,Carte bancaire,2.72
O007139,C02897,2025-07-28,Completed,Site web,Mobile Money,3.31
O007140,C00932,2025-09-26,Completed,Site web,Mobile Money,2.82
O007141,C01673,2026-02-11,Completed,Site web,Mobile Money,1.55
O007142,C01236,2026-05-28,Completed,Site web,Carte bancaire,11.85
O007143,C00268,2025-05-18,Completed,WhatsApp,Carte bancaire,3.8
O007144,C03361,2026-06-08,Completed,Site web,Carte bancaire,8.28
O007145,C02428,2026-01-24,Cancelled,Site web,Virement,4.98
O007146,C04076,2025-01-17,Cancelled,WhatsApp,Mobile Money,5.34
O007147,C03534,2026-04-18,Completed,Site web,Virement,5.13
O007148,C02729,2025-07-30,Completed,WhatsApp,Virement,7.1
O007149,C00184,2025-06-04,Completed,Site web,Carte bancaire,5.45
O007150,C01859,2025-10-16,Completed,Boutique,Carte bancaire,8.24
O007151,C01995,2025-11-12,Completed,Marketplace,Cash,9.47
O007152,C02834,2025-10-23,Completed,Site web,Virement,4.14
O007153,C02382,2025-01-31,Completed,WhatsApp,Mobile Money,6.61
O007154,C03278,2026-03-27,Completed,Boutique,Carte bancaire,1.5
O007155,C00093,2025-07-07,Cancelled,WhatsApp,Carte bancaire,4.43
O007156,C00474,2025-03-19,Completed,Site web,Mobile Money,6.05
O007157,C04002,2025-11-07,Completed,Site web,Mobile Money,5.4
O007158,C01829,2025-12-08,Completed,WhatsApp,Carte bancaire,5.67
O007159,C03456,2025-02-26,Cancelled,WhatsApp,Carte bancaire,7.55
O007160,C03601,2026-06-01,Pending,Boutique,Carte bancaire,8.18
O007161,C00507,2025-11-26,Completed,Site web,Virement,1.5
O007162,C02963,2026-07-01,Completed,Site web,Virement,6.55
O007163,C00731,2026-01-03,Completed,Site web,Mobile Money,5.06
O007164,C00646,2025-01-06,Completed,WhatsApp,Mobile Money,4.55
O007165,C01027,2025-04-25,Completed,WhatsApp,Carte bancaire,10.19
O007166,C03172,2026-06-17,Pending,Site web,Mobile Money,1.5
O007167,C00392,2025-11-03,Completed,WhatsApp,Cash,5.84
O007168,C02804,2025-03-08,Completed,Boutique,Carte bancaire,10.32
O007169,C01602,2025-02-10,Completed,Marketplace,Mobile Money,6.22
O007170,C01112,2025-10-22,Cancelled,Marketplace,Mobile Money,3.15
O007171,C01008,2025-11-22,Returned,WhatsApp,Carte bancaire,5.35
O007172,C01445,2025-05-16,Completed,Marketplace,Mobile Money,11.31
O007173,C01467,2025-04-17,Completed,WhatsApp,Mobile Money,9.52
O007174,C01321,2025-11-29,Completed,Site web,Mobile Money,4.45
O007175,C02177,2025-08-27,Returned,Marketplace,Carte bancaire,10.6
O007176,C04172,2025-01-21,Completed,Site web,Carte bancaire,7.91
O007177,C01897,2025-02-01,Completed,Site web,Mobile Money,1.5
O007178,C00772,2025-05-11,Completed,Site web,Carte bancaire,5.68
O007179,C02569,2025-11-06,Completed,WhatsApp,Carte bancaire,11.48
O007180,C03484,2025-06-14,Completed,WhatsApp,Virement,5.53
O007181,C02519,2025-01-09,Completed,WhatsApp,Mobile Money,10.56
O007182,C02229,2026-05-17,Completed,Site web,Mobile Money,1.7
O007183,C02810,2026-01-16,Pending,Site web,Virement,2.07
O007184,C03699,2025-11-16,Completed,Site web,Mobile Money,9.4
O007185,C00322,2025-05-14,Completed,Site web,Cash,8.56
O007186,C04124,2026-01-24,Completed,Site web,Carte bancaire,5.92
O007187,C03752,2026-06-03,Completed,Site web,Mobile Money,8.61
O007188,C04037,2026-01-06,Completed,Marketplace,Carte bancaire,4.22
O007189,C02093,2025-06-12,Completed,Boutique,Mobile Money,2.62
O007190,C03588,2025-08-03,Completed,Site web,Virement,7.16
O007191,C00344,2026-05-25,Returned,Site web,Mobile Money,5.14
O007192,C01738,2025-01-08,Completed,Marketplace,Virement,7.25
O007193,C03695,2025-05-02,Completed,WhatsApp,Carte bancaire,6.62
O007194,C01140,2025-02-28,Completed,Boutique,Carte bancaire,4.99
O007195,C03207,2025-12-18,Pending,Marketplace,Carte bancaire,11.65
O007196,C01342,2025-09-09,Completed,Site web,Cash,2.89
O007197,C02475,2025-03-14,Completed,Site web,Virement,6.46
O007198,C02744,2026-05-31,Completed,Site web,Cash,5.72
O007199,C03688,2025-10-30,Completed,WhatsApp,Virement,6.92
O007200,C01436,2025-05-17,Completed,Marketplace,Mobile Money,6.14
O007201,C03308,2026-06-03,Completed,Site web,Mobile Money,9.24
O007202,C01827,2026-01-18,Completed,Boutique,Mobile Money,6.94
O007203,C01653,2025-03-13,Completed,WhatsApp,Cash,4.05
O007204,C00335,2026-03-29,Completed,WhatsApp,Cash,2.92
O007205,C00321,2025-02-02,Completed,Boutique,Mobile Money,3.69
O007206,C03239,2026-05-12,Returned,WhatsApp,Mobile Money,3.56
O007207,C00440,2025-08-04,Completed,WhatsApp,Carte bancaire,8.04
O007208,C00469,2025-06-10,Completed,Boutique,Carte bancaire,5.75
O007209,C00779,2025-01-30,Completed,WhatsApp,Carte bancaire,7.19
O007210,C01416,2026-05-26,Completed,Site web,Cash,1.87
O007211,C00684,2025-11-03,Completed,WhatsApp,Carte bancaire,5.05
O007212,C02480,2025-11-30,Returned,WhatsApp,Carte bancaire,7.45
O007213,C03453,2026-04-12,Completed,Marketplace,Carte bancaire,9.12
O007214,C02231,2025-10-06,Completed,Site web,Carte bancaire,1.54
O007215,C02794,2025-06-08,Completed,Site web,Carte bancaire,10.7
O007216,C03752,2026-03-03,Completed,Site web,Carte bancaire,10.32
O007217,C03757,2025-10-18,Completed,Boutique,Cash,9.05
O007218,C02767,2025-05-11,Completed,WhatsApp,Cash,9.8
O007219,C00287,2026-04-08,Completed,Site web,Carte bancaire,4.87
O007220,C03314,2026-03-22,Completed,Boutique,Mobile Money,3.61
O007221,C03182,2025-05-16,Completed,WhatsApp,Virement,6.25
O007222,C01275,2025-12-23,Completed,WhatsApp,Carte bancaire,6.9
O007223,C00682,2026-05-20,Completed,Site web,Mobile Money,4.12
O007224,C00556,2026-03-15,Completed,Boutique,Carte bancaire,7.77
O007225,C01161,2025-04-19,Completed,Site web,Mobile Money,10.23
O007226,C03122,2026-04-14,Completed,Site web,Virement,8.69
O007227,C03974,2025-01-31,Completed,Boutique,Mobile Money,6.14
O007228,C00646,2025-12-05,Returned,Site web,Mobile Money,1.5
O007229,C01743,2025-10-08,Completed,Site web,Virement,1.5
O007230,C03504,2025-01-21,Completed,Site web,Mobile Money,5.72
O007231,C00361,2026-02-02,Completed,WhatsApp,Carte bancaire,7.93
O007232,C03961,2025-06-13,Completed,Boutique,Mobile Money,1.73
O007233,C00077,2026-04-13,Completed,Boutique,Mobile Money,6.29
O007234,C01189,2026-04-27,Completed,Site web,Mobile Money,8.13
O007235,C00137,2025-11-20,Completed,Site web,Mobile Money,5.81
O007236,C03197,2025-12-10,Completed,Marketplace,Carte bancaire,4.14
O007237,C01794,2025-01-29,Returned,Site web,Carte bancaire,1.55
O007238,C01837,2026-05-03,Completed,Boutique,Cash,8.32
O007239,C02296,2026-01-09,Completed,Site web,Mobile Money,4.04
O007240,C01256,2025-07-30,Completed,WhatsApp,Mobile Money,10.94
O007241,C03180,2025-02-16,Completed,WhatsApp,Carte bancaire,6.53
O007242,C01811,2025-10-04,Completed,WhatsApp,Mobile Money,7.11
O007243,C03344,2026-05-09,Completed,WhatsApp,Mobile Money,8.5
O007244,C02717,2026-04-18,Completed,Site web,Carte bancaire,4.91
O007245,C02835,2025-02-24,Pending,Site web,Carte bancaire,7.41
O007246,C04150,2026-02-22,Completed,WhatsApp,Mobile Money,4.06
O007247,C02128,2025-02-14,Completed,Boutique,Virement,3.6
O007248,C01261,2025-07-26,Completed,WhatsApp,Mobile Money,3.27
O007249,C03058,2025-09-03,Completed,WhatsApp,Mobile Money,4.53
O007250,C02965,2025-01-13,Completed,Marketplace,Mobile Money,12.18
O007251,C02031,2025-03-17,Completed,Site web,Cash,3.29
O007252,C01407,2026-04-28,Completed,Site web,Mobile Money,7.84
O007253,C03908,2025-12-11,Completed,Site web,Mobile Money,5.32
O007254,C01056,2026-03-07,Completed,Boutique,Mobile Money,2.59
O007255,C00332,2025-11-10,Completed,Site web,Carte bancaire,8.37
O007256,C02654,2025-09-04,Pending,Site web,Mobile Money,4.49
O007257,C00342,2025-01-10,Completed,Site web,Mobile Money,4.66
O007258,C03198,2025-10-27,Completed,Site web,Carte bancaire,9.25
O007259,C03538,2026-02-27,Completed,Site web,Virement,5.21
O007260,C03014,2025-04-22,Completed,Site web,Carte bancaire,6.67
O007261,C00992,2025-09-27,Completed,Site web,Carte bancaire,5.92
O007262,C03959,2025-08-14,Completed,WhatsApp,Cash,5.72
O007263,C00372,2026-04-23,Completed,Site web,Mobile Money,2.04
O007264,C00451,2025-03-31,Completed,Site web,Carte bancaire,8.57
O007265,C01278,2025-02-27,Completed,Site web,Mobile Money,6.67
O007266,C02271,2025-04-26,Completed,WhatsApp,Carte bancaire,8.44
O007267,C02984,2025-03-27,Completed,WhatsApp,Carte bancaire,6.35
O007268,C01222,2026-04-09,Completed,Site web,Virement,9.17
O007269,C03846,2025-05-23,Completed,Site web,Carte bancaire,6.45
O007270,C03432,2025-07-18,Completed,Site web,Mobile Money,10.12
O007271,C00970,2025-05-21,Completed,Marketplace,Cash,3.28
O007272,C00261,2026-03-23,Completed,Marketplace,Mobile Money,3.63
O007273,C02948,2025-12-30,Completed,WhatsApp,Mobile Money,11.36
O007274,C00739,2025-09-17,Completed,Marketplace,Cash,8.48
O007275,C01184,2026-03-14,Completed,Site web,Carte bancaire,11.6
O007276,C03243,2025-02-08,Completed,WhatsApp,Virement,7.84
O007277,C00795,2026-01-07,Completed,WhatsApp,Mobile Money,5.17
O007278,C01490,2025-07-18,Completed,Site web,Mobile Money,11.6
O007279,C03896,2025-07-27,Completed,Boutique,Mobile Money,1.5
O007280,C02864,2025-03-28,Pending,WhatsApp,Mobile Money,8.4
O007281,C02605,2025-02-23,Completed,Boutique,Carte bancaire,1.5
O007282,C04194,2026-01-16,Completed,Site web,Mobile Money,10.52
O007283,C03237,2026-04-11,Returned,Site web,Mobile Money,2.92
O007284,C01932,2026-05-15,Completed,Site web,Carte bancaire,5.08
O007285,C02791,2025-05-14,Returned,Site web,Mobile Money,3.1
O007286,C02239,2026-02-23,Completed,Site web,Mobile Money,7.78
O007287,C01527,2025-03-02,Completed,Site web,Mobile Money,5.45
O007288,C04097,2026-03-03,Completed,Site web,Mobile Money,10.15
O007289,C02492,2025-11-07,Completed,Boutique,Mobile Money,4.02
O007290,C03135,2026-04-18,Completed,WhatsApp,Carte bancaire,2.46
O007291,C01722,2025-02-07,Completed,Site web,Carte bancaire,4.59
O007292,C00827,2026-03-02,Completed,Site web,Carte bancaire,10.91
O007293,C00515,2025-09-13,Completed,WhatsApp,Mobile Money,9.13
O007294,C03379,2025-11-08,Returned,Site web,Mobile Money,9.47
O007295,C02189,2025-10-23,Returned,Site web,Cash,4.35
O007296,C02167,2026-01-27,Completed,Site web,Mobile Money,2.04
O007297,C00509,2025-11-25,Completed,Site web,Virement,10.26
O007298,C03307,2025-08-16,Completed,Site web,Mobile Money,1.87
O007299,C01108,2025-08-27,Completed,Marketplace,Carte bancaire,6.02
O007300,C02514,2025-02-08,Returned,WhatsApp,Carte bancaire,4.0
O007301,C01472,2026-02-01,Completed,Marketplace,Carte bancaire,6.23
O007302,C00955,2026-01-22,Completed,WhatsApp,Mobile Money,1.5
O007303,C00686,2025-11-07,Completed,Site web,Virement,8.55
O007304,C03421,2026-01-31,Completed,WhatsApp,Carte bancaire,10.11
O007305,C00399,2025-05-28,Returned,Marketplace,Carte bancaire,9.13
O007306,C00009,2025-05-03,Returned,Marketplace,Cash,2.66
O007307,C01288,2026-05-22,Completed,WhatsApp,Mobile Money,7.3
O007308,C03730,2026-06-07,Completed,Site web,Carte bancaire,5.49
O007309,C02949,2026-04-13,Returned,WhatsApp,Cash,6.0
O007310,C03439,2025-01-29,Completed,Site web,Cash,10.98
O007311,C00860,2025-10-28,Completed,Site web,Mobile Money,4.69
O007312,C04075,2026-02-08,Completed,Site web,Virement,8.04
O007313,C00495,2025-01-21,Completed,Site web,Mobile Money,1.5
O007314,C00150,2026-06-15,Pending,Site web,Carte bancaire,6.22
O007315,C02004,2026-03-08,Cancelled,Marketplace,Carte bancaire,8.79
O007316,C01839,2025-06-19,Cancelled,WhatsApp,Carte bancaire,5.55
O007317,C01223,2025-10-05,Completed,Boutique,Mobile Money,7.84
O007318,C00711,2026-05-16,Returned,Boutique,Mobile Money,3.57
O007319,C01350,2026-04-13,Completed,Site web,Mobile Money,4.6
O007320,C01571,2026-03-29,Completed,WhatsApp,Mobile Money,5.6
O007321,C02526,2026-06-24,Completed,Boutique,Mobile Money,4.37
O007322,C01512,2026-02-12,Completed,Site web,Carte bancaire,8.7
O007323,C01027,2026-05-28,Cancelled,Site web,Carte bancaire,9.28
O007324,C02510,2026-06-07,Pending,Boutique,Carte bancaire,7.94
O007325,C02447,2025-01-11,Cancelled,Boutique,Carte bancaire,1.5
O007326,C01838,2025-12-25,Completed,Site web,Mobile Money,5.05
O007327,C00463,2025-07-03,Completed,WhatsApp,Virement,8.53
O007328,C04056,2025-09-29,Completed,WhatsApp,Mobile Money,5.51
O007329,C02183,2025-04-02,Completed,Marketplace,Mobile Money,5.33
O007330,C01167,2026-01-06,Completed,Boutique,Mobile Money,8.81
O007331,C03049,2026-04-03,Completed,Site web,Virement,8.96
O007332,C01759,2025-08-14,Completed,WhatsApp,Carte bancaire,7.8
O007333,C00690,2026-01-18,Completed,Marketplace,Mobile Money,1.53
O007334,C02943,2025-06-28,Pending,Site web,Cash,2.64
O007335,C00390,2026-02-15,Completed,Boutique,Carte bancaire,7.18
O007336,C01162,2025-02-15,Completed,WhatsApp,Carte bancaire,1.5
O007337,C02784,2026-04-28,Cancelled,Site web,Mobile Money,10.92
O007338,C03041,2025-07-27,Completed,WhatsApp,Mobile Money,6.41
O007339,C04164,2025-10-04,Completed,Site web,Mobile Money,3.89
O007340,C02977,2026-03-17,Completed,Site web,Mobile Money,4.41
O007341,C00974,2025-01-17,Completed,Boutique,Virement,9.62
O007342,C02992,2026-06-03,Completed,WhatsApp,Mobile Money,2.22
O007343,C03157,2025-12-03,Completed,Marketplace,Mobile Money,1.5
O007344,C02836,2026-06-19,Completed,Site web,Mobile Money,3.02
O007345,C03134,2025-10-30,Completed,Boutique,Carte bancaire,6.89
O007346,C03434,2025-04-24,Completed,Site web,Mobile Money,10.81
O007347,C02387,2025-11-16,Pending,Boutique,Mobile Money,9.65
O007348,C04179,2025-11-10,Completed,Marketplace,Mobile Money,4.69
O007349,C02707,2026-05-20,Pending,Boutique,Virement,6.85
O007350,C00233,2025-11-12,Completed,WhatsApp,Carte bancaire,7.04
O007351,C00725,2025-08-11,Completed,Site web,Carte bancaire,6.66
O007352,C02089,2025-04-07,Completed,Marketplace,Carte bancaire,1.5
O007353,C01829,2025-06-28,Completed,Site web,Virement,5.06
O007354,C03415,2025-11-15,Completed,Site web,Mobile Money,8.37
O007355,C02825,2025-07-22,Completed,Site web,Virement,11.6
O007356,C00001,2025-07-18,Completed,Boutique,Mobile Money,7.19
O007357,C01914,2025-01-08,Completed,Boutique,Cash,9.28
O007358,C02290,2026-06-01,Completed,Boutique,Carte bancaire,8.65
O007359,C04120,2026-04-04,Pending,WhatsApp,Virement,4.86
O007360,C02772,2025-05-20,Completed,WhatsApp,Carte bancaire,1.99
O007361,C00758,2025-03-17,Completed,Marketplace,Mobile Money,9.4
O007362,C00806,2026-04-03,Completed,WhatsApp,Carte bancaire,11.56
O007363,C01328,2026-04-04,Completed,Site web,Mobile Money,4.73
O007364,C01684,2026-05-07,Completed,Marketplace,Carte bancaire,9.57
O007365,C00457,2025-10-27,Completed,Marketplace,Mobile Money,6.45
O007366,C03316,2026-02-08,Pending,WhatsApp,Virement,1.86
O007367,C00285,2026-02-04,Completed,WhatsApp,Mobile Money,6.14
O007368,C00281,2025-04-28,Completed,Marketplace,Carte bancaire,4.3
O007369,C00535,2025-10-15,Completed,Boutique,Virement,7.33
O007370,C00567,2025-05-23,Cancelled,Site web,Carte bancaire,7.2
O007371,C02369,2026-02-18,Cancelled,Marketplace,Carte bancaire,4.06
O007372,C03436,2026-06-17,Completed,Boutique,Carte bancaire,2.08
O007373,C03959,2025-02-11,Completed,Boutique,Mobile Money,4.63
O007374,C03399,2025-02-11,Cancelled,Site web,Mobile Money,10.65
O007375,C02881,2025-05-25,Completed,Site web,Virement,2.48
O007376,C02480,2025-03-06,Completed,Site web,Cash,8.17
O007377,C01300,2025-01-05,Returned,Site web,Carte bancaire,7.8
O007378,C01748,2026-06-21,Completed,Site web,Virement,4.34
O007379,C03665,2025-11-16,Returned,Boutique,Virement,3.47
O007380,C00444,2026-03-02,Completed,Site web,Mobile Money,7.78
O007381,C03467,2025-11-07,Completed,Site web,Mobile Money,5.92
O007382,C03409,2026-02-14,Completed,Site web,Carte bancaire,4.49
O007383,C00242,2026-01-12,Completed,Boutique,Mobile Money,7.41
O007384,C01016,2025-03-29,Cancelled,Boutique,Mobile Money,10.88
O007385,C01303,2025-03-24,Completed,Site web,Mobile Money,9.72
O007386,C03836,2025-09-25,Cancelled,Site web,Carte bancaire,6.39
O007387,C01844,2025-07-23,Completed,Site web,Carte bancaire,1.5
O007388,C03259,2026-04-06,Returned,WhatsApp,Mobile Money,5.28
O007389,C02523,2025-06-17,Completed,Boutique,Mobile Money,2.99
O007390,C00340,2025-06-30,Completed,Boutique,Carte bancaire,5.39
O007391,C02801,2025-10-17,Completed,Marketplace,Carte bancaire,4.95
O007392,C02670,2025-04-16,Completed,Boutique,Virement,5.05
O007393,C03658,2026-04-16,Completed,WhatsApp,Mobile Money,9.23
O007394,C03867,2025-01-06,Cancelled,Site web,Carte bancaire,5.32
O007395,C02468,2026-04-10,Returned,Site web,Mobile Money,5.19
O007396,C03693,2025-12-08,Completed,Site web,Cash,7.43
O007397,C00586,2026-05-02,Completed,Site web,Cash,2.83
O007398,C02577,2025-06-11,Completed,Site web,Mobile Money,4.99
O007399,C02426,2026-05-09,Pending,Site web,Mobile Money,1.89
O007400,C00723,2026-04-19,Completed,Site web,Mobile Money,7.87
O007401,C02264,2025-09-08,Completed,Boutique,Mobile Money,6.69
O007402,C02858,2025-06-05,Completed,WhatsApp,Carte bancaire,12.21
O007403,C01744,2025-04-18,Returned,Site web,Mobile Money,1.5
O007404,C02798,2025-03-25,Completed,Site web,Mobile Money,8.91
O007405,C03130,2025-11-16,Completed,WhatsApp,Mobile Money,1.5
O007406,C02473,2026-06-11,Completed,Marketplace,Virement,3.01
O007407,C01673,2025-11-07,Returned,Site web,Mobile Money,1.5
O007408,C01117,2026-06-13,Completed,Boutique,Mobile Money,6.21
O007409,C02776,2026-02-19,Cancelled,Marketplace,Mobile Money,6.82
O007410,C03782,2026-01-11,Cancelled,Boutique,Mobile Money,5.03
O007411,C01940,2026-02-02,Completed,WhatsApp,Mobile Money,1.5
O007412,C02111,2026-05-24,Completed,Site web,Virement,4.4
O007413,C03831,2026-04-16,Pending,Site web,Cash,6.39
O007414,C01248,2025-03-30,Completed,Boutique,Mobile Money,3.26
O007415,C03392,2025-11-17,Completed,Marketplace,Mobile Money,5.92
O007416,C01072,2025-09-10,Completed,Boutique,Mobile Money,9.24
O007417,C01084,2026-04-27,Pending,Site web,Mobile Money,4.28
O007418,C01181,2025-04-22,Completed,Site web,Virement,2.74
O007419,C00222,2026-03-26,Completed,Site web,Carte bancaire,5.76
O007420,C01937,2025-09-20,Completed,Marketplace,Mobile Money,11.45
O007421,C01486,2026-05-26,Completed,Site web,Mobile Money,7.52
O007422,C00970,2026-03-10,Completed,Site web,Mobile Money,1.5
O007423,C03178,2025-07-09,Completed,WhatsApp,Mobile Money,10.07
O007424,C02174,2026-04-09,Pending,Site web,Carte bancaire,4.76
O007425,C00823,2025-04-13,Returned,Site web,Carte bancaire,5.3
O007426,C00807,2025-01-03,Completed,Site web,Mobile Money,2.13
O007427,C03401,2025-10-05,Completed,WhatsApp,Mobile Money,6.44
O007428,C01138,2025-08-02,Completed,Site web,Virement,1.5
O007429,C01659,2025-03-10,Completed,Site web,Carte bancaire,2.62
O007430,C00503,2026-06-29,Completed,WhatsApp,Mobile Money,7.82
O007431,C03378,2025-01-22,Completed,Boutique,Carte bancaire,6.38
O007432,C01502,2025-11-19,Completed,WhatsApp,Virement,3.74
O007433,C02961,2025-05-24,Completed,Boutique,Mobile Money,5.42
O007434,C01706,2025-06-12,Completed,WhatsApp,Virement,8.09
O007435,C03367,2025-04-26,Completed,Boutique,Virement,7.15
O007436,C01696,2025-08-02,Completed,Site web,Mobile Money,7.99
O007437,C03762,2026-01-01,Completed,Site web,Cash,2.44
O007438,C03045,2025-06-26,Completed,Boutique,Mobile Money,3.88
O007439,C02020,2026-01-31,Completed,Site web,Mobile Money,11.81
O007440,C02031,2025-09-03,Completed,Site web,Virement,4.81
O007441,C02606,2026-03-07,Completed,Site web,Mobile Money,4.62
O007442,C02911,2025-09-01,Completed,Marketplace,Mobile Money,6.37
O007443,C02968,2025-07-20,Completed,Boutique,Carte bancaire,6.66
O007444,C00140,2025-10-05,Completed,Site web,Carte bancaire,3.01
O007445,C01113,2026-01-12,Completed,Site web,Mobile Money,1.5
O007446,C01834,2025-09-12,Completed,Site web,Virement,5.04
O007447,C02256,2026-05-12,Completed,Site web,Mobile Money,5.94
O007448,C00378,2025-10-10,Completed,Site web,Mobile Money,1.5
O007449,C00839,2025-06-12,Completed,Site web,Carte bancaire,6.8
O007450,C01941,2025-01-16,Completed,Boutique,Virement,7.01
O007451,C01878,2025-08-04,Completed,Marketplace,Carte bancaire,8.92
O007452,C02584,2025-01-30,Completed,Site web,Carte bancaire,2.71
O007453,C00293,2025-01-20,Pending,Site web,Cash,7.1
O007454,C03347,2025-07-23,Completed,WhatsApp,Mobile Money,7.66
O007455,C01265,2025-06-09,Completed,Site web,Carte bancaire,10.43
O007456,C02311,2026-04-30,Completed,Site web,Carte bancaire,8.56
O007457,C03979,2026-02-05,Completed,Site web,Cash,9.17
O007458,C01594,2026-03-10,Completed,WhatsApp,Virement,6.46
O007459,C01317,2025-10-26,Completed,Site web,Mobile Money,4.64
O007460,C01111,2025-03-02,Completed,Site web,Virement,9.81
O007461,C02741,2026-04-12,Completed,Boutique,Carte bancaire,2.19
O007462,C04022,2025-09-29,Returned,Site web,Virement,10.58
O007463,C02352,2025-08-24,Cancelled,Marketplace,Mobile Money,8.38
O007464,C00833,2025-11-28,Completed,WhatsApp,Cash,4.99
O007465,C03974,2025-03-31,Completed,Site web,Virement,1.5
O007466,C00179,2025-09-21,Completed,Site web,Virement,5.79
O007467,C01724,2025-11-28,Pending,Marketplace,Virement,4.09
O007468,C00529,2026-01-18,Completed,Site web,Mobile Money,1.5
O007469,C00140,2025-10-02,Completed,Site web,Virement,4.29
O007470,C04190,2026-07-01,Pending,Site web,Carte bancaire,8.71
O007471,C00358,2026-06-27,Completed,Marketplace,Carte bancaire,5.97
O007472,C03806,2025-02-22,Pending,Marketplace,Mobile Money,5.28
O007473,C02289,2025-02-15,Completed,Boutique,Mobile Money,1.5
O007474,C01346,2025-10-10,Pending,Site web,Carte bancaire,5.45
O007475,C03625,2026-03-30,Completed,Site web,Mobile Money,10.72
O007476,C00017,2025-10-08,Completed,Site web,Cash,6.11
O007477,C02900,2025-04-29,Completed,Site web,Carte bancaire,4.92
O007478,C03223,2025-11-05,Pending,Marketplace,Mobile Money,8.24
O007479,C01529,2026-06-01,Completed,WhatsApp,Mobile Money,9.8
O007480,C01263,2025-04-02,Pending,Site web,Mobile Money,10.14
O007481,C00039,2025-09-02,Returned,Boutique,Mobile Money,7.03
O007482,C00094,2025-12-16,Completed,Site web,Mobile Money,1.5
O007483,C00185,2025-08-04,Cancelled,WhatsApp,Carte bancaire,8.98
O007484,C01918,2025-01-25,Completed,Site web,Carte bancaire,4.82
O007485,C02230,2026-01-02,Returned,Site web,Virement,4.42
O007486,C01782,2026-02-11,Cancelled,Site web,Carte bancaire,3.08
O007487,C02951,2025-12-26,Completed,Site web,Carte bancaire,7.63
O007488,C01520,2025-12-30,Completed,Marketplace,Mobile Money,8.87
O007489,C03320,2025-12-26,Completed,Marketplace,Virement,4.0
O007490,C02745,2025-07-01,Pending,WhatsApp,Mobile Money,7.93
O007491,C03936,2025-01-10,Completed,Boutique,Carte bancaire,9.3
O007492,C03050,2026-06-26,Completed,Site web,Carte bancaire,7.1
O007493,C00538,2025-04-23,Completed,Site web,Mobile Money,6.0
O007494,C02349,2026-03-31,Completed,Site web,Carte bancaire,5.54
O007495,C02761,2025-10-24,Returned,Site web,Cash,4.03
O007496,C00059,2025-10-23,Completed,Site web,Carte bancaire,8.28
O007497,C00185,2025-01-12,Completed,Boutique,Carte bancaire,9.42
O007498,C00095,2026-06-27,Pending,Boutique,Mobile Money,6.39
O007499,C00720,2025-10-17,Completed,Site web,Mobile Money,4.67
O007500,C03704,2026-03-31,Completed,Site web,Mobile Money,7.48
O007501,C01009,2026-03-03,Completed,WhatsApp,Virement,3.29
O007502,C00784,2025-03-17,Cancelled,Marketplace,Mobile Money,9.77
O007503,C01874,2026-06-04,Pending,Site web,Mobile Money,9.42
O007504,C01672,2025-11-20,Completed,Site web,Mobile Money,7.49
O007505,C04173,2025-04-12,Completed,Marketplace,Mobile Money,4.72
O007506,C00435,2025-11-15,Completed,WhatsApp,Mobile Money,5.43
O007507,C03532,2025-12-04,Completed,Boutique,Mobile Money,1.5
O007508,C00964,2025-12-24,Completed,WhatsApp,Mobile Money,3.7
O007509,C01302,2025-06-26,Completed,Marketplace,Virement,8.2
O007510,C02039,2026-05-31,Completed,Marketplace,Mobile Money,3.68
O007511,C04097,2025-05-10,Cancelled,Site web,Mobile Money,13.16
O007512,C00990,2025-09-27,Completed,Site web,Carte bancaire,4.51
O007513,C01445,2026-04-05,Completed,WhatsApp,Mobile Money,3.22
O007514,C02769,2025-02-12,Returned,Site web,Virement,7.01
O007515,C02815,2025-08-10,Completed,Site web,Carte bancaire,7.15
O007516,C01543,2025-09-20,Completed,Site web,Carte bancaire,10.1
O007517,C00552,2026-02-28,Completed,Site web,Mobile Money,5.23
O007518,C03312,2026-03-08,Cancelled,Marketplace,Mobile Money,3.33
O007519,C03782,2026-03-13,Completed,Site web,Virement,4.25
O007520,C02529,2025-07-16,Returned,Site web,Mobile Money,9.61
O007521,C03666,2025-09-27,Completed,WhatsApp,Mobile Money,10.92
O007522,C01067,2025-01-15,Completed,WhatsApp,Carte bancaire,4.21
O007523,C03629,2026-03-27,Completed,Site web,Mobile Money,5.55
O007524,C03396,2025-06-16,Pending,Site web,Carte bancaire,10.15
O007525,C03790,2025-09-14,Completed,Site web,Carte bancaire,8.21
O007526,C03915,2026-01-09,Completed,Marketplace,Cash,4.23
O007527,C01451,2026-03-02,Completed,Site web,Mobile Money,2.44
O007528,C00505,2025-02-17,Completed,WhatsApp,Mobile Money,3.97
O007529,C03146,2026-02-25,Completed,Marketplace,Mobile Money,8.47
O007530,C02813,2025-07-26,Completed,Site web,Mobile Money,1.5
O007531,C02721,2025-08-17,Completed,Marketplace,Cash,6.53
O007532,C02650,2025-03-14,Completed,Boutique,Carte bancaire,4.82
O007533,C00172,2026-01-28,Completed,WhatsApp,Mobile Money,3.72
O007534,C02813,2025-09-18,Returned,Marketplace,Mobile Money,4.46
O007535,C02034,2025-02-26,Completed,Site web,Carte bancaire,8.54
O007536,C00131,2025-03-19,Completed,Boutique,Mobile Money,7.52
O007537,C03594,2026-01-31,Completed,Site web,Mobile Money,9.02
O007538,C00119,2025-03-01,Completed,Site web,Carte bancaire,3.48
O007539,C00981,2025-10-13,Completed,Site web,Carte bancaire,1.5
O007540,C01239,2026-01-18,Completed,WhatsApp,Mobile Money,6.47
O007541,C03288,2026-05-15,Completed,Site web,Carte bancaire,5.88
O007542,C00337,2025-03-28,Completed,Site web,Carte bancaire,4.45
O007543,C01615,2025-06-12,Completed,Site web,Carte bancaire,1.5
O007544,C01538,2025-03-26,Completed,Site web,Mobile Money,8.5
O007545,C01743,2026-04-28,Completed,Site web,Virement,1.5
O007546,C03665,2025-11-21,Completed,Boutique,Carte bancaire,8.05
O007547,C01367,2026-06-23,Completed,WhatsApp,Mobile Money,7.91
O007548,C01489,2025-01-24,Completed,WhatsApp,Mobile Money,7.73
O007549,C01718,2026-01-22,Completed,WhatsApp,Carte bancaire,5.72
O007550,C01650,2025-01-19,Returned,Site web,Virement,1.5
O007551,C04008,2025-03-01,Completed,Site web,Carte bancaire,1.5
O007552,C01124,2025-08-25,Completed,Boutique,Mobile Money,3.41
O007553,C00477,2025-07-21,Completed,WhatsApp,Mobile Money,11.46
O007554,C01771,2025-07-20,Completed,WhatsApp,Mobile Money,8.78
O007555,C00352,2025-02-07,Pending,Site web,Mobile Money,5.37
O007556,C03350,2025-10-26,Completed,Site web,Carte bancaire,4.07
O007557,C03748,2025-07-06,Completed,Site web,Carte bancaire,6.31
O007558,C03490,2026-06-29,Completed,Boutique,Mobile Money,8.45
O007559,C03381,2026-03-09,Completed,Marketplace,Virement,6.81
O007560,C01769,2025-08-27,Completed,WhatsApp,Cash,1.74
O007561,C02934,2026-02-24,Completed,Boutique,Carte bancaire,10.22
O007562,C01667,2025-11-12,Completed,WhatsApp,Carte bancaire,7.36
O007563,C03590,2025-09-29,Completed,Marketplace,Mobile Money,4.39
O007564,C00820,2026-05-19,Completed,Boutique,Virement,6.97
O007565,C00591,2025-11-18,Completed,Site web,Mobile Money,9.55
O007566,C04098,2025-09-22,Completed,Site web,Carte bancaire,7.07
O007567,C01515,2025-11-07,Returned,Marketplace,Carte bancaire,7.24
O007568,C01307,2026-03-05,Completed,WhatsApp,Mobile Money,10.51
O007569,C02808,2026-02-11,Completed,Site web,Mobile Money,4.04
O007570,C01440,2025-10-28,Pending,Boutique,Carte bancaire,3.04
O007571,C03140,2025-04-07,Returned,Site web,Mobile Money,4.59
O007572,C01806,2025-12-16,Pending,Boutique,Mobile Money,8.53
O007573,C03293,2025-08-24,Completed,WhatsApp,Cash,8.87
O007574,C00338,2026-05-27,Completed,Marketplace,Carte bancaire,6.48
O007575,C03056,2026-05-13,Completed,WhatsApp,Carte bancaire,3.46
O007576,C01380,2025-01-01,Completed,Site web,Mobile Money,11.34
O007577,C01777,2026-07-02,Completed,Marketplace,Mobile Money,2.52
O007578,C03909,2026-05-09,Completed,Site web,Mobile Money,4.63
O007579,C02026,2026-05-13,Completed,Boutique,Mobile Money,3.89
O007580,C00313,2025-09-30,Completed,Site web,Mobile Money,9.18
O007581,C01926,2025-05-29,Completed,Site web,Cash,5.47
O007582,C01011,2025-11-29,Completed,Boutique,Mobile Money,10.94
O007583,C01994,2026-04-29,Completed,Boutique,Mobile Money,8.4
O007584,C00915,2025-09-04,Pending,Marketplace,Virement,3.21
O007585,C02701,2026-06-24,Cancelled,Boutique,Virement,5.05
O007586,C00988,2025-05-23,Completed,Site web,Cash,4.4
O007587,C01955,2026-04-13,Completed,Marketplace,Mobile Money,10.15
O007588,C04010,2025-02-06,Pending,Marketplace,Mobile Money,8.54
O007589,C02679,2026-04-06,Completed,Marketplace,Carte bancaire,1.5
O007590,C02976,2026-06-02,Completed,Marketplace,Virement,7.58
O007591,C03244,2026-01-20,Completed,Boutique,Mobile Money,5.81
O007592,C03864,2025-12-08,Completed,Boutique,Cash,2.17
O007593,C03722,2025-08-14,Completed,WhatsApp,Virement,3.52
O007594,C03602,2026-04-24,Completed,Site web,Mobile Money,5.35
O007595,C01433,2025-03-11,Completed,Boutique,Carte bancaire,1.5
O007596,C02624,2025-06-09,Completed,Site web,Mobile Money,6.66
O007597,C03436,2025-03-13,Completed,Site web,Mobile Money,6.25
O007598,C02352,2025-06-02,Completed,Site web,Mobile Money,5.24
O007599,C00535,2025-10-14,Completed,Site web,Mobile Money,6.11
O007600,C02139,2025-07-04,Pending,Boutique,Mobile Money,5.32
O007601,C00908,2025-08-19,Completed,WhatsApp,Carte bancaire,2.63
O007602,C02897,2025-05-07,Completed,WhatsApp,Virement,4.08
O007603,C03611,2025-07-13,Completed,WhatsApp,Mobile Money,3.67
O007604,C02948,2025-09-30,Completed,Boutique,Mobile Money,7.89
O007605,C02314,2025-04-28,Completed,Site web,Carte bancaire,2.8
O007606,C02518,2026-05-29,Completed,WhatsApp,Mobile Money,4.34
O007607,C02262,2026-05-07,Pending,Site web,Mobile Money,6.08
O007608,C01886,2026-04-26,Completed,Marketplace,Mobile Money,1.5
O007609,C00954,2025-01-01,Cancelled,Site web,Carte bancaire,4.63
O007610,C02837,2025-09-29,Completed,Marketplace,Cash,6.07
O007611,C01468,2026-03-12,Completed,Site web,Carte bancaire,6.46
O007612,C00659,2025-07-11,Completed,Site web,Carte bancaire,7.01
O007613,C03361,2025-05-07,Completed,Marketplace,Carte bancaire,3.68
O007614,C02317,2025-12-02,Completed,WhatsApp,Cash,2.69
O007615,C02186,2025-01-02,Cancelled,Site web,Carte bancaire,4.56
O007616,C02182,2025-12-02,Pending,WhatsApp,Mobile Money,6.55
O007617,C00327,2025-09-05,Completed,Site web,Mobile Money,5.09
O007618,C02246,2026-01-10,Pending,Site web,Mobile Money,2.62
O007619,C02284,2026-01-10,Pending,Site web,Mobile Money,12.61
O007620,C02146,2025-10-21,Cancelled,Site web,Carte bancaire,3.6
O007621,C00030,2025-11-16,Completed,Site web,Mobile Money,1.99
O007622,C03152,2025-01-15,Completed,Site web,Carte bancaire,3.89
O007623,C02580,2026-06-22,Cancelled,Marketplace,Mobile Money,8.59
O007624,C03182,2025-02-11,Completed,Site web,Virement,7.71
O007625,C02117,2026-06-20,Completed,Site web,Mobile Money,11.35
O007626,C01385,2026-06-18,Completed,Site web,Carte bancaire,2.97
O007627,C03500,2026-01-29,Completed,Marketplace,Carte bancaire,5.09
O007628,C01474,2026-02-13,Completed,Site web,Carte bancaire,9.04
O007629,C01904,2025-01-17,Completed,Site web,Mobile Money,2.85
O007630,C00070,2026-06-04,Completed,Marketplace,Carte bancaire,9.48
O007631,C00684,2025-10-17,Completed,Site web,Cash,6.1
O007632,C00476,2025-07-06,Completed,Site web,Virement,3.6
O007633,C01779,2026-01-03,Completed,Boutique,Mobile Money,1.5
O007634,C01102,2025-10-21,Completed,Site web,Mobile Money,7.57
O007635,C01397,2025-07-18,Completed,Site web,Virement,10.43
O007636,C03216,2025-06-26,Completed,WhatsApp,Mobile Money,7.02
O007637,C02869,2025-03-06,Cancelled,Marketplace,Carte bancaire,7.19
O007638,C03352,2026-05-14,Completed,Marketplace,Cash,6.79
O007639,C03427,2025-12-31,Completed,WhatsApp,Mobile Money,8.77
O007640,C01042,2025-06-07,Completed,Site web,Mobile Money,9.68
O007641,C02586,2026-02-01,Completed,WhatsApp,Carte bancaire,1.5
O007642,C03653,2026-01-16,Completed,Marketplace,Mobile Money,5.04
O007643,C01281,2025-03-18,Completed,WhatsApp,Carte bancaire,4.14
O007644,C01578,2025-04-06,Completed,Site web,Mobile Money,6.57
O007645,C02233,2025-05-07,Completed,Marketplace,Carte bancaire,4.81
O007646,C03352,2025-02-27,Completed,Marketplace,Mobile Money,7.34
O007647,C00619,2026-03-27,Completed,Site web,Mobile Money,7.0
O007648,C01961,2025-03-27,Completed,WhatsApp,Mobile Money,1.5
O007649,C01018,2026-03-21,Completed,Marketplace,Mobile Money,1.5
O007650,C02993,2025-10-18,Completed,Site web,Cash,8.27
O007651,C01017,2025-03-06,Completed,Marketplace,Mobile Money,3.51
O007652,C01497,2026-04-08,Completed,Site web,Mobile Money,11.16
O007653,C01455,2025-04-06,Completed,Site web,Carte bancaire,8.56
O007654,C00297,2026-07-02,Completed,Marketplace,Mobile Money,1.5
O007655,C02807,2025-01-08,Completed,Marketplace,Cash,3.61
O007656,C01068,2025-12-08,Completed,Site web,Mobile Money,6.72
O007657,C02062,2025-06-21,Completed,Marketplace,Carte bancaire,4.66
O007658,C02928,2025-10-20,Completed,Boutique,Mobile Money,5.48
O007659,C03305,2026-04-06,Pending,Marketplace,Carte bancaire,2.68
O007660,C03856,2026-03-08,Completed,WhatsApp,Carte bancaire,7.04
O007661,C00530,2025-06-04,Completed,Marketplace,Mobile Money,6.06
O007662,C02639,2025-02-04,Completed,Boutique,Carte bancaire,8.27
O007663,C01379,2025-06-05,Completed,Boutique,Virement,5.86
O007664,C03230,2026-03-20,Completed,Site web,Cash,4.11
O007665,C01633,2025-10-10,Completed,Site web,Mobile Money,6.41
O007666,C00060,2026-02-20,Completed,Site web,Mobile Money,7.09
O007667,C03596,2025-09-29,Completed,Site web,Carte bancaire,6.01
O007668,C03193,2025-10-18,Completed,Marketplace,Mobile Money,9.68
O007669,C01388,2025-02-05,Completed,WhatsApp,Carte bancaire,2.74
O007670,C03510,2025-01-13,Completed,WhatsApp,Virement,8.73
O007671,C01724,2026-01-21,Completed,Site web,Mobile Money,2.34
O007672,C01734,2025-04-21,Completed,Boutique,Mobile Money,7.96
O007673,C01260,2025-07-17,Cancelled,Site web,Mobile Money,1.5
O007674,C02075,2025-07-22,Pending,Boutique,Carte bancaire,5.1
O007675,C04177,2025-12-13,Pending,Site web,Carte bancaire,8.86
O007676,C00220,2026-05-31,Completed,Site web,Cash,4.76
O007677,C02493,2026-02-20,Completed,Site web,Mobile Money,5.69
O007678,C00734,2025-12-16,Completed,Site web,Carte bancaire,6.79
O007679,C00521,2026-04-03,Completed,WhatsApp,Carte bancaire,1.5
O007680,C00238,2025-10-07,Completed,Boutique,Carte bancaire,6.85
O007681,C01148,2025-03-21,Completed,Site web,Mobile Money,3.09
O007682,C03072,2025-09-25,Cancelled,Boutique,Mobile Money,8.77
O007683,C03093,2026-06-20,Completed,Marketplace,Mobile Money,5.63
O007684,C03360,2026-03-04,Completed,Boutique,Carte bancaire,6.73
O007685,C00611,2025-07-11,Completed,WhatsApp,Carte bancaire,2.34
O007686,C00457,2025-06-27,Completed,Site web,Carte bancaire,8.29
O007687,C04125,2026-05-19,Pending,WhatsApp,Cash,5.79
O007688,C03871,2025-02-21,Cancelled,Site web,Mobile Money,1.5
O007689,C02941,2026-05-27,Completed,Site web,Mobile Money,4.33
O007690,C03527,2026-01-07,Completed,Site web,Mobile Money,7.86
O007691,C03379,2026-03-19,Completed,WhatsApp,Mobile Money,6.25
O007692,C02421,2025-06-30,Completed,Site web,Mobile Money,7.97
O007693,C01998,2025-12-22,Completed,WhatsApp,Mobile Money,4.75
O007694,C04109,2025-06-28,Completed,Boutique,Cash,9.47
O007695,C02841,2025-01-10,Completed,Site web,Mobile Money,10.07
O007696,C03707,2025-09-07,Completed,Site web,Cash,1.5
O007697,C00871,2026-06-21,Completed,Site web,Mobile Money,7.6
O007698,C00936,2025-05-14,Completed,WhatsApp,Carte bancaire,10.38
O007699,C02645,2025-03-30,Completed,Site web,Carte bancaire,7.27
O007700,C04007,2026-05-21,Completed,WhatsApp,Mobile Money,5.71
O007701,C02607,2026-05-14,Cancelled,Site web,Mobile Money,1.86
O007702,C01861,2026-04-10,Completed,WhatsApp,Carte bancaire,4.91
O007703,C00105,2026-06-20,Cancelled,WhatsApp,Cash,4.31
O007704,C00651,2026-06-28,Completed,WhatsApp,Carte bancaire,8.48
O007705,C00970,2026-05-19,Completed,Marketplace,Mobile Money,8.83
O007706,C00841,2026-06-13,Completed,Site web,Virement,5.34
O007707,C02950,2026-02-13,Completed,Site web,Carte bancaire,2.99
O007708,C02874,2025-06-22,Completed,Site web,Carte bancaire,1.5
O007709,C01595,2025-09-09,Completed,Marketplace,Virement,7.6
O007710,C04148,2025-07-28,Completed,Site web,Carte bancaire,7.35
O007711,C01654,2025-10-07,Completed,WhatsApp,Mobile Money,1.5
O007712,C01871,2026-01-18,Completed,Site web,Carte bancaire,7.4
O007713,C02211,2025-05-13,Pending,Marketplace,Mobile Money,8.45
O007714,C02408,2025-01-09,Completed,WhatsApp,Mobile Money,1.5
O007715,C00803,2025-11-27,Returned,WhatsApp,Carte bancaire,2.81
O007716,C01262,2026-06-29,Completed,WhatsApp,Cash,13.3
O007717,C02890,2026-04-18,Returned,Boutique,Carte bancaire,6.07
O007718,C03551,2025-01-06,Completed,Site web,Cash,12.74
O007719,C01779,2025-11-25,Completed,Site web,Virement,6.58
O007720,C00484,2025-10-19,Completed,Site web,Carte bancaire,9.22
O007721,C03577,2025-08-21,Completed,Site web,Mobile Money,5.01
O007722,C02446,2026-01-02,Completed,WhatsApp,Carte bancaire,3.93
O007723,C01833,2025-08-22,Completed,Marketplace,Cash,1.5
O007724,C02463,2026-05-16,Completed,WhatsApp,Mobile Money,7.56
O007725,C03456,2026-05-13,Pending,Site web,Mobile Money,3.39
O007726,C00005,2025-12-19,Completed,WhatsApp,Mobile Money,3.07
O007727,C01513,2025-09-09,Completed,Site web,Carte bancaire,1.5
O007728,C03951,2025-11-24,Completed,WhatsApp,Mobile Money,6.06
O007729,C01264,2026-05-09,Completed,WhatsApp,Carte bancaire,8.25
O007730,C04093,2025-06-14,Completed,WhatsApp,Carte bancaire,5.25
O007731,C01183,2026-04-22,Completed,Marketplace,Carte bancaire,4.99
O007732,C01964,2025-11-20,Completed,Site web,Mobile Money,10.56
O007733,C00294,2025-02-04,Completed,Boutique,Carte bancaire,1.5
O007734,C03048,2026-02-15,Completed,Boutique,Mobile Money,11.41
O007735,C01006,2025-04-21,Completed,Site web,Carte bancaire,1.93
O007736,C03565,2025-10-10,Completed,Boutique,Mobile Money,5.63
O007737,C00546,2026-06-05,Completed,Site web,Carte bancaire,7.1
O007738,C00491,2026-03-04,Completed,WhatsApp,Carte bancaire,8.93
O007739,C01971,2026-01-19,Pending,Site web,Mobile Money,1.5
O007740,C00356,2025-02-08,Completed,Site web,Carte bancaire,6.49
O007741,C01383,2026-04-16,Completed,WhatsApp,Cash,4.15
O007742,C02896,2025-07-03,Completed,Site web,Virement,8.98
O007743,C02121,2025-01-28,Returned,Site web,Virement,4.11
O007744,C02350,2026-06-10,Completed,WhatsApp,Carte bancaire,1.5
O007745,C00382,2025-04-15,Completed,WhatsApp,Mobile Money,7.09
O007746,C02854,2025-06-27,Pending,Site web,Cash,5.9
O007747,C00384,2025-03-19,Returned,Boutique,Mobile Money,11.32
O007748,C02403,2025-12-07,Pending,Marketplace,Mobile Money,8.88
O007749,C03322,2026-04-21,Completed,Site web,Mobile Money,3.36
O007750,C03051,2025-10-12,Completed,Marketplace,Carte bancaire,8.92
O007751,C01483,2026-04-22,Returned,Marketplace,Carte bancaire,6.29
O007752,C00651,2026-05-29,Completed,WhatsApp,Mobile Money,8.14
O007753,C03489,2026-04-24,Completed,Marketplace,Cash,3.72
O007754,C00906,2025-03-31,Cancelled,Boutique,Carte bancaire,4.86
O007755,C02082,2025-04-23,Completed,Boutique,Cash,7.95
O007756,C00996,2025-06-14,Completed,Site web,Carte bancaire,8.19
O007757,C00126,2025-12-16,Completed,Boutique,Carte bancaire,1.5
O007758,C01750,2026-04-18,Completed,Site web,Cash,7.74
O007759,C02312,2025-06-21,Completed,Boutique,Cash,3.47
O007760,C03191,2026-01-01,Completed,Site web,Carte bancaire,6.7
O007761,C03049,2025-04-13,Returned,Boutique,Mobile Money,1.5
O007762,C03492,2025-10-25,Cancelled,Marketplace,Mobile Money,8.65
O007763,C03419,2026-03-04,Completed,WhatsApp,Mobile Money,8.03
O007764,C01686,2025-08-05,Pending,Site web,Mobile Money,3.52
O007765,C01433,2025-03-31,Completed,Site web,Carte bancaire,7.21
O007766,C02529,2025-08-14,Completed,Site web,Mobile Money,5.89
O007767,C02015,2026-02-22,Cancelled,Marketplace,Carte bancaire,7.81
O007768,C01240,2026-05-28,Returned,Boutique,Virement,1.85
O007769,C00134,2025-12-04,Completed,Boutique,Mobile Money,2.36
O007770,C01999,2026-01-03,Completed,Boutique,Virement,3.8
O007771,C01972,2025-08-18,Completed,WhatsApp,Virement,5.85
O007772,C03952,2026-05-25,Completed,Site web,Carte bancaire,10.9
O007773,C03413,2026-04-22,Completed,Site web,Virement,6.52
O007774,C01132,2026-06-17,Completed,Site web,Cash,8.84
O007775,C00464,2026-04-19,Pending,Boutique,Carte bancaire,3.37
O007776,C03310,2025-10-27,Completed,Marketplace,Carte bancaire,4.28
O007777,C02047,2026-06-11,Completed,Site web,Carte bancaire,3.97
O007778,C00178,2025-12-01,Completed,WhatsApp,Carte bancaire,5.41
O007779,C03167,2025-11-26,Completed,WhatsApp,Cash,8.0
O007780,C01451,2025-12-26,Completed,WhatsApp,Mobile Money,4.99
O007781,C00719,2025-04-12,Completed,WhatsApp,Mobile Money,5.09
O007782,C02767,2026-04-05,Completed,Site web,Cash,7.74
O007783,C03298,2025-07-18,Completed,Boutique,Virement,4.48
O007784,C03260,2025-12-28,Completed,Boutique,Mobile Money,3.68
O007785,C01152,2026-04-08,Completed,Site web,Carte bancaire,4.99
O007786,C02488,2025-03-04,Pending,WhatsApp,Mobile Money,11.47
O007787,C01957,2025-06-14,Completed,Site web,Carte bancaire,8.64
O007788,C03651,2026-06-01,Completed,Marketplace,Cash,11.69
O007789,C00797,2025-07-17,Completed,Marketplace,Carte bancaire,2.09
O007790,C03448,2025-12-29,Completed,WhatsApp,Cash,7.17
O007791,C01455,2025-11-04,Completed,Site web,Mobile Money,4.88
O007792,C02594,2026-04-22,Completed,Marketplace,Carte bancaire,5.06
O007793,C02110,2025-10-07,Completed,Site web,Carte bancaire,1.5
O007794,C01463,2025-08-21,Completed,WhatsApp,Mobile Money,9.9
O007795,C00973,2025-01-10,Completed,Site web,Virement,1.5
O007796,C01528,2025-09-18,Returned,Site web,Mobile Money,8.67
O007797,C02552,2025-11-17,Completed,Marketplace,Virement,4.82
O007798,C02584,2026-01-13,Completed,Site web,Mobile Money,3.27
O007799,C02618,2026-03-04,Completed,Boutique,Cash,3.13
O007800,C02758,2026-03-02,Pending,Boutique,Virement,6.15
O007801,C00215,2025-09-09,Completed,WhatsApp,Virement,4.9
O007802,C01658,2025-02-12,Completed,Site web,Carte bancaire,6.01
O007803,C01323,2025-05-20,Completed,Site web,Mobile Money,1.5
O007804,C01670,2025-08-12,Completed,Marketplace,Carte bancaire,1.5
O007805,C01606,2026-06-21,Completed,Site web,Carte bancaire,1.5
O007806,C00743,2026-02-26,Pending,Site web,Mobile Money,8.41
O007807,C04053,2026-05-06,Completed,Boutique,Mobile Money,10.34
O007808,C00002,2026-06-28,Completed,Boutique,Carte bancaire,5.21
O007809,C02502,2025-03-14,Completed,WhatsApp,Carte bancaire,8.23
O007810,C01939,2025-01-07,Completed,Site web,Virement,7.04
O007811,C02955,2025-11-11,Cancelled,Site web,Carte bancaire,9.51
O007812,C03490,2025-05-26,Completed,Site web,Carte bancaire,9.62
O007813,C02726,2026-04-22,Cancelled,WhatsApp,Carte bancaire,2.29
O007814,C03220,2025-09-12,Pending,Marketplace,Virement,6.58
O007815,C01151,2025-01-06,Completed,Boutique,Mobile Money,8.57
O007816,C04175,2025-05-03,Completed,WhatsApp,Carte bancaire,8.58
O007817,C00367,2025-07-07,Completed,WhatsApp,Mobile Money,8.3
O007818,C02812,2025-01-15,Completed,Boutique,Mobile Money,5.9
O007819,C00616,2025-06-23,Completed,WhatsApp,Carte bancaire,8.03
O007820,C00983,2025-10-23,Completed,Boutique,Mobile Money,1.74
O007821,C03467,2026-05-05,Completed,WhatsApp,Carte bancaire,1.89
O007822,C02845,2025-12-22,Completed,Site web,Virement,10.53
O007823,C02661,2025-02-21,Returned,WhatsApp,Virement,9.27
O007824,C03480,2025-08-17,Completed,Site web,Carte bancaire,10.75
O007825,C01170,2026-02-26,Completed,WhatsApp,Mobile Money,5.54
O007826,C02693,2025-07-22,Completed,Boutique,Mobile Money,3.07
O007827,C00849,2025-11-05,Completed,Boutique,Mobile Money,5.44
O007828,C02024,2026-06-25,Cancelled,Site web,Mobile Money,11.81
O007829,C01701,2025-03-17,Completed,Boutique,Carte bancaire,3.48
O007830,C02598,2025-09-19,Completed,Site web,Mobile Money,5.48
O007831,C00273,2025-12-01,Completed,WhatsApp,Mobile Money,9.65
O007832,C00109,2026-03-14,Returned,Site web,Mobile Money,6.24
O007833,C00133,2026-04-04,Completed,WhatsApp,Mobile Money,4.84
O007834,C01114,2025-06-07,Cancelled,Marketplace,Mobile Money,8.27
O007835,C02420,2025-09-13,Completed,Site web,Mobile Money,4.57
O007836,C00663,2026-03-31,Cancelled,Boutique,Mobile Money,7.43
O007837,C04164,2026-04-05,Completed,Boutique,Mobile Money,1.5
O007838,C01737,2026-03-28,Pending,Boutique,Carte bancaire,1.5
O007839,C01274,2026-01-01,Completed,Marketplace,Mobile Money,5.3
O007840,C03751,2025-05-27,Completed,WhatsApp,Mobile Money,10.0
O007841,C00736,2025-07-21,Completed,Site web,Carte bancaire,5.51
O007842,C00790,2025-12-26,Completed,Boutique,Carte bancaire,5.84
O007843,C01600,2025-05-20,Completed,WhatsApp,Carte bancaire,6.75
O007844,C00299,2026-01-09,Completed,Boutique,Mobile Money,4.76
O007845,C02862,2025-10-10,Cancelled,Boutique,Cash,1.5
O007846,C03264,2025-08-31,Completed,Boutique,Mobile Money,8.07
O007847,C01486,2025-07-14,Completed,Site web,Cash,6.8
O007848,C03646,2026-03-01,Completed,WhatsApp,Carte bancaire,7.03
O007849,C00031,2025-09-13,Completed,Marketplace,Mobile Money,2.66
O007850,C02232,2025-06-18,Completed,Site web,Mobile Money,10.58
O007851,C03067,2025-07-30,Completed,WhatsApp,Mobile Money,4.71
O007852,C01582,2025-09-23,Completed,Boutique,Carte bancaire,10.29
O007853,C03976,2025-12-05,Pending,Site web,Cash,1.5
O007854,C01809,2026-06-27,Completed,Boutique,Virement,4.72
O007855,C03856,2025-07-06,Completed,Site web,Cash,10.57
O007856,C02768,2025-04-08,Completed,Marketplace,Mobile Money,5.57
O007857,C00970,2026-06-20,Completed,WhatsApp,Mobile Money,1.5
O007858,C03492,2025-03-22,Cancelled,Site web,Carte bancaire,3.12
O007859,C00130,2026-05-11,Completed,Boutique,Mobile Money,6.84
O007860,C00796,2025-03-19,Cancelled,Boutique,Mobile Money,10.31
O007861,C03276,2025-07-19,Completed,Site web,Mobile Money,5.14
O007862,C03790,2026-07-01,Completed,Site web,Mobile Money,9.29
O007863,C01630,2025-04-01,Completed,WhatsApp,Virement,7.18
O007864,C02762,2025-03-29,Completed,WhatsApp,Mobile Money,4.76
O007865,C02930,2025-11-30,Completed,Site web,Mobile Money,8.36
O007866,C03101,2025-04-15,Completed,WhatsApp,Mobile Money,8.88
O007867,C03804,2025-01-14,Completed,WhatsApp,Carte bancaire,5.14
O007868,C00366,2026-01-16,Completed,Marketplace,Mobile Money,3.84
O007869,C00809,2026-06-10,Completed,Boutique,Carte bancaire,1.5
O007870,C03858,2026-02-21,Completed,Site web,Carte bancaire,7.25
O007871,C02288,2026-06-13,Completed,Boutique,Mobile Money,4.27
O007872,C02219,2025-10-16,Completed,WhatsApp,Virement,7.57
O007873,C01693,2025-12-03,Completed,WhatsApp,Mobile Money,6.88
O007874,C01521,2026-06-23,Completed,Site web,Carte bancaire,7.06
O007875,C01029,2025-10-04,Completed,Boutique,Carte bancaire,5.51
O007876,C01676,2025-01-22,Cancelled,Marketplace,Mobile Money,2.17
O007877,C00309,2025-05-11,Returned,Site web,Carte bancaire,7.42
O007878,C01231,2025-12-07,Completed,Site web,Mobile Money,8.51
O007879,C04173,2026-04-15,Completed,WhatsApp,Carte bancaire,12.98
O007880,C00685,2025-11-29,Completed,Marketplace,Carte bancaire,4.22
O007881,C03076,2025-08-11,Completed,WhatsApp,Mobile Money,2.86
O007882,C00146,2025-06-26,Completed,Site web,Carte bancaire,2.5
O007883,C03083,2026-01-10,Returned,Marketplace,Mobile Money,5.85
O007884,C01111,2026-05-08,Pending,WhatsApp,Mobile Money,8.41
O007885,C02950,2025-06-02,Cancelled,WhatsApp,Mobile Money,8.67
O007886,C02086,2025-10-30,Completed,Site web,Mobile Money,10.71
O007887,C03258,2025-08-23,Completed,Site web,Mobile Money,7.16
O007888,C02801,2025-05-15,Completed,WhatsApp,Mobile Money,2.4
O007889,C02344,2025-08-11,Completed,Boutique,Virement,6.72
O007890,C03081,2025-02-18,Completed,Boutique,Virement,1.5
O007891,C04057,2025-10-18,Completed,Marketplace,Cash,4.96
O007892,C02502,2025-02-28,Pending,WhatsApp,Cash,4.73
O007893,C00731,2025-09-17,Completed,WhatsApp,Carte bancaire,7.38
O007894,C00488,2026-05-07,Completed,WhatsApp,Carte bancaire,7.32
O007895,C02300,2025-03-21,Completed,Site web,Mobile Money,3.78
O007896,C01813,2025-05-18,Cancelled,Site web,Virement,3.87
O007897,C02556,2026-01-31,Cancelled,Boutique,Mobile Money,6.19
O007898,C02804,2026-05-13,Completed,Site web,Carte bancaire,7.43
O007899,C00786,2026-06-08,Completed,Marketplace,Virement,8.21
O007900,C03122,2025-03-07,Completed,Boutique,Cash,4.54
O007901,C04164,2025-05-12,Completed,Site web,Mobile Money,5.85
O007902,C01363,2026-06-24,Pending,Site web,Mobile Money,2.87
O007903,C03901,2025-10-05,Returned,Boutique,Carte bancaire,2.91
O007904,C03900,2026-04-02,Completed,WhatsApp,Virement,1.5
O007905,C01758,2025-01-08,Completed,WhatsApp,Carte bancaire,4.1
O007906,C03341,2025-03-05,Completed,Site web,Mobile Money,9.84
O007907,C03916,2025-04-22,Completed,Marketplace,Virement,10.25
O007908,C03578,2025-02-17,Completed,WhatsApp,Mobile Money,7.7
O007909,C01633,2026-05-04,Completed,WhatsApp,Virement,9.02
O007910,C02800,2026-03-17,Cancelled,Marketplace,Virement,8.43
O007911,C02489,2025-08-02,Completed,Boutique,Cash,6.52
O007912,C01738,2025-02-12,Completed,Boutique,Virement,1.5
O007913,C02686,2025-02-28,Completed,Marketplace,Virement,12.8
O007914,C03924,2025-05-24,Pending,Marketplace,Carte bancaire,5.38
O007915,C00110,2026-02-03,Pending,Boutique,Carte bancaire,5.36
O007916,C03787,2026-03-16,Pending,Boutique,Carte bancaire,10.38
O007917,C01546,2025-10-23,Completed,Site web,Carte bancaire,6.48
O007918,C03480,2026-05-13,Completed,Marketplace,Mobile Money,13.55
O007919,C00453,2026-05-24,Completed,Marketplace,Mobile Money,3.51
O007920,C03743,2026-02-25,Returned,WhatsApp,Mobile Money,9.11
O007921,C01882,2025-02-13,Completed,WhatsApp,Carte bancaire,5.26
O007922,C03850,2026-05-03,Completed,WhatsApp,Mobile Money,6.3
O007923,C01797,2026-05-13,Completed,WhatsApp,Mobile Money,3.36
O007924,C03135,2025-11-03,Completed,Site web,Virement,4.11
O007925,C02504,2025-11-25,Completed,WhatsApp,Virement,9.87
O007926,C00842,2026-03-04,Completed,Site web,Mobile Money,7.55
O007927,C01048,2025-11-21,Completed,WhatsApp,Virement,7.27
O007928,C02262,2025-07-08,Completed,Marketplace,Mobile Money,1.5
O007929,C02045,2026-01-17,Completed,Site web,Carte bancaire,1.5
O007930,C02588,2026-03-07,Completed,Marketplace,Virement,3.23
O007931,C03389,2025-03-19,Completed,WhatsApp,Mobile Money,4.81
O007932,C03249,2026-01-08,Completed,Marketplace,Cash,5.69
O007933,C00247,2025-04-05,Completed,Site web,Carte bancaire,6.95
O007934,C02080,2025-11-12,Completed,Site web,Cash,9.07
O007935,C00623,2025-03-01,Completed,WhatsApp,Mobile Money,10.41
O007936,C02155,2026-06-28,Completed,WhatsApp,Mobile Money,6.58
O007937,C02251,2026-01-01,Completed,Boutique,Carte bancaire,3.46
O007938,C04182,2025-09-15,Completed,WhatsApp,Carte bancaire,8.19
O007939,C01632,2025-10-04,Completed,WhatsApp,Virement,6.55
O007940,C01900,2025-12-06,Completed,Marketplace,Mobile Money,7.4
O007941,C02149,2025-03-10,Completed,Site web,Mobile Money,9.62
O007942,C00547,2025-10-07,Completed,Site web,Carte bancaire,4.84
O007943,C00252,2026-01-28,Completed,Boutique,Carte bancaire,10.37
O007944,C02981,2025-05-23,Pending,Site web,Mobile Money,1.73
O007945,C01263,2025-09-20,Completed,WhatsApp,Carte bancaire,8.19
O007946,C01523,2025-07-01,Completed,WhatsApp,Carte bancaire,4.05
O007947,C04168,2025-03-30,Completed,Site web,Carte bancaire,6.67
O007948,C01044,2026-06-21,Completed,Site web,Mobile Money,6.99
O007949,C03798,2025-11-21,Completed,Site web,Mobile Money,4.95
O007950,C02640,2025-08-03,Completed,Site web,Carte bancaire,4.08
O007951,C01114,2025-07-05,Completed,Site web,Mobile Money,3.45
O007952,C04009,2026-01-08,Completed,Site web,Virement,6.86
O007953,C02614,2025-03-01,Completed,Boutique,Mobile Money,7.9
O007954,C01314,2025-11-07,Pending,Marketplace,Virement,11.46
O007955,C01896,2025-05-07,Completed,Site web,Mobile Money,5.23
O007956,C01564,2026-05-03,Completed,WhatsApp,Carte bancaire,1.5
O007957,C03551,2026-03-06,Completed,Site web,Mobile Money,7.42
O007958,C01956,2026-02-20,Completed,Site web,Carte bancaire,1.5
O007959,C00155,2025-03-21,Completed,Site web,Carte bancaire,10.81
O007960,C02890,2025-02-14,Completed,WhatsApp,Carte bancaire,8.27
O007961,C03180,2025-09-09,Completed,Site web,Mobile Money,2.97
O007962,C01663,2025-07-14,Completed,Marketplace,Cash,1.5
O007963,C03872,2026-02-01,Pending,Boutique,Mobile Money,3.41
O007964,C01786,2026-01-26,Completed,Boutique,Carte bancaire,7.59
O007965,C01110,2025-08-06,Completed,Boutique,Carte bancaire,3.69
O007966,C02944,2025-03-30,Completed,Site web,Virement,8.23
O007967,C00537,2025-06-27,Returned,WhatsApp,Virement,8.81
O007968,C04138,2025-10-03,Completed,Site web,Mobile Money,4.29
O007969,C02871,2025-05-19,Cancelled,WhatsApp,Cash,8.65
O007970,C01330,2025-06-24,Completed,Site web,Mobile Money,9.62
O007971,C00344,2025-05-12,Pending,Site web,Carte bancaire,7.7
O007972,C02459,2025-02-05,Completed,Boutique,Mobile Money,7.64
O007973,C02464,2025-11-26,Cancelled,Site web,Mobile Money,4.31
O007974,C03337,2026-07-01,Pending,Site web,Virement,12.09
O007975,C01192,2026-06-06,Completed,Marketplace,Cash,3.05
O007976,C00891,2026-05-25,Cancelled,Site web,Mobile Money,4.67
O007977,C01734,2025-12-28,Completed,Site web,Mobile Money,8.82
O007978,C03437,2026-02-14,Completed,Site web,Virement,4.87
O007979,C03814,2025-02-05,Completed,WhatsApp,Carte bancaire,5.1
O007980,C01491,2025-04-21,Pending,Boutique,Virement,1.92
O007981,C00201,2026-01-22,Completed,Boutique,Mobile Money,4.59
O007982,C00467,2026-06-26,Completed,Boutique,Mobile Money,13.24
O007983,C02287,2026-05-13,Completed,WhatsApp,Carte bancaire,4.92
O007984,C00105,2025-12-12,Pending,Marketplace,Carte bancaire,9.84
O007985,C03041,2025-03-01,Completed,Boutique,Virement,4.5
O007986,C00139,2026-06-14,Completed,Marketplace,Mobile Money,2.8
O007987,C01780,2025-06-24,Completed,Site web,Mobile Money,3.66
O007988,C03351,2025-01-24,Pending,WhatsApp,Mobile Money,8.18
O007989,C01966,2026-02-25,Completed,Site web,Carte bancaire,1.5
O007990,C02835,2025-04-06,Completed,WhatsApp,Mobile Money,11.11
O007991,C01403,2025-06-15,Completed,Marketplace,Mobile Money,7.43
O007992,C03333,2026-01-07,Completed,Boutique,Virement,4.88
O007993,C01793,2026-06-14,Completed,Boutique,Virement,3.62
O007994,C03163,2026-05-13,Completed,Site web,Virement,4.43
O007995,C04000,2025-03-31,Completed,Site web,Mobile Money,9.45
O007996,C01601,2025-04-07,Completed,Marketplace,Mobile Money,1.5
O007997,C00975,2026-03-20,Completed,Site web,Carte bancaire,5.83
O007998,C03919,2025-06-23,Cancelled,Site web,Mobile Money,9.39
O007999,C02860,2025-02-12,Completed,Site web,Cash,1.5
O008000,C03688,2025-11-19,Completed,Boutique,Cash,4.12
O008001,C01590,2025-12-27,Completed,WhatsApp,Carte bancaire,1.5
O008002,C01464,2026-07-02,Completed,Site web,Cash,2.13
O008003,C00522,2025-09-24,Completed,WhatsApp,Cash,6.65
O008004,C03247,2026-03-15,Completed,Boutique,Carte bancaire,7.95
O008005,C03546,2025-10-20,Cancelled,WhatsApp,Mobile Money,4.77
O008006,C03443,2026-05-22,Pending,Site web,Mobile Money,1.5
O008007,C01223,2025-09-25,Completed,Site web,Mobile Money,3.4
O008008,C02052,2026-01-05,Completed,Site web,Virement,7.19
O008009,C02072,2026-06-12,Completed,Site web,Carte bancaire,5.89
O008010,C00506,2026-04-26,Pending,Site web,Virement,2.46
O008011,C00001,2025-08-08,Completed,Boutique,Carte bancaire,4.54
O008012,C01404,2025-10-05,Completed,Marketplace,Virement,8.34
O008013,C02144,2025-11-21,Completed,Site web,Mobile Money,6.6
O008014,C04154,2025-03-10,Completed,WhatsApp,Carte bancaire,2.86
O008015,C03670,2025-05-08,Completed,Site web,Mobile Money,6.77
O008016,C03007,2026-01-24,Cancelled,Site web,Carte bancaire,4.31
O008017,C04044,2025-02-09,Completed,WhatsApp,Carte bancaire,4.06
O008018,C03254,2025-11-26,Completed,Site web,Mobile Money,6.4
O008019,C02211,2025-09-23,Completed,Site web,Carte bancaire,2.71
O008020,C03831,2025-09-23,Completed,Site web,Mobile Money,4.68
O008021,C03864,2026-04-09,Completed,Boutique,Virement,9.14
O008022,C00852,2025-05-31,Completed,WhatsApp,Carte bancaire,13.41
O008023,C01188,2026-03-10,Completed,Site web,Mobile Money,1.5
O008024,C04068,2026-03-06,Completed,Site web,Carte bancaire,3.37
O008025,C00024,2026-06-28,Completed,Site web,Mobile Money,9.39
O008026,C02177,2026-03-26,Completed,Site web,Carte bancaire,2.23
O008027,C01608,2025-10-05,Returned,Site web,Mobile Money,5.62
O008028,C03128,2025-07-19,Returned,WhatsApp,Cash,11.39
O008029,C04025,2026-03-05,Completed,WhatsApp,Virement,3.82
O008030,C01337,2026-05-24,Completed,WhatsApp,Virement,5.25
O008031,C00926,2025-06-03,Completed,Site web,Carte bancaire,2.14
O008032,C01384,2025-07-22,Completed,Boutique,Mobile Money,8.06
O008033,C03006,2025-09-30,Completed,Boutique,Carte bancaire,1.5
O008034,C01511,2025-02-28,Completed,Site web,Carte bancaire,3.93
O008035,C02699,2025-06-22,Completed,Site web,Carte bancaire,2.11
O008036,C01462,2025-04-02,Completed,Marketplace,Carte bancaire,5.04
O008037,C03110,2026-02-28,Pending,WhatsApp,Carte bancaire,11.57
O008038,C00263,2025-09-28,Completed,WhatsApp,Carte bancaire,7.16
O008039,C01439,2025-11-27,Completed,Boutique,Carte bancaire,6.72
O008040,C01301,2025-02-13,Completed,Site web,Mobile Money,6.89
O008041,C02512,2025-11-11,Completed,Site web,Carte bancaire,5.93
O008042,C02719,2026-01-29,Completed,Boutique,Carte bancaire,9.85
O008043,C03054,2026-01-13,Completed,WhatsApp,Carte bancaire,8.32
O008044,C03789,2026-03-12,Completed,Site web,Mobile Money,2.1
O008045,C03345,2025-03-04,Completed,Site web,Cash,8.92
O008046,C00175,2025-10-29,Completed,Marketplace,Virement,6.71
O008047,C02847,2025-09-22,Cancelled,Boutique,Mobile Money,7.36
O008048,C00070,2026-05-05,Completed,Site web,Virement,1.5
O008049,C01738,2026-01-14,Completed,Site web,Virement,6.0
O008050,C02489,2026-06-07,Completed,WhatsApp,Virement,5.58
O008051,C01341,2025-01-14,Completed,Site web,Cash,3.92
O008052,C02939,2025-09-03,Completed,Site web,Carte bancaire,9.22
O008053,C03344,2026-01-21,Completed,Marketplace,Mobile Money,1.5
O008054,C02555,2025-02-18,Completed,Boutique,Mobile Money,15.08
O008055,C02205,2025-12-23,Completed,Marketplace,Mobile Money,2.65
O008056,C04087,2025-05-07,Completed,Site web,Mobile Money,7.41
O008057,C02740,2025-02-10,Completed,Site web,Mobile Money,6.64
O008058,C00962,2025-12-27,Completed,Marketplace,Mobile Money,9.5
O008059,C02758,2025-08-22,Pending,Marketplace,Carte bancaire,11.01
O008060,C02022,2025-08-11,Returned,WhatsApp,Mobile Money,4.69
O008061,C00100,2025-06-28,Completed,Site web,Mobile Money,6.53
O008062,C03847,2026-01-11,Completed,Boutique,Carte bancaire,4.72
O008063,C03343,2025-12-06,Completed,Site web,Carte bancaire,3.1
O008064,C02594,2026-01-01,Pending,Marketplace,Carte bancaire,6.1
O008065,C02827,2026-03-08,Completed,Boutique,Mobile Money,5.92
O008066,C02424,2025-11-28,Completed,Site web,Virement,6.03
O008067,C01442,2025-02-11,Pending,Site web,Mobile Money,4.87
O008068,C03918,2025-03-28,Completed,Site web,Mobile Money,7.02
O008069,C02324,2026-06-28,Completed,Boutique,Mobile Money,8.35
O008070,C01424,2025-06-06,Completed,Site web,Virement,2.38
O008071,C02877,2025-08-23,Completed,WhatsApp,Mobile Money,7.85
O008072,C00661,2025-07-27,Cancelled,Site web,Cash,10.68
O008073,C01343,2026-06-27,Completed,WhatsApp,Mobile Money,2.17
O008074,C00543,2026-03-28,Completed,Boutique,Mobile Money,6.46
O008075,C00358,2025-09-22,Completed,Site web,Carte bancaire,7.36
O008076,C03452,2026-01-09,Completed,Site web,Mobile Money,8.35
O008077,C01836,2025-10-30,Completed,Site web,Virement,8.69
O008078,C03600,2025-12-20,Completed,Marketplace,Carte bancaire,9.61
O008079,C02678,2026-06-07,Completed,Site web,Carte bancaire,6.41
O008080,C00983,2026-01-04,Completed,Site web,Virement,3.01
O008081,C00888,2025-03-03,Completed,WhatsApp,Mobile Money,4.93
O008082,C01920,2025-10-03,Completed,Site web,Mobile Money,10.33
O008083,C00398,2026-03-26,Completed,Boutique,Mobile Money,3.36
O008084,C02457,2025-01-22,Pending,Site web,Virement,7.56
O008085,C01930,2025-07-15,Completed,Marketplace,Virement,8.54
O008086,C00584,2025-04-21,Completed,WhatsApp,Mobile Money,7.84
O008087,C02204,2026-01-31,Completed,WhatsApp,Mobile Money,8.79
O008088,C03566,2025-03-18,Completed,Site web,Virement,5.9
O008089,C03817,2025-12-08,Completed,Site web,Virement,5.7
O008090,C01760,2025-02-05,Completed,Site web,Mobile Money,11.45
O008091,C00308,2026-05-22,Completed,Boutique,Mobile Money,11.92
O008092,C03627,2025-06-25,Completed,Marketplace,Mobile Money,10.34
O008093,C02315,2025-08-12,Completed,Site web,Mobile Money,7.65
O008094,C03193,2026-03-08,Completed,Marketplace,Mobile Money,4.27
O008095,C00190,2025-07-28,Pending,WhatsApp,Carte bancaire,6.41
O008096,C01239,2025-03-05,Completed,Boutique,Mobile Money,5.61
O008097,C01200,2026-05-11,Completed,Marketplace,Virement,9.3
O008098,C03010,2025-03-03,Completed,Marketplace,Mobile Money,7.17
O008099,C02861,2025-09-30,Completed,WhatsApp,Carte bancaire,7.75
O008100,C03111,2025-03-10,Returned,WhatsApp,Mobile Money,5.9
O008101,C01669,2026-01-18,Completed,WhatsApp,Mobile Money,1.5
O008102,C01308,2025-05-28,Completed,Site web,Mobile Money,9.94
O008103,C00795,2026-05-26,Completed,Site web,Carte bancaire,5.81
O008104,C01066,2025-04-21,Completed,Boutique,Carte bancaire,8.9
O008105,C00690,2026-01-03,Completed,Site web,Carte bancaire,4.99
O008106,C03459,2025-01-08,Completed,Site web,Mobile Money,10.87
O008107,C02846,2025-03-04,Pending,Site web,Carte bancaire,4.4
O008108,C02848,2025-06-01,Completed,WhatsApp,Cash,5.79
O008109,C03721,2026-04-30,Returned,Site web,Mobile Money,6.05
O008110,C03107,2026-06-30,Completed,Marketplace,Mobile Money,1.5
O008111,C01347,2025-12-03,Completed,Boutique,Carte bancaire,7.23
O008112,C01315,2025-07-04,Completed,Site web,Virement,8.48
O008113,C00535,2025-06-21,Cancelled,Site web,Virement,7.26
O008114,C03034,2025-04-26,Completed,Site web,Carte bancaire,12.95
O008115,C03673,2025-07-06,Completed,Site web,Mobile Money,3.33
O008116,C03001,2025-09-29,Cancelled,Site web,Virement,1.5
O008117,C01977,2026-01-11,Completed,Site web,Mobile Money,2.43
O008118,C01400,2025-05-06,Completed,WhatsApp,Mobile Money,6.25
O008119,C01841,2025-01-20,Completed,Site web,Mobile Money,9.6
O008120,C01136,2025-11-03,Completed,Site web,Cash,6.52
O008121,C00695,2025-05-14,Completed,Marketplace,Carte bancaire,4.52
O008122,C01812,2025-08-08,Completed,Marketplace,Mobile Money,10.49
O008123,C00995,2026-01-26,Completed,Site web,Mobile Money,5.65
O008124,C03105,2026-05-07,Completed,WhatsApp,Virement,1.88
O008125,C03808,2025-10-20,Completed,Site web,Carte bancaire,9.0
O008126,C00814,2026-05-24,Completed,Boutique,Mobile Money,7.94
O008127,C00026,2025-05-28,Completed,Boutique,Cash,6.71
O008128,C03672,2026-01-26,Completed,WhatsApp,Carte bancaire,10.86
O008129,C01235,2026-06-21,Completed,WhatsApp,Carte bancaire,5.69
O008130,C01073,2025-04-29,Completed,Boutique,Carte bancaire,6.84
O008131,C03593,2026-02-09,Completed,Site web,Carte bancaire,3.07
O008132,C03527,2025-09-17,Completed,Boutique,Mobile Money,3.89
O008133,C02439,2026-04-28,Completed,Site web,Mobile Money,4.58
O008134,C00655,2025-06-17,Returned,Site web,Carte bancaire,8.08
O008135,C02964,2026-06-11,Completed,WhatsApp,Carte bancaire,3.97
O008136,C03106,2026-03-14,Completed,Site web,Virement,5.71
O008137,C01862,2026-01-22,Pending,Site web,Cash,5.33
O008138,C02358,2025-01-16,Completed,Site web,Carte bancaire,5.84
O008139,C02254,2025-02-15,Completed,Marketplace,Carte bancaire,3.71
O008140,C02779,2025-12-30,Completed,Site web,Carte bancaire,5.38
O008141,C02166,2025-09-20,Completed,Site web,Mobile Money,2.54
O008142,C04092,2025-06-27,Pending,Site web,Mobile Money,5.88
O008143,C00148,2026-04-07,Completed,Marketplace,Carte bancaire,5.92
O008144,C00221,2025-09-21,Completed,Site web,Carte bancaire,6.22
O008145,C00635,2025-09-09,Completed,WhatsApp,Virement,7.68
O008146,C00627,2025-06-27,Completed,WhatsApp,Mobile Money,11.43
O008147,C02095,2026-06-22,Completed,Boutique,Carte bancaire,1.5
O008148,C00333,2025-07-19,Completed,Marketplace,Virement,4.89
O008149,C00804,2025-05-23,Pending,Site web,Carte bancaire,3.26
O008150,C02183,2026-01-05,Completed,Site web,Mobile Money,6.94
O008151,C03779,2025-01-19,Completed,Site web,Carte bancaire,8.12
O008152,C03372,2025-11-23,Completed,Site web,Virement,2.36
O008153,C00911,2025-11-06,Completed,Marketplace,Mobile Money,6.95
O008154,C00231,2025-05-14,Completed,Site web,Carte bancaire,8.6
O008155,C03104,2026-02-26,Completed,Boutique,Carte bancaire,7.27
O008156,C03274,2025-01-24,Completed,Site web,Mobile Money,4.99
O008157,C03902,2026-06-22,Completed,Site web,Mobile Money,8.03
O008158,C01819,2026-04-15,Completed,Boutique,Mobile Money,5.23
O008159,C00246,2025-04-07,Completed,Boutique,Carte bancaire,8.72
O008160,C03955,2025-09-27,Completed,Site web,Carte bancaire,7.06
O008161,C01207,2025-04-18,Completed,Marketplace,Mobile Money,5.44
O008162,C01608,2025-12-06,Returned,Site web,Mobile Money,2.23
O008163,C01740,2025-07-13,Completed,Marketplace,Carte bancaire,6.05
O008164,C04136,2025-09-25,Completed,Site web,Mobile Money,2.79
O008165,C01517,2026-06-09,Completed,Site web,Carte bancaire,2.74
O008166,C02338,2025-12-06,Completed,Boutique,Carte bancaire,4.96
O008167,C02118,2026-04-21,Completed,Site web,Mobile Money,5.77
O008168,C04158,2025-12-10,Completed,WhatsApp,Cash,2.42
O008169,C04000,2025-09-17,Completed,Boutique,Carte bancaire,5.5
O008170,C02654,2025-01-09,Completed,Site web,Cash,5.29
O008171,C00445,2025-02-18,Completed,Boutique,Mobile Money,4.2
O008172,C01455,2025-10-20,Completed,WhatsApp,Cash,5.23
O008173,C02798,2025-10-04,Cancelled,Site web,Carte bancaire,7.93
O008174,C03375,2025-10-03,Cancelled,Site web,Cash,4.84
O008175,C03158,2026-04-09,Completed,Site web,Carte bancaire,7.74
O008176,C02046,2025-02-22,Completed,Site web,Cash,5.76
O008177,C02817,2025-12-27,Completed,Site web,Mobile Money,9.06
O008178,C01297,2026-02-13,Completed,Boutique,Carte bancaire,8.44
O008179,C02671,2025-12-20,Completed,Site web,Mobile Money,5.36
O008180,C02010,2025-05-10,Completed,Site web,Carte bancaire,3.96
O008181,C02872,2025-08-11,Cancelled,Boutique,Mobile Money,7.46
O008182,C03663,2025-01-30,Completed,WhatsApp,Virement,4.43
O008183,C03445,2025-04-08,Completed,Marketplace,Carte bancaire,1.5
O008184,C03076,2026-03-17,Completed,WhatsApp,Carte bancaire,8.21
O008185,C03226,2025-12-05,Pending,Marketplace,Cash,4.16
O008186,C00730,2026-04-20,Completed,Marketplace,Virement,1.5
O008187,C00777,2026-01-15,Completed,Site web,Cash,5.77
O008188,C03523,2025-05-12,Completed,WhatsApp,Mobile Money,8.81
O008189,C02272,2026-03-22,Completed,Site web,Virement,4.23
O008190,C01812,2026-01-12,Completed,WhatsApp,Mobile Money,4.96
O008191,C02794,2025-04-15,Returned,Site web,Virement,7.5
O008192,C00349,2025-01-03,Completed,WhatsApp,Carte bancaire,4.63
O008193,C00694,2026-02-23,Completed,Site web,Carte bancaire,5.69
O008194,C00619,2026-01-31,Completed,Marketplace,Mobile Money,8.69
O008195,C02378,2025-02-19,Completed,Site web,Mobile Money,8.03
O008196,C00278,2025-09-12,Pending,Boutique,Carte bancaire,6.68
O008197,C00188,2026-05-16,Completed,Marketplace,Mobile Money,1.5
O008198,C02842,2026-03-11,Returned,Site web,Carte bancaire,7.75
O008199,C03087,2026-03-24,Completed,Site web,Mobile Money,4.81
O008200,C01082,2025-08-04,Completed,WhatsApp,Mobile Money,7.47
O008201,C02903,2025-03-08,Completed,Marketplace,Mobile Money,1.5
O008202,C00405,2025-07-12,Cancelled,Marketplace,Mobile Money,8.81
O008203,C01720,2026-01-12,Completed,Site web,Mobile Money,3.48
O008204,C01536,2026-04-06,Completed,Marketplace,Virement,7.29
O008205,C01455,2025-12-19,Completed,Site web,Mobile Money,8.8
O008206,C03642,2025-01-22,Completed,Site web,Mobile Money,7.17
O008207,C00330,2025-11-20,Completed,WhatsApp,Mobile Money,7.16
O008208,C02641,2025-04-13,Completed,Boutique,Virement,6.26
O008209,C01150,2025-12-01,Completed,Site web,Mobile Money,2.34
O008210,C02043,2025-08-14,Completed,Boutique,Virement,9.98
O008211,C00846,2025-10-20,Completed,Site web,Carte bancaire,9.29
O008212,C03080,2025-11-23,Completed,Site web,Mobile Money,4.85
O008213,C00256,2025-12-16,Completed,Marketplace,Cash,1.5
O008214,C00319,2025-01-03,Completed,WhatsApp,Carte bancaire,9.02
O008215,C01381,2026-06-14,Cancelled,WhatsApp,Virement,1.5
O008216,C03708,2025-11-12,Completed,Boutique,Mobile Money,7.6
O008217,C00101,2025-10-05,Completed,Site web,Carte bancaire,3.81
O008218,C00747,2025-07-27,Completed,Site web,Carte bancaire,7.44
O008219,C02066,2025-02-27,Completed,WhatsApp,Mobile Money,2.98
O008220,C00090,2025-12-12,Completed,Marketplace,Virement,6.02
O008221,C02245,2025-07-19,Cancelled,Site web,Virement,1.5
O008222,C01522,2026-05-13,Completed,Site web,Carte bancaire,6.05
O008223,C02712,2025-12-27,Completed,Boutique,Virement,5.99
O008224,C00246,2025-08-30,Completed,Site web,Mobile Money,8.15
O008225,C00743,2025-01-18,Completed,Site web,Carte bancaire,4.56
O008226,C00702,2025-10-31,Completed,WhatsApp,Mobile Money,6.85
O008227,C03098,2026-04-09,Cancelled,Marketplace,Cash,4.81
O008228,C03104,2025-09-11,Completed,Site web,Carte bancaire,7.36
O008229,C00489,2025-12-23,Completed,Site web,Virement,7.17
O008230,C01700,2025-03-06,Completed,WhatsApp,Mobile Money,8.64
O008231,C02957,2025-08-11,Pending,WhatsApp,Mobile Money,2.48
O008232,C00029,2026-03-11,Pending,Site web,Virement,5.73
O008233,C00423,2025-08-21,Pending,WhatsApp,Mobile Money,6.85
O008234,C02704,2026-05-01,Completed,WhatsApp,Mobile Money,11.46
O008235,C02372,2025-08-13,Completed,WhatsApp,Carte bancaire,11.95
O008236,C02970,2026-03-21,Completed,Site web,Mobile Money,1.92
O008237,C01960,2025-12-19,Completed,Site web,Carte bancaire,4.16
O008238,C03789,2026-06-04,Completed,Site web,Virement,1.5
O008239,C00528,2025-10-20,Returned,Boutique,Carte bancaire,12.59
O008240,C00650,2025-09-14,Completed,WhatsApp,Carte bancaire,6.95
O008241,C02669,2025-07-13,Completed,Site web,Mobile Money,7.74
O008242,C03601,2025-12-24,Completed,WhatsApp,Mobile Money,5.05
O008243,C00097,2026-06-22,Completed,Site web,Mobile Money,5.99
O008244,C02977,2025-04-03,Completed,Marketplace,Virement,9.39
O008245,C04085,2026-05-29,Completed,Boutique,Mobile Money,2.86
O008246,C02368,2026-06-20,Completed,Site web,Virement,2.61
O008247,C03491,2026-02-26,Pending,Site web,Mobile Money,5.28
O008248,C01100,2025-11-15,Completed,Site web,Cash,6.03
O008249,C03381,2026-04-18,Cancelled,Site web,Mobile Money,7.67
O008250,C01923,2025-05-24,Completed,WhatsApp,Virement,6.06
O008251,C01254,2025-12-14,Completed,Site web,Virement,3.47
O008252,C00833,2026-03-18,Pending,WhatsApp,Mobile Money,4.86
O008253,C03583,2026-03-18,Pending,WhatsApp,Cash,6.53
O008254,C03015,2025-11-18,Completed,Site web,Mobile Money,7.98
O008255,C03313,2025-07-31,Completed,Site web,Mobile Money,9.0
O008256,C02956,2026-06-05,Completed,Site web,Cash,5.18
O008257,C01074,2026-01-05,Completed,WhatsApp,Mobile Money,3.88
O008258,C00805,2026-02-26,Completed,WhatsApp,Mobile Money,3.31
O008259,C02721,2025-12-08,Completed,Site web,Mobile Money,9.5
O008260,C01061,2026-04-26,Completed,Site web,Cash,4.69
O008261,C02722,2025-09-19,Returned,Marketplace,Virement,3.71
O008262,C03785,2025-10-27,Pending,Site web,Mobile Money,6.5
O008263,C03146,2026-03-17,Completed,Site web,Mobile Money,10.84
O008264,C01982,2025-10-11,Completed,Site web,Carte bancaire,3.23
O008265,C03818,2025-05-15,Completed,Site web,Virement,7.77
O008266,C02315,2026-02-20,Completed,Boutique,Mobile Money,4.64
O008267,C01974,2025-07-25,Completed,WhatsApp,Mobile Money,6.33
O008268,C04027,2025-02-27,Cancelled,Site web,Carte bancaire,8.43
O008269,C01408,2025-07-24,Completed,Site web,Mobile Money,9.65
O008270,C00870,2025-01-30,Completed,WhatsApp,Carte bancaire,4.41
O008271,C00584,2026-04-27,Completed,Site web,Carte bancaire,8.25
O008272,C02634,2026-06-24,Completed,Marketplace,Carte bancaire,6.71
O008273,C02142,2025-05-27,Cancelled,WhatsApp,Carte bancaire,7.21
O008274,C03251,2026-05-18,Cancelled,Marketplace,Virement,9.71
O008275,C00617,2026-01-25,Completed,Site web,Carte bancaire,3.87
O008276,C01342,2026-06-08,Completed,WhatsApp,Virement,8.32
O008277,C00508,2025-03-31,Completed,Site web,Carte bancaire,6.47
O008278,C01298,2025-02-04,Completed,Marketplace,Mobile Money,9.55
O008279,C04034,2026-05-20,Cancelled,WhatsApp,Carte bancaire,7.23
O008280,C03767,2025-05-28,Completed,WhatsApp,Mobile Money,5.55
O008281,C02084,2025-11-23,Cancelled,Site web,Mobile Money,8.61
O008282,C00418,2026-05-10,Returned,WhatsApp,Carte bancaire,4.3
O008283,C04179,2025-07-07,Completed,WhatsApp,Cash,4.8
O008284,C00661,2025-02-19,Completed,Site web,Carte bancaire,3.75
O008285,C00425,2026-03-10,Completed,Boutique,Carte bancaire,4.12
O008286,C01727,2025-09-05,Completed,WhatsApp,Carte bancaire,1.5
O008287,C03953,2025-01-13,Completed,WhatsApp,Carte bancaire,4.47
O008288,C03354,2025-07-07,Completed,Site web,Mobile Money,5.78
O008289,C01511,2025-10-18,Completed,WhatsApp,Mobile Money,8.28
O008290,C01911,2026-04-28,Completed,Site web,Mobile Money,3.24
O008291,C00255,2025-05-04,Completed,WhatsApp,Virement,4.5
O008292,C01137,2025-10-11,Completed,Marketplace,Mobile Money,5.47
O008293,C02815,2025-04-10,Completed,Site web,Carte bancaire,8.3
O008294,C01766,2025-06-09,Completed,Marketplace,Carte bancaire,6.54
O008295,C04112,2025-05-25,Completed,Marketplace,Mobile Money,7.12
O008296,C01871,2025-10-15,Completed,Site web,Mobile Money,8.65
O008297,C03557,2025-12-30,Completed,Site web,Cash,7.51
O008298,C03054,2025-03-03,Completed,Boutique,Mobile Money,4.19
O008299,C02133,2025-02-11,Completed,Marketplace,Mobile Money,11.13
O008300,C03649,2026-02-05,Completed,Site web,Mobile Money,1.5
O008301,C03658,2025-06-11,Completed,Marketplace,Mobile Money,8.69
O008302,C01350,2025-12-05,Completed,Site web,Carte bancaire,7.32
O008303,C01170,2025-02-12,Completed,Site web,Virement,9.73
O008304,C02976,2025-11-26,Completed,Marketplace,Mobile Money,5.3
O008305,C00114,2026-05-14,Completed,Site web,Mobile Money,4.51
O008306,C02946,2025-08-28,Cancelled,Boutique,Carte bancaire,2.69
O008307,C01828,2025-11-13,Completed,Site web,Mobile Money,2.81
O008308,C03222,2025-06-11,Completed,Site web,Mobile Money,5.5
O008309,C00547,2025-06-06,Completed,Marketplace,Carte bancaire,3.47
O008310,C02417,2025-02-05,Completed,Site web,Carte bancaire,3.87
O008311,C02252,2025-09-20,Completed,Boutique,Cash,2.82
O008312,C00062,2026-06-03,Completed,Marketplace,Carte bancaire,9.1
O008313,C02204,2025-03-05,Returned,Boutique,Mobile Money,3.83
O008314,C02755,2025-08-17,Returned,Marketplace,Carte bancaire,7.21
O008315,C01702,2026-04-04,Completed,Marketplace,Mobile Money,5.62
O008316,C02572,2025-09-29,Returned,Site web,Mobile Money,7.04
O008317,C01371,2026-02-21,Completed,WhatsApp,Mobile Money,5.21
O008318,C02569,2025-07-25,Completed,Site web,Mobile Money,8.32
O008319,C01023,2025-11-27,Cancelled,Boutique,Carte bancaire,7.84
O008320,C01182,2026-06-26,Completed,Boutique,Mobile Money,9.63
O008321,C00299,2025-11-24,Completed,Site web,Virement,4.02
O008322,C00412,2026-03-13,Pending,Boutique,Mobile Money,3.46
O008323,C00565,2026-01-16,Completed,Site web,Carte bancaire,4.83
O008324,C00796,2025-02-22,Completed,WhatsApp,Carte bancaire,6.34
O008325,C03019,2025-03-29,Completed,Site web,Cash,7.58
O008326,C00909,2025-11-30,Pending,Site web,Carte bancaire,4.12
O008327,C01493,2025-07-10,Completed,Boutique,Virement,6.6
O008328,C00730,2025-09-23,Completed,WhatsApp,Mobile Money,5.45
O008329,C01781,2025-09-22,Completed,Boutique,Mobile Money,5.2
O008330,C01028,2026-03-11,Pending,Boutique,Mobile Money,5.97
O008331,C01382,2026-06-27,Completed,Marketplace,Carte bancaire,10.5
O008332,C00289,2026-07-01,Completed,Boutique,Mobile Money,8.37
O008333,C02121,2025-02-13,Pending,Marketplace,Mobile Money,9.15
O008334,C01132,2026-02-12,Completed,Site web,Mobile Money,7.09
O008335,C02736,2026-02-02,Completed,WhatsApp,Carte bancaire,11.28
O008336,C04192,2026-04-19,Completed,Site web,Mobile Money,8.67
O008337,C02038,2025-08-22,Completed,WhatsApp,Virement,1.72
O008338,C02148,2025-10-03,Completed,Marketplace,Carte bancaire,8.18
O008339,C03488,2025-09-05,Completed,Boutique,Cash,7.02
O008340,C01447,2025-07-24,Completed,WhatsApp,Cash,7.87
O008341,C00593,2025-05-16,Completed,Boutique,Mobile Money,1.5
O008342,C03027,2025-12-19,Completed,Site web,Mobile Money,1.61
O008343,C02729,2025-01-10,Completed,Marketplace,Mobile Money,5.71
O008344,C01972,2026-02-15,Completed,Site web,Virement,1.5
O008345,C01625,2026-04-07,Completed,Site web,Mobile Money,8.11
O008346,C00124,2025-05-05,Completed,Site web,Mobile Money,6.44
O008347,C02340,2025-04-28,Completed,Marketplace,Mobile Money,11.84
O008348,C02300,2025-10-03,Completed,WhatsApp,Carte bancaire,7.12
O008349,C02166,2026-04-09,Completed,WhatsApp,Mobile Money,8.08
O008350,C01278,2025-03-04,Completed,Site web,Carte bancaire,7.74
O008351,C00638,2025-08-25,Completed,Site web,Carte bancaire,6.24
O008352,C02399,2025-04-29,Completed,Site web,Cash,6.35
O008353,C02605,2026-04-12,Completed,Site web,Cash,5.83
O008354,C00728,2026-04-29,Completed,WhatsApp,Virement,1.5
O008355,C00507,2025-02-16,Completed,Site web,Mobile Money,9.37
O008356,C02027,2025-03-21,Completed,Site web,Mobile Money,9.4
O008357,C00202,2025-03-28,Completed,WhatsApp,Mobile Money,8.59
O008358,C00814,2026-03-21,Completed,WhatsApp,Carte bancaire,6.27
O008359,C02673,2026-05-09,Completed,Marketplace,Mobile Money,5.59
O008360,C01256,2025-07-24,Completed,Site web,Mobile Money,2.6
O008361,C01934,2025-03-28,Completed,WhatsApp,Mobile Money,2.24
O008362,C02887,2025-12-30,Completed,Site web,Mobile Money,4.22
O008363,C00743,2026-05-03,Completed,Marketplace,Mobile Money,6.61
O008364,C00957,2026-05-14,Completed,Marketplace,Mobile Money,7.12
O008365,C01250,2025-09-01,Completed,Site web,Mobile Money,4.45
O008366,C01752,2026-03-04,Completed,Site web,Cash,2.09
O008367,C02352,2026-06-08,Pending,Site web,Carte bancaire,4.0
O008368,C00308,2026-03-29,Completed,Site web,Mobile Money,5.64
O008369,C01991,2025-09-18,Completed,Site web,Virement,1.5
O008370,C02887,2025-05-24,Completed,Site web,Carte bancaire,6.55
O008371,C03576,2025-07-23,Completed,Site web,Mobile Money,10.84
O008372,C02264,2025-07-18,Completed,Site web,Virement,3.59
O008373,C02629,2026-06-26,Completed,Site web,Mobile Money,12.36
O008374,C03418,2026-02-06,Completed,Site web,Virement,3.89
O008375,C03055,2026-04-16,Cancelled,Site web,Mobile Money,5.33
O008376,C02248,2026-03-02,Completed,Marketplace,Mobile Money,7.45
O008377,C02379,2025-09-19,Completed,Site web,Carte bancaire,5.86
O008378,C04176,2026-03-09,Completed,Site web,Virement,1.5
O008379,C03180,2025-12-17,Pending,Marketplace,Carte bancaire,6.75
O008380,C01013,2026-02-10,Pending,Site web,Cash,6.23
O008381,C01906,2025-06-14,Completed,Site web,Mobile Money,5.21
O008382,C03117,2025-05-07,Completed,WhatsApp,Cash,6.22
O008383,C02193,2025-04-09,Returned,Site web,Mobile Money,7.33
O008384,C01816,2025-06-08,Completed,WhatsApp,Mobile Money,3.34
O008385,C02556,2026-06-21,Completed,Boutique,Carte bancaire,7.61
O008386,C01580,2026-06-01,Completed,WhatsApp,Mobile Money,4.17
O008387,C02849,2025-03-22,Completed,Boutique,Mobile Money,10.61
O008388,C03073,2025-10-31,Completed,Site web,Carte bancaire,9.12
O008389,C03772,2026-05-31,Pending,Site web,Mobile Money,3.01
O008390,C04014,2026-02-18,Returned,Site web,Cash,9.69
O008391,C02989,2025-12-02,Completed,Site web,Cash,7.22
O008392,C03174,2025-11-25,Completed,Boutique,Cash,7.59
O008393,C03244,2025-06-28,Completed,Boutique,Carte bancaire,5.46
O008394,C01387,2026-05-22,Cancelled,Site web,Mobile Money,4.97
O008395,C03846,2025-02-15,Pending,Marketplace,Cash,5.19
O008396,C02142,2026-04-22,Cancelled,Site web,Mobile Money,3.14
O008397,C03644,2026-04-23,Completed,Marketplace,Mobile Money,1.5
O008398,C00912,2025-05-24,Completed,Site web,Carte bancaire,4.09
O008399,C01304,2025-10-08,Completed,WhatsApp,Carte bancaire,4.07
O008400,C02606,2026-04-30,Completed,WhatsApp,Mobile Money,2.73
O008401,C02431,2025-09-17,Completed,WhatsApp,Mobile Money,7.75
O008402,C01691,2025-06-14,Completed,Boutique,Mobile Money,6.73
O008403,C00928,2025-02-08,Completed,WhatsApp,Mobile Money,4.22
O008404,C00959,2025-08-30,Completed,WhatsApp,Mobile Money,5.07
O008405,C03054,2025-06-02,Completed,Marketplace,Cash,6.67
O008406,C00089,2026-04-12,Completed,Site web,Virement,3.82
O008407,C00502,2026-04-17,Completed,WhatsApp,Mobile Money,1.5
O008408,C03887,2025-06-27,Completed,Boutique,Mobile Money,9.59
O008409,C04113,2025-04-26,Completed,Site web,Cash,5.66
O008410,C00332,2025-06-09,Completed,Site web,Carte bancaire,6.81
O008411,C00598,2025-08-09,Completed,Site web,Carte bancaire,6.52
O008412,C01384,2026-01-02,Completed,Site web,Cash,1.67
O008413,C02461,2025-03-25,Completed,WhatsApp,Cash,3.94
O008414,C00800,2026-07-02,Completed,WhatsApp,Mobile Money,5.96
O008415,C04126,2026-01-19,Completed,Site web,Carte bancaire,5.4
O008416,C02076,2025-03-13,Pending,WhatsApp,Carte bancaire,2.6
O008417,C02256,2025-06-22,Completed,Site web,Virement,7.03
O008418,C00819,2026-01-20,Completed,Marketplace,Carte bancaire,7.71
O008419,C01293,2025-10-04,Completed,Boutique,Carte bancaire,4.86
O008420,C03093,2025-10-16,Completed,Site web,Mobile Money,9.01
O008421,C02658,2025-01-23,Pending,Site web,Mobile Money,7.6
O008422,C00945,2025-08-14,Returned,Boutique,Carte bancaire,7.16
O008423,C01855,2025-12-03,Completed,WhatsApp,Mobile Money,4.5
O008424,C00779,2026-02-15,Completed,Site web,Virement,5.49
O008425,C01712,2025-09-02,Completed,WhatsApp,Carte bancaire,8.5
O008426,C00911,2025-11-01,Completed,Site web,Virement,1.65
O008427,C04115,2025-05-02,Completed,Marketplace,Virement,1.85
O008428,C01250,2026-03-14,Completed,Marketplace,Carte bancaire,4.78
O008429,C01990,2026-01-18,Completed,Site web,Carte bancaire,5.94
O008430,C02696,2026-02-12,Completed,WhatsApp,Virement,5.71
O008431,C00173,2026-01-02,Completed,Boutique,Mobile Money,7.57
O008432,C00881,2026-06-24,Returned,Site web,Carte bancaire,6.72
O008433,C04154,2026-04-28,Pending,Marketplace,Cash,6.06
O008434,C02927,2026-03-21,Pending,Site web,Mobile Money,5.09
O008435,C01017,2025-07-03,Pending,Site web,Carte bancaire,8.45
O008436,C01807,2025-02-06,Completed,Marketplace,Mobile Money,9.6
O008437,C03602,2025-01-01,Completed,Boutique,Mobile Money,5.11
O008438,C00828,2026-03-04,Completed,Site web,Virement,7.17
O008439,C01256,2026-05-08,Pending,WhatsApp,Mobile Money,5.23
O008440,C01009,2025-12-23,Completed,WhatsApp,Mobile Money,2.37
O008441,C02793,2026-01-31,Completed,Boutique,Mobile Money,1.5
O008442,C02215,2025-02-19,Completed,Site web,Virement,9.53
O008443,C02103,2025-11-06,Completed,WhatsApp,Mobile Money,8.4
O008444,C01591,2025-11-28,Completed,Boutique,Carte bancaire,7.21
O008445,C01378,2025-03-27,Completed,Boutique,Carte bancaire,8.99
O008446,C02158,2026-02-16,Pending,Site web,Carte bancaire,3.6
O008447,C03357,2025-07-03,Completed,Marketplace,Cash,8.67
O008448,C03413,2025-04-19,Completed,Site web,Virement,7.05
O008449,C03296,2026-01-17,Cancelled,Boutique,Mobile Money,4.71
O008450,C00193,2025-08-27,Completed,Site web,Virement,1.5
O008451,C02059,2025-10-21,Completed,Marketplace,Carte bancaire,1.71
O008452,C01654,2025-10-25,Pending,Marketplace,Cash,11.16
O008453,C03928,2025-12-08,Completed,Marketplace,Cash,11.06
O008454,C01745,2025-08-15,Completed,Site web,Mobile Money,1.75
O008455,C01037,2026-03-23,Completed,Boutique,Mobile Money,1.5
O008456,C01054,2026-04-26,Returned,Site web,Carte bancaire,9.91
O008457,C00819,2025-09-23,Completed,Site web,Mobile Money,5.76
O008458,C01856,2025-04-03,Completed,Marketplace,Mobile Money,3.84
O008459,C01110,2025-06-02,Completed,Boutique,Cash,2.3
O008460,C02380,2026-02-27,Returned,WhatsApp,Carte bancaire,2.27
O008461,C00970,2025-05-21,Completed,Site web,Mobile Money,9.91
O008462,C02457,2026-03-03,Completed,WhatsApp,Mobile Money,6.75
O008463,C02586,2025-12-29,Completed,Site web,Virement,1.5
O008464,C02814,2025-09-03,Returned,Site web,Cash,3.89
O008465,C03707,2025-03-11,Completed,Marketplace,Cash,10.75
O008466,C00323,2025-10-23,Completed,WhatsApp,Mobile Money,6.9
O008467,C00223,2026-01-15,Completed,Site web,Mobile Money,1.81
O008468,C01933,2025-03-26,Pending,WhatsApp,Cash,4.05
O008469,C02168,2026-03-29,Completed,Site web,Cash,5.67
O008470,C03182,2025-04-17,Completed,Site web,Mobile Money,8.85
O008471,C00953,2025-08-15,Completed,Boutique,Mobile Money,5.7
O008472,C01912,2025-10-19,Completed,Site web,Carte bancaire,10.13
O008473,C02568,2026-02-09,Completed,Site web,Mobile Money,6.79
O008474,C02758,2025-05-04,Pending,Site web,Carte bancaire,1.5
O008475,C02281,2025-07-04,Completed,Boutique,Mobile Money,7.6
O008476,C02480,2026-03-18,Completed,Site web,Virement,5.45
O008477,C00690,2025-06-30,Completed,Site web,Mobile Money,4.48
O008478,C01952,2025-12-04,Completed,Marketplace,Mobile Money,7.18
O008479,C02275,2025-08-07,Completed,WhatsApp,Mobile Money,5.25
O008480,C00332,2025-02-01,Completed,Site web,Mobile Money,6.6
O008481,C04069,2025-10-09,Cancelled,Boutique,Carte bancaire,4.43
O008482,C02660,2025-07-16,Cancelled,WhatsApp,Mobile Money,4.31
O008483,C03015,2025-05-26,Completed,Boutique,Mobile Money,9.32
O008484,C02245,2026-04-16,Completed,Site web,Virement,6.34
O008485,C03909,2026-03-01,Completed,Site web,Carte bancaire,7.23
O008486,C00024,2025-06-02,Returned,Site web,Carte bancaire,4.27
O008487,C04024,2025-10-15,Completed,WhatsApp,Mobile Money,9.19
O008488,C00869,2026-01-30,Completed,Site web,Cash,6.62
O008489,C03716,2025-01-30,Completed,Site web,Cash,4.99
O008490,C00258,2025-02-21,Completed,Site web,Mobile Money,9.8
O008491,C01314,2025-10-23,Completed,Site web,Virement,4.99
O008492,C02395,2026-05-25,Completed,Site web,Virement,6.54
O008493,C02762,2026-05-24,Completed,Site web,Cash,2.39
O008494,C00064,2025-09-04,Completed,WhatsApp,Virement,4.12
O008495,C01508,2026-01-21,Completed,Marketplace,Mobile Money,8.33
O008496,C03539,2025-09-27,Completed,Marketplace,Mobile Money,5.85
O008497,C00769,2026-05-11,Completed,Site web,Cash,6.28
O008498,C03980,2025-11-09,Completed,Site web,Mobile Money,5.73
O008499,C02984,2026-05-04,Completed,Site web,Carte bancaire,5.85
O008500,C04098,2025-07-19,Returned,WhatsApp,Mobile Money,4.38
O008501,C03794,2026-05-26,Completed,Site web,Mobile Money,4.59
O008502,C00952,2026-02-02,Completed,Marketplace,Mobile Money,5.12
O008503,C03953,2026-02-25,Completed,Marketplace,Mobile Money,5.13
O008504,C02080,2025-01-08,Completed,Site web,Mobile Money,7.39
O008505,C01086,2026-03-18,Completed,Site web,Carte bancaire,7.29
O008506,C03743,2025-03-30,Cancelled,WhatsApp,Virement,9.95
O008507,C01977,2026-05-29,Completed,WhatsApp,Carte bancaire,8.08
O008508,C02887,2025-04-14,Completed,Boutique,Virement,3.34
O008509,C02563,2026-03-29,Pending,Site web,Mobile Money,3.99
O008510,C01255,2025-12-15,Completed,Site web,Virement,8.79
O008511,C04129,2025-08-04,Completed,WhatsApp,Mobile Money,7.98
O008512,C03503,2026-05-04,Completed,WhatsApp,Mobile Money,9.12
O008513,C02223,2025-08-01,Completed,WhatsApp,Mobile Money,5.99
O008514,C02411,2025-02-04,Completed,Site web,Cash,5.22
O008515,C00293,2025-02-11,Completed,Site web,Mobile Money,7.03
O008516,C03066,2026-04-13,Completed,Site web,Mobile Money,1.88
O008517,C03822,2025-07-30,Pending,Boutique,Mobile Money,5.41
O008518,C04072,2026-03-26,Completed,Site web,Mobile Money,11.88
O008519,C02352,2025-01-11,Completed,Site web,Mobile Money,5.01
O008520,C04190,2025-02-11,Completed,Site web,Mobile Money,5.95
O008521,C03353,2026-06-26,Pending,Marketplace,Carte bancaire,5.39
O008522,C02121,2025-03-20,Completed,WhatsApp,Carte bancaire,10.51
O008523,C03362,2026-01-12,Completed,Boutique,Carte bancaire,2.45
O008524,C00658,2025-07-11,Completed,Marketplace,Virement,8.02
O008525,C02839,2025-10-02,Completed,Site web,Cash,4.8
O008526,C02603,2025-03-04,Completed,Marketplace,Mobile Money,4.05
O008527,C02072,2025-05-27,Completed,Site web,Mobile Money,1.5
O008528,C02705,2026-02-20,Completed,Boutique,Cash,11.14
O008529,C03579,2025-10-21,Completed,Site web,Carte bancaire,8.17
O008530,C02404,2025-10-04,Completed,WhatsApp,Mobile Money,2.02
O008531,C01592,2026-06-02,Completed,WhatsApp,Mobile Money,2.22
O008532,C01773,2025-08-14,Cancelled,Site web,Virement,4.06
O008533,C02387,2026-03-17,Completed,Site web,Virement,7.5
O008534,C02443,2026-02-02,Pending,Site web,Mobile Money,5.62
O008535,C01317,2025-09-10,Completed,Site web,Mobile Money,3.26
O008536,C02243,2025-06-10,Completed,WhatsApp,Carte bancaire,5.76
O008537,C01208,2025-07-14,Completed,Boutique,Mobile Money,9.8
O008538,C03968,2026-04-23,Completed,Site web,Virement,7.79
O008539,C02246,2025-06-17,Completed,Site web,Mobile Money,1.5
O008540,C03518,2025-12-25,Completed,Marketplace,Carte bancaire,2.84
O008541,C01594,2025-03-10,Cancelled,WhatsApp,Virement,5.61
O008542,C01654,2025-07-09,Cancelled,WhatsApp,Cash,6.4
O008543,C01212,2026-05-28,Completed,Site web,Carte bancaire,9.93
O008544,C02398,2025-10-23,Cancelled,WhatsApp,Carte bancaire,5.97
O008545,C02589,2026-03-27,Completed,Boutique,Carte bancaire,7.62
O008546,C02378,2025-05-23,Completed,Site web,Virement,1.5
O008547,C03516,2026-02-22,Pending,WhatsApp,Mobile Money,4.81
O008548,C02146,2026-06-24,Completed,Site web,Carte bancaire,8.1
O008549,C03449,2026-05-22,Completed,Site web,Virement,11.67
O008550,C00244,2025-08-27,Completed,WhatsApp,Cash,1.98
O008551,C01513,2026-01-09,Completed,WhatsApp,Mobile Money,5.49
O008552,C02993,2026-05-07,Completed,WhatsApp,Cash,1.5
O008553,C01611,2026-03-22,Completed,WhatsApp,Carte bancaire,5.39
O008554,C03072,2026-06-20,Completed,WhatsApp,Mobile Money,9.13
O008555,C02487,2025-01-18,Completed,WhatsApp,Cash,8.77
O008556,C02034,2025-10-21,Returned,Site web,Mobile Money,5.85
O008557,C02343,2026-03-10,Completed,Site web,Virement,5.22
O008558,C03787,2026-02-05,Completed,Site web,Carte bancaire,13.8
O008559,C02851,2025-03-26,Completed,Marketplace,Carte bancaire,5.35
O008560,C04133,2025-11-10,Returned,Site web,Virement,4.35
O008561,C00403,2025-04-01,Completed,Site web,Cash,4.31
O008562,C03415,2025-02-20,Completed,WhatsApp,Virement,1.59
O008563,C03744,2025-03-03,Completed,Boutique,Carte bancaire,7.31
O008564,C03898,2026-06-06,Completed,Boutique,Carte bancaire,7.94
O008565,C02265,2025-05-30,Completed,Boutique,Virement,7.84
O008566,C02048,2025-09-08,Completed,Site web,Mobile Money,8.32
O008567,C02452,2025-05-21,Completed,Site web,Mobile Money,4.21
O008568,C03840,2026-05-05,Completed,Boutique,Virement,5.5
O008569,C03641,2026-05-03,Completed,Marketplace,Carte bancaire,9.45
O008570,C03928,2025-12-26,Completed,Marketplace,Mobile Money,4.59
O008571,C04071,2026-03-31,Completed,Boutique,Virement,4.31
O008572,C02619,2025-02-27,Completed,Site web,Carte bancaire,8.98
O008573,C01088,2026-07-02,Completed,Site web,Virement,3.61
O008574,C00634,2025-08-17,Returned,WhatsApp,Mobile Money,2.56
O008575,C03771,2025-08-08,Completed,WhatsApp,Virement,2.85
O008576,C00640,2025-04-18,Completed,Site web,Mobile Money,14.1
O008577,C00296,2026-04-26,Completed,WhatsApp,Mobile Money,9.02
O008578,C01984,2025-04-04,Completed,Marketplace,Mobile Money,7.86
O008579,C03122,2026-04-16,Completed,Site web,Carte bancaire,3.18
O008580,C03090,2026-01-27,Completed,Site web,Mobile Money,7.49
O008581,C01068,2026-02-28,Completed,Site web,Carte bancaire,11.08
O008582,C02106,2025-01-17,Cancelled,Site web,Carte bancaire,7.08
O008583,C03757,2026-02-09,Completed,Boutique,Carte bancaire,2.68
O008584,C03360,2026-06-14,Completed,Boutique,Mobile Money,7.6
O008585,C03851,2025-08-05,Completed,Site web,Mobile Money,5.52
O008586,C03234,2025-09-04,Completed,Boutique,Carte bancaire,6.41
O008587,C00383,2025-03-03,Pending,Site web,Carte bancaire,3.1
O008588,C00856,2025-09-26,Completed,WhatsApp,Mobile Money,3.71
O008589,C00710,2026-01-05,Completed,Boutique,Carte bancaire,4.58
O008590,C00558,2025-06-14,Completed,Marketplace,Mobile Money,3.67
O008591,C03606,2026-02-11,Completed,Site web,Mobile Money,5.82
O008592,C02965,2025-02-16,Completed,WhatsApp,Virement,3.95
O008593,C03838,2026-01-05,Completed,WhatsApp,Mobile Money,10.91
O008594,C01346,2025-11-19,Completed,Marketplace,Mobile Money,7.47
O008595,C04116,2025-05-06,Completed,Boutique,Mobile Money,8.27
O008596,C03912,2025-07-08,Returned,Marketplace,Carte bancaire,5.58
O008597,C00446,2025-05-12,Completed,Site web,Cash,1.5
O008598,C03648,2025-12-08,Completed,Site web,Carte bancaire,8.52
O008599,C00466,2025-12-15,Completed,Site web,Virement,5.67
O008600,C01896,2025-11-01,Completed,WhatsApp,Carte bancaire,7.25
O008601,C00760,2025-04-17,Completed,Boutique,Mobile Money,5.79
O008602,C02439,2025-04-29,Cancelled,WhatsApp,Carte bancaire,1.5
O008603,C00075,2026-03-21,Completed,Site web,Mobile Money,4.71
O008604,C03558,2025-09-10,Returned,WhatsApp,Mobile Money,3.52
O008605,C02001,2025-08-27,Completed,Site web,Mobile Money,6.62
O008606,C03660,2025-06-18,Completed,Site web,Mobile Money,7.37
O008607,C01821,2026-05-25,Completed,Boutique,Mobile Money,12.46
O008608,C02340,2025-05-12,Completed,Boutique,Mobile Money,7.4
O008609,C03100,2026-02-26,Completed,Site web,Virement,4.32
O008610,C04083,2026-02-26,Completed,WhatsApp,Virement,4.73
O008611,C01572,2025-05-14,Completed,WhatsApp,Mobile Money,7.55
O008612,C02189,2025-01-07,Completed,Site web,Virement,8.53
O008613,C01363,2025-05-17,Completed,WhatsApp,Mobile Money,2.26
O008614,C00173,2025-05-28,Completed,Site web,Mobile Money,5.26
O008615,C03667,2026-02-13,Returned,Boutique,Virement,5.54
O008616,C02364,2025-10-19,Completed,Boutique,Mobile Money,1.5
O008617,C01565,2025-08-24,Returned,Site web,Mobile Money,8.16
O008618,C03264,2025-09-18,Completed,Site web,Mobile Money,6.68
O008619,C03439,2026-06-07,Completed,Site web,Carte bancaire,5.41
O008620,C04137,2026-05-31,Completed,Marketplace,Carte bancaire,6.73
O008621,C01835,2025-01-15,Completed,Boutique,Carte bancaire,7.96
O008622,C00443,2026-04-08,Completed,Boutique,Mobile Money,11.8
O008623,C02039,2025-07-17,Completed,WhatsApp,Mobile Money,7.96
O008624,C01851,2026-02-16,Pending,Boutique,Mobile Money,2.56
O008625,C00872,2026-06-24,Completed,WhatsApp,Virement,14.46
O008626,C02464,2025-10-09,Completed,Site web,Virement,2.63
O008627,C01740,2025-12-08,Completed,Site web,Mobile Money,7.17
O008628,C03703,2025-08-24,Completed,Site web,Mobile Money,5.38
O008629,C00201,2025-02-10,Completed,Site web,Mobile Money,5.64
O008630,C03007,2025-01-21,Returned,Site web,Virement,7.14
O008631,C02529,2025-07-17,Completed,Site web,Cash,7.37
O008632,C00972,2026-03-27,Completed,WhatsApp,Mobile Money,10.14
O008633,C01481,2025-07-07,Completed,Site web,Carte bancaire,4.03
O008634,C03610,2025-08-25,Completed,Site web,Mobile Money,7.2
O008635,C01530,2025-10-19,Cancelled,Boutique,Mobile Money,7.82
O008636,C02790,2025-06-25,Completed,WhatsApp,Carte bancaire,13.06
O008637,C02153,2025-09-26,Completed,Site web,Carte bancaire,7.5
O008638,C03760,2025-11-29,Returned,Marketplace,Carte bancaire,2.55
O008639,C02775,2026-04-12,Completed,WhatsApp,Mobile Money,10.12
O008640,C03505,2026-02-18,Pending,Site web,Carte bancaire,4.67
O008641,C03796,2026-03-25,Completed,Site web,Mobile Money,3.42
O008642,C00543,2025-10-14,Pending,Site web,Carte bancaire,9.98
O008643,C03502,2026-01-18,Cancelled,Site web,Mobile Money,6.4
O008644,C04034,2025-03-23,Completed,Marketplace,Mobile Money,5.4
O008645,C00153,2025-03-22,Completed,Marketplace,Carte bancaire,11.06
O008646,C01909,2026-05-21,Completed,Site web,Cash,4.46
O008647,C01071,2025-11-28,Completed,Site web,Mobile Money,4.44
O008648,C04127,2025-03-03,Completed,Site web,Carte bancaire,7.49
O008649,C01479,2025-08-12,Completed,Boutique,Carte bancaire,1.5
O008650,C00786,2026-06-16,Completed,Marketplace,Carte bancaire,6.48
O008651,C00402,2025-01-12,Completed,Site web,Mobile Money,6.24
O008652,C03332,2025-08-31,Cancelled,Marketplace,Carte bancaire,3.44
O008653,C00247,2026-04-04,Completed,Site web,Mobile Money,5.95
O008654,C01281,2026-06-03,Completed,WhatsApp,Mobile Money,6.78
O008655,C02329,2025-07-22,Completed,Site web,Mobile Money,5.87
O008656,C00189,2026-05-17,Returned,WhatsApp,Carte bancaire,8.45
O008657,C00735,2026-01-28,Completed,WhatsApp,Mobile Money,6.81
O008658,C04175,2025-08-11,Completed,WhatsApp,Cash,5.49
O008659,C01924,2026-03-04,Completed,Boutique,Virement,8.1
O008660,C01275,2026-03-15,Completed,Site web,Mobile Money,6.81
O008661,C03654,2025-05-31,Returned,Site web,Mobile Money,15.0
O008662,C00339,2025-02-19,Completed,Boutique,Mobile Money,9.07
O008663,C01110,2026-03-04,Completed,WhatsApp,Carte bancaire,4.41
O008664,C03615,2025-02-15,Completed,Marketplace,Carte bancaire,1.5
O008665,C03163,2026-03-03,Completed,Boutique,Mobile Money,3.97
O008666,C01815,2025-07-15,Completed,WhatsApp,Mobile Money,1.5
O008667,C04120,2026-01-21,Completed,WhatsApp,Mobile Money,8.0
O008668,C02422,2025-12-01,Completed,WhatsApp,Mobile Money,5.13
O008669,C03131,2025-01-22,Completed,Site web,Mobile Money,3.69
O008670,C04137,2025-01-06,Completed,Site web,Virement,7.79
O008671,C02119,2025-12-12,Completed,Site web,Cash,4.89
O008672,C02019,2025-10-10,Completed,Site web,Virement,7.18
O008673,C02788,2025-01-24,Completed,Boutique,Mobile Money,5.2
O008674,C00282,2026-06-19,Completed,WhatsApp,Cash,6.23
O008675,C01801,2025-05-11,Pending,Marketplace,Carte bancaire,9.87
O008676,C02903,2026-04-16,Cancelled,Marketplace,Mobile Money,8.74
O008677,C01592,2025-03-05,Completed,Boutique,Virement,10.3
O008678,C02985,2025-05-08,Cancelled,Boutique,Mobile Money,7.03
O008679,C01694,2025-10-17,Completed,Site web,Mobile Money,1.5
O008680,C00816,2025-10-17,Completed,Site web,Virement,3.95
O008681,C00615,2025-11-27,Completed,Boutique,Mobile Money,1.5
O008682,C02291,2025-04-04,Completed,Site web,Carte bancaire,8.76
O008683,C00813,2025-05-25,Completed,Site web,Carte bancaire,6.05
O008684,C01551,2025-05-25,Completed,Marketplace,Cash,9.78
O008685,C02184,2025-08-30,Returned,Boutique,Mobile Money,9.11
O008686,C00210,2026-05-21,Completed,Site web,Mobile Money,5.62
O008687,C01766,2025-09-11,Returned,Boutique,Carte bancaire,11.24
O008688,C01309,2026-07-01,Completed,Boutique,Carte bancaire,8.88
O008689,C01319,2025-05-18,Returned,Marketplace,Carte bancaire,6.24
O008690,C03821,2025-05-13,Completed,Boutique,Virement,7.3
O008691,C03885,2025-02-25,Completed,Site web,Carte bancaire,10.24
O008692,C01262,2025-04-27,Completed,Boutique,Virement,7.34
O008693,C03700,2025-06-20,Returned,WhatsApp,Mobile Money,4.0
O008694,C00937,2025-07-30,Completed,Site web,Virement,2.47
O008695,C01457,2026-01-27,Completed,Boutique,Cash,5.21
O008696,C03952,2025-09-02,Pending,WhatsApp,Mobile Money,3.96
O008697,C00427,2026-01-12,Completed,Marketplace,Mobile Money,6.61
O008698,C01606,2025-02-18,Completed,Marketplace,Carte bancaire,4.45
O008699,C03382,2026-06-03,Completed,Site web,Carte bancaire,4.85
O008700,C03951,2025-03-22,Completed,Site web,Carte bancaire,9.64
O008701,C03984,2025-01-19,Cancelled,Site web,Virement,10.97
O008702,C03697,2025-08-21,Completed,Site web,Mobile Money,3.67
O008703,C04051,2025-12-23,Completed,Site web,Cash,4.92
O008704,C01976,2025-05-10,Completed,WhatsApp,Virement,5.31
O008705,C01358,2025-03-31,Completed,Site web,Mobile Money,6.94
O008706,C01617,2026-04-09,Completed,Boutique,Mobile Money,7.03
O008707,C00507,2026-03-28,Completed,Site web,Carte bancaire,4.48
O008708,C00579,2026-02-16,Completed,Site web,Mobile Money,7.53
O008709,C04090,2025-05-01,Completed,Site web,Carte bancaire,4.61
O008710,C00801,2025-10-21,Completed,Site web,Carte bancaire,4.88
O008711,C02589,2026-01-13,Completed,Site web,Cash,3.27
O008712,C00977,2025-08-26,Cancelled,Boutique,Mobile Money,9.11
O008713,C02789,2025-04-09,Pending,Site web,Carte bancaire,8.73
O008714,C01976,2026-04-01,Completed,Marketplace,Cash,7.04
O008715,C00442,2026-05-30,Cancelled,Site web,Carte bancaire,7.99
O008716,C01563,2025-04-01,Returned,Site web,Mobile Money,9.33
O008717,C03070,2026-01-21,Completed,Boutique,Mobile Money,8.26
O008718,C03362,2026-05-02,Completed,WhatsApp,Mobile Money,8.18
O008719,C01217,2025-10-24,Completed,Site web,Mobile Money,4.71
O008720,C01247,2025-01-27,Pending,Site web,Mobile Money,1.5
O008721,C03065,2026-01-14,Completed,Marketplace,Carte bancaire,3.63
O008722,C01783,2026-05-22,Completed,Site web,Carte bancaire,12.58
O008723,C00295,2025-05-24,Completed,Site web,Mobile Money,5.29
O008724,C00516,2025-03-18,Completed,Marketplace,Mobile Money,10.8
O008725,C01570,2025-05-19,Completed,WhatsApp,Carte bancaire,7.62
O008726,C01140,2026-03-22,Pending,Boutique,Carte bancaire,5.91
O008727,C00500,2025-11-02,Completed,WhatsApp,Virement,3.29
O008728,C03289,2025-01-10,Completed,Boutique,Mobile Money,3.89
O008729,C01928,2025-11-19,Returned,WhatsApp,Mobile Money,5.6
O008730,C02970,2026-03-23,Completed,Site web,Carte bancaire,5.6
O008731,C00009,2025-04-12,Completed,WhatsApp,Cash,7.64
O008732,C01690,2025-11-17,Completed,Marketplace,Carte bancaire,3.96
O008733,C02008,2025-05-06,Completed,Site web,Mobile Money,4.07
O008734,C02426,2025-01-11,Completed,WhatsApp,Mobile Money,8.62
O008735,C04066,2025-08-08,Completed,Site web,Carte bancaire,11.7
O008736,C01926,2026-03-01,Completed,Boutique,Cash,6.26
O008737,C02056,2026-01-02,Completed,WhatsApp,Carte bancaire,7.33
O008738,C03760,2025-02-25,Completed,WhatsApp,Mobile Money,5.56
O008739,C01674,2025-04-12,Returned,Site web,Mobile Money,5.81
O008740,C01658,2025-10-23,Pending,Site web,Mobile Money,5.36
O008741,C00671,2025-06-25,Completed,Site web,Carte bancaire,4.95
O008742,C03033,2025-07-01,Completed,Boutique,Mobile Money,7.67
O008743,C00082,2025-08-27,Completed,Site web,Mobile Money,7.85
O008744,C00918,2026-02-21,Completed,Site web,Mobile Money,5.27
O008745,C01757,2025-11-12,Completed,Site web,Virement,4.28
O008746,C01824,2026-04-13,Pending,Site web,Mobile Money,4.57
O008747,C00163,2025-02-25,Completed,Boutique,Mobile Money,7.96
O008748,C02224,2025-09-12,Completed,WhatsApp,Mobile Money,3.59
O008749,C04083,2025-10-29,Completed,Boutique,Carte bancaire,2.95
O008750,C00440,2026-02-20,Completed,Site web,Mobile Money,6.85
O008751,C02074,2025-10-10,Pending,Boutique,Virement,5.8
O008752,C02468,2026-05-18,Completed,Site web,Carte bancaire,5.58
O008753,C01361,2026-04-05,Completed,Site web,Mobile Money,8.5
O008754,C02414,2026-01-13,Completed,WhatsApp,Virement,5.84
O008755,C01432,2025-08-06,Cancelled,Site web,Mobile Money,4.04
O008756,C00667,2025-06-26,Completed,Site web,Carte bancaire,6.51
O008757,C03530,2025-10-20,Completed,Site web,Carte bancaire,4.04
O008758,C04195,2025-09-11,Completed,WhatsApp,Mobile Money,8.66
O008759,C01621,2025-01-17,Cancelled,Site web,Mobile Money,6.07
O008760,C00389,2025-05-07,Completed,Boutique,Carte bancaire,2.91
O008761,C00687,2026-04-03,Completed,Site web,Mobile Money,6.47
O008762,C03761,2025-09-09,Completed,Site web,Carte bancaire,3.61
O008763,C03700,2026-06-05,Completed,WhatsApp,Carte bancaire,9.08
O008764,C02065,2025-05-15,Pending,Boutique,Virement,5.7
O008765,C03660,2026-06-15,Completed,Boutique,Mobile Money,7.89
O008766,C00936,2026-03-19,Completed,Site web,Mobile Money,4.15
O008767,C01682,2025-07-16,Completed,Boutique,Carte bancaire,5.42
O008768,C00474,2025-12-01,Pending,WhatsApp,Carte bancaire,7.24
O008769,C02289,2026-06-26,Pending,Marketplace,Mobile Money,5.53
O008770,C02938,2025-12-14,Completed,WhatsApp,Mobile Money,3.32
O008771,C04039,2026-05-26,Completed,Site web,Virement,8.15
O008772,C03169,2025-03-02,Completed,Boutique,Mobile Money,6.85
O008773,C02793,2025-03-31,Completed,Site web,Carte bancaire,2.77
O008774,C02829,2025-01-01,Cancelled,Boutique,Virement,4.91
O008775,C02643,2025-06-28,Completed,WhatsApp,Mobile Money,3.54
O008776,C01764,2026-03-09,Completed,Site web,Mobile Money,4.54
O008777,C02101,2026-06-13,Completed,Site web,Carte bancaire,4.64
O008778,C00725,2025-10-25,Completed,Site web,Virement,5.29
O008779,C00085,2025-08-20,Completed,Site web,Virement,1.74
O008780,C03317,2026-05-26,Returned,WhatsApp,Mobile Money,4.75
O008781,C02084,2025-11-19,Completed,Boutique,Mobile Money,8.89
O008782,C03660,2025-10-22,Completed,Site web,Mobile Money,11.17
O008783,C00512,2025-02-16,Pending,Site web,Mobile Money,2.58
O008784,C01646,2025-04-28,Completed,Boutique,Mobile Money,9.24
O008785,C01081,2026-01-18,Completed,Site web,Virement,12.71
O008786,C03534,2026-01-18,Completed,Boutique,Mobile Money,5.41
O008787,C01583,2025-09-29,Completed,Site web,Mobile Money,7.53
O008788,C02670,2026-01-20,Completed,Boutique,Mobile Money,9.04
O008789,C00355,2026-01-14,Completed,Boutique,Cash,4.69
O008790,C02214,2025-02-05,Returned,Site web,Mobile Money,8.85
O008791,C01854,2026-04-03,Pending,Site web,Carte bancaire,5.43
O008792,C02565,2026-01-16,Completed,Site web,Virement,8.87
O008793,C02459,2025-05-01,Completed,Site web,Carte bancaire,10.55
O008794,C00453,2025-04-27,Completed,Site web,Mobile Money,9.78
O008795,C00211,2026-06-10,Completed,WhatsApp,Carte bancaire,5.06
O008796,C00527,2025-05-20,Completed,Boutique,Mobile Money,7.8
O008797,C00915,2025-01-18,Completed,Site web,Mobile Money,4.59
O008798,C03053,2025-01-18,Completed,Boutique,Virement,2.58
O008799,C01131,2025-05-06,Cancelled,Site web,Carte bancaire,5.34
O008800,C04074,2025-12-10,Completed,Site web,Carte bancaire,8.45
O008801,C00365,2025-09-08,Completed,Site web,Carte bancaire,5.18
O008802,C02133,2026-02-05,Cancelled,Site web,Carte bancaire,10.37
O008803,C03007,2025-05-08,Cancelled,Site web,Cash,6.23
O008804,C00227,2025-05-07,Completed,Site web,Virement,2.79
O008805,C02160,2025-08-10,Completed,Site web,Carte bancaire,5.18
O008806,C00286,2026-03-11,Pending,Marketplace,Mobile Money,4.08
O008807,C03318,2025-10-03,Completed,WhatsApp,Carte bancaire,9.95
O008808,C01963,2026-02-22,Completed,Marketplace,Mobile Money,7.52
O008809,C03632,2025-02-21,Completed,Site web,Carte bancaire,5.81
O008810,C02763,2025-08-13,Completed,Marketplace,Carte bancaire,8.23
O008811,C01331,2025-08-28,Cancelled,Site web,Mobile Money,3.68
O008812,C00651,2025-02-07,Returned,Site web,Virement,2.59
O008813,C00665,2025-06-22,Completed,Site web,Mobile Money,2.23
O008814,C00139,2025-06-03,Completed,Site web,Virement,1.5
O008815,C01262,2025-09-07,Cancelled,Site web,Mobile Money,2.82
O008816,C03064,2025-04-01,Completed,Boutique,Virement,7.69
O008817,C01490,2025-05-28,Completed,Boutique,Carte bancaire,8.19
O008818,C00614,2026-06-10,Completed,Site web,Mobile Money,3.4
O008819,C00337,2025-03-20,Completed,Boutique,Mobile Money,1.5
O008820,C01841,2026-03-25,Completed,Site web,Virement,4.79
O008821,C00882,2025-10-25,Completed,Site web,Mobile Money,7.5
O008822,C03084,2025-02-12,Pending,Site web,Mobile Money,8.5
O008823,C01415,2025-08-08,Returned,Site web,Virement,6.73
O008824,C00527,2025-10-09,Completed,Site web,Carte bancaire,2.98
O008825,C01146,2025-06-01,Completed,Site web,Virement,8.18
O008826,C01860,2025-05-27,Completed,Site web,Cash,7.18
O008827,C00159,2026-01-26,Completed,Boutique,Mobile Money,8.22
O008828,C00469,2025-01-18,Completed,Boutique,Virement,3.33
O008829,C04037,2026-05-24,Completed,Marketplace,Mobile Money,7.54
O008830,C01460,2025-06-26,Completed,Site web,Cash,8.61
O008831,C03143,2025-07-29,Pending,Site web,Carte bancaire,1.95
O008832,C03833,2025-03-11,Pending,WhatsApp,Cash,4.15
O008833,C00477,2026-04-28,Completed,WhatsApp,Carte bancaire,1.5
O008834,C02882,2025-05-03,Completed,Site web,Carte bancaire,3.56
O008835,C03499,2026-03-17,Completed,Boutique,Cash,5.69
O008836,C00097,2025-06-28,Completed,Marketplace,Mobile Money,1.66
O008837,C01306,2025-01-18,Completed,Site web,Mobile Money,9.34
O008838,C00565,2025-08-13,Completed,Marketplace,Virement,9.38
O008839,C00134,2025-10-14,Pending,Site web,Cash,5.61
O008840,C01235,2025-09-14,Pending,WhatsApp,Carte bancaire,4.03
O008841,C00768,2026-06-25,Completed,Site web,Mobile Money,5.87
O008842,C03762,2025-10-13,Completed,WhatsApp,Mobile Money,10.38
O008843,C00997,2026-03-03,Completed,Site web,Carte bancaire,7.87
O008844,C03138,2025-07-22,Completed,WhatsApp,Virement,1.5
O008845,C00217,2025-03-21,Completed,Site web,Mobile Money,1.5
O008846,C02594,2025-10-01,Completed,Site web,Mobile Money,3.28
O008847,C02919,2025-11-03,Cancelled,Boutique,Mobile Money,5.87
O008848,C00641,2025-08-17,Completed,Site web,Mobile Money,1.5
O008849,C01811,2026-02-25,Pending,WhatsApp,Carte bancaire,5.38
O008850,C03902,2026-06-13,Completed,Marketplace,Mobile Money,1.5
O008851,C02580,2025-02-14,Completed,Marketplace,Carte bancaire,6.02
O008852,C03395,2025-02-07,Completed,Marketplace,Mobile Money,6.65
O008853,C01784,2025-05-31,Completed,Site web,Virement,11.11
O008854,C01006,2025-11-18,Completed,WhatsApp,Carte bancaire,5.6
O008855,C01974,2025-01-24,Completed,Boutique,Carte bancaire,4.93
O008856,C01699,2025-04-17,Completed,Marketplace,Virement,10.0
O008857,C04129,2025-08-13,Completed,Site web,Mobile Money,7.96
O008858,C01800,2025-07-25,Completed,Marketplace,Cash,6.13
O008859,C02635,2026-04-09,Pending,Site web,Mobile Money,5.09
O008860,C02468,2025-10-27,Completed,Boutique,Mobile Money,11.1
O008861,C01561,2026-04-24,Completed,WhatsApp,Mobile Money,3.8
O008862,C01575,2026-02-21,Completed,Site web,Cash,1.57
O008863,C03548,2025-08-15,Completed,Site web,Carte bancaire,5.42
O008864,C00883,2026-06-20,Completed,Site web,Mobile Money,5.05
O008865,C01747,2026-04-08,Completed,WhatsApp,Mobile Money,9.62
O008866,C02802,2025-09-28,Completed,WhatsApp,Cash,6.47
O008867,C00238,2026-04-12,Cancelled,Site web,Mobile Money,8.75
O008868,C02846,2025-05-21,Completed,WhatsApp,Mobile Money,1.5
O008869,C03498,2025-04-25,Completed,WhatsApp,Mobile Money,5.0
O008870,C01859,2026-03-10,Completed,Site web,Mobile Money,10.43
O008871,C02449,2026-03-09,Completed,Site web,Virement,2.76
O008872,C02044,2025-05-02,Pending,Site web,Carte bancaire,5.16
O008873,C02797,2026-02-18,Completed,Site web,Mobile Money,8.52
O008874,C00213,2025-10-06,Completed,Marketplace,Virement,4.49
O008875,C02594,2025-11-03,Pending,Marketplace,Virement,8.35
O008876,C01916,2026-04-09,Completed,WhatsApp,Cash,4.19
O008877,C00150,2025-03-29,Completed,Site web,Mobile Money,5.89
O008878,C03362,2025-08-10,Completed,Boutique,Mobile Money,8.01
O008879,C00638,2025-06-08,Cancelled,Site web,Virement,2.72
O008880,C02485,2025-11-02,Completed,WhatsApp,Mobile Money,3.56
O008881,C03572,2025-03-28,Completed,Marketplace,Mobile Money,8.74
O008882,C03867,2025-03-07,Completed,Marketplace,Cash,3.64
O008883,C02639,2026-01-17,Completed,Marketplace,Mobile Money,6.38
O008884,C03010,2025-01-31,Completed,Site web,Carte bancaire,8.92
O008885,C02457,2025-08-17,Cancelled,WhatsApp,Cash,6.28
O008886,C03267,2026-06-25,Completed,Boutique,Carte bancaire,6.82
O008887,C04099,2026-07-02,Pending,Site web,Virement,10.65
O008888,C01926,2025-04-09,Completed,Boutique,Virement,12.9
O008889,C01735,2026-05-24,Completed,Site web,Virement,6.41
O008890,C00729,2025-07-03,Completed,Marketplace,Carte bancaire,4.73
O008891,C04114,2025-04-19,Completed,Site web,Mobile Money,8.5
O008892,C03832,2025-10-04,Completed,Site web,Mobile Money,3.67
O008893,C02967,2025-09-25,Completed,Marketplace,Virement,9.94
O008894,C02769,2025-07-25,Completed,Boutique,Mobile Money,4.36
O008895,C00860,2025-08-23,Pending,WhatsApp,Mobile Money,4.73
O008896,C03820,2025-02-23,Completed,Marketplace,Carte bancaire,2.92
O008897,C00244,2025-05-25,Completed,WhatsApp,Mobile Money,3.45
O008898,C02594,2025-04-18,Completed,WhatsApp,Virement,9.54
O008899,C01065,2026-05-26,Completed,Site web,Cash,7.03
O008900,C01909,2025-09-28,Completed,Boutique,Mobile Money,5.84
O008901,C00400,2025-10-27,Completed,WhatsApp,Mobile Money,12.15
O008902,C00566,2025-08-29,Completed,WhatsApp,Virement,6.35
O008903,C01584,2026-04-30,Completed,Marketplace,Mobile Money,5.95
O008904,C01671,2026-03-14,Completed,Site web,Mobile Money,2.66
O008905,C03703,2026-01-13,Completed,Boutique,Mobile Money,3.57
O008906,C02510,2025-06-20,Cancelled,Boutique,Mobile Money,3.19
O008907,C00132,2025-06-19,Completed,Site web,Carte bancaire,3.94
O008908,C03910,2026-05-31,Completed,Boutique,Mobile Money,4.6
O008909,C02564,2026-05-25,Completed,Boutique,Carte bancaire,5.14
O008910,C03484,2025-06-04,Completed,WhatsApp,Carte bancaire,8.1
O008911,C03882,2025-07-04,Completed,Site web,Mobile Money,5.92
O008912,C02156,2025-07-01,Completed,Site web,Mobile Money,11.36
O008913,C00754,2026-03-06,Completed,Site web,Mobile Money,7.89
O008914,C01882,2026-06-05,Completed,Site web,Virement,3.88
O008915,C02885,2026-05-02,Completed,WhatsApp,Mobile Money,7.36
O008916,C00140,2026-04-06,Completed,WhatsApp,Virement,6.45
O008917,C03974,2025-07-10,Completed,WhatsApp,Virement,10.19
O008918,C01475,2025-06-23,Completed,Site web,Carte bancaire,8.46
O008919,C02771,2026-05-03,Completed,Boutique,Cash,6.2
O008920,C04122,2025-08-05,Completed,Marketplace,Mobile Money,11.25
O008921,C03635,2025-04-29,Completed,Boutique,Mobile Money,7.67
O008922,C03113,2026-04-07,Returned,Boutique,Mobile Money,7.8
O008923,C01255,2025-09-20,Completed,Site web,Carte bancaire,10.51
O008924,C02204,2025-02-17,Completed,Marketplace,Mobile Money,8.57
O008925,C02106,2026-05-07,Completed,Marketplace,Cash,6.65
O008926,C03622,2025-06-11,Completed,Marketplace,Virement,5.77
O008927,C00168,2025-06-19,Completed,WhatsApp,Carte bancaire,1.5
O008928,C00097,2025-10-19,Completed,Site web,Carte bancaire,1.5
O008929,C00497,2025-05-29,Completed,Site web,Mobile Money,5.65
O008930,C04023,2026-03-31,Completed,Site web,Mobile Money,4.33
O008931,C02271,2026-01-15,Completed,Site web,Mobile Money,6.06
O008932,C02939,2025-11-06,Completed,Site web,Carte bancaire,9.05
O008933,C00397,2025-04-20,Pending,Marketplace,Mobile Money,3.68
O008934,C00056,2025-09-26,Completed,WhatsApp,Virement,1.5
O008935,C02731,2025-05-30,Completed,Site web,Cash,2.1
O008936,C02964,2026-06-12,Pending,WhatsApp,Mobile Money,3.05
O008937,C01795,2026-03-11,Completed,Site web,Carte bancaire,2.58
O008938,C00350,2025-03-05,Completed,Site web,Mobile Money,6.13
O008939,C02057,2025-10-17,Completed,Boutique,Carte bancaire,10.62
O008940,C02687,2026-03-04,Cancelled,Site web,Virement,7.84
O008941,C00897,2025-10-14,Completed,Site web,Carte bancaire,8.07
O008942,C01264,2025-03-11,Completed,WhatsApp,Carte bancaire,6.66
O008943,C03137,2025-03-18,Completed,Site web,Mobile Money,2.28
O008944,C00891,2026-02-06,Completed,Site web,Mobile Money,12.72
O008945,C00417,2025-10-15,Completed,WhatsApp,Virement,5.05
O008946,C02638,2025-10-25,Completed,Marketplace,Cash,8.33
O008947,C00098,2025-05-28,Completed,Site web,Carte bancaire,1.5
O008948,C01823,2025-05-26,Completed,WhatsApp,Mobile Money,5.73
O008949,C02393,2025-08-12,Completed,WhatsApp,Carte bancaire,5.48
O008950,C00271,2025-10-25,Completed,Boutique,Carte bancaire,5.2
O008951,C02744,2025-09-14,Completed,WhatsApp,Carte bancaire,1.8
O008952,C03454,2026-04-27,Completed,Boutique,Mobile Money,6.59
O008953,C04089,2025-04-14,Completed,Marketplace,Virement,9.66
O008954,C01118,2025-09-16,Completed,Site web,Cash,12.3
O008955,C01375,2025-05-09,Completed,Boutique,Cash,10.95
O008956,C02597,2025-01-04,Completed,Site web,Cash,9.79
O008957,C02518,2025-08-16,Completed,Boutique,Mobile Money,11.13
O008958,C02560,2025-02-01,Completed,WhatsApp,Mobile Money,11.48
O008959,C01322,2025-07-23,Pending,WhatsApp,Virement,3.23
O008960,C00236,2025-12-13,Returned,WhatsApp,Carte bancaire,6.75
O008961,C00105,2025-07-25,Returned,WhatsApp,Cash,2.17
O008962,C04189,2026-01-07,Completed,Site web,Mobile Money,7.62
O008963,C01707,2025-06-11,Completed,WhatsApp,Mobile Money,5.26
O008964,C01881,2025-08-09,Completed,WhatsApp,Carte bancaire,5.54
O008965,C02630,2026-04-25,Completed,Site web,Mobile Money,5.18
O008966,C00863,2025-05-14,Completed,Site web,Mobile Money,1.5
O008967,C01605,2025-10-02,Completed,Site web,Carte bancaire,1.5
O008968,C01835,2026-01-28,Completed,Boutique,Virement,8.57
O008969,C00399,2025-07-18,Completed,Site web,Mobile Money,3.98
O008970,C02533,2025-06-16,Pending,WhatsApp,Mobile Money,9.07
O008971,C00814,2026-01-18,Completed,Marketplace,Virement,5.52
O008972,C00013,2025-02-10,Completed,Site web,Carte bancaire,1.5
O008973,C02609,2025-05-26,Completed,Site web,Carte bancaire,1.8
O008974,C01261,2025-08-13,Completed,Marketplace,Carte bancaire,3.99
O008975,C03015,2025-04-30,Pending,Boutique,Mobile Money,3.22
O008976,C02253,2025-10-23,Completed,Site web,Mobile Money,5.73
O008977,C00123,2025-12-06,Completed,Site web,Virement,6.76
O008978,C02917,2026-06-14,Completed,WhatsApp,Mobile Money,7.02
O008979,C00171,2025-11-26,Completed,Boutique,Cash,6.68
O008980,C01316,2025-11-21,Completed,Site web,Cash,8.65
O008981,C02882,2026-02-02,Returned,Boutique,Mobile Money,9.01
O008982,C01697,2025-04-25,Completed,Site web,Mobile Money,3.21
O008983,C01617,2025-09-15,Pending,WhatsApp,Virement,1.5
O008984,C00930,2026-04-02,Completed,Site web,Virement,3.96
O008985,C01865,2025-04-07,Completed,WhatsApp,Mobile Money,6.25
O008986,C01231,2025-06-09,Completed,Marketplace,Carte bancaire,4.42
O008987,C03975,2025-05-01,Completed,Site web,Mobile Money,7.9
O008988,C02887,2026-06-10,Completed,WhatsApp,Mobile Money,2.0
O008989,C03818,2025-07-14,Completed,Site web,Mobile Money,10.74
O008990,C01417,2025-06-28,Pending,Site web,Mobile Money,8.35
O008991,C03991,2026-03-23,Completed,Site web,Mobile Money,4.84
O008992,C01175,2026-05-14,Completed,WhatsApp,Carte bancaire,3.71
O008993,C01298,2025-01-03,Completed,Marketplace,Mobile Money,5.54
O008994,C01254,2026-04-27,Completed,Site web,Mobile Money,9.44
O008995,C02477,2026-01-23,Completed,Site web,Carte bancaire,4.8
O008996,C02574,2026-04-19,Completed,Site web,Virement,4.26
O008997,C00273,2025-02-17,Cancelled,WhatsApp,Carte bancaire,5.99
O008998,C02356,2025-01-22,Completed,Site web,Carte bancaire,2.23
O008999,C04002,2025-07-04,Completed,Marketplace,Mobile Money,9.23
O009000,C01709,2026-04-11,Completed,Boutique,Virement,7.86
O009001,C02939,2025-10-01,Completed,WhatsApp,Mobile Money,8.72
O009002,C02656,2026-01-31,Completed,Site web,Mobile Money,10.16
O009003,C04116,2025-05-15,Completed,WhatsApp,Mobile Money,3.63
O009004,C02700,2025-07-03,Completed,Boutique,Mobile Money,6.05
O009005,C01978,2026-04-27,Pending,WhatsApp,Carte bancaire,5.72
O009006,C00056,2025-09-26,Pending,Boutique,Cash,10.75
O009007,C03377,2026-03-04,Completed,Boutique,Carte bancaire,4.76
O009008,C01425,2025-12-17,Completed,Marketplace,Mobile Money,1.5
O009009,C03885,2025-04-07,Completed,Site web,Virement,4.62
O009010,C01027,2026-06-02,Completed,Boutique,Mobile Money,8.66
O009011,C01837,2026-06-03,Completed,Site web,Carte bancaire,7.6
O009012,C03483,2026-03-04,Completed,WhatsApp,Mobile Money,5.72
O009013,C00638,2025-09-15,Completed,WhatsApp,Carte bancaire,4.86
O009014,C01157,2025-08-23,Completed,Site web,Mobile Money,7.02
O009015,C03327,2025-06-13,Completed,Site web,Cash,7.7
O009016,C01333,2025-12-20,Completed,Site web,Mobile Money,6.65
O009017,C04022,2025-06-19,Completed,Site web,Carte bancaire,4.95
O009018,C02259,2025-04-12,Completed,WhatsApp,Mobile Money,5.91
O009019,C03466,2025-02-03,Completed,Site web,Carte bancaire,4.36
O009020,C02300,2025-08-21,Returned,WhatsApp,Virement,9.1
O009021,C00190,2026-03-23,Completed,Site web,Carte bancaire,5.61
O009022,C03407,2026-03-10,Completed,Site web,Mobile Money,3.2
O009023,C01764,2026-04-11,Completed,WhatsApp,Carte bancaire,12.78
O009024,C01630,2025-11-29,Completed,Site web,Virement,3.81
O009025,C03093,2026-04-21,Completed,WhatsApp,Mobile Money,3.32
O009026,C01181,2026-03-06,Completed,Marketplace,Mobile Money,2.39
O009027,C01798,2026-03-19,Completed,Marketplace,Carte bancaire,3.94
O009028,C02555,2025-10-07,Completed,WhatsApp,Mobile Money,8.24
O009029,C02492,2025-02-16,Completed,WhatsApp,Mobile Money,1.5
O009030,C03059,2025-07-28,Returned,WhatsApp,Carte bancaire,6.48
O009031,C00346,2026-04-10,Completed,Site web,Carte bancaire,4.25
O009032,C04169,2026-02-11,Completed,Site web,Mobile Money,3.57
O009033,C02555,2025-01-07,Completed,Site web,Mobile Money,1.5
O009034,C02597,2025-02-21,Completed,Marketplace,Mobile Money,5.87
O009035,C03707,2025-12-27,Completed,Site web,Mobile Money,1.5
O009036,C02062,2026-06-21,Completed,Site web,Cash,5.16
O009037,C00128,2026-02-05,Completed,Site web,Mobile Money,7.02
O009038,C00559,2026-06-04,Pending,Site web,Mobile Money,1.5
O009039,C03980,2025-02-06,Cancelled,Site web,Virement,8.08
O009040,C04146,2026-04-28,Pending,Site web,Carte bancaire,1.5
O009041,C00353,2025-03-12,Completed,WhatsApp,Virement,11.45
O009042,C02877,2026-04-30,Completed,Marketplace,Carte bancaire,5.42
O009043,C02775,2026-06-18,Returned,Boutique,Virement,3.41
O009044,C00694,2025-10-08,Completed,Boutique,Mobile Money,6.61
O009045,C03307,2025-10-19,Completed,WhatsApp,Carte bancaire,3.3
O009046,C01931,2025-09-30,Completed,Site web,Mobile Money,1.5
O009047,C00969,2025-10-31,Completed,Boutique,Mobile Money,9.42
O009048,C02354,2026-03-26,Completed,WhatsApp,Mobile Money,4.96
O009049,C03802,2025-06-04,Completed,Boutique,Carte bancaire,6.23
O009050,C00911,2025-06-05,Completed,Site web,Carte bancaire,5.5
O009051,C02600,2026-06-15,Completed,Site web,Mobile Money,3.51
O009052,C03077,2026-04-11,Pending,Site web,Mobile Money,2.65
O009053,C02626,2025-10-24,Pending,Site web,Carte bancaire,8.19
O009054,C02732,2025-04-21,Completed,WhatsApp,Carte bancaire,7.54
O009055,C03049,2026-06-08,Completed,Boutique,Carte bancaire,5.87
O009056,C00982,2026-04-27,Completed,Marketplace,Carte bancaire,9.07
O009057,C00427,2025-06-29,Completed,Boutique,Carte bancaire,5.78
O009058,C04157,2025-10-24,Completed,Boutique,Mobile Money,9.35
O009059,C01343,2025-08-18,Completed,Boutique,Carte bancaire,10.43
O009060,C03985,2026-04-08,Completed,Boutique,Mobile Money,9.25
O009061,C01128,2026-01-12,Completed,Boutique,Carte bancaire,7.23
O009062,C01116,2025-09-28,Completed,Site web,Mobile Money,2.97
O009063,C00105,2026-06-15,Completed,Marketplace,Carte bancaire,7.33
O009064,C01856,2025-11-30,Completed,WhatsApp,Carte bancaire,4.58
O009065,C03969,2025-09-23,Completed,Site web,Mobile Money,8.16
O009066,C03759,2026-05-23,Cancelled,Site web,Cash,10.85
O009067,C01280,2025-09-04,Completed,Boutique,Mobile Money,5.73
O009068,C01707,2025-08-18,Completed,Boutique,Mobile Money,2.64
O009069,C02813,2025-08-01,Completed,Site web,Carte bancaire,8.1
O009070,C04011,2025-05-01,Completed,Site web,Virement,5.98
O009071,C02538,2025-06-03,Completed,Boutique,Mobile Money,10.61
O009072,C00842,2025-02-19,Completed,Boutique,Mobile Money,6.16
O009073,C01497,2026-02-04,Completed,Site web,Carte bancaire,5.79
O009074,C03041,2025-11-20,Completed,Boutique,Mobile Money,6.29
O009075,C00099,2026-05-27,Completed,WhatsApp,Carte bancaire,6.92
O009076,C02518,2025-12-01,Pending,Site web,Virement,1.5
O009077,C03231,2025-02-14,Completed,Site web,Mobile Money,3.57
O009078,C01454,2025-12-07,Completed,Site web,Mobile Money,9.32
O009079,C02264,2025-04-07,Completed,WhatsApp,Carte bancaire,4.04
O009080,C03015,2025-01-21,Completed,Marketplace,Carte bancaire,5.91
O009081,C02500,2025-12-30,Completed,Marketplace,Carte bancaire,5.31
O009082,C00102,2025-01-16,Completed,Boutique,Virement,3.94
O009083,C02460,2025-08-13,Completed,Site web,Virement,5.52
O009084,C00970,2026-05-06,Pending,Site web,Mobile Money,2.93
O009085,C03108,2025-05-21,Completed,WhatsApp,Virement,1.56
O009086,C01098,2026-01-17,Completed,WhatsApp,Carte bancaire,6.62
O009087,C04109,2025-07-26,Completed,WhatsApp,Virement,10.84
O009088,C00494,2025-03-04,Completed,Marketplace,Carte bancaire,8.24
O009089,C03741,2025-04-18,Completed,Site web,Virement,8.3
O009090,C00143,2025-02-10,Completed,Site web,Virement,9.16
O009091,C02869,2025-03-24,Pending,WhatsApp,Mobile Money,6.62
O009092,C01483,2025-03-30,Completed,Site web,Carte bancaire,6.07
O009093,C00821,2026-04-30,Completed,Site web,Carte bancaire,3.42
O009094,C00917,2026-03-19,Pending,WhatsApp,Carte bancaire,8.36
O009095,C00162,2025-07-13,Completed,Site web,Mobile Money,6.83
O009096,C00559,2026-02-01,Completed,Site web,Mobile Money,3.94
O009097,C01647,2025-04-22,Completed,Marketplace,Mobile Money,5.06
O009098,C00661,2025-12-16,Completed,WhatsApp,Carte bancaire,2.62
O009099,C04067,2025-04-21,Completed,Site web,Carte bancaire,7.58
O009100,C03471,2025-12-18,Completed,Boutique,Carte bancaire,10.63
O009101,C01984,2025-07-15,Completed,Site web,Mobile Money,2.61
O009102,C00399,2026-04-16,Completed,Site web,Virement,9.14
O009103,C04143,2026-04-03,Completed,Marketplace,Carte bancaire,9.63
O009104,C03045,2025-07-02,Completed,Boutique,Virement,2.51
O009105,C00770,2025-01-23,Completed,Site web,Virement,1.5
O009106,C00227,2025-06-26,Completed,WhatsApp,Virement,6.19
O009107,C02603,2025-06-04,Completed,WhatsApp,Carte bancaire,5.48
O009108,C00171,2025-08-22,Completed,Marketplace,Mobile Money,5.34
O009109,C02581,2025-11-11,Cancelled,WhatsApp,Carte bancaire,9.38
O009110,C01858,2026-06-27,Completed,WhatsApp,Mobile Money,4.94
O009111,C03698,2025-02-04,Completed,Site web,Cash,13.26
O009112,C01604,2025-11-01,Cancelled,Site web,Carte bancaire,1.5
O009113,C01882,2025-04-05,Pending,Site web,Carte bancaire,3.4
O009114,C02293,2025-10-27,Completed,WhatsApp,Carte bancaire,3.38
O009115,C04130,2025-12-15,Completed,WhatsApp,Carte bancaire,5.44
O009116,C02952,2026-03-20,Completed,Site web,Carte bancaire,10.26
O009117,C02812,2025-11-03,Returned,Site web,Mobile Money,2.65
O009118,C01302,2025-04-08,Completed,Site web,Mobile Money,3.29
O009119,C02030,2026-05-16,Completed,Site web,Cash,4.1
O009120,C00817,2025-08-11,Completed,Boutique,Virement,5.73
O009121,C01645,2025-09-20,Completed,Boutique,Mobile Money,6.48
O009122,C03453,2025-12-18,Completed,WhatsApp,Mobile Money,4.83
O009123,C00419,2025-05-26,Returned,Marketplace,Carte bancaire,2.13
O009124,C00695,2026-06-26,Completed,WhatsApp,Cash,5.71
O009125,C02461,2025-01-25,Completed,WhatsApp,Cash,10.3
O009126,C03354,2025-03-26,Completed,WhatsApp,Mobile Money,8.75
O009127,C04096,2026-06-27,Completed,Site web,Mobile Money,4.63
O009128,C02467,2025-09-05,Completed,Site web,Mobile Money,6.21
O009129,C02760,2026-05-05,Completed,WhatsApp,Mobile Money,7.5
O009130,C01216,2026-05-12,Completed,Site web,Mobile Money,8.65
O009131,C01722,2026-06-27,Completed,Boutique,Carte bancaire,10.6
O009132,C01320,2026-02-02,Completed,Site web,Virement,6.81
O009133,C00458,2026-01-10,Returned,Site web,Mobile Money,2.48
O009134,C01557,2025-12-03,Completed,WhatsApp,Mobile Money,1.5
O009135,C00914,2026-01-10,Pending,Site web,Carte bancaire,7.81
O009136,C02483,2025-05-21,Completed,Site web,Carte bancaire,1.66
O009137,C03166,2026-03-23,Completed,WhatsApp,Mobile Money,8.45
O009138,C04115,2025-04-13,Completed,Site web,Mobile Money,4.21
O009139,C03697,2025-09-20,Cancelled,Site web,Carte bancaire,2.35
O009140,C01337,2025-07-25,Completed,Site web,Mobile Money,7.54
O009141,C03943,2026-02-22,Completed,WhatsApp,Carte bancaire,2.93
O009142,C03956,2025-05-20,Completed,Boutique,Cash,7.42
O009143,C02115,2025-04-24,Completed,Boutique,Mobile Money,6.55
O009144,C00862,2026-03-20,Completed,Site web,Carte bancaire,1.5
O009145,C03266,2025-09-24,Completed,Boutique,Virement,10.25
O009146,C00475,2026-01-30,Completed,Marketplace,Carte bancaire,9.88
O009147,C01517,2026-04-27,Pending,Site web,Mobile Money,8.85
O009148,C02235,2026-04-03,Pending,Marketplace,Mobile Money,8.92
O009149,C03628,2025-08-08,Returned,Boutique,Virement,3.81
O009150,C04102,2025-04-04,Completed,Site web,Mobile Money,9.48
O009151,C03436,2026-06-11,Completed,Site web,Virement,8.27
O009152,C02037,2025-06-19,Completed,Marketplace,Virement,1.5
O009153,C00357,2026-02-26,Pending,Site web,Virement,3.1
O009154,C03360,2026-02-26,Completed,Site web,Virement,3.73
O009155,C03599,2025-08-31,Completed,Site web,Cash,10.43
O009156,C01985,2025-03-31,Completed,Site web,Cash,3.1
O009157,C02327,2025-09-16,Completed,Site web,Carte bancaire,4.24
O009158,C03571,2025-03-21,Completed,Site web,Mobile Money,2.15
O009159,C00556,2025-07-12,Completed,Boutique,Mobile Money,4.57
O009160,C03414,2025-07-29,Completed,Site web,Mobile Money,9.1
O009161,C02153,2025-10-12,Completed,Boutique,Mobile Money,1.73
O009162,C02883,2025-04-13,Completed,Marketplace,Virement,7.42
O009163,C00801,2026-04-09,Completed,WhatsApp,Virement,3.37
O009164,C02585,2025-02-13,Returned,Marketplace,Mobile Money,11.65
O009165,C01127,2026-06-25,Returned,WhatsApp,Virement,6.34
O009166,C02177,2025-06-21,Completed,Site web,Carte bancaire,5.75
O009167,C02205,2025-09-26,Pending,Site web,Carte bancaire,4.26
O009168,C04019,2026-04-25,Completed,WhatsApp,Virement,6.64
O009169,C02815,2025-12-25,Completed,Marketplace,Virement,1.59
O009170,C02341,2025-01-31,Completed,Site web,Virement,6.29
O009171,C01689,2025-11-28,Completed,WhatsApp,Carte bancaire,4.24
O009172,C01416,2025-11-07,Completed,Boutique,Mobile Money,4.11
O009173,C02740,2026-05-27,Completed,Marketplace,Mobile Money,12.18
O009174,C03706,2025-11-05,Cancelled,Marketplace,Carte bancaire,10.21
O009175,C02405,2026-06-28,Completed,Site web,Cash,10.38
O009176,C02773,2025-10-18,Completed,Site web,Carte bancaire,8.55
O009177,C01378,2025-04-16,Pending,Site web,Virement,7.22
O009178,C02345,2025-10-05,Pending,Site web,Mobile Money,10.4
O009179,C02402,2026-05-18,Completed,Marketplace,Mobile Money,6.98
O009180,C02866,2025-01-10,Completed,WhatsApp,Carte bancaire,7.85
O009181,C01329,2025-08-07,Completed,Marketplace,Virement,10.16
O009182,C01466,2025-01-27,Completed,Site web,Carte bancaire,8.45
O009183,C01510,2026-04-07,Completed,Site web,Mobile Money,7.33
O009184,C01768,2025-10-08,Completed,Site web,Virement,8.39
O009185,C01227,2026-01-28,Pending,Site web,Mobile Money,6.33
O009186,C00822,2026-06-15,Completed,Boutique,Carte bancaire,7.52
O009187,C02101,2026-04-02,Returned,Boutique,Carte bancaire,7.81
O009188,C03592,2025-08-12,Completed,Boutique,Cash,2.3
O009189,C00134,2026-05-28,Pending,Boutique,Mobile Money,3.79
O009190,C02796,2025-09-16,Completed,Site web,Carte bancaire,8.18
O009191,C03430,2026-06-21,Completed,Site web,Mobile Money,6.4
O009192,C03462,2026-06-23,Pending,WhatsApp,Mobile Money,5.95
O009193,C03582,2025-05-02,Completed,Site web,Mobile Money,6.88
O009194,C01334,2026-03-03,Completed,Site web,Mobile Money,1.5
O009195,C00424,2026-01-18,Returned,Site web,Virement,5.49
O009196,C04181,2026-02-27,Returned,Marketplace,Carte bancaire,5.52
O009197,C02940,2025-04-02,Completed,Boutique,Virement,6.54
O009198,C01501,2025-10-04,Completed,Site web,Virement,8.56
O009199,C03579,2025-03-25,Completed,WhatsApp,Mobile Money,4.9
O009200,C01486,2026-05-08,Completed,Site web,Mobile Money,10.03
O009201,C03148,2026-04-24,Completed,Site web,Mobile Money,3.08
O009202,C04035,2025-11-15,Completed,Site web,Mobile Money,8.08
O009203,C03226,2025-03-13,Completed,Site web,Mobile Money,4.44
O009204,C02752,2025-12-26,Cancelled,Marketplace,Mobile Money,9.5
O009205,C00803,2025-08-29,Completed,Site web,Mobile Money,6.66
O009206,C03921,2026-03-08,Completed,WhatsApp,Mobile Money,2.38
O009207,C01789,2025-02-24,Cancelled,Boutique,Mobile Money,6.31
O009208,C02618,2025-08-11,Completed,Site web,Mobile Money,7.2
O009209,C02570,2025-07-18,Completed,WhatsApp,Carte bancaire,6.68
O009210,C01036,2026-06-07,Cancelled,Site web,Mobile Money,6.99
O009211,C02534,2025-06-13,Returned,Site web,Mobile Money,5.33
O009212,C01642,2026-06-26,Completed,Site web,Virement,4.32
O009213,C01469,2026-05-21,Completed,Boutique,Virement,1.5
O009214,C03608,2025-11-18,Completed,WhatsApp,Mobile Money,7.75
O009215,C03033,2025-04-06,Completed,Site web,Carte bancaire,7.52
O009216,C02056,2025-05-02,Completed,Site web,Mobile Money,11.73
O009217,C00081,2025-01-10,Completed,Boutique,Carte bancaire,5.88
O009218,C02978,2026-03-01,Completed,Boutique,Mobile Money,6.83
O009219,C03101,2026-02-02,Completed,Marketplace,Carte bancaire,6.45
O009220,C00700,2025-06-26,Pending,Boutique,Carte bancaire,8.6
O009221,C03180,2026-02-05,Completed,Site web,Mobile Money,4.46
O009222,C01680,2025-11-13,Completed,Site web,Virement,6.45
O009223,C03078,2026-03-24,Completed,WhatsApp,Mobile Money,6.08
O009224,C03526,2025-02-17,Completed,Site web,Mobile Money,8.23
O009225,C02942,2025-04-19,Completed,WhatsApp,Virement,12.67
O009226,C03953,2026-03-19,Pending,WhatsApp,Mobile Money,6.99
O009227,C00321,2025-07-22,Completed,Site web,Mobile Money,1.67
O009228,C01363,2026-06-10,Completed,Marketplace,Mobile Money,2.48
O009229,C00250,2026-04-28,Completed,WhatsApp,Virement,9.17
O009230,C00725,2025-02-21,Completed,Boutique,Cash,1.5
O009231,C01570,2025-08-10,Completed,Site web,Carte bancaire,6.95
O009232,C00099,2026-02-05,Completed,Boutique,Virement,3.81
O009233,C01664,2025-03-16,Returned,Marketplace,Carte bancaire,14.09
O009234,C00536,2026-04-17,Completed,Site web,Mobile Money,2.36
O009235,C00476,2025-02-23,Completed,Site web,Carte bancaire,4.01
O009236,C03510,2025-03-02,Completed,Boutique,Carte bancaire,8.34
O009237,C03126,2025-10-25,Completed,Boutique,Mobile Money,5.3
O009238,C01914,2025-05-16,Completed,WhatsApp,Mobile Money,3.84
O009239,C02383,2025-12-17,Completed,Site web,Mobile Money,3.1
O009240,C01225,2025-08-03,Cancelled,WhatsApp,Mobile Money,4.03
O009241,C02040,2025-05-29,Completed,WhatsApp,Carte bancaire,3.28
O009242,C03258,2026-04-04,Returned,Site web,Carte bancaire,5.96
O009243,C02191,2025-03-29,Completed,WhatsApp,Mobile Money,11.78
O009244,C03333,2025-09-28,Completed,WhatsApp,Mobile Money,12.19
O009245,C02036,2025-04-03,Completed,Site web,Carte bancaire,12.14
O009246,C01522,2025-03-17,Cancelled,Site web,Mobile Money,5.61
O009247,C03759,2025-04-23,Completed,Boutique,Mobile Money,8.15
O009248,C03786,2025-05-21,Completed,Site web,Carte bancaire,6.38
O009249,C00961,2025-08-14,Completed,Site web,Carte bancaire,3.54
O009250,C01946,2025-09-14,Completed,Boutique,Carte bancaire,1.5
O009251,C03245,2025-03-18,Completed,Site web,Mobile Money,1.5
O009252,C01098,2025-01-22,Completed,Site web,Cash,6.47
O009253,C03146,2025-02-21,Completed,Marketplace,Virement,1.91
O009254,C03779,2025-12-12,Completed,WhatsApp,Virement,3.61
O009255,C00991,2026-06-18,Completed,Site web,Mobile Money,7.11
O009256,C00643,2025-01-14,Completed,Site web,Mobile Money,1.5
O009257,C03968,2025-01-20,Completed,Site web,Carte bancaire,10.4
O009258,C04183,2026-03-04,Completed,Boutique,Mobile Money,6.16
O009259,C03606,2026-02-02,Completed,Site web,Mobile Money,4.87
O009260,C02576,2026-02-07,Cancelled,Site web,Carte bancaire,4.08
O009261,C00360,2025-04-05,Completed,Marketplace,Cash,7.42
O009262,C03845,2026-04-20,Completed,Boutique,Carte bancaire,3.11
O009263,C00836,2025-12-08,Completed,Boutique,Mobile Money,9.96
O009264,C00752,2025-03-28,Completed,WhatsApp,Mobile Money,8.6
O009265,C03013,2025-03-05,Completed,Marketplace,Mobile Money,3.83
O009266,C01635,2025-11-27,Returned,Site web,Mobile Money,5.41
O009267,C03645,2026-03-03,Completed,Site web,Mobile Money,9.64
O009268,C03668,2026-03-05,Completed,Site web,Mobile Money,7.22
O009269,C03383,2025-11-18,Pending,Site web,Mobile Money,5.32
O009270,C03516,2025-10-10,Cancelled,Boutique,Mobile Money,3.77
O009271,C02293,2026-01-17,Completed,WhatsApp,Cash,5.66
O009272,C03662,2025-03-13,Completed,Site web,Carte bancaire,4.76
O009273,C03845,2025-07-19,Pending,Site web,Virement,6.93
O009274,C01178,2025-02-24,Completed,Boutique,Carte bancaire,5.06
O009275,C01786,2026-04-05,Completed,Site web,Carte bancaire,3.1
O009276,C02594,2025-11-29,Cancelled,Boutique,Carte bancaire,9.29
O009277,C03609,2026-03-02,Completed,Marketplace,Carte bancaire,7.63
O009278,C01637,2025-09-30,Completed,Boutique,Mobile Money,3.01
O009279,C01093,2026-05-25,Cancelled,Site web,Carte bancaire,4.23
O009280,C01348,2026-05-25,Completed,WhatsApp,Mobile Money,8.13
O009281,C03359,2025-12-04,Completed,WhatsApp,Virement,3.48
O009282,C02185,2026-04-02,Completed,Boutique,Mobile Money,5.49
O009283,C01071,2025-12-28,Completed,Site web,Mobile Money,5.13
O009284,C03004,2026-02-01,Completed,Boutique,Carte bancaire,3.83
O009285,C02773,2025-05-16,Completed,WhatsApp,Mobile Money,2.82
O009286,C02178,2026-06-23,Completed,WhatsApp,Cash,5.84
O009287,C02603,2025-04-12,Completed,Site web,Carte bancaire,3.21
O009288,C00969,2026-01-16,Completed,Site web,Carte bancaire,4.21
O009289,C00767,2025-11-29,Completed,Boutique,Mobile Money,8.55
O009290,C03392,2025-02-20,Pending,Site web,Carte bancaire,3.85
O009291,C02857,2026-03-01,Completed,Site web,Mobile Money,7.37
O009292,C04107,2025-02-12,Pending,WhatsApp,Mobile Money,8.87
O009293,C03944,2025-10-07,Completed,Site web,Carte bancaire,5.68
O009294,C01525,2026-03-24,Completed,WhatsApp,Mobile Money,7.53
O009295,C01943,2025-03-10,Completed,Site web,Carte bancaire,3.43
O009296,C03567,2025-07-17,Completed,WhatsApp,Carte bancaire,8.22
O009297,C00015,2025-10-06,Completed,Site web,Cash,7.94
O009298,C03629,2026-05-22,Completed,Site web,Carte bancaire,10.36
O009299,C00705,2025-07-29,Completed,WhatsApp,Mobile Money,9.52
O009300,C01095,2025-03-06,Cancelled,Marketplace,Virement,6.79
O009301,C02024,2025-03-14,Pending,Site web,Carte bancaire,14.28
O009302,C02963,2025-04-19,Cancelled,Site web,Mobile Money,8.65
O009303,C01487,2026-04-20,Completed,Site web,Mobile Money,9.82
O009304,C03942,2026-02-28,Completed,Site web,Mobile Money,4.62
O009305,C03288,2025-08-17,Completed,Site web,Mobile Money,4.89
O009306,C03108,2026-04-10,Completed,Marketplace,Virement,6.22
O009307,C03245,2026-05-19,Completed,Site web,Virement,2.99
O009308,C00127,2026-04-21,Completed,Site web,Mobile Money,6.11
O009309,C03457,2025-01-03,Completed,Marketplace,Mobile Money,5.88
O009310,C02539,2025-02-24,Completed,Boutique,Mobile Money,9.28
O009311,C00783,2026-02-02,Completed,Site web,Carte bancaire,9.5
O009312,C03270,2025-07-29,Completed,Boutique,Mobile Money,6.36
O009313,C00444,2025-03-29,Cancelled,WhatsApp,Mobile Money,4.88
O009314,C02597,2025-12-21,Completed,Boutique,Carte bancaire,11.37
O009315,C02392,2025-07-14,Completed,Site web,Carte bancaire,1.5
O009316,C00121,2026-05-19,Completed,WhatsApp,Mobile Money,1.5
O009317,C01574,2025-11-13,Completed,Boutique,Carte bancaire,7.44
O009318,C00505,2025-05-11,Completed,Marketplace,Mobile Money,5.79
O009319,C03976,2026-05-28,Completed,WhatsApp,Carte bancaire,5.08
O009320,C03367,2025-11-25,Completed,Site web,Carte bancaire,1.5
O009321,C04184,2025-06-12,Completed,Marketplace,Mobile Money,3.37
O009322,C02050,2025-03-20,Completed,Site web,Virement,10.43
O009323,C01381,2025-11-01,Pending,WhatsApp,Virement,9.92
O009324,C04024,2026-02-14,Completed,Site web,Virement,8.37
O009325,C01289,2026-04-04,Completed,Boutique,Mobile Money,3.55
O009326,C01743,2025-03-11,Completed,WhatsApp,Cash,5.0
O009327,C00562,2025-08-25,Completed,Marketplace,Carte bancaire,4.79
O009328,C03452,2026-07-02,Completed,WhatsApp,Mobile Money,3.97
O009329,C00504,2025-12-29,Pending,Site web,Carte bancaire,4.37
O009330,C00150,2025-02-20,Completed,Boutique,Virement,5.7
O009331,C03500,2026-05-18,Completed,Site web,Virement,1.57
O009332,C03533,2026-01-11,Pending,Site web,Mobile Money,9.54
O009333,C03586,2025-09-10,Completed,Marketplace,Mobile Money,5.59
O009334,C03609,2026-03-02,Completed,Marketplace,Mobile Money,4.49
O009335,C00596,2025-12-22,Cancelled,Boutique,Cash,1.5
O009336,C01521,2025-05-22,Completed,Site web,Cash,8.35
O009337,C03214,2026-03-13,Completed,Boutique,Mobile Money,2.87
O009338,C01300,2025-05-20,Completed,WhatsApp,Mobile Money,7.45
O009339,C03269,2025-05-06,Returned,Site web,Carte bancaire,3.36
O009340,C03822,2025-11-23,Completed,Site web,Mobile Money,6.34
O009341,C04038,2025-01-11,Completed,Site web,Mobile Money,2.15
O009342,C03267,2025-12-12,Returned,Site web,Carte bancaire,5.49
O009343,C03349,2025-10-29,Completed,WhatsApp,Mobile Money,5.77
O009344,C02512,2026-01-30,Pending,Site web,Virement,6.48
O009345,C00328,2025-03-29,Completed,Boutique,Cash,8.65
O009346,C01833,2025-11-15,Completed,Marketplace,Mobile Money,7.55
O009347,C04004,2025-08-31,Completed,Site web,Carte bancaire,10.69
O009348,C03831,2025-04-06,Completed,Marketplace,Carte bancaire,1.71
O009349,C01003,2025-09-05,Completed,Boutique,Carte bancaire,12.27
O009350,C03139,2026-05-22,Completed,Boutique,Cash,8.82
O009351,C01290,2026-03-28,Completed,Marketplace,Mobile Money,4.67
O009352,C01751,2025-04-02,Pending,Site web,Cash,8.97
O009353,C02726,2026-04-10,Cancelled,Boutique,Carte bancaire,11.3
O009354,C02087,2025-11-06,Completed,Site web,Mobile Money,9.34
O009355,C02539,2025-01-26,Completed,Marketplace,Carte bancaire,3.04
O009356,C00414,2026-05-20,Completed,WhatsApp,Carte bancaire,6.12
O009357,C01247,2025-10-16,Returned,Boutique,Mobile Money,8.26
O009358,C03406,2026-05-16,Pending,Site web,Virement,5.91
O009359,C02602,2025-02-23,Cancelled,Site web,Mobile Money,7.32
O009360,C03536,2025-04-03,Completed,Site web,Mobile Money,7.53
O009361,C04055,2026-05-10,Completed,Site web,Carte bancaire,3.04
O009362,C01494,2025-05-11,Completed,Site web,Virement,9.78
O009363,C01111,2025-10-29,Completed,Site web,Carte bancaire,6.27
O009364,C01301,2025-11-26,Completed,Marketplace,Carte bancaire,5.87
O009365,C02404,2026-06-04,Completed,Boutique,Carte bancaire,3.3
O009366,C01060,2025-07-04,Completed,WhatsApp,Carte bancaire,5.27
O009367,C01640,2026-02-18,Completed,Boutique,Mobile Money,8.81
O009368,C00729,2026-02-05,Completed,WhatsApp,Mobile Money,6.72
O009369,C01620,2026-01-20,Completed,Marketplace,Mobile Money,8.12
O009370,C03981,2025-10-14,Completed,Boutique,Virement,5.9
O009371,C01781,2025-02-08,Completed,Boutique,Mobile Money,6.26
O009372,C03188,2025-05-26,Completed,Site web,Virement,1.5
O009373,C01808,2025-11-04,Completed,Boutique,Carte bancaire,7.17
O009374,C01821,2025-08-14,Completed,Boutique,Mobile Money,5.42
O009375,C02766,2025-04-12,Completed,Site web,Mobile Money,6.95
O009376,C00463,2026-01-14,Completed,Site web,Mobile Money,1.5
O009377,C01493,2025-09-10,Completed,Marketplace,Carte bancaire,13.6
O009378,C00586,2026-03-07,Completed,Marketplace,Mobile Money,6.22
O009379,C00836,2025-10-28,Completed,WhatsApp,Mobile Money,7.39
O009380,C02982,2025-07-22,Pending,Site web,Virement,7.16
O009381,C00734,2025-03-01,Completed,Site web,Carte bancaire,5.05
O009382,C00853,2025-02-27,Completed,Site web,Mobile Money,7.27
O009383,C02406,2025-10-05,Completed,Boutique,Mobile Money,9.56
O009384,C01462,2025-07-13,Completed,Site web,Mobile Money,6.53
O009385,C00515,2026-01-29,Completed,Site web,Mobile Money,8.57
O009386,C04020,2025-12-12,Completed,WhatsApp,Mobile Money,8.31
O009387,C03878,2025-06-05,Completed,Boutique,Virement,8.12
O009388,C02442,2026-02-21,Completed,Marketplace,Carte bancaire,11.55
O009389,C02205,2025-11-07,Cancelled,Site web,Virement,7.06
O009390,C03396,2026-04-28,Cancelled,Site web,Carte bancaire,5.77
O009391,C04091,2026-06-07,Completed,Site web,Mobile Money,5.87
O009392,C00437,2026-06-12,Completed,WhatsApp,Carte bancaire,7.23
O009393,C00410,2025-03-11,Completed,Site web,Mobile Money,1.94
O009394,C01388,2025-10-18,Completed,WhatsApp,Mobile Money,10.2
O009395,C01279,2025-01-16,Completed,Site web,Mobile Money,5.27
O009396,C03762,2026-04-28,Completed,Site web,Virement,5.72
O009397,C02135,2026-01-21,Returned,Site web,Carte bancaire,2.09
O009398,C03404,2025-05-24,Completed,Marketplace,Virement,6.33
O009399,C02803,2025-11-29,Cancelled,Boutique,Carte bancaire,1.93
O009400,C03039,2025-11-03,Returned,WhatsApp,Mobile Money,1.5
O009401,C04018,2025-10-25,Completed,Site web,Carte bancaire,3.81
O009402,C02468,2025-10-23,Completed,Site web,Mobile Money,5.26
O009403,C03261,2026-06-24,Completed,Site web,Mobile Money,3.43
O009404,C01130,2026-02-26,Completed,Boutique,Mobile Money,6.86
O009405,C01091,2025-08-09,Pending,Site web,Mobile Money,9.68
O009406,C02460,2026-02-28,Returned,Site web,Carte bancaire,6.65
O009407,C03787,2025-03-19,Completed,Marketplace,Carte bancaire,1.5
O009408,C00214,2025-06-06,Completed,WhatsApp,Carte bancaire,5.94
O009409,C02105,2025-03-06,Pending,Site web,Cash,7.74
O009410,C00850,2026-05-01,Completed,Site web,Mobile Money,4.89
O009411,C03715,2025-01-14,Completed,Site web,Carte bancaire,6.95
O009412,C02177,2026-05-04,Completed,WhatsApp,Mobile Money,6.79
O009413,C00178,2026-04-02,Completed,Marketplace,Mobile Money,2.7
O009414,C00009,2026-06-04,Completed,Site web,Virement,9.61
O009415,C02687,2026-02-24,Completed,Site web,Carte bancaire,5.13
O009416,C00976,2025-09-08,Completed,Site web,Carte bancaire,5.01
O009417,C00174,2026-03-21,Completed,Site web,Mobile Money,7.36
O009418,C00640,2026-06-26,Completed,Boutique,Virement,1.5
O009419,C00649,2026-05-05,Completed,Site web,Carte bancaire,9.8
O009420,C01452,2026-03-07,Completed,Marketplace,Mobile Money,3.05
O009421,C03016,2026-02-25,Cancelled,Site web,Mobile Money,11.43
O009422,C03606,2025-12-24,Completed,Boutique,Carte bancaire,9.38
O009423,C02236,2026-05-04,Completed,WhatsApp,Mobile Money,2.97
O009424,C03980,2025-08-25,Completed,WhatsApp,Mobile Money,7.0
O009425,C03324,2025-10-02,Pending,Boutique,Mobile Money,3.13
O009426,C00694,2026-04-07,Completed,WhatsApp,Mobile Money,2.72
O009427,C03090,2025-05-24,Completed,Boutique,Mobile Money,1.5
O009428,C00971,2026-02-23,Returned,WhatsApp,Carte bancaire,7.9
O009429,C04046,2025-03-02,Completed,Boutique,Carte bancaire,4.63
O009430,C03557,2025-11-17,Completed,Site web,Mobile Money,8.36
O009431,C00271,2025-01-20,Completed,WhatsApp,Cash,6.68
O009432,C00726,2026-07-01,Completed,Marketplace,Mobile Money,2.35
O009433,C01854,2026-04-07,Completed,WhatsApp,Carte bancaire,8.52
O009434,C03114,2025-05-17,Pending,Boutique,Carte bancaire,7.56
O009435,C02320,2025-03-24,Cancelled,Marketplace,Carte bancaire,4.56
O009436,C00360,2025-12-18,Completed,Site web,Mobile Money,8.93
O009437,C02640,2026-05-10,Pending,Boutique,Carte bancaire,5.19
O009438,C02723,2025-06-25,Pending,Marketplace,Carte bancaire,3.64
O009439,C03905,2026-06-11,Completed,Site web,Mobile Money,5.43
O009440,C01116,2025-09-08,Completed,Site web,Mobile Money,4.89
O009441,C00161,2025-08-31,Completed,Site web,Mobile Money,1.55
O009442,C03149,2025-07-05,Completed,Marketplace,Mobile Money,1.5
O009443,C02952,2025-05-29,Returned,Marketplace,Mobile Money,10.94
O009444,C02182,2025-07-03,Completed,Marketplace,Mobile Money,9.4
O009445,C02907,2025-04-05,Completed,WhatsApp,Carte bancaire,10.43
O009446,C00752,2025-07-26,Completed,WhatsApp,Carte bancaire,8.71
O009447,C00528,2025-06-08,Completed,Site web,Virement,4.76
O009448,C01690,2025-02-01,Completed,Marketplace,Carte bancaire,5.47
O009449,C03756,2025-07-18,Completed,Marketplace,Mobile Money,4.15
O009450,C02161,2025-01-22,Completed,WhatsApp,Mobile Money,7.62
O009451,C02685,2025-04-10,Completed,Site web,Carte bancaire,7.42
O009452,C04184,2026-02-02,Completed,Marketplace,Mobile Money,4.97
O009453,C01272,2025-01-14,Completed,Marketplace,Carte bancaire,7.31
O009454,C02018,2025-06-20,Cancelled,Marketplace,Carte bancaire,9.48
O009455,C02881,2026-01-10,Completed,WhatsApp,Carte bancaire,5.99
O009456,C00636,2025-01-12,Completed,Site web,Mobile Money,2.51
O009457,C01689,2026-02-09,Returned,Site web,Mobile Money,7.37
O009458,C02332,2025-02-14,Completed,WhatsApp,Carte bancaire,2.33
O009459,C01276,2025-01-31,Completed,Marketplace,Mobile Money,3.57
O009460,C00925,2025-04-18,Completed,Site web,Mobile Money,6.83
O009461,C01840,2026-04-17,Cancelled,WhatsApp,Mobile Money,7.86
O009462,C03695,2025-01-27,Completed,Marketplace,Carte bancaire,6.29
O009463,C01748,2025-02-24,Returned,Site web,Cash,2.96
O009464,C03504,2026-06-03,Returned,WhatsApp,Carte bancaire,14.36
O009465,C02842,2025-12-01,Cancelled,Boutique,Mobile Money,4.43
O009466,C00541,2025-11-08,Completed,WhatsApp,Carte bancaire,7.36
O009467,C03839,2025-01-23,Completed,WhatsApp,Mobile Money,4.25
O009468,C02472,2025-08-04,Returned,Boutique,Mobile Money,3.18
O009469,C02390,2025-11-12,Completed,Site web,Cash,6.16
O009470,C02926,2025-10-19,Completed,Boutique,Cash,4.67
O009471,C00176,2025-10-13,Completed,Marketplace,Carte bancaire,6.29
O009472,C01057,2025-03-03,Completed,Site web,Mobile Money,4.03
O009473,C03339,2026-06-26,Completed,Site web,Mobile Money,6.4
O009474,C02631,2026-01-20,Returned,Site web,Mobile Money,3.75
O009475,C01636,2025-05-13,Completed,Boutique,Carte bancaire,9.23
O009476,C01944,2026-06-16,Completed,Site web,Mobile Money,6.89
O009477,C02603,2025-06-15,Completed,WhatsApp,Mobile Money,5.62
O009478,C02025,2025-03-13,Completed,Boutique,Cash,5.95
O009479,C01922,2026-05-05,Completed,WhatsApp,Cash,4.87
O009480,C02316,2025-03-25,Completed,WhatsApp,Mobile Money,6.36
O009481,C01183,2025-02-03,Completed,Boutique,Carte bancaire,10.49
O009482,C02395,2025-12-11,Cancelled,Site web,Virement,4.29
O009483,C02907,2025-05-25,Returned,Marketplace,Cash,6.48
O009484,C02982,2025-03-25,Completed,WhatsApp,Carte bancaire,3.7
O009485,C02606,2025-02-26,Completed,Site web,Mobile Money,1.5
O009486,C01901,2025-03-11,Completed,Site web,Carte bancaire,7.84
O009487,C02752,2026-06-11,Completed,Boutique,Carte bancaire,9.24
O009488,C03036,2026-01-03,Completed,WhatsApp,Mobile Money,7.31
O009489,C01304,2026-04-07,Pending,Boutique,Virement,13.0
O009490,C02041,2025-12-06,Completed,WhatsApp,Carte bancaire,4.92
O009491,C02847,2025-10-25,Pending,Marketplace,Cash,3.31
O009492,C02784,2025-04-30,Completed,Site web,Mobile Money,9.55
O009493,C02084,2026-06-15,Returned,Boutique,Virement,9.74
O009494,C01106,2026-03-28,Completed,Site web,Carte bancaire,9.29
O009495,C03823,2025-10-17,Pending,Site web,Mobile Money,2.76
O009496,C02276,2025-02-27,Completed,WhatsApp,Virement,3.9
O009497,C02272,2026-02-21,Completed,Site web,Virement,1.5
O009498,C01966,2025-07-02,Completed,Site web,Carte bancaire,11.92
O009499,C03193,2025-04-25,Completed,Site web,Cash,3.24
O009500,C01270,2026-02-09,Cancelled,Marketplace,Virement,2.38
O009501,C03937,2026-04-04,Pending,Marketplace,Carte bancaire,5.69
O009502,C00262,2025-12-03,Completed,Marketplace,Mobile Money,6.35
O009503,C00053,2025-02-10,Completed,Site web,Carte bancaire,8.0
O009504,C02143,2025-11-25,Returned,Site web,Mobile Money,5.61
O009505,C03609,2026-05-19,Completed,Site web,Carte bancaire,3.96
O009506,C00041,2026-01-12,Completed,Boutique,Mobile Money,4.81
O009507,C02852,2025-05-26,Completed,Marketplace,Virement,4.19
O009508,C01638,2025-12-21,Pending,Site web,Virement,10.18
O009509,C00092,2025-05-17,Completed,WhatsApp,Virement,5.98
O009510,C01557,2026-04-25,Completed,Site web,Virement,7.9
O009511,C02716,2026-04-09,Completed,WhatsApp,Mobile Money,5.37
O009512,C02662,2025-11-08,Completed,Marketplace,Carte bancaire,1.5
O009513,C03566,2025-03-16,Completed,WhatsApp,Virement,10.93
O009514,C04148,2025-08-08,Cancelled,WhatsApp,Carte bancaire,7.74
O009515,C00229,2025-03-08,Completed,WhatsApp,Carte bancaire,7.16
O009516,C03604,2026-02-24,Returned,Site web,Mobile Money,1.5
O009517,C00041,2026-01-08,Completed,Site web,Carte bancaire,5.58
O009518,C04096,2025-05-23,Completed,Boutique,Mobile Money,10.63
O009519,C03251,2026-04-15,Completed,WhatsApp,Mobile Money,9.89
O009520,C03994,2026-02-21,Cancelled,Site web,Mobile Money,5.35
O009521,C00285,2026-05-29,Completed,WhatsApp,Carte bancaire,9.66
O009522,C00312,2025-06-03,Completed,Site web,Mobile Money,10.71
O009523,C04140,2025-04-06,Completed,Site web,Carte bancaire,5.54
O009524,C01185,2025-09-21,Completed,Site web,Cash,9.95
O009525,C01603,2025-05-26,Pending,Marketplace,Mobile Money,9.82
O009526,C01248,2026-02-10,Completed,Site web,Carte bancaire,8.52
O009527,C00659,2025-08-22,Completed,Marketplace,Cash,8.81
O009528,C00299,2025-12-10,Completed,Site web,Cash,3.38
O009529,C00569,2025-04-05,Completed,Site web,Carte bancaire,8.35
O009530,C03556,2025-02-16,Returned,Boutique,Virement,5.62
O009531,C00114,2026-05-29,Completed,Site web,Mobile Money,3.29
O009532,C03761,2025-09-02,Returned,Marketplace,Virement,10.56
O009533,C00925,2025-03-18,Completed,WhatsApp,Cash,5.65
O009534,C02541,2026-03-21,Completed,Site web,Mobile Money,6.7
O009535,C01082,2025-03-14,Completed,Marketplace,Mobile Money,6.42
O009536,C03743,2026-07-01,Completed,Site web,Mobile Money,1.5
O009537,C00170,2025-07-31,Completed,Site web,Mobile Money,5.11
O009538,C03001,2025-09-13,Completed,Marketplace,Mobile Money,8.32
O009539,C03926,2025-05-23,Completed,Site web,Carte bancaire,6.04
O009540,C01851,2025-02-17,Completed,Boutique,Carte bancaire,4.94
O009541,C01894,2025-08-13,Completed,Site web,Virement,7.0
O009542,C00630,2025-07-20,Completed,Marketplace,Virement,9.22
O009543,C03691,2025-09-03,Completed,Site web,Mobile Money,1.5
O009544,C04026,2025-09-26,Completed,Site web,Virement,5.69
O009545,C02086,2025-12-12,Completed,Marketplace,Carte bancaire,6.06
O009546,C02908,2025-02-10,Cancelled,Boutique,Carte bancaire,11.31
O009547,C03184,2025-07-18,Completed,Boutique,Carte bancaire,9.62
O009548,C01488,2026-04-19,Completed,WhatsApp,Virement,1.86
O009549,C00017,2026-06-06,Completed,Boutique,Mobile Money,10.02
O009550,C00541,2025-10-23,Completed,Site web,Virement,5.55
O009551,C03767,2025-07-20,Completed,WhatsApp,Mobile Money,1.5
O009552,C03356,2025-08-17,Completed,Site web,Carte bancaire,1.97
O009553,C00399,2026-03-05,Completed,Site web,Cash,10.1
O009554,C03369,2025-08-06,Completed,Site web,Carte bancaire,7.36
O009555,C03710,2026-06-02,Completed,Boutique,Virement,3.05
O009556,C02281,2025-01-16,Cancelled,Site web,Virement,10.75
O009557,C01896,2025-11-29,Completed,WhatsApp,Carte bancaire,8.13
O009558,C04200,2025-10-12,Completed,WhatsApp,Mobile Money,5.23
O009559,C03663,2025-09-05,Completed,Site web,Mobile Money,6.9
O009560,C01623,2025-09-18,Completed,Site web,Cash,3.37
O009561,C02003,2025-03-29,Completed,Site web,Carte bancaire,12.0
O009562,C03957,2025-07-09,Completed,Site web,Carte bancaire,2.44
O009563,C03871,2025-07-13,Cancelled,Boutique,Mobile Money,2.13
O009564,C02648,2025-12-27,Completed,WhatsApp,Mobile Money,-5.0
O009565,C02724,2025-11-24,Completed,Site web,Carte bancaire,14.64
O009566,C03093,2025-08-14,Completed,Site web,Mobile Money,1.78
O009567,C01214,2025-10-11,Cancelled,WhatsApp,Mobile Money,8.45
O009568,C03852,2025-11-10,Completed,Site web,Virement,6.21
O009569,C01236,2025-01-26,Completed,Site web,Mobile Money,7.2
O009570,C03491,2026-05-01,Cancelled,WhatsApp,Carte bancaire,9.43
O009571,C03445,2026-05-05,Pending,Boutique,Mobile Money,3.94
O009572,C01213,2025-07-19,Completed,Site web,Carte bancaire,5.23
O009573,C03393,2026-02-22,Completed,Site web,Carte bancaire,3.93
O009574,C03643,2025-08-07,Completed,Boutique,Mobile Money,10.2
O009575,C02086,2025-02-07,Pending,Site web,Carte bancaire,9.82
O009576,C02267,2026-04-20,Completed,Site web,Carte bancaire,2.63
O009577,C02140,2025-05-27,Completed,Marketplace,Virement,7.14
O009578,C00189,2025-07-16,Cancelled,Site web,Mobile Money,9.15
O009579,C02271,2025-11-12,Completed,Boutique,Virement,1.5
O009580,C02831,2025-08-29,Completed,Boutique,Carte bancaire,10.16
O009581,C02358,2025-05-26,Cancelled,Site web,Mobile Money,5.8
O009582,C02099,2026-03-15,Completed,WhatsApp,Mobile Money,4.64
O009583,C02106,2025-07-15,Cancelled,WhatsApp,Cash,10.19
O009584,C02254,2025-11-21,Completed,Site web,Mobile Money,9.39
O009585,C03903,2025-12-31,Completed,Site web,Virement,1.89
O009586,C01729,2026-05-27,Completed,Marketplace,Cash,8.16
O009587,C00943,2025-09-20,Completed,Site web,Virement,8.04
O009588,C00270,2025-09-15,Completed,Boutique,Mobile Money,1.5
O009589,C03658,2026-05-16,Completed,WhatsApp,Mobile Money,7.68
O009590,C00757,2025-09-20,Completed,WhatsApp,Mobile Money,4.76
O009591,C01752,2025-06-13,Completed,Site web,Mobile Money,9.39
O009592,C03178,2025-01-24,Completed,WhatsApp,Carte bancaire,3.43
O009593,C00750,2025-06-28,Completed,WhatsApp,Carte bancaire,6.37
O009594,C00984,2025-04-19,Completed,WhatsApp,Carte bancaire,4.39
O009595,C02669,2025-06-17,Completed,Boutique,Virement,4.09
O009596,C02637,2025-10-23,Completed,Marketplace,Mobile Money,1.5
O009597,C01023,2025-10-15,Completed,Site web,Mobile Money,9.2
O009598,C02276,2025-04-13,Pending,Site web,Carte bancaire,9.48
O009599,C02958,2025-09-12,Pending,Boutique,Virement,6.22
O009600,C00930,2025-09-06,Completed,Site web,Virement,7.11
O009601,C01862,2025-01-24,Completed,Marketplace,Cash,3.8
O009602,C01179,2025-06-05,Completed,Site web,Virement,9.22
O009603,C03949,2026-02-01,Completed,Site web,Cash,6.74
O009604,C01611,2025-01-12,Completed,Site web,Cash,6.19
O009605,C03595,2025-06-14,Completed,Site web,Carte bancaire,10.41
O009606,C03697,2025-09-18,Completed,Boutique,Carte bancaire,2.1
O009607,C00705,2025-04-02,Completed,Site web,Mobile Money,1.5
O009608,C03954,2025-12-21,Cancelled,Marketplace,Virement,7.33
O009609,C00207,2026-01-28,Completed,Site web,Carte bancaire,5.37
O009610,C01625,2025-07-05,Pending,Boutique,Virement,2.59
O009611,C00668,2025-05-07,Completed,Boutique,Mobile Money,6.52
O009612,C00194,2026-03-02,Pending,Site web,Mobile Money,7.09
O009613,C02319,2025-04-28,Completed,Marketplace,Mobile Money,8.64
O009614,C02524,2025-03-22,Completed,Site web,Cash,2.69
O009615,C02445,2025-01-19,Completed,WhatsApp,Virement,4.77
O009616,C01754,2025-02-20,Completed,Site web,Virement,6.9
O009617,C03305,2026-04-23,Completed,Site web,Mobile Money,9.33
O009618,C02068,2026-05-28,Completed,Site web,Mobile Money,8.73
O009619,C02248,2025-10-27,Completed,Site web,Cash,4.52
O009620,C01857,2026-05-21,Completed,Marketplace,Mobile Money,-5.0
O009621,C00871,2026-01-23,Returned,Boutique,Mobile Money,4.44
O009622,C02750,2025-08-11,Completed,Marketplace,Virement,4.76
O009623,C03482,2026-01-26,Completed,Boutique,Mobile Money,5.06
O009624,C01279,2025-08-19,Completed,WhatsApp,Mobile Money,4.07
O009625,C01947,2026-06-12,Cancelled,Marketplace,Carte bancaire,8.2
O009626,C03750,2026-04-12,Cancelled,WhatsApp,Carte bancaire,8.79
O009627,C00868,2026-04-08,Completed,Marketplace,Virement,4.8
O009628,C01770,2025-10-18,Completed,Site web,Cash,6.52
O009629,C01133,2025-10-12,Completed,WhatsApp,Mobile Money,4.85
O009630,C01435,2025-03-06,Completed,WhatsApp,Mobile Money,3.19
O009631,C01929,2025-12-24,Completed,Site web,Carte bancaire,2.73
O009632,C03877,2025-03-04,Completed,Site web,Mobile Money,11.24
O009633,C00053,2025-10-24,Completed,Marketplace,Virement,3.77
O009634,C01505,2025-03-13,Completed,WhatsApp,Mobile Money,7.91
O009635,C03637,2025-09-18,Completed,Site web,Mobile Money,7.17
O009636,C00349,2026-03-04,Completed,Marketplace,Mobile Money,2.43
O009637,C02128,2025-06-18,Completed,Marketplace,Mobile Money,7.27
O009638,C00653,2025-11-26,Completed,Boutique,Mobile Money,6.89
O009639,C02350,2025-05-23,Cancelled,Site web,Carte bancaire,5.93
O009640,C03001,2025-06-14,Completed,Site web,Virement,4.69
O009641,C02668,2025-04-11,Completed,Marketplace,Virement,5.99
O009642,C02362,2025-03-30,Completed,Site web,Mobile Money,7.42
O009643,C03120,2025-07-23,Pending,Site web,Mobile Money,3.42
O009644,C02246,2025-03-09,Completed,Site web,Carte bancaire,10.31
O009645,C02574,2026-05-04,Completed,Boutique,Mobile Money,8.06
O009646,C00345,2026-02-11,Completed,Site web,Carte bancaire,1.5
O009647,C00090,2025-05-02,Completed,Marketplace,Carte bancaire,5.33
O009648,C00690,2026-05-01,Completed,Boutique,Virement,12.39
O009649,C02268,2025-07-20,Completed,Marketplace,Mobile Money,7.07
O009650,C01665,2025-10-19,Completed,Site web,Mobile Money,3.83
O009651,C01538,2026-01-19,Completed,WhatsApp,Mobile Money,7.92
O009652,C01882,2026-02-28,Completed,WhatsApp,Carte bancaire,1.5
O009653,C04156,2025-01-05,Completed,Marketplace,Mobile Money,6.81
O009654,C01582,2025-06-05,Completed,Site web,Mobile Money,4.5
O009655,C01866,2025-07-04,Completed,Site web,Mobile Money,6.13
O009656,C02112,2025-11-17,Completed,WhatsApp,Mobile Money,2.01
O009657,C03252,2026-04-24,Returned,WhatsApp,Cash,4.71
O009658,C03081,2025-08-29,Completed,Site web,Virement,1.5
O009659,C04114,2025-09-11,Completed,Site web,Carte bancaire,4.14
O009660,C02670,2025-02-18,Completed,Site web,Virement,6.36
O009661,C04007,2025-10-16,Completed,Site web,Mobile Money,9.34
O009662,C02568,2025-09-25,Completed,Site web,Virement,13.39
O009663,C02261,2025-12-15,Completed,WhatsApp,Carte bancaire,3.54
O009664,C02343,2026-04-10,Completed,Site web,Mobile Money,7.52
O009665,C02017,2025-11-07,Completed,Site web,Carte bancaire,4.99
O009666,C00844,2025-01-29,Completed,WhatsApp,Carte bancaire,5.1
O009667,C01539,2026-03-24,Completed,Site web,Carte bancaire,6.27
O009668,C02540,2025-09-19,Completed,WhatsApp,Cash,5.52
O009669,C02546,2025-09-24,Returned,WhatsApp,Mobile Money,11.6
O009670,C00666,2026-04-24,Completed,WhatsApp,Cash,5.1
O009671,C03375,2025-11-20,Completed,Site web,Virement,2.57
O009672,C02995,2026-03-09,Cancelled,Site web,Mobile Money,6.55
O009673,C02206,2026-04-28,Returned,WhatsApp,Virement,2.78
O009674,C01900,2025-09-28,Completed,Site web,Mobile Money,4.89
O009675,C02342,2026-06-23,Completed,Site web,Carte bancaire,9.18
O009676,C02443,2025-04-04,Completed,Boutique,Mobile Money,5.26
O009677,C01798,2026-04-23,Completed,Site web,Mobile Money,7.56
O009678,C03624,2026-04-10,Completed,WhatsApp,Mobile Money,5.37
O009679,C00665,2025-02-24,Completed,Site web,Mobile Money,6.78
O009680,C01568,2025-03-25,Completed,Site web,Virement,3.91
O009681,C01670,2025-01-21,Completed,Marketplace,Virement,8.43
O009682,C00420,2025-06-01,Cancelled,Boutique,Mobile Money,2.05
O009683,C00375,2026-06-28,Completed,Site web,Mobile Money,3.6
O009684,C03744,2025-03-10,Completed,Site web,Cash,6.24
O009685,C03253,2025-01-19,Completed,WhatsApp,Mobile Money,8.47
O009686,C01533,2025-09-09,Completed,WhatsApp,Cash,6.63
O009687,C01118,2025-07-13,Completed,WhatsApp,Carte bancaire,7.54
O009688,C01708,2025-12-11,Completed,Site web,Carte bancaire,2.34
O009689,C02961,2025-11-29,Completed,Marketplace,Mobile Money,5.05
O009690,C01244,2026-03-30,Completed,Boutique,Mobile Money,6.72
O009691,C00279,2025-08-16,Completed,WhatsApp,Virement,6.17
O009692,C01765,2025-09-10,Completed,Marketplace,Mobile Money,2.76
O009693,C02515,2025-01-13,Completed,Site web,Cash,3.47
O009694,C02189,2026-06-16,Completed,Site web,Carte bancaire,5.61
O009695,C00724,2025-04-27,Completed,Site web,Virement,8.24
O009696,C03542,2025-11-23,Completed,Site web,Virement,12.3
O009697,C02653,2026-04-28,Completed,Site web,Carte bancaire,2.73
O009698,C03025,2025-11-28,Completed,Marketplace,Virement,6.15
O009699,C04022,2025-12-09,Completed,Boutique,Virement,2.94
O009700,C02156,2025-04-07,Completed,WhatsApp,Cash,5.93
O009701,C02432,2026-01-24,Completed,WhatsApp,Mobile Money,4.84
O009702,C03209,2025-04-15,Completed,Site web,Virement,7.22
O009703,C03251,2026-01-15,Completed,Site web,Carte bancaire,1.5
O009704,C03561,2025-11-12,Completed,Site web,Carte bancaire,5.0
O009705,C02959,2025-09-26,Completed,WhatsApp,Cash,6.33
O009706,C00245,2026-01-31,Pending,WhatsApp,Mobile Money,6.61
O009707,C01472,2026-01-30,Completed,WhatsApp,Virement,6.98
O009708,C02488,2025-04-23,Pending,Marketplace,Mobile Money,6.47
O009709,C01869,2025-07-25,Returned,Site web,Carte bancaire,9.77
O009710,C00182,2025-09-23,Completed,Site web,Mobile Money,9.99
O009711,C01124,2025-03-25,Completed,Site web,Mobile Money,5.37
O009712,C01295,2025-07-15,Completed,Marketplace,Carte bancaire,4.44
O009713,C00152,2025-01-23,Completed,Site web,Mobile Money,6.6
O009714,C03203,2025-08-29,Returned,Site web,Mobile Money,8.42
O009715,C01588,2025-04-23,Cancelled,Marketplace,Mobile Money,6.12
O009716,C03324,2025-05-02,Completed,Site web,Mobile Money,2.73
O009717,C03656,2026-03-25,Completed,Site web,Carte bancaire,8.88
O009718,C03713,2025-03-19,Completed,Site web,Mobile Money,7.19
O009719,C03815,2025-03-08,Completed,Site web,Mobile Money,11.28
O009720,C02093,2025-06-25,Cancelled,Boutique,Mobile Money,3.76
O009721,C01019,2025-01-13,Completed,Marketplace,Mobile Money,6.71
O009722,C00354,2026-04-22,Completed,Site web,Mobile Money,7.3
O009723,C02621,2026-06-25,Pending,Boutique,Mobile Money,5.33
O009724,C00533,2026-03-18,Completed,Site web,Mobile Money,3.16
O009725,C01014,2026-03-15,Completed,Boutique,Carte bancaire,6.84
O009726,C01027,2025-02-25,Completed,Site web,Virement,4.71
O009727,C01149,2025-10-31,Completed,Site web,Mobile Money,6.08
O009728,C01564,2025-02-18,Completed,Site web,Mobile Money,6.12
O009729,C01392,2025-06-14,Completed,Marketplace,Virement,2.83
O009730,C02212,2025-09-28,Completed,Site web,Cash,4.7
O009731,C04021,2026-01-09,Completed,Site web,Carte bancaire,4.77
O009732,C02713,2025-06-02,Completed,Site web,Mobile Money,6.2
O009733,C02840,2025-05-21,Completed,Marketplace,Cash,7.42
O009734,C00683,2026-03-28,Cancelled,Site web,Mobile Money,6.96
O009735,C00480,2025-05-03,Completed,Marketplace,Mobile Money,8.61
O009736,C00794,2025-09-24,Completed,Site web,Carte bancaire,6.47
O009737,C03564,2025-06-07,Completed,Site web,Mobile Money,11.99
O009738,C00727,2026-04-13,Completed,WhatsApp,Cash,7.17
O009739,C04133,2025-10-21,Completed,Site web,Carte bancaire,2.0
O009740,C03171,2025-03-01,Completed,WhatsApp,Virement,4.84
O009741,C03482,2025-03-23,Completed,Site web,Mobile Money,15.58
O009742,C01269,2026-06-16,Completed,Site web,Mobile Money,1.98
O009743,C00657,2026-05-31,Completed,Site web,Cash,7.43
O009744,C00701,2026-02-25,Completed,WhatsApp,Carte bancaire,12.78
O009745,C03603,2025-02-12,Completed,WhatsApp,Virement,2.32
O009746,C01812,2026-02-06,Completed,Site web,Mobile Money,10.76
O009747,C01719,2025-12-29,Completed,Boutique,Mobile Money,10.76
O009748,C01040,2026-05-31,Completed,WhatsApp,Carte bancaire,5.21
O009749,C01497,2025-09-24,Completed,WhatsApp,Mobile Money,1.5
O009750,C01552,2025-09-15,Completed,Site web,Cash,7.89
O009751,C03148,2025-12-13,Completed,Boutique,Mobile Money,5.8
O009752,C03461,2025-03-23,Completed,Site web,Mobile Money,5.5
O009753,C01962,2026-02-13,Pending,Site web,Virement,8.08
O009754,C01403,2025-09-30,Completed,Site web,Mobile Money,6.1
O009755,C01898,2025-04-13,Completed,Marketplace,Mobile Money,1.5
O009756,C00735,2026-03-23,Completed,Site web,Mobile Money,5.72
O009757,C00288,2025-05-25,Completed,Site web,Carte bancaire,7.15
O009758,C00977,2026-04-17,Completed,Site web,Mobile Money,7.55
O009759,C00103,2025-05-30,Completed,Site web,Carte bancaire,9.9
O009760,C00145,2025-09-25,Completed,Site web,Cash,1.5
O009761,C01002,2025-08-28,Completed,Site web,Mobile Money,9.09
O009762,C03785,2026-02-06,Completed,Boutique,Mobile Money,4.92
O009763,C00778,2025-04-13,Completed,Site web,Mobile Money,6.62
O009764,C02928,2025-05-16,Pending,WhatsApp,Carte bancaire,8.67
O009765,C00619,2025-04-16,Completed,Site web,Carte bancaire,3.78
O009766,C01947,2025-05-07,Completed,Site web,Cash,4.91
O009767,C02550,2025-09-06,Completed,WhatsApp,Cash,7.75
O009768,C02356,2025-11-18,Completed,Site web,Mobile Money,4.28
O009769,C03359,2026-04-19,Completed,Site web,Mobile Money,7.05
O009770,C01068,2025-08-20,Completed,Site web,Mobile Money,2.83
O009771,C03120,2025-08-13,Pending,Site web,Carte bancaire,9.69
O009772,C01696,2025-03-30,Pending,Boutique,Mobile Money,8.31
O009773,C01871,2025-02-24,Completed,Boutique,Virement,3.76
O009774,C01344,2026-02-22,Completed,Site web,Carte bancaire,9.33
O009775,C04187,2025-12-13,Completed,Site web,Mobile Money,7.32
O009776,C03464,2025-10-19,Completed,Site web,Virement,3.19
O009777,C01945,2025-09-01,Completed,WhatsApp,Mobile Money,8.11
O009778,C03123,2025-10-13,Completed,Site web,Cash,8.19
O009779,C03846,2026-04-09,Pending,Site web,Virement,1.5
O009780,C01193,2025-04-14,Completed,WhatsApp,Carte bancaire,1.5
O009781,C01370,2025-10-01,Completed,Boutique,Mobile Money,4.83
O009782,C03202,2025-05-13,Completed,WhatsApp,Carte bancaire,3.83
O009783,C01193,2025-02-27,Completed,WhatsApp,Carte bancaire,7.95
O009784,C00395,2026-01-15,Returned,Site web,Virement,4.04
O009785,C02500,2026-01-22,Completed,Site web,Virement,4.24
O009786,C00851,2026-04-12,Cancelled,WhatsApp,Cash,11.48
O009787,C02465,2025-01-12,Returned,WhatsApp,Carte bancaire,9.82
O009788,C00447,2025-04-08,Completed,Site web,Carte bancaire,1.5
O009789,C02010,2025-11-11,Completed,Site web,Mobile Money,10.1
O009790,C01001,2026-03-22,Cancelled,Site web,Carte bancaire,10.76
O009791,C02221,2026-05-31,Completed,Marketplace,Mobile Money,5.64
O009792,C00951,2026-03-08,Completed,Site web,Mobile Money,4.88
O009793,C01056,2026-05-11,Completed,Marketplace,Mobile Money,1.5
O009794,C03783,2026-03-23,Completed,Marketplace,Carte bancaire,2.03
O009795,C04125,2025-06-23,Completed,WhatsApp,Mobile Money,5.73
O009796,C01376,2025-11-15,Completed,Marketplace,Mobile Money,4.65
O009797,C02712,2025-12-15,Pending,Site web,Mobile Money,5.03
O009798,C01492,2025-07-12,Completed,Site web,Carte bancaire,7.14
O009799,C00715,2026-05-01,Completed,Site web,Mobile Money,11.39
O009800,C00419,2026-02-27,Completed,Boutique,Carte bancaire,4.3
O009801,C03741,2025-10-11,Pending,Marketplace,Virement,4.3
O009802,C00278,2025-09-21,Completed,WhatsApp,Carte bancaire,5.67
O009803,C02067,2026-03-11,Completed,Site web,Mobile Money,5.28
O009804,C00922,2025-05-02,Completed,Site web,Carte bancaire,11.15
O009805,C03194,2025-04-30,Completed,Site web,Cash,5.48
O009806,C00566,2025-08-09,Completed,Boutique,Carte bancaire,8.8
O009807,C02423,2025-03-11,Pending,WhatsApp,Mobile Money,13.83
O009808,C01448,2025-09-08,Completed,Marketplace,Virement,11.28
O009809,C02188,2025-08-25,Completed,Site web,Carte bancaire,5.52
O009810,C00782,2025-10-04,Pending,WhatsApp,Cash,4.67
O009811,C00491,2025-09-10,Completed,Site web,Mobile Money,3.2
O009812,C00749,2026-05-07,Completed,WhatsApp,Cash,6.38
O009813,C02422,2025-05-31,Completed,Boutique,Carte bancaire,1.5
O009814,C02720,2025-08-14,Completed,WhatsApp,Carte bancaire,12.79
O009815,C03800,2026-02-09,Completed,Site web,Virement,4.43
O009816,C03957,2025-06-06,Cancelled,Site web,Mobile Money,6.18
O009817,C03161,2025-12-26,Completed,Marketplace,Mobile Money,6.88
O009818,C00053,2026-06-12,Completed,WhatsApp,Mobile Money,2.47
O009819,C02955,2025-07-25,Completed,Boutique,Carte bancaire,9.07
O009820,C02964,2025-05-13,Cancelled,Site web,Carte bancaire,7.49
O009821,C02967,2025-04-15,Completed,Site web,Cash,5.25
O009822,C02769,2025-01-07,Completed,WhatsApp,Mobile Money,7.21
O009823,C02888,2025-06-05,Completed,WhatsApp,Carte bancaire,5.82
O009824,C02458,2026-04-11,Returned,Site web,Mobile Money,6.03
O009825,C02602,2025-05-20,Completed,Site web,Virement,4.07
O009826,C02908,2026-06-08,Pending,Site web,Mobile Money,6.44
O009827,C00183,2026-06-07,Completed,Site web,Mobile Money,7.34
O009828,C02137,2026-01-09,Completed,Site web,Mobile Money,3.6
O009829,C00537,2026-06-22,Returned,Boutique,Cash,6.94
O009830,C03894,2025-08-12,Completed,Boutique,Carte bancaire,1.5
O009831,C04158,2026-06-09,Completed,Site web,Carte bancaire,9.8
O009832,C00665,2025-10-25,Completed,Marketplace,Mobile Money,2.41
O009833,C03745,2025-02-14,Completed,Marketplace,Mobile Money,1.5
O009834,C01989,2026-04-01,Completed,WhatsApp,Cash,4.58
O009835,C02824,2026-06-05,Completed,Boutique,Carte bancaire,6.77
O009836,C02743,2026-05-01,Completed,WhatsApp,Mobile Money,5.2
O009837,C00495,2025-08-17,Completed,Site web,Virement,8.53
O009838,C03817,2025-02-26,Completed,Site web,Mobile Money,5.38
O009839,C02691,2025-11-17,Cancelled,Site web,Carte bancaire,5.5
O009840,C02048,2026-04-21,Completed,Site web,Mobile Money,5.71
O009841,C02583,2026-04-06,Completed,Marketplace,Virement,11.26
O009842,C04104,2025-12-05,Completed,Marketplace,Cash,4.9
O009843,C02719,2026-03-07,Completed,WhatsApp,Mobile Money,13.69
O009844,C02758,2025-01-18,Completed,WhatsApp,Virement,12.12
O009845,C03682,2025-12-08,Completed,Marketplace,Cash,2.61
O009846,C02937,2025-03-01,Completed,Boutique,Virement,8.96
O009847,C00601,2026-02-15,Pending,Site web,Virement,4.33
O009848,C03437,2025-01-25,Returned,Marketplace,Carte bancaire,6.63
O009849,C03779,2025-11-23,Cancelled,WhatsApp,Mobile Money,1.5
O009850,C03083,2026-06-04,Completed,Site web,Mobile Money,5.94
O009851,C00640,2025-03-03,Completed,Site web,Mobile Money,14.57
O009852,C02196,2025-08-22,Completed,Boutique,Mobile Money,3.87
O009853,C00227,2025-01-23,Completed,Site web,Carte bancaire,8.5
O009854,C03245,2026-01-28,Completed,Boutique,Mobile Money,6.66
O009855,C04021,2026-05-23,Completed,Boutique,Carte bancaire,4.7
O009856,C00151,2025-01-01,Cancelled,Site web,Carte bancaire,9.94
O009857,C00458,2025-10-27,Completed,Site web,Mobile Money,4.92
O009858,C03918,2026-03-11,Completed,WhatsApp,Mobile Money,6.18
O009859,C03360,2025-01-14,Completed,Site web,Carte bancaire,7.01
O009860,C03458,2025-09-22,Completed,WhatsApp,Cash,9.96
O009861,C00876,2025-03-12,Completed,Marketplace,Carte bancaire,5.13
O009862,C02679,2026-05-22,Completed,WhatsApp,Cash,13.08
O009863,C03481,2025-10-07,Completed,WhatsApp,Cash,1.5
O009864,C00289,2025-10-13,Completed,Marketplace,Carte bancaire,4.5
O009865,C01192,2026-07-01,Completed,Marketplace,Carte bancaire,10.01
O009866,C01239,2026-03-09,Completed,Marketplace,Carte bancaire,4.59
O009867,C02275,2025-06-22,Completed,Site web,Mobile Money,6.81
O009868,C01066,2025-12-11,Completed,Site web,Mobile Money,3.41
O009869,C01437,2025-06-12,Completed,WhatsApp,Mobile Money,2.03
O009870,C01080,2025-10-13,Completed,Site web,Mobile Money,4.74
O009871,C00268,2026-03-22,Completed,WhatsApp,Mobile Money,8.56
O009872,C02823,2026-06-04,Completed,Boutique,Mobile Money,4.48
O009873,C02683,2026-06-06,Completed,Marketplace,Virement,6.02
O009874,C03680,2025-09-29,Completed,Site web,Mobile Money,4.79
O009875,C02420,2026-05-06,Completed,Boutique,Carte bancaire,8.33
O009876,C02863,2026-05-05,Pending,WhatsApp,Mobile Money,1.5
O009877,C01509,2025-10-27,Returned,WhatsApp,Mobile Money,5.95
O009878,C01633,2025-01-20,Completed,Site web,Mobile Money,5.24
O009879,C01733,2025-03-07,Completed,Site web,Carte bancaire,3.56
O009880,C04071,2025-12-27,Completed,Boutique,Mobile Money,9.94
O009881,C01985,2026-04-01,Completed,WhatsApp,Cash,1.5
O009882,C03623,2026-05-15,Completed,Boutique,Carte bancaire,7.38
O009883,C01347,2025-05-14,Completed,Site web,Carte bancaire,7.65
O009884,C02879,2026-05-08,Returned,Site web,Mobile Money,5.11
O009885,C01152,2026-03-29,Completed,Site web,Virement,12.13
O009886,C01670,2025-09-23,Completed,WhatsApp,Mobile Money,7.58
O009887,C03608,2025-07-24,Completed,WhatsApp,Virement,4.14
O009888,C02873,2025-09-16,Completed,Site web,Mobile Money,8.13
O009889,C02043,2026-01-06,Completed,Site web,Virement,4.87
O009890,C01714,2026-03-21,Completed,Site web,Cash,5.07
O009891,C03359,2025-04-05,Completed,Site web,Mobile Money,9.67
O009892,C00652,2025-07-03,Completed,Site web,Mobile Money,7.92
O009893,C03565,2025-03-07,Completed,Marketplace,Virement,9.51
O009894,C02600,2026-05-29,Pending,Site web,Carte bancaire,1.5
O009895,C01382,2025-08-12,Pending,Site web,Mobile Money,7.36
O009896,C02933,2025-05-18,Completed,Boutique,Carte bancaire,10.86
O009897,C04163,2025-04-22,Completed,Marketplace,Cash,2.94
O009898,C01468,2025-02-10,Pending,WhatsApp,Cash,6.83
O009899,C01652,2025-09-16,Returned,Site web,Mobile Money,5.64
O009900,C03904,2026-02-28,Pending,Site web,Carte bancaire,8.48
O009901,C01447,2025-06-27,Completed,Site web,Carte bancaire,4.69
O009902,C03588,2025-08-10,Pending,Site web,Mobile Money,8.71
O009903,C03779,2025-12-15,Completed,Boutique,Mobile Money,5.46
O009904,C02448,2025-07-14,Completed,Boutique,Mobile Money,14.48
O009905,C00346,2026-02-10,Completed,Site web,Mobile Money,7.43
O009906,C00253,2025-06-25,Cancelled,Boutique,Carte bancaire,13.2
O009907,C01180,2025-09-02,Cancelled,WhatsApp,Mobile Money,8.28
O009908,C00073,2026-06-22,Completed,WhatsApp,Carte bancaire,5.2
O009909,C03204,2026-04-04,Completed,Site web,Virement,6.47
O009910,C02688,2025-11-10,Completed,Marketplace,Mobile Money,7.5
O009911,C01910,2025-08-03,Completed,Site web,Mobile Money,1.5
O009912,C03418,2026-06-28,Completed,Site web,Mobile Money,9.23
O009913,C00561,2025-09-11,Completed,Site web,Carte bancaire,6.85
O009914,C02102,2025-07-08,Completed,WhatsApp,Mobile Money,7.98
O009915,C01422,2025-11-23,Completed,Marketplace,Carte bancaire,8.2
O009916,C00099,2025-08-15,Cancelled,Site web,Carte bancaire,2.46
O009917,C02010,2026-05-03,Pending,Site web,Carte bancaire,6.6
O009918,C00609,2025-04-27,Completed,Marketplace,Mobile Money,6.36
O009919,C00193,2025-01-28,Completed,WhatsApp,Cash,2.6
O009920,C00888,2025-08-24,Completed,Marketplace,Mobile Money,10.69
O009921,C00818,2026-06-04,Completed,Boutique,Carte bancaire,11.95
O009922,C02637,2025-02-03,Completed,Boutique,Carte bancaire,5.17
O009923,C03331,2026-03-19,Completed,WhatsApp,Cash,7.86
O009924,C02042,2025-01-01,Completed,Site web,Carte bancaire,6.15
O009925,C02693,2025-11-02,Returned,WhatsApp,Carte bancaire,5.24
O009926,C00430,2025-09-06,Completed,Site web,Carte bancaire,4.97
O009927,C03304,2025-03-29,Completed,WhatsApp,Carte bancaire,2.52
O009928,C02108,2026-02-13,Completed,WhatsApp,Carte bancaire,7.39
O009929,C01800,2025-04-07,Completed,Site web,Carte bancaire,4.39
O009930,C03652,2025-08-28,Completed,WhatsApp,Carte bancaire,8.09
O009931,C01318,2025-11-02,Completed,Site web,Virement,4.94
O009932,C01845,2025-10-11,Completed,Boutique,Carte bancaire,2.74
O009933,C03890,2025-01-18,Completed,Site web,Mobile Money,4.2
O009934,C00630,2025-09-02,Returned,WhatsApp,Carte bancaire,7.32
O009935,C02193,2025-12-25,Completed,Site web,Carte bancaire,5.2
O009936,C02428,2025-10-16,Completed,Site web,Carte bancaire,3.46
O009937,C02941,2026-02-05,Pending,Site web,Carte bancaire,11.05
O009938,C03904,2026-03-02,Pending,Site web,Mobile Money,2.14
O009939,C01445,2025-04-09,Pending,Boutique,Mobile Money,10.13
O009940,C00487,2026-03-17,Completed,Site web,Carte bancaire,9.6
O009941,C01677,2026-05-06,Completed,Boutique,Mobile Money,8.87
O009942,C00657,2026-04-05,Completed,Site web,Mobile Money,8.51
O009943,C03058,2026-04-12,Returned,WhatsApp,Cash,3.9
O009944,C02381,2025-04-27,Completed,WhatsApp,Mobile Money,4.56
O009945,C03182,2025-12-24,Returned,Site web,Mobile Money,11.99
O009946,C01428,2025-09-08,Completed,Site web,Mobile Money,9.39
O009947,C04010,2026-06-24,Completed,Site web,Mobile Money,7.73
O009948,C03762,2026-04-01,Cancelled,Site web,Mobile Money,4.52
O009949,C03847,2025-03-30,Pending,Site web,Mobile Money,3.58
O009950,C02994,2026-06-01,Completed,Marketplace,Mobile Money,2.75
O009951,C00787,2026-01-18,Completed,Site web,Cash,4.16
O009952,C00618,2025-10-25,Completed,Marketplace,Carte bancaire,5.44
O009953,C04020,2025-09-02,Completed,Marketplace,Mobile Money,6.75
O009954,C03658,2025-09-28,Completed,Site web,Cash,9.86
O009955,C03700,2026-02-27,Completed,Boutique,Virement,12.67
O009956,C02698,2026-02-23,Completed,Marketplace,Mobile Money,10.77
O009957,C03598,2025-10-30,Completed,Site web,Mobile Money,2.47
O009958,C02074,2026-06-28,Completed,WhatsApp,Mobile Money,3.98
O009959,C00682,2025-05-08,Completed,Boutique,Carte bancaire,3.4
O009960,C01078,2025-08-22,Completed,Boutique,Carte bancaire,9.56
O009961,C03577,2025-11-25,Completed,Boutique,Virement,8.65
O009962,C02729,2025-04-01,Completed,Site web,Carte bancaire,4.84
O009963,C04190,2025-10-01,Completed,Site web,Mobile Money,6.0
O009964,C03774,2026-04-03,Completed,WhatsApp,Mobile Money,7.01
O009965,C03190,2026-01-06,Completed,Site web,Carte bancaire,8.01
O009966,C00162,2026-01-25,Completed,WhatsApp,Mobile Money,10.09
O009967,C00778,2025-03-30,Completed,WhatsApp,Mobile Money,6.99
O009968,C01576,2025-03-21,Completed,Site web,Mobile Money,5.75
O009969,C00151,2025-08-31,Completed,Marketplace,Virement,7.61
O009970,C03930,2025-06-27,Completed,WhatsApp,Carte bancaire,5.75
O009971,C00958,2025-01-06,Completed,WhatsApp,Mobile Money,7.58
O009972,C01609,2025-10-31,Completed,Marketplace,Mobile Money,5.82
O009973,C02834,2026-02-18,Completed,Site web,Carte bancaire,9.96
O009974,C00151,2026-02-05,Returned,Boutique,Carte bancaire,10.21
O009975,C02673,2025-02-26,Pending,Site web,Carte bancaire,5.79
O009976,C00427,2026-03-04,Cancelled,WhatsApp,Carte bancaire,12.61
O009977,C03791,2025-07-28,Completed,Boutique,Carte bancaire,6.99
O009978,C02902,2025-03-27,Completed,Marketplace,Mobile Money,7.64
O009979,C01410,2025-09-16,Completed,Site web,Carte bancaire,10.69
O009980,C02941,2025-04-29,Completed,Boutique,Mobile Money,12.44
O009981,C01319,2026-01-04,Completed,Site web,Virement,9.91
O009982,C00484,2026-02-12,Completed,WhatsApp,Virement,7.36
O009983,C00041,2026-02-02,Returned,Marketplace,Mobile Money,5.24
O009984,C00921,2025-03-05,Returned,Boutique,Mobile Money,7.32
O009985,C02973,2025-07-10,Completed,Boutique,Virement,8.17
O009986,C02369,2025-09-30,Cancelled,Boutique,Carte bancaire,7.62
O009987,C01147,2026-06-24,Pending,Site web,Mobile Money,5.68
O009988,C02884,2025-10-27,Completed,Boutique,Mobile Money,4.09
O009989,C01632,2025-12-25,Completed,WhatsApp,Mobile Money,6.96
O009990,C00659,2025-07-05,Completed,WhatsApp,Mobile Money,4.36
O009991,C02853,2025-06-11,Completed,Marketplace,Cash,1.5
O009992,C01917,2026-03-13,Completed,Site web,Carte bancaire,3.63
O009993,C02791,2026-04-03,Completed,Site web,Carte bancaire,4.93
O009994,C02361,2025-01-31,Completed,Boutique,Cash,3.9
O009995,C00426,2025-10-23,Completed,Site web,Mobile Money,6.89
O009996,C00209,2026-03-03,Completed,Boutique,Virement,2.44
O009997,C00423,2025-03-28,Completed,Marketplace,Virement,2.75
O009998,C00940,2025-12-21,Pending,Boutique,Mobile Money,9.97
O009999,C00942,2025-09-17,Completed,WhatsApp,Cash,8.98
O010000,C03860,2025-10-05,Completed,Marketplace,Carte bancaire,7.09
O010001,C03290,2025-11-22,Completed,WhatsApp,Mobile Money,10.37
O010002,C03696,2026-04-24,Completed,Site web,Mobile Money,4.02
O010003,C01992,2025-02-17,Completed,Boutique,Mobile Money,8.37
O010004,C01355,2025-04-21,Completed,Boutique,Virement,5.57
O010005,C01693,2025-07-09,Completed,Marketplace,Mobile Money,10.6
O010006,C03646,2026-03-15,Completed,Site web,Mobile Money,6.82
O010007,C01494,2025-11-21,Completed,Site web,Carte bancaire,3.48
O010008,C02657,2025-04-13,Completed,Site web,Carte bancaire,10.21
O010009,C00608,2025-01-13,Returned,Site web,Mobile Money,4.92
O010010,C04123,2026-06-27,Completed,Boutique,Mobile Money,2.58
O010011,C02696,2025-03-17,Completed,WhatsApp,Carte bancaire,10.68
O010012,C04059,2025-01-18,Completed,Site web,Mobile Money,8.02
O010013,C01238,2025-08-11,Completed,Site web,Carte bancaire,3.51
O010014,C02592,2025-10-31,Completed,Site web,Mobile Money,5.79
O010015,C01151,2025-05-22,Returned,WhatsApp,Mobile Money,5.7
O010016,C01965,2025-04-03,Completed,Boutique,Cash,3.42
O010017,C01357,2025-02-17,Completed,Marketplace,Mobile Money,3.53
O010018,C00598,2025-08-12,Completed,WhatsApp,Mobile Money,5.8
O010019,C01858,2026-06-06,Cancelled,Site web,Mobile Money,9.05
O010020,C02228,2025-03-23,Completed,Site web,Mobile Money,8.6
O010021,C00660,2025-11-10,Completed,WhatsApp,Mobile Money,4.45
O010022,C01673,2025-04-17,Completed,WhatsApp,Cash,8.6
O010023,C00394,2026-01-05,Completed,Site web,Mobile Money,10.57
O010024,C02712,2025-02-03,Completed,Site web,Carte bancaire,3.52
O010025,C01315,2025-04-22,Returned,Boutique,Mobile Money,8.3
O010026,C00376,2025-01-05,Completed,WhatsApp,Mobile Money,6.14
O010027,C02156,2025-12-22,Completed,Site web,Carte bancaire,5.28
O010028,C03507,2026-01-30,Pending,WhatsApp,Carte bancaire,6.15
O010029,C04164,2025-04-05,Completed,WhatsApp,Mobile Money,8.53
O010030,C04062,2025-09-06,Completed,Site web,Mobile Money,2.31
O010031,C00730,2025-06-10,Completed,Marketplace,Mobile Money,6.1
O010032,C00880,2025-01-25,Completed,Site web,Virement,5.0
O010033,C03751,2025-01-21,Completed,Site web,Carte bancaire,6.16
O010034,C02658,2026-05-30,Completed,WhatsApp,Virement,5.54
O010035,C02282,2025-12-21,Completed,WhatsApp,Mobile Money,3.84
O010036,C03369,2025-12-31,Completed,WhatsApp,Carte bancaire,11.75
O010037,C00272,2025-06-11,Completed,Marketplace,Carte bancaire,1.5
O010038,C02329,2025-05-25,Completed,Site web,Virement,7.81
O010039,C02405,2026-03-12,Completed,Site web,Carte bancaire,7.83
O010040,C03929,2025-08-29,Cancelled,Site web,Mobile Money,6.33
O010041,C01964,2025-02-25,Completed,Site web,Mobile Money,6.93
O010042,C02150,2025-09-26,Completed,Boutique,Virement,8.0
O010043,C03364,2025-10-13,Returned,Site web,Virement,4.52
O010044,C01137,2025-11-09,Completed,Site web,Cash,5.0
O010045,C00294,2025-10-22,Returned,WhatsApp,Carte bancaire,5.15
O010046,C01981,2026-04-15,Completed,Boutique,Mobile Money,7.53
O010047,C02565,2025-05-14,Completed,Marketplace,Mobile Money,7.64
O010048,C02050,2025-11-20,Pending,Site web,Mobile Money,2.95
O010049,C02967,2026-05-02,Completed,Boutique,Mobile Money,5.93
O010050,C01066,2026-06-21,Cancelled,Site web,Carte bancaire,4.28
O010051,C00060,2026-06-13,Completed,Marketplace,Mobile Money,3.31
O010052,C03306,2026-02-03,Completed,Marketplace,Mobile Money,4.71
O010053,C03574,2025-02-28,Completed,WhatsApp,Mobile Money,2.77
O010054,C02595,2026-06-26,Completed,WhatsApp,Cash,1.5
O010055,C01319,2025-01-18,Completed,WhatsApp,Virement,6.38
O010056,C01556,2025-10-29,Completed,WhatsApp,Mobile Money,8.95
O010057,C02015,2025-09-02,Completed,Site web,Virement,5.2
O010058,C01771,2026-01-07,Completed,Boutique,Cash,8.9
O010059,C00940,2026-03-05,Completed,Marketplace,Virement,8.44
O010060,C01562,2026-02-09,Completed,Boutique,Mobile Money,3.52
O010061,C01252,2025-05-05,Completed,Site web,Mobile Money,3.65
O010062,C01882,2026-02-18,Completed,WhatsApp,Virement,1.82
O010063,C01578,2026-02-20,Pending,WhatsApp,Mobile Money,6.83
O010064,C02218,2025-01-14,Completed,Site web,Mobile Money,7.65
O010065,C03389,2025-12-16,Completed,WhatsApp,Mobile Money,6.1
O010066,C01390,2025-03-11,Completed,Site web,Mobile Money,3.79
O010067,C00243,2025-11-04,Completed,WhatsApp,Mobile Money,5.87
O010068,C03437,2025-05-05,Completed,Site web,Mobile Money,8.18
O010069,C00783,2025-07-16,Completed,Site web,Mobile Money,7.87
O010070,C03900,2025-05-29,Completed,Marketplace,Carte bancaire,7.64
O010071,C02221,2026-04-18,Pending,Site web,Cash,7.04
O010072,C02196,2026-05-12,Completed,Site web,Mobile Money,9.53
O010073,C01718,2026-03-14,Completed,Site web,Carte bancaire,3.15
O010074,C02988,2026-01-31,Completed,WhatsApp,Mobile Money,4.27
O010075,C02743,2025-07-19,Completed,Marketplace,Carte bancaire,3.28
O010076,C03909,2025-03-20,Completed,WhatsApp,Mobile Money,4.86
O010077,C00070,2025-11-08,Completed,Marketplace,Virement,10.47
O010078,C00807,2025-08-22,Completed,Site web,Mobile Money,3.8
O010079,C01167,2025-06-04,Completed,Site web,Mobile Money,3.85
O010080,C00797,2025-05-14,Completed,Marketplace,Carte bancaire,1.5
O010081,C03984,2025-03-30,Cancelled,Site web,Carte bancaire,7.97
O010082,C00305,2026-03-31,Completed,Site web,Carte bancaire,5.95
O010083,C00510,2025-06-26,Cancelled,Site web,Mobile Money,10.22
O010084,C01857,2026-05-18,Cancelled,Marketplace,Carte bancaire,10.24
O010085,C01110,2026-01-03,Completed,Site web,Cash,2.69
O010086,C01391,2025-04-01,Pending,Marketplace,Carte bancaire,5.82
O010087,C02537,2025-02-04,Returned,WhatsApp,Mobile Money,9.84
O010088,C02355,2025-08-17,Completed,Site web,Cash,3.82
O010089,C03630,2025-02-14,Completed,Site web,Carte bancaire,8.97
O010090,C01895,2026-06-07,Completed,WhatsApp,Carte bancaire,1.5
O010091,C03937,2026-05-13,Completed,Site web,Mobile Money,5.84
O010092,C00799,2025-12-27,Completed,Site web,Mobile Money,4.14
O010093,C00817,2025-06-10,Completed,WhatsApp,Carte bancaire,9.21
O010094,C01643,2026-04-21,Completed,WhatsApp,Carte bancaire,4.89
O010095,C00491,2025-12-21,Completed,Site web,Mobile Money,8.48
O010096,C00122,2025-07-16,Completed,Marketplace,Carte bancaire,7.59
O010097,C01560,2026-04-28,Completed,Site web,Mobile Money,3.76
O010098,C02258,2025-04-25,Completed,Marketplace,Virement,8.69
O010099,C01167,2025-11-08,Returned,Boutique,Mobile Money,7.66
O010100,C01139,2026-01-14,Completed,Boutique,Cash,1.5
O010101,C00409,2026-05-13,Completed,WhatsApp,Carte bancaire,7.59
O010102,C00472,2025-03-17,Pending,Site web,Virement,4.61
O010103,C03710,2025-06-07,Pending,Boutique,Mobile Money,7.42
O010104,C00277,2026-04-06,Completed,Boutique,Mobile Money,6.79
O010105,C02951,2025-10-01,Pending,Boutique,Virement,9.06
O010106,C03001,2026-02-18,Completed,Marketplace,Virement,8.87
O010107,C00854,2026-02-28,Completed,Site web,Carte bancaire,3.68
O010108,C01039,2025-06-17,Pending,Marketplace,Mobile Money,4.48
O010109,C01544,2025-07-01,Pending,Marketplace,Carte bancaire,5.27
O010110,C02767,2025-10-01,Completed,Marketplace,Carte bancaire,9.23
O010111,C00154,2025-01-16,Completed,WhatsApp,Virement,4.82
O010112,C03426,2026-03-14,Completed,Boutique,Carte bancaire,6.99
O010113,C01432,2025-03-05,Completed,WhatsApp,Virement,8.74
O010114,C02100,2026-05-28,Completed,WhatsApp,Carte bancaire,6.16
O010115,C03822,2026-03-03,Completed,Marketplace,Virement,11.22
O010116,C00559,2025-07-12,Completed,Site web,Virement,4.39
O010117,C03980,2025-02-09,Completed,Boutique,Mobile Money,7.63
O010118,C02582,2026-03-09,Completed,Site web,Virement,7.2
O010119,C01793,2025-09-03,Completed,Site web,Carte bancaire,6.39
O010120,C00301,2025-04-17,Completed,WhatsApp,Carte bancaire,1.5
O010121,C00284,2025-08-24,Completed,WhatsApp,Mobile Money,5.19
O010122,C03433,2026-05-11,Completed,Site web,Virement,1.5
O010123,C01689,2026-01-13,Completed,Boutique,Mobile Money,4.52
O010124,C03199,2026-01-12,Completed,Site web,Mobile Money,5.78
O010125,C03500,2025-10-09,Completed,Boutique,Mobile Money,12.91
O010126,C01689,2025-03-25,Completed,Site web,Virement,8.27
O010127,C01329,2026-06-05,Completed,Site web,Mobile Money,2.91
O010128,C01131,2026-02-10,Completed,Site web,Carte bancaire,6.6
O010129,C02674,2025-10-10,Completed,Site web,Cash,7.27
O010130,C02981,2026-02-01,Completed,Boutique,Carte bancaire,6.3
O010131,C01469,2025-07-18,Completed,WhatsApp,Virement,6.06
O010132,C02383,2026-02-11,Completed,Boutique,Mobile Money,4.34
O010133,C02268,2026-06-15,Completed,Boutique,Mobile Money,7.08
O010134,C00610,2025-07-08,Completed,Site web,Mobile Money,6.78
O010135,C02208,2025-01-05,Completed,Marketplace,Virement,8.04
O010136,C03189,2026-02-10,Cancelled,Boutique,Carte bancaire,8.52
O010137,C04041,2026-04-12,Completed,Site web,Mobile Money,8.42
O010138,C01403,2026-03-29,Cancelled,WhatsApp,Cash,6.32
O010139,C01003,2026-06-19,Completed,Site web,Carte bancaire,5.51
O010140,C03755,2025-07-10,Completed,Site web,Virement,8.22
O010141,C03862,2026-05-19,Completed,Site web,Mobile Money,3.53
O010142,C03484,2025-04-24,Completed,WhatsApp,Virement,1.5
O010143,C01409,2025-11-18,Completed,Site web,Carte bancaire,1.5
O010144,C01159,2026-05-02,Completed,WhatsApp,Mobile Money,1.5
O010145,C02625,2026-05-17,Completed,WhatsApp,Mobile Money,7.69
O010146,C01073,2025-12-07,Completed,Boutique,Carte bancaire,6.4
O010147,C03232,2025-10-27,Completed,Site web,Carte bancaire,8.36
O010148,C01672,2025-09-10,Completed,Site web,Mobile Money,7.55
O010149,C01374,2026-04-21,Returned,WhatsApp,Mobile Money,9.11
O010150,C03379,2026-04-28,Completed,WhatsApp,Mobile Money,9.39
O010151,C01492,2025-05-12,Returned,WhatsApp,Mobile Money,8.84
O010152,C00549,2025-03-16,Completed,WhatsApp,Cash,8.9
O010153,C03339,2026-03-23,Completed,Site web,Virement,10.91
O010154,C01328,2026-03-21,Completed,WhatsApp,Mobile Money,12.25
O010155,C02753,2025-02-24,Completed,WhatsApp,Virement,6.22
O010156,C02769,2025-09-26,Completed,WhatsApp,Carte bancaire,10.61
O010157,C00349,2025-10-05,Completed,WhatsApp,Mobile Money,-5.0
O010158,C00141,2025-01-24,Pending,WhatsApp,Virement,4.42
O010159,C03446,2025-12-30,Completed,WhatsApp,Mobile Money,10.97
O010160,C00235,2026-06-17,Completed,Boutique,Mobile Money,6.31
O010161,C01394,2025-04-26,Completed,WhatsApp,Virement,1.5
O010162,C03202,2026-03-03,Completed,Marketplace,Virement,2.4
O010163,C00747,2025-02-14,Returned,Marketplace,Mobile Money,3.68
O010164,C02194,2025-04-28,Completed,Site web,Carte bancaire,2.48
O010165,C00486,2025-11-06,Completed,Marketplace,Virement,7.61
O010166,C02342,2026-05-22,Returned,Site web,Virement,3.41
O010167,C02997,2026-05-01,Returned,Marketplace,Mobile Money,5.16
O010168,C01046,2026-05-28,Completed,Marketplace,Mobile Money,4.18
O010169,C01184,2026-06-26,Completed,Site web,Mobile Money,1.9
O010170,C02234,2026-03-15,Completed,Site web,Mobile Money,2.05
O010171,C03324,2025-07-19,Completed,Boutique,Virement,8.73
O010172,C02290,2025-03-11,Completed,Site web,Mobile Money,6.98
O010173,C02947,2026-03-27,Completed,WhatsApp,Cash,1.5
O010174,C01738,2025-04-13,Pending,Site web,Mobile Money,4.1
O010175,C00541,2025-10-13,Completed,WhatsApp,Mobile Money,8.68
O010176,C04051,2026-02-18,Completed,Site web,Mobile Money,7.69
O010177,C03345,2025-01-19,Completed,Boutique,Carte bancaire,12.38
O010178,C00207,2026-05-16,Completed,WhatsApp,Mobile Money,5.23
O010179,C01160,2025-06-16,Completed,Boutique,Cash,7.13
O010180,C01743,2025-04-28,Completed,Boutique,Mobile Money,3.35
O010181,C00343,2025-07-23,Completed,Boutique,Virement,1.5
O010182,C03602,2025-09-10,Completed,WhatsApp,Mobile Money,7.09
O010183,C00726,2025-09-07,Completed,Site web,Carte bancaire,4.82
O010184,C00867,2025-03-26,Completed,Site web,Carte bancaire,14.0
O010185,C01331,2025-04-14,Completed,WhatsApp,Virement,4.24
O010186,C03927,2025-09-19,Completed,Site web,Carte bancaire,4.74
O010187,C00949,2025-05-05,Completed,Boutique,Mobile Money,6.24
O010188,C01788,2025-12-19,Completed,Site web,Mobile Money,8.82
O010189,C02866,2026-05-08,Completed,Site web,Mobile Money,8.57
O010190,C00658,2025-01-11,Pending,WhatsApp,Carte bancaire,1.5
O010191,C00374,2025-01-20,Completed,Boutique,Virement,9.92
O010192,C00392,2025-12-19,Completed,Site web,Mobile Money,5.51
O010193,C00772,2025-01-16,Completed,Boutique,Mobile Money,1.5
O010194,C01374,2025-12-17,Pending,Marketplace,Mobile Money,6.01
O010195,C03951,2025-09-26,Completed,Site web,Carte bancaire,2.95
O010196,C03863,2025-09-07,Returned,Marketplace,Mobile Money,9.55
O010197,C02391,2025-11-29,Completed,WhatsApp,Carte bancaire,7.03
O010198,C03945,2026-05-06,Pending,Site web,Carte bancaire,9.23
O010199,C00122,2025-03-11,Completed,Boutique,Carte bancaire,9.58
O010200,C02366,2025-03-15,Completed,Boutique,Carte bancaire,4.63
O010201,C01866,2026-01-17,Completed,Boutique,Mobile Money,6.75
O010202,C00497,2025-01-29,Completed,Site web,Cash,9.41
O010203,C02324,2025-08-24,Completed,Site web,Carte bancaire,6.67
O010204,C01918,2025-09-29,Completed,Site web,Virement,3.53
O010205,C03207,2025-08-03,Completed,WhatsApp,Carte bancaire,10.33
O010206,C01755,2025-10-20,Completed,WhatsApp,Carte bancaire,6.08
O010207,C01803,2025-03-04,Completed,Marketplace,Virement,3.64
O010208,C00971,2025-05-27,Completed,Site web,Cash,11.75
O010209,C01985,2025-01-03,Completed,WhatsApp,Mobile Money,1.5
O010210,C00320,2026-06-11,Completed,WhatsApp,Carte bancaire,4.0
O010211,C02379,2026-04-01,Completed,Boutique,Mobile Money,4.28
O010212,C01603,2025-05-20,Completed,Marketplace,Mobile Money,8.63
O010213,C01150,2025-01-20,Completed,Boutique,Virement,4.95
O010214,C01562,2025-05-29,Completed,Site web,Cash,3.95
O010215,C03746,2026-06-08,Completed,Boutique,Carte bancaire,9.13
O010216,C02957,2026-03-21,Completed,Marketplace,Mobile Money,8.34
O010217,C03581,2025-12-28,Completed,Site web,Virement,5.14
O010218,C01656,2026-05-21,Cancelled,WhatsApp,Cash,6.7
O010219,C01654,2025-04-07,Returned,WhatsApp,Cash,2.62
O010220,C00056,2025-10-21,Pending,WhatsApp,Virement,5.31
O010221,C02866,2026-03-12,Completed,Marketplace,Carte bancaire,5.79
O010222,C00085,2025-01-11,Completed,Boutique,Mobile Money,2.12
O010223,C04084,2025-08-27,Completed,Site web,Mobile Money,1.5
O010224,C02888,2025-07-14,Completed,Site web,Mobile Money,4.8
O010225,C01956,2025-04-07,Completed,Site web,Mobile Money,9.17
O010226,C02776,2025-05-03,Completed,Marketplace,Mobile Money,7.74
O010227,C04174,2026-06-15,Completed,Site web,Carte bancaire,4.2
O010228,C00674,2025-10-08,Pending,WhatsApp,Virement,13.78
O010229,C03134,2025-02-14,Pending,Boutique,Virement,2.78
O010230,C03639,2026-01-10,Completed,Site web,Mobile Money,7.65
O010231,C02463,2025-11-20,Completed,Site web,Mobile Money,4.41
O010232,C02784,2025-08-04,Pending,Boutique,Cash,9.64
O010233,C02126,2025-08-06,Completed,Site web,Cash,5.66
O010234,C00648,2025-10-22,Completed,WhatsApp,Cash,5.28
O010235,C04121,2026-05-24,Completed,Site web,Cash,8.89
O010236,C01208,2026-02-21,Pending,Site web,Mobile Money,5.5
O010237,C01620,2025-08-08,Completed,Site web,Virement,8.22
O010238,C04090,2025-05-15,Completed,Site web,Mobile Money,5.67
O010239,C00238,2025-03-01,Pending,Site web,Mobile Money,1.5
O010240,C01713,2025-04-18,Completed,Site web,Carte bancaire,12.47
O010241,C02335,2025-03-17,Completed,WhatsApp,Virement,7.56
O010242,C00995,2026-03-18,Completed,Site web,Mobile Money,5.07
O010243,C02815,2025-11-12,Completed,Site web,Mobile Money,10.09
O010244,C02202,2025-01-21,Completed,Boutique,Cash,3.1
O010245,C01101,2026-05-23,Completed,WhatsApp,Mobile Money,3.27
O010246,C00864,2025-03-24,Completed,Boutique,Virement,1.76
O010247,C01204,2025-12-20,Completed,Boutique,Virement,5.4
O010248,C03326,2025-01-07,Completed,Site web,Mobile Money,4.02
O010249,C02188,2025-11-19,Completed,WhatsApp,Mobile Money,5.13
O010250,C03337,2025-11-01,Completed,Marketplace,Mobile Money,1.59
O010251,C03018,2026-05-14,Completed,Site web,Carte bancaire,3.94
O010252,C03364,2025-11-25,Completed,Site web,Carte bancaire,7.37
O010253,C03592,2025-09-26,Pending,Site web,Mobile Money,10.1
O010254,C02593,2025-10-19,Completed,Marketplace,Carte bancaire,6.13
O010255,C01514,2025-12-14,Completed,Site web,Mobile Money,4.51
O010256,C02915,2025-08-16,Completed,Marketplace,Carte bancaire,7.89
O010257,C03967,2026-01-27,Completed,WhatsApp,Carte bancaire,9.53
O010258,C01350,2025-10-17,Completed,WhatsApp,Virement,9.37
O010259,C02049,2026-06-16,Completed,Site web,Carte bancaire,7.53
O010260,C03692,2025-04-17,Completed,Site web,Carte bancaire,3.74
O010261,C02509,2026-02-04,Completed,Site web,Mobile Money,5.83
O010262,C00606,2026-03-29,Completed,Boutique,Carte bancaire,6.73
O010263,C01473,2026-01-29,Completed,Boutique,Mobile Money,1.5
O010264,C01069,2026-06-22,Completed,WhatsApp,Carte bancaire,6.08
O010265,C02006,2025-08-26,Completed,Site web,Mobile Money,11.17
O010266,C04170,2025-10-24,Completed,WhatsApp,Cash,4.08
O010267,C03526,2025-03-26,Returned,WhatsApp,Mobile Money,1.5
O010268,C04034,2025-07-25,Completed,Boutique,Cash,4.0
O010269,C03115,2025-03-29,Completed,Site web,Mobile Money,3.89
O010270,C02133,2026-03-10,Completed,Marketplace,Carte bancaire,9.31
O010271,C02772,2026-03-05,Completed,WhatsApp,Mobile Money,13.9
O010272,C02097,2025-04-16,Completed,WhatsApp,Cash,6.47
O010273,C00173,2026-03-16,Completed,Site web,Carte bancaire,3.44
O010274,C00491,2025-06-25,Completed,WhatsApp,Mobile Money,2.37
O010275,C02331,2026-02-04,Completed,Site web,Mobile Money,9.09
O010276,C02771,2026-05-31,Completed,WhatsApp,Carte bancaire,8.17
O010277,C01066,2026-03-31,Completed,Site web,Virement,9.51
O010278,C00131,2025-04-13,Completed,Site web,Virement,4.41
O010279,C00294,2025-04-09,Pending,Site web,Carte bancaire,10.89
O010280,C01321,2025-03-03,Completed,Marketplace,Cash,6.52
O010281,C03617,2026-04-07,Completed,Boutique,Carte bancaire,3.86
O010282,C01758,2025-10-27,Returned,WhatsApp,Mobile Money,1.5
O010283,C04089,2025-03-27,Returned,Site web,Mobile Money,4.46
O010284,C03755,2025-11-18,Completed,Site web,Carte bancaire,4.42
O010285,C03605,2025-10-18,Completed,Marketplace,Virement,2.79
O010286,C04068,2025-11-24,Completed,Boutique,Carte bancaire,7.34
O010287,C01017,2025-12-14,Completed,Boutique,Mobile Money,3.92
O010288,C04091,2025-04-01,Returned,Boutique,Carte bancaire,3.15
O010289,C03881,2025-08-01,Completed,Boutique,Mobile Money,3.25
O010290,C03356,2026-01-31,Completed,Site web,Cash,1.74
O010291,C00809,2026-05-14,Cancelled,Site web,Mobile Money,4.29
O010292,C01218,2025-05-13,Completed,Boutique,Cash,4.36
O010293,C02740,2025-11-09,Returned,Site web,Mobile Money,5.27
O010294,C00191,2026-06-04,Completed,Site web,Carte bancaire,7.15
O010295,C03451,2025-11-26,Completed,Boutique,Carte bancaire,10.59
O010296,C01788,2025-05-05,Returned,Boutique,Virement,9.03
O010297,C00091,2025-11-16,Completed,Site web,Carte bancaire,1.5
O010298,C01250,2025-01-10,Completed,WhatsApp,Carte bancaire,8.68
O010299,C01660,2025-09-26,Completed,Site web,Mobile Money,9.25
O010300,C02752,2025-11-08,Completed,Site web,Mobile Money,8.27
O010301,C02530,2025-01-31,Completed,Site web,Carte bancaire,4.65
O010302,C01559,2025-04-22,Completed,Boutique,Mobile Money,10.39
O010303,C02602,2026-06-26,Returned,Site web,Carte bancaire,3.31
O010304,C03742,2025-12-11,Completed,Boutique,Virement,9.2
O010305,C01471,2025-09-09,Completed,Site web,Mobile Money,9.11
O010306,C01571,2025-05-06,Completed,Site web,Mobile Money,7.5
O010307,C00427,2025-03-10,Returned,Site web,Carte bancaire,1.5
O010308,C01588,2025-08-23,Completed,Boutique,Mobile Money,6.61
O010309,C01193,2025-10-26,Returned,Marketplace,Mobile Money,8.5
O010310,C03189,2025-04-09,Cancelled,Site web,Mobile Money,6.14
O010311,C00475,2026-03-15,Completed,WhatsApp,Mobile Money,5.75
O010312,C02479,2025-08-23,Completed,Site web,Mobile Money,4.88
O010313,C03244,2025-01-31,Completed,Site web,Mobile Money,4.42
O010314,C01073,2025-03-16,Completed,Site web,Mobile Money,5.71
O010315,C00285,2026-04-18,Completed,Site web,Cash,9.59
O010316,C02843,2025-07-05,Completed,Marketplace,Carte bancaire,3.89
O010317,C02472,2025-07-24,Completed,WhatsApp,Mobile Money,7.18
O010318,C02365,2025-04-20,Pending,Marketplace,Carte bancaire,1.5
O010319,C03695,2026-03-19,Completed,Boutique,Carte bancaire,4.42
O010320,C00438,2026-03-24,Completed,Boutique,Carte bancaire,8.14
O010321,C00831,2025-05-13,Completed,Site web,Carte bancaire,9.02
O010322,C01963,2026-02-04,Completed,Site web,Virement,2.66
O010323,C02361,2025-09-05,Completed,Site web,Virement,6.85
O010324,C03859,2025-04-02,Completed,Site web,Mobile Money,8.34
O010325,C02599,2026-03-13,Completed,Site web,Carte bancaire,3.57
O010326,C00890,2025-02-15,Completed,Site web,Carte bancaire,1.5
O010327,C03578,2026-04-25,Completed,Boutique,Mobile Money,1.94
O010328,C01742,2025-01-15,Completed,Site web,Cash,1.5
O010329,C03647,2025-06-27,Completed,WhatsApp,Cash,8.11
O010330,C01159,2025-05-05,Completed,WhatsApp,Carte bancaire,6.28
O010331,C03324,2025-05-09,Returned,Site web,Mobile Money,4.68
O010332,C02256,2025-09-21,Completed,Site web,Mobile Money,3.3
O010333,C02334,2026-02-16,Cancelled,WhatsApp,Mobile Money,9.27
O010334,C04096,2025-08-08,Completed,Marketplace,Carte bancaire,5.33
O010335,C00648,2025-10-10,Returned,Boutique,Mobile Money,6.92
O010336,C01302,2026-06-17,Completed,Marketplace,Carte bancaire,3.23
O010337,C00769,2025-09-30,Completed,Site web,Cash,2.42
O010338,C03498,2026-03-11,Completed,Boutique,Mobile Money,9.0
O010339,C03573,2025-07-30,Completed,Boutique,Cash,6.21
O010340,C03521,2025-02-12,Completed,Marketplace,Carte bancaire,6.47
O010341,C01001,2025-05-21,Completed,Site web,Mobile Money,6.93
O010342,C01090,2025-03-29,Completed,Boutique,Mobile Money,8.92
O010343,C01690,2026-05-13,Completed,WhatsApp,Mobile Money,9.45
O010344,C03245,2025-01-15,Pending,Site web,Carte bancaire,2.61
O010345,C03156,2026-03-27,Completed,WhatsApp,Carte bancaire,5.18
O010346,C04151,2025-03-17,Returned,Site web,Virement,2.87
O010347,C03295,2025-03-24,Completed,Marketplace,Mobile Money,6.49
O010348,C04007,2025-10-18,Completed,Marketplace,Carte bancaire,4.79
O010349,C01119,2025-02-14,Completed,WhatsApp,Carte bancaire,5.03
O010350,C02545,2025-02-12,Completed,Site web,Mobile Money,5.29
O010351,C02239,2026-03-02,Completed,Site web,Mobile Money,5.13
O010352,C00638,2025-02-02,Completed,Site web,Carte bancaire,13.53
O010353,C03978,2025-11-24,Completed,WhatsApp,Cash,1.5
O010354,C00502,2025-03-06,Completed,Site web,Virement,5.51
O010355,C03591,2025-02-16,Completed,WhatsApp,Cash,1.5
O010356,C01121,2026-01-02,Completed,WhatsApp,Mobile Money,6.46
O010357,C00931,2025-08-03,Pending,Site web,Carte bancaire,1.72
O010358,C02526,2025-01-11,Completed,Site web,Mobile Money,5.77
O010359,C01964,2026-01-09,Completed,Site web,Mobile Money,3.77
O010360,C01623,2026-06-16,Cancelled,Marketplace,Mobile Money,9.2
O010361,C03794,2025-11-04,Completed,WhatsApp,Carte bancaire,1.51
O010362,C02936,2025-07-28,Completed,WhatsApp,Virement,1.9
O010363,C02558,2026-04-08,Cancelled,Site web,Carte bancaire,2.53
O010364,C03309,2025-07-04,Completed,Boutique,Carte bancaire,7.09
O010365,C03374,2025-12-02,Pending,Site web,Mobile Money,6.59
O010366,C00758,2025-09-18,Cancelled,Site web,Carte bancaire,5.07
O010367,C01854,2026-02-03,Completed,WhatsApp,Mobile Money,7.87
O010368,C03803,2025-10-11,Completed,Site web,Mobile Money,1.5
O010369,C03421,2025-09-22,Completed,Boutique,Carte bancaire,5.22
O010370,C00255,2025-08-19,Returned,Boutique,Cash,5.89
O010371,C01035,2025-06-12,Completed,WhatsApp,Cash,6.48
O010372,C01113,2025-09-24,Completed,Site web,Virement,6.15
O010373,C02157,2025-02-03,Completed,Site web,Mobile Money,6.7
O010374,C03423,2025-07-06,Completed,Boutique,Carte bancaire,7.3
O010375,C02029,2025-02-11,Completed,Site web,Cash,11.79
O010376,C00772,2025-06-26,Returned,Boutique,Mobile Money,8.1
O010377,C02341,2025-07-12,Completed,Boutique,Mobile Money,1.5
O010378,C00925,2025-01-15,Completed,Site web,Mobile Money,8.47
O010379,C02848,2025-06-12,Returned,Site web,Virement,5.51
O010380,C04098,2026-01-04,Completed,Site web,Carte bancaire,4.24
O010381,C02656,2026-06-16,Completed,Site web,Cash,1.61
O010382,C03832,2025-12-05,Completed,Marketplace,Mobile Money,5.07
O010383,C02287,2026-01-26,Cancelled,WhatsApp,Mobile Money,6.55
O010384,C03414,2026-01-02,Returned,WhatsApp,Carte bancaire,8.21
O010385,C03949,2026-06-02,Completed,Site web,Mobile Money,2.65
O010386,C00730,2026-05-31,Completed,Site web,Cash,4.71
O010387,C02796,2025-03-04,Completed,WhatsApp,Carte bancaire,4.47
O010388,C01072,2025-09-17,Completed,Marketplace,Carte bancaire,4.25
O010389,C00356,2026-05-13,Completed,WhatsApp,Mobile Money,1.5
O010390,C00988,2026-04-29,Completed,Site web,Virement,2.77
O010391,C00599,2025-10-20,Completed,Marketplace,Cash,5.05
O010392,C00795,2025-09-01,Completed,Site web,Virement,7.84
O010393,C00029,2025-02-01,Completed,WhatsApp,Carte bancaire,5.26
O010394,C04076,2025-09-19,Completed,Marketplace,Carte bancaire,2.37
O010395,C01850,2025-10-05,Returned,WhatsApp,Carte bancaire,5.18
O010396,C00698,2025-12-13,Completed,Marketplace,Mobile Money,2.24
O010397,C01442,2025-10-13,Completed,Boutique,Virement,8.19
O010398,C03137,2025-04-29,Completed,Site web,Mobile Money,10.45
O010399,C02655,2026-06-15,Pending,Boutique,Mobile Money,6.24
O010400,C00215,2025-04-30,Completed,Boutique,Cash,7.98
O010401,C00622,2025-07-29,Returned,Site web,Carte bancaire,3.82
O010402,C02284,2025-10-07,Completed,Marketplace,Carte bancaire,6.65
O010403,C04074,2025-06-10,Completed,Boutique,Mobile Money,5.77
O010404,C00298,2025-02-07,Completed,Site web,Virement,8.85
O010405,C03622,2025-12-01,Completed,Site web,Carte bancaire,4.08
O010406,C00260,2025-05-10,Completed,Site web,Carte bancaire,5.61
O010407,C02081,2026-04-27,Completed,Site web,Mobile Money,2.54
O010408,C00967,2026-03-11,Completed,WhatsApp,Mobile Money,7.76
O010409,C01779,2025-08-23,Completed,WhatsApp,Mobile Money,3.93
O010410,C03888,2025-09-12,Completed,Site web,Mobile Money,4.87
O010411,C00907,2026-06-05,Completed,WhatsApp,Carte bancaire,3.14
O010412,C02684,2025-01-15,Completed,Site web,Virement,5.25
O010413,C01400,2025-07-27,Completed,Marketplace,Mobile Money,7.96
O010414,C02736,2025-02-03,Cancelled,Boutique,Mobile Money,6.88
O010415,C00231,2025-03-17,Completed,Site web,Virement,9.64
O010416,C01251,2026-05-19,Pending,Site web,Virement,3.85
O010417,C04023,2025-02-25,Completed,Marketplace,Carte bancaire,5.84
O010418,C03040,2026-06-09,Pending,Site web,Carte bancaire,9.26
O010419,C03935,2026-03-06,Returned,Boutique,Mobile Money,3.0
O010420,C02863,2025-12-18,Completed,Site web,Carte bancaire,9.42
O010421,C00779,2026-02-11,Completed,Site web,Virement,10.41
O010422,C01940,2025-04-12,Pending,WhatsApp,Carte bancaire,2.53
O010423,C03688,2025-03-06,Completed,Site web,Virement,13.15
O010424,C02867,2025-07-21,Completed,Boutique,Carte bancaire,5.02
O010425,C02185,2026-02-23,Completed,Marketplace,Mobile Money,1.5
O010426,C03642,2025-06-17,Pending,WhatsApp,Mobile Money,2.55
O010427,C00478,2025-04-07,Completed,WhatsApp,Mobile Money,5.37
O010428,C04034,2026-03-07,Completed,Boutique,Cash,4.61
O010429,C00530,2025-12-14,Completed,Boutique,Cash,3.48
O010430,C04186,2025-10-22,Completed,Site web,Mobile Money,2.12
O010431,C03380,2025-08-14,Completed,Site web,Mobile Money,1.63
O010432,C02051,2026-03-04,Completed,WhatsApp,Cash,10.8
O010433,C02001,2026-02-07,Pending,Site web,Carte bancaire,6.91
O010434,C00138,2025-07-17,Returned,Boutique,Virement,8.85
O010435,C01331,2025-03-12,Returned,Marketplace,Mobile Money,3.04
O010436,C00963,2026-04-22,Returned,Boutique,Mobile Money,4.67
O010437,C02969,2025-03-16,Completed,WhatsApp,Mobile Money,2.81
O010438,C00827,2025-08-24,Completed,Boutique,Carte bancaire,4.36
O010439,C03385,2026-05-06,Completed,Site web,Cash,9.05
O010440,C01263,2025-08-17,Completed,Site web,Virement,4.56
O010441,C03572,2026-04-01,Returned,WhatsApp,Mobile Money,5.56
O010442,C01515,2025-09-26,Completed,Site web,Mobile Money,3.86
O010443,C03161,2026-02-13,Completed,Marketplace,Virement,8.18
O010444,C02809,2025-11-21,Completed,Boutique,Carte bancaire,4.17
O010445,C04157,2025-06-03,Completed,Site web,Carte bancaire,9.68
O010446,C02208,2026-05-05,Pending,Site web,Mobile Money,4.83
O010447,C01482,2025-09-14,Completed,Site web,Carte bancaire,13.27
O010448,C02729,2025-09-08,Completed,Site web,Mobile Money,9.59
O010449,C00126,2025-12-27,Returned,WhatsApp,Mobile Money,5.84
O010450,C04082,2026-05-25,Completed,Marketplace,Virement,6.21
O010451,C02848,2026-04-23,Completed,Site web,Carte bancaire,10.11
O010452,C00207,2025-08-04,Completed,Boutique,Mobile Money,6.98
O010453,C00725,2025-05-07,Completed,Boutique,Mobile Money,7.8
O010454,C00061,2025-06-27,Completed,Site web,Mobile Money,12.34
O010455,C02802,2025-05-24,Completed,Site web,Mobile Money,6.62
O010456,C02796,2025-06-11,Completed,Site web,Mobile Money,1.5
O010457,C00685,2025-08-25,Completed,WhatsApp,Carte bancaire,6.52
O010458,C02295,2025-01-12,Pending,Boutique,Mobile Money,9.52
O010459,C02057,2025-10-20,Completed,WhatsApp,Carte bancaire,6.94
O010460,C02028,2026-04-11,Returned,Boutique,Carte bancaire,2.53
O010461,C02596,2025-08-24,Completed,WhatsApp,Cash,5.74
O010462,C03584,2025-02-13,Pending,Site web,Carte bancaire,10.45
O010463,C03841,2025-08-02,Cancelled,Site web,Virement,1.74
O010464,C00668,2025-07-03,Completed,Boutique,Cash,1.5
O010465,C03965,2025-11-22,Completed,WhatsApp,Mobile Money,3.49
O010466,C02410,2025-05-18,Completed,Marketplace,Mobile Money,9.44
O010467,C00761,2025-06-14,Completed,Site web,Mobile Money,1.5
O010468,C03915,2026-02-12,Pending,Site web,Carte bancaire,6.36
O010469,C01554,2025-04-07,Completed,WhatsApp,Mobile Money,7.49
O010470,C01873,2026-05-27,Cancelled,WhatsApp,Mobile Money,6.01
O010471,C04062,2025-06-13,Completed,Boutique,Mobile Money,1.56
O010472,C02436,2026-03-24,Completed,Site web,Mobile Money,6.39
O010473,C00601,2025-02-14,Completed,Site web,Mobile Money,2.73
O010474,C00294,2025-06-25,Completed,WhatsApp,Cash,6.44
O010475,C03446,2025-07-26,Completed,WhatsApp,Mobile Money,3.33
O010476,C01467,2025-09-07,Completed,Site web,Mobile Money,7.0
O010477,C00419,2025-02-20,Pending,Site web,Cash,5.85
O010478,C00174,2025-05-16,Completed,WhatsApp,Virement,2.21
O010479,C03971,2026-04-26,Completed,WhatsApp,Cash,7.66
O010480,C02404,2026-05-22,Cancelled,Site web,Virement,5.56
O010481,C02201,2025-08-30,Cancelled,Marketplace,Mobile Money,6.95
O010482,C02480,2025-03-07,Completed,Site web,Mobile Money,6.59
O010483,C01759,2025-05-31,Completed,Site web,Virement,9.01
O010484,C03994,2026-06-06,Cancelled,Site web,Mobile Money,7.73
O010485,C02529,2026-05-19,Completed,Site web,Mobile Money,7.21
O010486,C02682,2026-03-22,Completed,Boutique,Virement,1.5
O010487,C03753,2026-04-18,Cancelled,Site web,Mobile Money,4.69
O010488,C00013,2026-01-25,Completed,Site web,Mobile Money,1.5
O010489,C01340,2025-12-08,Completed,Site web,Carte bancaire,1.5
O010490,C03500,2026-03-01,Completed,Site web,Mobile Money,9.13
O010491,C00405,2025-12-21,Completed,Site web,Mobile Money,4.25
O010492,C01385,2025-07-05,Completed,Site web,Carte bancaire,9.06
O010493,C00687,2025-12-18,Completed,Site web,Mobile Money,3.27
O010494,C03000,2025-06-12,Cancelled,Boutique,Cash,5.21
O010495,C03544,2025-12-09,Returned,Site web,Mobile Money,6.07
O010496,C01109,2025-07-29,Completed,Site web,Mobile Money,10.27
O010497,C02888,2025-09-25,Completed,WhatsApp,Virement,8.63
O010498,C03193,2025-04-10,Pending,Site web,Mobile Money,4.14
O010499,C03804,2026-06-09,Completed,Site web,Virement,4.16
O010500,C03896,2026-02-14,Completed,Site web,Virement,6.21
O010501,C01914,2025-02-28,Completed,Site web,Mobile Money,12.81
O010502,C00334,2025-09-18,Completed,Site web,Carte bancaire,5.9
O010503,C03127,2025-09-06,Completed,Site web,Mobile Money,3.22
O010504,C02287,2026-05-01,Completed,WhatsApp,Cash,3.36
O010505,C01929,2026-02-18,Completed,Site web,Cash,5.14
O010506,C02270,2026-04-27,Completed,Site web,Mobile Money,6.65
O010507,C02705,2025-09-13,Completed,Marketplace,Cash,2.98
O010508,C01204,2025-03-27,Completed,WhatsApp,Mobile Money,8.55
O010509,C01379,2026-01-31,Completed,Boutique,Carte bancaire,3.74
O010510,C01436,2025-04-30,Cancelled,Site web,Mobile Money,9.6
O010511,C02072,2025-12-15,Completed,WhatsApp,Mobile Money,6.48
O010512,C02840,2025-08-14,Completed,Boutique,Mobile Money,4.71
O010513,C00177,2025-07-11,Completed,Site web,Mobile Money,1.5
O010514,C01229,2025-03-07,Completed,Boutique,Mobile Money,4.65
O010515,C03059,2026-03-15,Pending,Boutique,Carte bancaire,5.77
O010516,C00129,2026-01-13,Completed,Site web,Cash,5.9
O010517,C03341,2025-07-07,Completed,Site web,Virement,7.53
O010518,C03231,2026-02-09,Completed,Site web,Mobile Money,4.6
O010519,C01341,2026-06-25,Completed,WhatsApp,Mobile Money,7.57
O010520,C02626,2026-01-31,Cancelled,Boutique,Virement,3.04
O010521,C02059,2026-06-05,Returned,WhatsApp,Carte bancaire,8.79
O010522,C01052,2025-09-15,Completed,Site web,Mobile Money,8.83
O010523,C00628,2025-07-26,Completed,Site web,Mobile Money,6.79
O010524,C04039,2026-04-08,Completed,Boutique,Cash,8.12
O010525,C03610,2025-12-30,Completed,WhatsApp,Carte bancaire,4.92
O010526,C03774,2025-11-29,Completed,WhatsApp,Mobile Money,5.3
O010527,C00592,2025-12-18,Completed,WhatsApp,Virement,5.12
O010528,C04051,2026-06-29,Pending,Boutique,Carte bancaire,9.73
O010529,C02630,2026-01-12,Cancelled,WhatsApp,Virement,6.44
O010530,C02152,2026-03-23,Completed,Boutique,Mobile Money,3.54
O010531,C01437,2025-01-20,Completed,WhatsApp,Cash,5.66
O010532,C00988,2026-01-31,Returned,Marketplace,Virement,4.41
O010533,C01367,2025-06-24,Completed,Boutique,Carte bancaire,6.37
O010534,C00731,2025-03-09,Completed,WhatsApp,Cash,5.35
O010535,C03319,2025-06-01,Completed,Marketplace,Mobile Money,1.78
O010536,C03984,2026-04-02,Completed,Marketplace,Carte bancaire,2.62
O010537,C04062,2026-03-25,Completed,Site web,Carte bancaire,4.73
O010538,C03742,2025-06-17,Completed,Boutique,Virement,9.98
O010539,C00556,2025-04-16,Completed,Marketplace,Carte bancaire,1.5
O010540,C03112,2025-08-18,Completed,Site web,Cash,7.04
O010541,C03603,2025-07-01,Completed,Site web,Carte bancaire,10.67
O010542,C02145,2025-09-11,Pending,Site web,Carte bancaire,8.9
O010543,C02344,2026-03-06,Completed,WhatsApp,Mobile Money,5.92
O010544,C01615,2025-07-01,Completed,Marketplace,Virement,5.32
O010545,C03455,2025-04-06,Returned,Site web,Carte bancaire,7.92
O010546,C02955,2025-03-01,Completed,Boutique,Cash,10.52
O010547,C02643,2026-01-11,Completed,Boutique,Cash,8.15
O010548,C00041,2025-04-20,Completed,Boutique,Carte bancaire,6.56
O010549,C04035,2025-05-01,Completed,WhatsApp,Mobile Money,9.63
O010550,C02202,2026-03-17,Completed,WhatsApp,Carte bancaire,6.53
O010551,C04016,2025-02-20,Cancelled,Site web,Carte bancaire,6.28
O010552,C02851,2025-12-24,Cancelled,Site web,Mobile Money,7.9
O010553,C02188,2025-01-07,Completed,Site web,Mobile Money,4.09
O010554,C03166,2026-06-01,Completed,Site web,Virement,14.97
O010555,C01036,2026-01-27,Completed,WhatsApp,Mobile Money,6.47
O010556,C01895,2026-03-26,Completed,Boutique,Cash,5.45
O010557,C00106,2026-01-01,Completed,Site web,Mobile Money,8.53
O010558,C03130,2025-08-09,Completed,WhatsApp,Cash,9.29
O010559,C01361,2026-06-30,Completed,Site web,Carte bancaire,3.95
O010560,C00403,2026-03-07,Completed,Site web,Carte bancaire,1.5
O010561,C03345,2025-02-18,Completed,Site web,Carte bancaire,5.01
O010562,C00980,2025-11-12,Completed,Site web,Carte bancaire,6.85
O010563,C00940,2025-10-25,Completed,Boutique,Carte bancaire,3.78
O010564,C00608,2025-06-06,Cancelled,Site web,Mobile Money,5.92
O010565,C02535,2025-09-07,Completed,Site web,Carte bancaire,5.62
O010566,C01428,2026-06-19,Completed,Site web,Cash,1.5
O010567,C02397,2025-02-17,Completed,Boutique,Virement,7.98
O010568,C01446,2026-05-24,Completed,Site web,Cash,8.69
O010569,C03164,2026-01-19,Completed,Marketplace,Virement,6.59
O010570,C01571,2025-03-03,Completed,WhatsApp,Virement,7.16
O010571,C03330,2025-06-17,Completed,WhatsApp,Cash,4.04
O010572,C01957,2026-04-06,Completed,Site web,Virement,5.64
O010573,C00063,2026-01-21,Completed,Boutique,Mobile Money,8.02
O010574,C01833,2025-02-12,Cancelled,Boutique,Carte bancaire,1.9
O010575,C01030,2025-03-22,Completed,Site web,Mobile Money,2.93
O010576,C02060,2026-05-24,Completed,Site web,Mobile Money,1.72
O010577,C00524,2025-03-28,Cancelled,Site web,Carte bancaire,11.05
O010578,C03161,2025-12-09,Completed,Marketplace,Cash,5.17
O010579,C02623,2026-06-30,Returned,Boutique,Mobile Money,10.31
O010580,C00597,2025-04-02,Pending,Site web,Virement,5.78
O010581,C04109,2025-01-25,Completed,Site web,Carte bancaire,11.38
O010582,C01473,2026-03-24,Completed,Site web,Virement,9.7
O010583,C00882,2026-06-05,Pending,Marketplace,Carte bancaire,3.95
O010584,C00001,2025-10-10,Completed,WhatsApp,Carte bancaire,6.34
O010585,C01037,2025-05-08,Completed,Site web,Mobile Money,2.99
O010586,C00119,2025-02-02,Completed,Boutique,Mobile Money,7.99
O010587,C02029,2026-05-15,Pending,Site web,Carte bancaire,9.23
O010588,C02547,2026-03-14,Completed,WhatsApp,Carte bancaire,11.64
O010589,C01555,2026-05-07,Completed,WhatsApp,Mobile Money,10.13
O010590,C03680,2026-03-09,Completed,Boutique,Carte bancaire,7.3
O010591,C04058,2025-08-26,Completed,WhatsApp,Carte bancaire,7.06
O010592,C01285,2025-09-22,Pending,Site web,Mobile Money,5.26
O010593,C02679,2025-07-29,Completed,Marketplace,Mobile Money,11.47
O010594,C01688,2026-02-05,Completed,Marketplace,Mobile Money,3.41
O010595,C01150,2025-02-24,Completed,Site web,Virement,2.89
O010596,C00882,2025-01-23,Completed,WhatsApp,Virement,2.71
O010597,C02191,2026-06-11,Completed,WhatsApp,Mobile Money,9.22
O010598,C00600,2025-06-24,Completed,WhatsApp,Carte bancaire,8.89
O010599,C02825,2025-01-19,Cancelled,Site web,Mobile Money,7.33
O010600,C03714,2026-01-04,Completed,WhatsApp,Carte bancaire,6.94
O010601,C01547,2025-08-07,Completed,Site web,Mobile Money,2.45
O010602,C02403,2025-05-07,Returned,Boutique,Carte bancaire,6.81
O010603,C04100,2025-08-27,Pending,Boutique,Carte bancaire,9.7
O010604,C02961,2025-09-04,Completed,Site web,Mobile Money,2.75
O010605,C01697,2025-12-02,Completed,Boutique,Mobile Money,2.34
O010606,C03704,2026-05-26,Pending,Site web,Carte bancaire,6.93
O010607,C00179,2026-04-28,Cancelled,Site web,Mobile Money,8.3
O010608,C02472,2026-03-30,Cancelled,Site web,Cash,8.45
O010609,C01061,2025-09-27,Completed,WhatsApp,Mobile Money,9.63
O010610,C00758,2025-11-02,Completed,Boutique,Mobile Money,6.48
O010611,C02171,2025-03-14,Completed,Site web,Carte bancaire,1.5
O010612,C02996,2025-11-13,Completed,Marketplace,Mobile Money,7.55
O010613,C03101,2026-01-03,Completed,Site web,Carte bancaire,9.57
O010614,C03141,2026-05-02,Completed,Site web,Carte bancaire,4.13
O010615,C01213,2025-01-26,Completed,Site web,Carte bancaire,5.59
O010616,C01739,2026-04-18,Completed,WhatsApp,Mobile Money,1.5
O010617,C00476,2025-10-12,Completed,WhatsApp,Virement,5.16
O010618,C02591,2025-02-18,Completed,Site web,Mobile Money,10.79
O010619,C03377,2026-06-30,Completed,Site web,Carte bancaire,4.67
O010620,C02036,2025-09-13,Completed,Boutique,Cash,2.83
O010621,C01314,2025-08-14,Completed,Site web,Mobile Money,11.88
O010622,C01399,2025-04-15,Completed,Marketplace,Cash,7.84
O010623,C02731,2025-02-10,Returned,Site web,Carte bancaire,7.43
O010624,C02825,2025-02-15,Completed,Site web,Mobile Money,6.47
O010625,C02001,2025-05-27,Completed,Boutique,Carte bancaire,3.98
O010626,C01040,2025-06-10,Completed,Site web,Cash,5.21
O010627,C01725,2025-09-11,Completed,Site web,Virement,10.98
O010628,C01376,2025-12-01,Completed,Boutique,Mobile Money,3.94
O010629,C00412,2026-06-28,Completed,Site web,Virement,10.1
O010630,C01704,2026-03-12,Completed,Site web,Mobile Money,7.05
O010631,C03566,2025-09-24,Completed,Site web,Mobile Money,7.06
O010632,C02582,2026-05-16,Completed,Boutique,Mobile Money,1.5
O010633,C00561,2025-11-02,Completed,WhatsApp,Carte bancaire,7.28
O010634,C03580,2025-08-20,Completed,Boutique,Mobile Money,5.81
O010635,C00897,2025-04-30,Completed,Marketplace,Virement,1.5
O010636,C02583,2025-08-20,Completed,Boutique,Mobile Money,6.13
O010637,C02385,2025-01-23,Returned,Site web,Mobile Money,4.72
O010638,C03050,2025-03-25,Completed,Boutique,Carte bancaire,6.79
O010639,C03219,2026-06-02,Completed,Boutique,Carte bancaire,3.44
O010640,C01230,2025-04-17,Returned,Site web,Mobile Money,2.95
O010641,C03267,2025-11-07,Completed,WhatsApp,Virement,6.28
O010642,C02468,2025-02-26,Completed,WhatsApp,Mobile Money,4.81
O010643,C01469,2025-11-26,Completed,Site web,Carte bancaire,4.99
O010644,C00437,2026-06-19,Completed,Boutique,Virement,2.34
O010645,C02388,2025-09-08,Completed,Site web,Virement,5.83
O010646,C01946,2025-03-11,Completed,Site web,Carte bancaire,7.92
O010647,C01977,2025-01-13,Completed,WhatsApp,Mobile Money,6.82
O010648,C02898,2026-02-19,Completed,WhatsApp,Mobile Money,4.89
O010649,C02978,2025-02-26,Completed,Boutique,Carte bancaire,1.5
O010650,C00755,2025-06-24,Completed,Marketplace,Cash,3.44
O010651,C01245,2026-04-08,Completed,Boutique,Mobile Money,3.77
O010652,C03789,2025-10-22,Completed,Marketplace,Virement,8.52
O010653,C02495,2026-04-24,Completed,Site web,Virement,8.41
O010654,C01753,2026-04-24,Returned,Site web,Cash,6.93
O010655,C04085,2025-12-29,Completed,Boutique,Mobile Money,4.96
O010656,C02819,2026-05-29,Pending,WhatsApp,Mobile Money,9.91
O010657,C03569,2025-01-20,Returned,Marketplace,Mobile Money,7.89
O010658,C01974,2025-05-12,Completed,WhatsApp,Carte bancaire,1.5
O010659,C00687,2025-06-01,Completed,Site web,Virement,10.75
O010660,C03076,2026-05-15,Cancelled,WhatsApp,Cash,5.51
O010661,C03430,2025-12-07,Completed,Site web,Mobile Money,8.82
O010662,C02455,2025-05-19,Completed,Site web,Virement,7.41
O010663,C01819,2025-04-25,Completed,Boutique,Virement,2.13
O010664,C00515,2026-03-18,Completed,WhatsApp,Mobile Money,4.6
O010665,C01033,2026-04-16,Pending,Site web,Carte bancaire,1.5
O010666,C03884,2025-01-09,Completed,Boutique,Virement,3.68
O010667,C00708,2025-07-20,Completed,Marketplace,Virement,6.43
O010668,C02773,2025-10-21,Completed,Site web,Cash,6.21
O010669,C02786,2025-05-09,Completed,Site web,Carte bancaire,3.99
O010670,C01983,2026-02-02,Completed,Site web,Carte bancaire,5.24
O010671,C04187,2026-02-20,Cancelled,Site web,Virement,6.33
O010672,C02842,2026-04-05,Completed,Site web,Mobile Money,8.01
O010673,C04061,2026-03-07,Completed,WhatsApp,Virement,4.12
O010674,C01096,2026-04-06,Completed,Site web,Mobile Money,5.55
O010675,C03112,2025-07-20,Completed,Site web,Carte bancaire,2.24
O010676,C03230,2025-06-13,Cancelled,Site web,Carte bancaire,2.34
O010677,C03860,2025-06-23,Completed,Marketplace,Mobile Money,9.39
O010678,C01728,2026-04-13,Completed,Site web,Mobile Money,10.59
O010679,C01396,2025-12-22,Returned,Site web,Mobile Money,6.62
O010680,C03382,2025-06-27,Completed,Site web,Mobile Money,5.02
O010681,C03020,2026-01-31,Pending,Marketplace,Mobile Money,4.59
O010682,C01152,2025-05-09,Returned,Site web,Mobile Money,9.66
O010683,C01279,2025-05-27,Completed,Boutique,Virement,-5.0
O010684,C03320,2025-01-01,Completed,Site web,Mobile Money,12.82
O010685,C02393,2026-06-14,Completed,Site web,Mobile Money,6.24
O010686,C03809,2025-05-10,Completed,WhatsApp,Mobile Money,1.5
O010687,C02649,2026-02-17,Completed,Boutique,Carte bancaire,13.38
O010688,C04120,2025-03-06,Completed,Boutique,Mobile Money,1.5
O010689,C01376,2025-01-20,Completed,Site web,Mobile Money,1.5
O010690,C03263,2026-01-05,Returned,Marketplace,Carte bancaire,3.31
O010691,C00799,2025-02-23,Completed,WhatsApp,Cash,5.53
O010692,C02957,2025-03-21,Completed,WhatsApp,Mobile Money,9.6
O010693,C01754,2025-07-01,Completed,Boutique,Mobile Money,4.97
O010694,C02184,2025-11-17,Completed,Site web,Mobile Money,3.58
O010695,C03393,2025-01-10,Completed,Boutique,Virement,5.08
O010696,C00445,2025-03-11,Completed,WhatsApp,Carte bancaire,-5.0
O010697,C00940,2025-07-05,Completed,Site web,Virement,10.32
O010698,C02352,2026-01-22,Pending,Site web,Carte bancaire,9.17
O010699,C01740,2025-02-23,Completed,Marketplace,Carte bancaire,4.19
O010700,C02366,2025-06-06,Pending,Marketplace,Cash,4.97
O010701,C01809,2025-04-16,Completed,Marketplace,Mobile Money,1.5
O010702,C00272,2025-06-19,Completed,WhatsApp,Mobile Money,7.9
O010703,C03934,2025-05-22,Completed,WhatsApp,Cash,5.85
O010704,C02901,2025-12-17,Completed,Site web,Mobile Money,7.16
O010705,C02563,2025-02-06,Completed,WhatsApp,Mobile Money,7.9
O010706,C00626,2026-05-30,Completed,WhatsApp,Mobile Money,10.67
O010707,C00830,2025-05-14,Pending,Site web,Virement,4.83
O010708,C02506,2026-06-28,Completed,Boutique,Cash,6.16
O010709,C00222,2026-02-04,Completed,Site web,Carte bancaire,10.7
O010710,C01986,2025-07-15,Completed,WhatsApp,Cash,5.48
O010711,C03735,2025-06-15,Completed,Boutique,Mobile Money,5.73
O010712,C03676,2026-06-03,Cancelled,Boutique,Carte bancaire,13.92
O010713,C02163,2026-07-01,Completed,WhatsApp,Carte bancaire,5.86
O010714,C00976,2025-12-02,Completed,Site web,Mobile Money,11.21
O010715,C00311,2025-01-26,Completed,WhatsApp,Carte bancaire,4.32
O010716,C00720,2026-05-12,Completed,Site web,Carte bancaire,4.64
O010717,C01179,2025-09-19,Completed,Site web,Virement,1.5
O010718,C02315,2025-01-16,Completed,Boutique,Virement,7.84
O010719,C03048,2026-03-16,Pending,Site web,Mobile Money,8.15
O010720,C01934,2025-01-19,Completed,Site web,Mobile Money,6.27
O010721,C03472,2025-07-23,Completed,Site web,Cash,7.38
O010722,C00678,2025-02-10,Completed,Marketplace,Carte bancaire,8.63
O010723,C01779,2025-08-28,Completed,Boutique,Mobile Money,1.55
O010724,C02578,2026-03-17,Completed,Boutique,Carte bancaire,6.21
O010725,C00227,2025-03-12,Cancelled,WhatsApp,Virement,10.98
O010726,C03805,2025-03-17,Completed,Site web,Mobile Money,5.15
O010727,C04180,2026-06-09,Completed,Site web,Mobile Money,1.87
O010728,C03110,2025-04-07,Completed,Site web,Carte bancaire,9.25
O010729,C02953,2025-03-03,Completed,WhatsApp,Mobile Money,6.45
O010730,C00881,2025-11-17,Completed,Site web,Cash,5.92
O010731,C00769,2025-06-01,Completed,Marketplace,Mobile Money,4.78
O010732,C01002,2026-06-09,Pending,Site web,Carte bancaire,8.76
O010733,C00568,2025-03-31,Completed,Site web,Carte bancaire,4.35
O010734,C02342,2025-11-07,Completed,WhatsApp,Mobile Money,10.34
O010735,C04021,2026-05-20,Completed,Site web,Mobile Money,6.25
O010736,C02846,2026-02-06,Completed,Site web,Mobile Money,9.04
O010737,C03702,2025-01-16,Completed,Marketplace,Carte bancaire,8.69
O010738,C04112,2025-04-13,Completed,Site web,Mobile Money,2.46
O010739,C02782,2025-03-10,Completed,Boutique,Cash,7.43
O010740,C00441,2026-05-16,Completed,Boutique,Virement,5.2
O010741,C03908,2025-04-21,Completed,Site web,Mobile Money,7.97
O010742,C02295,2025-01-31,Completed,Site web,Mobile Money,5.82
O010743,C02299,2025-07-29,Completed,WhatsApp,Mobile Money,1.5
O010744,C04147,2025-06-04,Completed,Marketplace,Virement,8.37
O010745,C02873,2025-03-31,Completed,Boutique,Virement,1.5
O010746,C00466,2025-09-06,Completed,Site web,Carte bancaire,6.42
O010747,C03213,2026-05-09,Cancelled,Site web,Carte bancaire,11.68
O010748,C04085,2025-05-04,Completed,WhatsApp,Mobile Money,10.2
O010749,C00998,2026-06-22,Completed,WhatsApp,Virement,7.21
O010750,C01942,2025-12-30,Completed,Site web,Virement,4.47
O010751,C00436,2025-07-29,Completed,WhatsApp,Mobile Money,5.81
O010752,C03014,2026-01-07,Completed,Marketplace,Cash,9.15
O010753,C00601,2025-07-10,Completed,Marketplace,Mobile Money,3.63
O010754,C01787,2025-04-27,Completed,WhatsApp,Mobile Money,7.25
O010755,C02734,2025-05-09,Completed,Marketplace,Virement,3.45
O010756,C03533,2025-01-05,Completed,Site web,Carte bancaire,5.16
O010757,C01343,2025-12-22,Completed,Site web,Mobile Money,4.58
O010758,C03816,2025-02-10,Cancelled,Site web,Mobile Money,7.24
O010759,C00102,2025-04-19,Completed,WhatsApp,Mobile Money,7.65
O010760,C00700,2025-01-01,Completed,Boutique,Mobile Money,12.46
O010761,C00500,2025-02-05,Completed,Marketplace,Cash,5.54
O010762,C03139,2026-05-12,Completed,WhatsApp,Carte bancaire,6.97
O010763,C01520,2025-01-14,Completed,Site web,Mobile Money,9.53
O010764,C00088,2025-12-07,Completed,Site web,Virement,5.92
O010765,C03311,2025-06-29,Completed,WhatsApp,Mobile Money,6.29
O010766,C01163,2025-03-17,Completed,Boutique,Mobile Money,7.83
O010767,C02866,2025-06-14,Completed,WhatsApp,Mobile Money,3.97
O010768,C02320,2025-02-20,Completed,Site web,Mobile Money,6.6
O010769,C00469,2025-06-21,Completed,Site web,Mobile Money,3.57
O010770,C02534,2026-03-25,Completed,Site web,Carte bancaire,5.04
O010771,C03617,2025-12-06,Completed,WhatsApp,Mobile Money,12.44
O010772,C01535,2026-03-21,Returned,Site web,Mobile Money,5.57
O010773,C03501,2026-01-17,Completed,Marketplace,Carte bancaire,6.67
O010774,C01136,2026-05-24,Completed,Boutique,Carte bancaire,1.5
O010775,C01189,2025-03-01,Completed,Boutique,Cash,7.32
O010776,C00721,2025-03-29,Completed,Site web,Virement,11.93
O010777,C00889,2025-08-14,Completed,Site web,Mobile Money,3.45
O010778,C01007,2025-10-14,Cancelled,Site web,Mobile Money,9.25
O010779,C02729,2026-03-06,Completed,Site web,Carte bancaire,4.14
O010780,C00547,2025-03-08,Pending,Site web,Carte bancaire,1.5
O010781,C02287,2025-03-02,Pending,Site web,Virement,4.69
O010782,C01097,2026-03-13,Completed,Marketplace,Virement,3.95
O010783,C00617,2025-10-29,Completed,Marketplace,Carte bancaire,6.35
O010784,C03450,2025-08-15,Completed,Marketplace,Cash,5.09
O010785,C02268,2025-05-02,Pending,Site web,Mobile Money,3.0
O010786,C01208,2026-01-17,Pending,WhatsApp,Carte bancaire,7.6
O010787,C02683,2026-03-16,Completed,Site web,Carte bancaire,9.52
O010788,C03813,2025-01-17,Completed,WhatsApp,Carte bancaire,7.95
O010789,C01188,2025-01-30,Completed,WhatsApp,Mobile Money,6.53
O010790,C01030,2026-03-03,Completed,Site web,Mobile Money,5.77
O010791,C02868,2026-04-30,Completed,Site web,Mobile Money,7.76
O010792,C02067,2025-05-06,Completed,Site web,Mobile Money,4.35
O010793,C02830,2026-01-22,Pending,Site web,Carte bancaire,8.52
O010794,C00704,2026-04-07,Completed,Site web,Mobile Money,2.16
O010795,C03919,2025-03-04,Completed,Site web,Virement,1.5
O010796,C00072,2025-04-12,Completed,Boutique,Carte bancaire,7.84
O010797,C01150,2025-03-13,Completed,Site web,Carte bancaire,2.78
O010798,C02628,2026-03-09,Completed,Site web,Mobile Money,3.73
O010799,C02186,2026-02-27,Pending,Marketplace,Mobile Money,2.89
O010800,C01419,2025-03-15,Completed,Marketplace,Carte bancaire,7.79
O010801,C04103,2025-04-06,Cancelled,Site web,Mobile Money,3.61
O010802,C01450,2025-12-30,Completed,Boutique,Cash,10.17
O010803,C02850,2026-05-07,Completed,Site web,Carte bancaire,8.3
O010804,C01713,2026-03-04,Completed,WhatsApp,Mobile Money,6.79
O010805,C01850,2025-04-02,Completed,Marketplace,Carte bancaire,10.8
O010806,C03267,2025-07-31,Completed,WhatsApp,Virement,3.2
O010807,C01488,2025-02-06,Completed,Site web,Cash,6.39
O010808,C01679,2025-05-14,Completed,WhatsApp,Cash,1.5
O010809,C03284,2025-11-05,Completed,Boutique,Virement,4.42
O010810,C00363,2025-07-08,Completed,Marketplace,Mobile Money,2.05
O010811,C01816,2025-11-29,Pending,Site web,Carte bancaire,8.73
O010812,C01171,2025-06-12,Completed,Site web,Carte bancaire,9.78
O010813,C02026,2025-11-05,Pending,Boutique,Virement,5.19
O010814,C02420,2025-12-13,Completed,Site web,Virement,12.86
O010815,C01803,2025-04-17,Completed,Site web,Carte bancaire,3.47
O010816,C04173,2025-01-25,Completed,Site web,Mobile Money,2.44
O010817,C03834,2025-07-05,Pending,Site web,Carte bancaire,4.38
O010818,C00602,2025-01-23,Completed,Site web,Cash,7.15
O010819,C02702,2025-03-29,Pending,Boutique,Carte bancaire,8.84
O010820,C01359,2025-06-07,Completed,Site web,Mobile Money,8.38
O010821,C03004,2025-07-05,Completed,Site web,Mobile Money,4.98
O010822,C02040,2025-06-01,Completed,WhatsApp,Virement,9.37
O010823,C04006,2025-01-30,Completed,WhatsApp,Cash,4.44
O010824,C03968,2025-04-08,Completed,Boutique,Mobile Money,14.73
O010825,C00239,2026-04-29,Completed,Marketplace,Virement,9.22
O010826,C00456,2026-01-28,Pending,Site web,Mobile Money,1.5
O010827,C00096,2025-09-01,Completed,Marketplace,Mobile Money,4.54
O010828,C03335,2025-01-14,Completed,Marketplace,Mobile Money,3.73
O010829,C00961,2025-07-16,Completed,Site web,Carte bancaire,12.36
O010830,C03037,2026-05-22,Completed,Boutique,Cash,3.2
O010831,C01396,2026-03-20,Completed,WhatsApp,Virement,1.5
O010832,C01288,2026-02-20,Completed,Boutique,Carte bancaire,9.05
O010833,C02538,2025-05-17,Completed,Boutique,Carte bancaire,1.5
O010834,C03250,2025-08-09,Completed,Marketplace,Virement,4.95
O010835,C02380,2025-01-16,Completed,Site web,Cash,8.44
O010836,C02415,2026-04-16,Completed,Boutique,Virement,4.87
O010837,C03094,2025-03-03,Completed,Site web,Carte bancaire,10.3
O010838,C00720,2025-12-05,Completed,Marketplace,Virement,7.22
O010839,C02487,2025-06-04,Completed,Site web,Carte bancaire,3.3
O010840,C01201,2025-11-09,Completed,Site web,Mobile Money,6.69
O010841,C00651,2026-03-30,Completed,Boutique,Cash,11.28
O010842,C01380,2025-06-21,Completed,WhatsApp,Carte bancaire,6.78
O010843,C00808,2025-01-10,Completed,WhatsApp,Carte bancaire,7.62
O010844,C01357,2025-12-30,Completed,Site web,Mobile Money,7.44
O010845,C00099,2025-10-19,Completed,WhatsApp,Carte bancaire,3.88
O010846,C03135,2025-03-18,Cancelled,Boutique,Mobile Money,1.5
O010847,C01464,2025-01-27,Returned,Marketplace,Mobile Money,7.2
O010848,C02774,2025-10-15,Completed,Site web,Cash,10.4
O010849,C03148,2025-12-03,Completed,Boutique,Cash,7.83
O010850,C03444,2025-03-05,Completed,WhatsApp,Cash,2.01
O010851,C00327,2025-11-25,Completed,Marketplace,Mobile Money,7.32
O010852,C02146,2025-09-01,Completed,Boutique,Carte bancaire,8.88
O010853,C01751,2025-03-17,Completed,Site web,Mobile Money,9.63
O010854,C01473,2025-12-04,Returned,WhatsApp,Mobile Money,7.91
O010855,C03388,2025-12-20,Completed,Site web,Mobile Money,6.83
O010856,C00285,2025-03-27,Completed,Marketplace,Carte bancaire,4.14
O010857,C01303,2026-01-05,Completed,Site web,Mobile Money,5.51
O010858,C03337,2025-05-02,Completed,Site web,Mobile Money,9.05
O010859,C01658,2025-11-24,Completed,Site web,Mobile Money,3.52
O010860,C00315,2026-03-22,Completed,Boutique,Mobile Money,3.41
O010861,C00729,2026-05-29,Completed,Boutique,Virement,8.21
O010862,C01267,2025-05-21,Completed,Site web,Mobile Money,7.19
O010863,C01043,2025-07-05,Completed,Site web,Carte bancaire,10.45
O010864,C02810,2025-02-22,Completed,Site web,Mobile Money,8.79
O010865,C00720,2026-06-16,Completed,WhatsApp,Mobile Money,4.4
O010866,C03210,2025-07-01,Completed,Marketplace,Mobile Money,10.7
O010867,C01309,2026-03-16,Completed,Marketplace,Cash,6.97
O010868,C00288,2026-05-28,Cancelled,WhatsApp,Virement,8.18
O010869,C00048,2025-09-18,Completed,Site web,Virement,5.01
O010870,C02552,2026-01-16,Completed,Site web,Mobile Money,7.6
O010871,C03087,2025-09-16,Completed,Boutique,Carte bancaire,4.51
O010872,C00576,2025-11-12,Cancelled,WhatsApp,Virement,1.5
O010873,C01298,2025-05-17,Completed,Site web,Mobile Money,11.53
O010874,C03181,2026-04-06,Completed,Site web,Mobile Money,3.48
O010875,C03645,2025-03-09,Completed,WhatsApp,Mobile Money,4.41
O010876,C03066,2025-12-28,Completed,WhatsApp,Virement,4.21
O010877,C02595,2026-05-20,Completed,Marketplace,Mobile Money,11.55
O010878,C03142,2026-03-21,Completed,Site web,Mobile Money,7.55
O010879,C01248,2026-02-20,Completed,Boutique,Carte bancaire,8.0
O010880,C00268,2025-12-27,Completed,Marketplace,Mobile Money,9.0
O010881,C02370,2026-06-03,Completed,Site web,Mobile Money,8.37
O010882,C02350,2026-04-19,Completed,Site web,Mobile Money,6.77
O010883,C03374,2025-05-31,Completed,Site web,Carte bancaire,6.67
O010884,C01012,2025-12-08,Completed,WhatsApp,Mobile Money,10.6
O010885,C03734,2025-08-23,Completed,Site web,Carte bancaire,2.47
O010886,C02083,2025-05-26,Completed,Marketplace,Carte bancaire,3.45
O010887,C01857,2026-03-25,Completed,Boutique,Carte bancaire,8.05
O010888,C04156,2025-01-23,Completed,Boutique,Carte bancaire,7.09
O010889,C02283,2025-03-12,Completed,Boutique,Carte bancaire,5.06
O010890,C00380,2025-02-27,Completed,Site web,Carte bancaire,13.23
O010891,C01066,2025-04-21,Completed,Boutique,Mobile Money,2.54
O010892,C02496,2025-10-08,Completed,WhatsApp,Virement,6.24
O010893,C00968,2026-06-01,Completed,Site web,Carte bancaire,6.93
O010894,C00693,2026-06-17,Completed,Site web,Carte bancaire,4.87
O010895,C01247,2026-05-09,Completed,Site web,Carte bancaire,4.08
O010896,C02143,2026-02-21,Completed,WhatsApp,Mobile Money,5.16
O010897,C00390,2025-09-10,Completed,Site web,Virement,10.85
O010898,C02188,2026-03-01,Completed,WhatsApp,Mobile Money,4.93
O010899,C03055,2025-05-27,Returned,Marketplace,Carte bancaire,7.25
O010900,C01917,2025-12-30,Completed,Site web,Cash,4.25
O010901,C02916,2025-01-05,Completed,Site web,Carte bancaire,8.2
O010902,C02687,2026-05-11,Returned,WhatsApp,Mobile Money,9.3
O010903,C02085,2026-06-17,Completed,Site web,Cash,5.49
O010904,C04092,2026-02-08,Completed,Marketplace,Carte bancaire,8.12
O010905,C02570,2025-04-06,Completed,WhatsApp,Mobile Money,5.67
O010906,C03382,2025-05-22,Completed,Site web,Carte bancaire,6.14
O010907,C02692,2026-02-10,Completed,Site web,Mobile Money,7.36
O010908,C04026,2025-10-01,Pending,Site web,Mobile Money,6.95
O010909,C01811,2025-10-28,Completed,Boutique,Carte bancaire,6.72
O010910,C00796,2025-08-10,Completed,Site web,Virement,1.58
O010911,C00763,2026-04-03,Cancelled,Boutique,Mobile Money,2.29
O010912,C04172,2025-04-01,Completed,WhatsApp,Carte bancaire,1.5
O010913,C03354,2025-08-31,Returned,Boutique,Carte bancaire,1.8
O010914,C01282,2025-05-02,Completed,Site web,Cash,7.38
O010915,C01880,2026-01-15,Completed,Site web,Mobile Money,4.94
O010916,C00144,2025-06-06,Completed,Site web,Mobile Money,4.1
O010917,C04003,2025-06-14,Pending,Site web,Cash,11.41
O010918,C01833,2025-04-06,Pending,WhatsApp,Cash,9.61
O010919,C01616,2026-04-19,Completed,Boutique,Virement,1.5
O010920,C01035,2025-04-30,Completed,Marketplace,Mobile Money,3.4
O010921,C00346,2026-04-22,Returned,WhatsApp,Cash,3.15
O010922,C03201,2026-05-18,Completed,Site web,Carte bancaire,6.19
O010923,C00936,2026-06-13,Returned,Site web,Mobile Money,2.13
O010924,C00366,2025-07-08,Completed,Marketplace,Virement,3.96
O010925,C04110,2025-12-25,Completed,Site web,Carte bancaire,7.25
O010926,C02302,2026-03-30,Pending,Site web,Mobile Money,5.6
O010927,C00324,2025-02-12,Completed,Marketplace,Virement,2.07
O010928,C01216,2025-02-05,Completed,Site web,Virement,6.3
O010929,C02326,2025-04-24,Completed,Boutique,Virement,6.39
O010930,C00869,2026-06-23,Completed,Site web,Mobile Money,6.64
O010931,C04159,2025-02-19,Completed,WhatsApp,Mobile Money,1.78
O010932,C03678,2026-02-24,Completed,Site web,Virement,8.94
O010933,C03720,2026-04-05,Pending,Marketplace,Virement,4.51
O010934,C02166,2026-05-12,Completed,Site web,Virement,2.55
O010935,C04151,2025-10-17,Completed,Site web,Carte bancaire,6.21
O010936,C01367,2025-10-16,Completed,Boutique,Mobile Money,7.99
O010937,C02333,2026-02-11,Completed,WhatsApp,Mobile Money,7.79
O010938,C03134,2025-12-14,Pending,Site web,Mobile Money,9.86
O010939,C02123,2026-03-08,Pending,Site web,Carte bancaire,4.09
O010940,C03584,2025-07-17,Completed,WhatsApp,Carte bancaire,1.5
O010941,C00437,2026-05-27,Completed,Marketplace,Carte bancaire,5.02
O010942,C01857,2025-08-25,Completed,WhatsApp,Carte bancaire,1.5
O010943,C03486,2025-05-16,Cancelled,WhatsApp,Mobile Money,3.5
O010944,C00765,2026-02-16,Completed,Site web,Virement,5.0
O010945,C01618,2025-12-07,Completed,WhatsApp,Mobile Money,4.52
O010946,C04177,2025-01-28,Completed,Marketplace,Mobile Money,7.53
O010947,C02577,2025-04-02,Completed,Site web,Mobile Money,5.94
O010948,C01508,2025-01-21,Completed,Site web,Mobile Money,7.34
O010949,C01526,2025-11-12,Completed,Site web,Cash,6.84
O010950,C00864,2026-04-25,Pending,WhatsApp,Virement,1.55
O010951,C03087,2025-06-26,Completed,Boutique,Carte bancaire,7.8
O010952,C00434,2025-03-02,Pending,WhatsApp,Mobile Money,4.38
O010953,C00874,2026-04-12,Completed,Boutique,Mobile Money,6.65
O010954,C00521,2026-01-31,Completed,Boutique,Carte bancaire,7.39
O010955,C03167,2025-10-26,Cancelled,Marketplace,Mobile Money,3.61
O010956,C03961,2025-04-20,Completed,Site web,Mobile Money,3.93
O010957,C00367,2026-01-04,Completed,Site web,Virement,6.1
O010958,C03976,2025-07-20,Completed,WhatsApp,Carte bancaire,4.56
O010959,C03849,2025-05-15,Pending,Boutique,Cash,11.16
O010960,C02134,2025-06-10,Completed,Site web,Carte bancaire,6.03
O010961,C00156,2025-02-03,Cancelled,Site web,Carte bancaire,2.51
O010962,C02907,2025-09-26,Returned,Boutique,Carte bancaire,12.25
O010963,C02204,2026-02-17,Completed,Site web,Virement,7.05
O010964,C03498,2026-03-30,Completed,WhatsApp,Mobile Money,5.89
O010965,C01239,2026-02-01,Completed,Boutique,Mobile Money,10.55
O010966,C02342,2026-04-25,Completed,Marketplace,Carte bancaire,6.92
O010967,C03746,2026-06-13,Completed,Boutique,Carte bancaire,5.75
O010968,C02802,2025-05-02,Completed,Site web,Carte bancaire,1.5
O010969,C02715,2025-08-26,Completed,WhatsApp,Virement,1.5
O010970,C04062,2025-07-05,Completed,Site web,Cash,9.66
O010971,C02057,2026-01-11,Completed,Site web,Mobile Money,6.9
O010972,C00725,2026-04-04,Completed,Boutique,Carte bancaire,5.4
O010973,C04100,2026-05-03,Completed,WhatsApp,Carte bancaire,5.58
O010974,C00583,2025-02-19,Completed,Boutique,Carte bancaire,6.92
O010975,C02315,2025-10-10,Completed,Boutique,Virement,7.9
O010976,C03163,2025-03-06,Completed,Boutique,Mobile Money,3.67
O010977,C03306,2025-06-30,Completed,Boutique,Mobile Money,6.58
O010978,C02954,2025-09-20,Completed,Site web,Carte bancaire,7.58
O010979,C01787,2025-12-06,Completed,Site web,Mobile Money,4.5
O010980,C00781,2026-03-09,Completed,Site web,Mobile Money,1.5
O010981,C00161,2026-06-30,Cancelled,Boutique,Mobile Money,3.69
O010982,C01271,2025-07-04,Completed,Marketplace,Cash,2.09
O010983,C04083,2025-11-03,Completed,Marketplace,Virement,9.56
O010984,C02879,2025-02-08,Completed,Site web,Carte bancaire,3.11
O010985,C01710,2025-03-03,Completed,Marketplace,Carte bancaire,3.01
O010986,C02077,2026-06-15,Completed,Marketplace,Mobile Money,4.06
O010987,C01404,2026-05-30,Completed,Site web,Cash,8.51
O010988,C03753,2026-05-30,Completed,WhatsApp,Mobile Money,8.64
O010989,C01905,2025-05-24,Completed,Marketplace,Carte bancaire,3.58
O010990,C03517,2025-12-24,Pending,WhatsApp,Carte bancaire,4.65
O010991,C00215,2025-05-06,Completed,Marketplace,Mobile Money,5.47
O010992,C02046,2026-01-09,Completed,WhatsApp,Carte bancaire,10.17
O010993,C02533,2025-09-23,Completed,Site web,Carte bancaire,1.5
O010994,C02801,2026-05-27,Completed,Site web,Carte bancaire,1.74
O010995,C00100,2025-07-24,Completed,Site web,Carte bancaire,13.29
O010996,C02703,2025-12-19,Completed,Boutique,Mobile Money,9.53
O010997,C03526,2025-12-28,Completed,Site web,Virement,1.53
O010998,C00387,2026-03-09,Completed,Site web,Carte bancaire,15.41
O010999,C01390,2025-01-29,Completed,Marketplace,Virement,7.91
O011000,C01788,2025-09-12,Cancelled,Site web,Mobile Money,6.34
O011001,C01069,2025-09-05,Completed,Site web,Carte bancaire,10.43
O011002,C01848,2025-05-05,Completed,Marketplace,Carte bancaire,3.38
O011003,C03751,2026-03-17,Completed,Marketplace,Mobile Money,4.54
O011004,C03769,2026-04-02,Pending,Boutique,Mobile Money,6.23
O011005,C02526,2025-02-14,Completed,Site web,Carte bancaire,7.51
O011006,C03719,2026-01-11,Completed,Site web,Virement,7.01
O011007,C03424,2026-04-18,Completed,Boutique,Mobile Money,6.62
O011008,C00243,2025-06-08,Completed,Boutique,Virement,4.81
O011009,C01626,2025-12-13,Completed,Boutique,Virement,7.06
O011010,C03550,2025-12-08,Completed,Site web,Virement,6.81
O011011,C01859,2025-01-11,Completed,WhatsApp,Mobile Money,5.97
O011012,C02570,2026-03-24,Completed,Boutique,Carte bancaire,5.2
O011013,C01731,2026-02-16,Completed,Marketplace,Cash,4.44
O011014,C00069,2025-05-29,Completed,Site web,Mobile Money,1.61
O011015,C02373,2025-06-22,Completed,Site web,Mobile Money,10.27
O011016,C01603,2026-02-25,Completed,Site web,Carte bancaire,8.25
O011017,C03251,2026-03-16,Completed,Boutique,Mobile Money,9.02
O011018,C03730,2025-02-09,Pending,Marketplace,Carte bancaire,2.52
O011019,C00440,2025-07-16,Returned,Site web,Cash,4.5
O011020,C01505,2025-12-09,Completed,WhatsApp,Mobile Money,5.79
O011021,C01650,2025-03-11,Completed,WhatsApp,Virement,7.07
O011022,C02842,2026-07-02,Cancelled,Site web,Carte bancaire,3.69
O011023,C01665,2025-04-25,Completed,Boutique,Carte bancaire,11.2
O011024,C02376,2026-04-20,Completed,WhatsApp,Mobile Money,8.64
O011025,C03815,2025-02-05,Completed,Marketplace,Carte bancaire,6.54
O011026,C02478,2026-04-25,Pending,WhatsApp,Virement,6.91
O011027,C00414,2025-01-22,Completed,Boutique,Mobile Money,5.34
O011028,C02020,2026-01-08,Completed,Site web,Cash,3.96
O011029,C03724,2025-07-17,Completed,Site web,Carte bancaire,1.5
O011030,C02026,2025-09-10,Completed,Site web,Virement,8.63
O011031,C04129,2025-03-01,Completed,Site web,Carte bancaire,6.18
O011032,C03792,2026-01-07,Completed,WhatsApp,Virement,9.55
O011033,C01109,2025-12-08,Completed,Boutique,Mobile Money,7.75
O011034,C01739,2025-06-26,Pending,WhatsApp,Carte bancaire,5.91
O011035,C00778,2025-09-16,Returned,Boutique,Mobile Money,6.27
O011036,C00804,2025-10-30,Completed,Site web,Mobile Money,3.79
O011037,C01545,2026-01-13,Completed,Site web,Mobile Money,2.42
O011038,C01763,2025-10-23,Completed,Site web,Carte bancaire,3.03
O011039,C01472,2025-02-02,Completed,Boutique,Carte bancaire,3.12
O011040,C03079,2025-10-25,Completed,Site web,Mobile Money,5.42
O011041,C00639,2025-07-11,Completed,Site web,Mobile Money,8.35
O011042,C01997,2025-08-14,Completed,Site web,Cash,8.05
O011043,C03733,2025-07-23,Completed,Site web,Mobile Money,1.5
O011044,C03075,2025-07-13,Returned,Site web,Mobile Money,8.58
O011045,C00859,2025-05-10,Completed,Site web,Virement,6.43
O011046,C01008,2025-07-01,Completed,Boutique,Mobile Money,8.1
O011047,C03890,2026-01-26,Completed,Site web,Mobile Money,7.54
O011048,C02448,2025-05-04,Completed,Site web,Mobile Money,1.5
O011049,C03696,2026-02-20,Cancelled,WhatsApp,Virement,6.59
O011050,C03631,2025-08-29,Completed,Site web,Carte bancaire,10.41
O011051,C01855,2025-12-01,Completed,Site web,Mobile Money,2.44
O011052,C02224,2025-03-06,Completed,Boutique,Carte bancaire,3.23
O011053,C01547,2025-04-24,Completed,Site web,Mobile Money,1.5
O011054,C02675,2026-05-10,Completed,Boutique,Mobile Money,4.65
O011055,C02729,2026-04-01,Pending,WhatsApp,Virement,1.58
O011056,C02851,2025-02-08,Pending,Marketplace,Cash,3.42
O011057,C03616,2026-05-11,Completed,Site web,Virement,6.74
O011058,C03107,2026-04-04,Cancelled,WhatsApp,Carte bancaire,8.45
O011059,C00428,2025-03-17,Pending,WhatsApp,Carte bancaire,1.5
O011060,C01472,2025-05-13,Completed,Boutique,Mobile Money,4.62
O011061,C02394,2025-04-08,Completed,Site web,Carte bancaire,5.3
O011062,C02633,2026-04-13,Completed,WhatsApp,Carte bancaire,5.61
O011063,C03631,2026-04-13,Completed,WhatsApp,Virement,8.4
O011064,C01748,2026-01-30,Completed,Site web,Carte bancaire,8.41
O011065,C03452,2025-05-18,Completed,Site web,Mobile Money,8.66
O011066,C01643,2026-05-20,Completed,Marketplace,Carte bancaire,6.73
O011067,C00614,2026-04-10,Completed,WhatsApp,Virement,5.25
O011068,C01996,2026-04-22,Completed,WhatsApp,Carte bancaire,4.47
O011069,C00627,2025-07-17,Cancelled,Boutique,Mobile Money,7.81
O011070,C01713,2026-01-20,Completed,Site web,Mobile Money,3.47
O011071,C01019,2026-01-06,Completed,Site web,Carte bancaire,3.49
O011072,C00109,2025-03-25,Completed,WhatsApp,Carte bancaire,7.5
O011073,C02787,2025-11-16,Completed,Boutique,Mobile Money,8.24
O011074,C03117,2025-10-28,Completed,WhatsApp,Virement,6.0
O011075,C00554,2025-11-17,Completed,Site web,Cash,7.9
O011076,C02455,2025-07-06,Completed,WhatsApp,Mobile Money,5.2
O011077,C02109,2026-01-02,Completed,Boutique,Carte bancaire,5.55
O011078,C00578,2026-05-01,Completed,Site web,Mobile Money,7.1
O011079,C02556,2025-11-28,Completed,WhatsApp,Mobile Money,3.65
O011080,C01098,2026-04-23,Completed,Site web,Carte bancaire,8.15
O011081,C03453,2026-02-27,Completed,Site web,Mobile Money,5.27
O011082,C02567,2025-06-22,Completed,Boutique,Carte bancaire,5.47
O011083,C00469,2026-02-08,Completed,Site web,Carte bancaire,6.26
O011084,C02176,2026-01-04,Returned,Boutique,Mobile Money,8.49
O011085,C00491,2026-06-02,Completed,WhatsApp,Mobile Money,1.5
O011086,C03039,2025-07-05,Completed,Site web,Cash,2.2
O011087,C01250,2025-03-31,Completed,Boutique,Cash,9.08
O011088,C02055,2026-01-07,Completed,Site web,Mobile Money,7.47
O011089,C02924,2025-12-13,Completed,Site web,Virement,4.68
O011090,C03548,2025-12-03,Completed,Site web,Cash,6.2
O011091,C02152,2026-02-10,Cancelled,WhatsApp,Mobile Money,7.79
O011092,C00326,2025-10-07,Completed,Site web,Carte bancaire,10.66
O011093,C01087,2025-01-17,Pending,Site web,Mobile Money,4.74
O011094,C02576,2026-04-27,Completed,Marketplace,Mobile Money,9.95
O011095,C00177,2025-06-01,Completed,Marketplace,Mobile Money,7.7
O011096,C01561,2025-05-15,Completed,Marketplace,Mobile Money,3.23
O011097,C01359,2026-03-23,Completed,Site web,Carte bancaire,4.18
O011098,C01289,2026-03-14,Completed,Boutique,Mobile Money,9.63
O011099,C04006,2025-10-04,Pending,Boutique,Mobile Money,10.24
O011100,C03964,2026-01-13,Completed,Site web,Virement,5.85
O011101,C03769,2025-02-14,Completed,Site web,Carte bancaire,9.3
O011102,C03628,2025-06-04,Completed,Site web,Virement,7.06
O011103,C03753,2025-05-14,Completed,Boutique,Mobile Money,5.8
O011104,C00772,2025-08-20,Pending,WhatsApp,Carte bancaire,6.57
O011105,C01653,2025-07-15,Completed,Site web,Mobile Money,1.82
O011106,C00242,2025-02-07,Completed,Site web,Carte bancaire,5.19
O011107,C03349,2026-01-13,Completed,Boutique,Carte bancaire,4.42
O011108,C03643,2025-11-24,Completed,WhatsApp,Mobile Money,9.01
O011109,C00122,2025-07-27,Completed,Boutique,Carte bancaire,6.75
O011110,C00712,2026-05-02,Completed,Site web,Carte bancaire,5.29
O011111,C00710,2025-07-17,Completed,Marketplace,Mobile Money,9.34
O011112,C03899,2025-03-06,Returned,Site web,Mobile Money,1.5
O011113,C03320,2026-04-10,Cancelled,Site web,Mobile Money,3.14
O011114,C01165,2025-03-14,Completed,Marketplace,Virement,9.79
O011115,C00192,2025-02-09,Completed,Site web,Cash,7.93
O011116,C01729,2025-09-18,Completed,WhatsApp,Mobile Money,1.5
O011117,C02455,2025-11-14,Completed,Site web,Mobile Money,6.65
O011118,C00189,2025-06-04,Completed,Boutique,Mobile Money,2.2
O011119,C01970,2026-04-05,Completed,Site web,Carte bancaire,4.72
O011120,C02258,2025-06-01,Completed,Site web,Mobile Money,7.37
O011121,C04121,2026-06-13,Returned,Site web,Cash,5.9
O011122,C00793,2025-12-16,Completed,Marketplace,Mobile Money,5.79
O011123,C00771,2025-04-12,Cancelled,Marketplace,Carte bancaire,3.53
O011124,C01811,2025-08-13,Completed,Boutique,Mobile Money,9.46
O011125,C01343,2025-02-11,Completed,Marketplace,Mobile Money,7.49
O011126,C03862,2026-04-08,Returned,WhatsApp,Mobile Money,3.58
O011127,C03306,2025-12-22,Completed,Site web,Mobile Money,6.37
O011128,C01061,2025-08-24,Completed,Site web,Cash,5.07
O011129,C01407,2026-01-08,Completed,Boutique,Carte bancaire,4.36
O011130,C02667,2025-12-04,Pending,WhatsApp,Carte bancaire,6.43
O011131,C03661,2025-11-25,Completed,Site web,Mobile Money,11.02
O011132,C00849,2025-08-07,Cancelled,Site web,Mobile Money,3.4
O011133,C01244,2025-07-12,Completed,Marketplace,Cash,7.69
O011134,C02562,2025-05-21,Completed,Site web,Mobile Money,8.57
O011135,C03612,2026-03-08,Pending,Site web,Carte bancaire,7.46
O011136,C01215,2025-09-16,Completed,Boutique,Cash,8.74
O011137,C01964,2025-09-14,Completed,WhatsApp,Carte bancaire,5.79
O011138,C02863,2026-01-30,Completed,Site web,Mobile Money,7.47
O011139,C01787,2025-10-18,Completed,WhatsApp,Mobile Money,6.37
O011140,C03237,2026-06-07,Completed,Site web,Mobile Money,2.15
O011141,C02164,2025-05-12,Completed,Site web,Mobile Money,2.88
O011142,C03699,2025-01-24,Completed,WhatsApp,Carte bancaire,9.16
O011143,C02552,2025-08-19,Completed,Marketplace,Cash,4.62
O011144,C03859,2025-10-19,Pending,Boutique,Virement,5.03
O011145,C03611,2026-03-27,Completed,Site web,Mobile Money,8.3
O011146,C01014,2025-12-15,Completed,Site web,Mobile Money,5.63
O011147,C03769,2026-05-30,Completed,WhatsApp,Mobile Money,8.13
O011148,C00542,2025-02-16,Completed,Site web,Virement,5.68
O011149,C01188,2025-10-22,Completed,Site web,Mobile Money,2.91
O011150,C00204,2026-03-31,Completed,Site web,Carte bancaire,9.05
O011151,C00438,2025-10-03,Completed,Site web,Cash,3.53
O011152,C03026,2025-06-01,Completed,WhatsApp,Cash,9.78
O011153,C00467,2026-02-26,Completed,Site web,Mobile Money,7.72
O011154,C00785,2026-04-25,Completed,Site web,Cash,4.43
O011155,C01715,2025-05-22,Cancelled,Site web,Mobile Money,7.78
O011156,C03361,2025-10-30,Completed,WhatsApp,Virement,4.61
O011157,C03406,2026-03-17,Completed,Site web,Mobile Money,3.71
O011158,C04053,2025-03-25,Completed,Site web,Mobile Money,6.64
O011159,C00232,2025-01-07,Completed,Site web,Virement,8.33
O011160,C00622,2026-02-10,Completed,Site web,Carte bancaire,6.83
O011161,C01676,2026-02-17,Completed,Boutique,Cash,3.79
O011162,C01190,2025-03-28,Completed,Site web,Mobile Money,1.96
O011163,C00409,2025-11-24,Completed,WhatsApp,Mobile Money,5.47
O011164,C02202,2026-01-30,Completed,Boutique,Carte bancaire,2.72
O011165,C01969,2026-06-12,Completed,WhatsApp,Virement,5.7
O011166,C01809,2026-03-19,Completed,WhatsApp,Mobile Money,5.9
O011167,C00095,2025-05-01,Completed,Site web,Carte bancaire,8.14
O011168,C01789,2025-11-12,Completed,Site web,Mobile Money,7.94
O011169,C01925,2026-02-06,Cancelled,Site web,Mobile Money,8.95
O011170,C00912,2025-05-29,Completed,Site web,Mobile Money,5.95
O011171,C03339,2025-03-31,Completed,Site web,Mobile Money,4.79
O011172,C03735,2025-08-28,Completed,WhatsApp,Mobile Money,7.32
O011173,C03902,2026-01-30,Completed,Site web,Carte bancaire,7.27
O011174,C02863,2025-10-17,Completed,Marketplace,Mobile Money,7.14
O011175,C02840,2025-11-28,Completed,Site web,Mobile Money,11.73
O011176,C00647,2025-12-31,Completed,Site web,Carte bancaire,7.99
O011177,C01656,2026-06-08,Completed,WhatsApp,Virement,9.55
O011178,C00019,2025-12-14,Completed,Boutique,Virement,2.75
O011179,C02350,2025-03-15,Completed,WhatsApp,Carte bancaire,3.08
O011180,C03204,2025-08-08,Completed,WhatsApp,Carte bancaire,3.68
O011181,C02810,2025-04-04,Completed,Site web,Mobile Money,6.05
O011182,C00067,2026-02-20,Completed,Marketplace,Carte bancaire,5.57
O011183,C02337,2026-07-01,Completed,WhatsApp,Virement,6.79
O011184,C03698,2026-02-27,Completed,Site web,Mobile Money,10.96
O011185,C00429,2025-05-15,Completed,Boutique,Virement,5.73
O011186,C02224,2026-01-17,Completed,Site web,Carte bancaire,7.45
O011187,C01052,2025-01-12,Completed,Site web,Mobile Money,6.23
O011188,C03907,2025-05-30,Completed,WhatsApp,Cash,9.25
O011189,C02313,2025-06-16,Completed,Boutique,Virement,7.91
O011190,C03242,2025-09-15,Completed,Marketplace,Mobile Money,5.85
O011191,C02203,2025-06-25,Completed,Site web,Carte bancaire,8.88
O011192,C03757,2025-08-26,Completed,WhatsApp,Cash,7.83
O011193,C01208,2025-01-06,Completed,WhatsApp,Carte bancaire,8.59
O011194,C03125,2026-03-24,Completed,Site web,Cash,6.13
O011195,C01804,2025-08-05,Completed,WhatsApp,Mobile Money,7.99
O011196,C02422,2026-03-19,Completed,Marketplace,Cash,5.32
O011197,C02881,2025-02-01,Completed,WhatsApp,Carte bancaire,2.95
O011198,C00727,2026-04-20,Completed,WhatsApp,Mobile Money,4.62
O011199,C03646,2025-12-10,Completed,WhatsApp,Mobile Money,7.84
O011200,C03057,2025-05-07,Completed,Boutique,Carte bancaire,7.6
O011201,C01719,2026-02-17,Completed,Site web,Mobile Money,3.94
O011202,C02488,2026-02-15,Completed,Site web,Mobile Money,10.13
O011203,C02787,2026-02-03,Completed,WhatsApp,Mobile Money,3.02
O011204,C01910,2026-04-22,Pending,Site web,Mobile Money,6.49
O011205,C02668,2026-06-07,Completed,Boutique,Mobile Money,4.76
O011206,C02347,2025-04-02,Pending,Site web,Carte bancaire,6.59
O011207,C03274,2025-06-04,Completed,Site web,Carte bancaire,2.25
O011208,C00976,2025-01-22,Completed,Boutique,Mobile Money,1.5
O011209,C00018,2025-02-06,Completed,Site web,Carte bancaire,4.17
O011210,C01699,2025-02-27,Cancelled,Site web,Mobile Money,8.04
O011211,C03464,2026-01-15,Completed,Site web,Virement,6.56
O011212,C00522,2025-11-29,Completed,Boutique,Cash,1.94
O011213,C03617,2025-01-20,Completed,Site web,Cash,8.9
O011214,C01722,2025-08-20,Returned,WhatsApp,Mobile Money,6.66
O011215,C00877,2025-03-02,Completed,Marketplace,Virement,8.26
O011216,C01962,2025-04-17,Completed,WhatsApp,Carte bancaire,4.99
O011217,C03409,2025-01-31,Completed,Site web,Carte bancaire,1.5
O011218,C03603,2025-10-17,Pending,Site web,Cash,10.46
O011219,C02575,2025-02-14,Completed,WhatsApp,Mobile Money,5.49
O011220,C02215,2026-03-07,Completed,Site web,Carte bancaire,8.97
O011221,C03388,2026-05-26,Completed,WhatsApp,Mobile Money,4.85
O011222,C03818,2026-04-14,Completed,WhatsApp,Mobile Money,6.28
O011223,C03341,2026-03-28,Completed,Boutique,Virement,1.5
O011224,C04066,2026-02-16,Completed,WhatsApp,Carte bancaire,3.52
O011225,C03491,2026-05-15,Pending,Boutique,Carte bancaire,10.45
O011226,C00206,2026-05-01,Completed,Site web,Mobile Money,8.62
O011227,C00083,2025-04-29,Completed,Site web,Cash,9.55
O011228,C02509,2025-11-28,Completed,Boutique,Carte bancaire,7.46
O011229,C04020,2025-06-17,Completed,Boutique,Mobile Money,6.75
O011230,C01257,2026-04-04,Completed,Site web,Mobile Money,8.86
O011231,C04059,2025-01-06,Completed,Site web,Mobile Money,8.74
O011232,C03576,2025-08-17,Completed,WhatsApp,Virement,6.91
O011233,C00592,2025-07-27,Completed,Site web,Mobile Money,6.29
O011234,C02076,2026-04-13,Completed,Site web,Mobile Money,8.87
O011235,C00929,2025-06-11,Completed,Site web,Mobile Money,2.89
O011236,C00328,2026-05-06,Completed,Site web,Mobile Money,5.1
O011237,C02902,2025-09-30,Completed,Site web,Carte bancaire,1.82
O011238,C00904,2026-01-12,Completed,Site web,Cash,3.15
O011239,C02351,2025-10-18,Completed,Site web,Cash,6.63
O011240,C02831,2025-08-25,Completed,Boutique,Cash,8.32
O011241,C01815,2025-06-16,Completed,Marketplace,Carte bancaire,11.48
O011242,C00335,2025-06-04,Completed,Site web,Cash,5.66
O011243,C00291,2025-12-17,Pending,Site web,Mobile Money,4.79
O011244,C01593,2025-06-28,Completed,Site web,Mobile Money,5.78
O011245,C00180,2026-04-19,Completed,Marketplace,Cash,6.73
O011246,C03661,2025-03-14,Completed,Site web,Virement,11.41
O011247,C00699,2025-04-29,Completed,Marketplace,Mobile Money,6.03
O011248,C00123,2025-01-26,Completed,WhatsApp,Mobile Money,2.72
O011249,C00589,2026-04-19,Completed,Boutique,Mobile Money,7.16
O011250,C02925,2025-08-16,Completed,Site web,Mobile Money,6.25
O011251,C02473,2025-01-20,Completed,WhatsApp,Virement,5.89
O011252,C02838,2025-01-24,Pending,Site web,Mobile Money,5.2
O011253,C01458,2026-05-19,Returned,WhatsApp,Carte bancaire,12.21
O011254,C01348,2026-04-28,Completed,WhatsApp,Mobile Money,4.49
O011255,C02821,2025-06-01,Completed,Boutique,Carte bancaire,1.5
O011256,C00474,2025-12-23,Completed,WhatsApp,Carte bancaire,4.2
O011257,C01656,2025-05-19,Returned,Marketplace,Mobile Money,4.53
O011258,C00431,2026-04-08,Cancelled,WhatsApp,Mobile Money,2.2
O011259,C01781,2026-01-28,Cancelled,WhatsApp,Mobile Money,5.43
O011260,C04071,2025-09-01,Completed,Site web,Carte bancaire,10.84
O011261,C03571,2026-05-24,Returned,Site web,Mobile Money,2.19
O011262,C02844,2025-05-03,Completed,Site web,Carte bancaire,1.84
O011263,C02761,2026-07-01,Completed,Site web,Mobile Money,8.24
O011264,C01580,2025-06-09,Completed,Site web,Cash,5.4
O011265,C02963,2026-05-03,Completed,Site web,Virement,4.86
O011266,C03501,2026-04-14,Completed,Site web,Carte bancaire,9.24
O011267,C02349,2025-11-05,Completed,Boutique,Mobile Money,4.34
O011268,C00435,2025-03-08,Pending,WhatsApp,Mobile Money,1.5
O011269,C02916,2026-02-16,Completed,Marketplace,Mobile Money,8.4
O011270,C00534,2026-01-18,Completed,Site web,Mobile Money,5.82
O011271,C01361,2026-04-20,Completed,Site web,Mobile Money,5.66
O011272,C00830,2025-05-04,Completed,Boutique,Carte bancaire,1.5
O011273,C00211,2025-05-12,Completed,Boutique,Virement,3.0
O011274,C03207,2025-07-13,Completed,Site web,Mobile Money,5.4
O011275,C02710,2025-07-22,Completed,Site web,Virement,2.81
O011276,C01718,2025-01-02,Cancelled,Marketplace,Mobile Money,8.87
O011277,C01603,2025-03-26,Completed,Marketplace,Mobile Money,5.81
O011278,C02699,2025-09-20,Completed,Marketplace,Mobile Money,5.28
O011279,C02233,2026-06-14,Pending,Site web,Mobile Money,8.92
O011280,C00977,2025-03-12,Completed,Site web,Carte bancaire,4.25
O011281,C02018,2025-05-13,Completed,Site web,Mobile Money,7.16
O011282,C03265,2026-04-17,Completed,WhatsApp,Carte bancaire,6.0
O011283,C02320,2025-01-22,Cancelled,Site web,Carte bancaire,8.52
O011284,C03367,2025-02-23,Completed,Site web,Mobile Money,7.31
O011285,C02135,2026-05-03,Returned,Marketplace,Mobile Money,7.88
O011286,C01736,2025-05-18,Completed,Site web,Virement,4.47
O011287,C03118,2025-06-18,Completed,Site web,Mobile Money,4.32
O011288,C00879,2025-01-09,Completed,WhatsApp,Carte bancaire,5.73
O011289,C02633,2025-08-11,Completed,Marketplace,Carte bancaire,7.86
O011290,C02647,2026-06-29,Completed,Marketplace,Virement,7.14
O011291,C01164,2026-06-25,Completed,Site web,Mobile Money,8.34
O011292,C01076,2025-12-18,Completed,WhatsApp,Cash,3.48
O011293,C00352,2026-01-05,Completed,Marketplace,Mobile Money,2.01
O011294,C00623,2025-12-19,Completed,WhatsApp,Carte bancaire,4.57
O011295,C00402,2026-01-16,Completed,Site web,Carte bancaire,4.05
O011296,C02587,2025-10-12,Pending,Boutique,Virement,3.18
O011297,C00511,2025-04-23,Pending,WhatsApp,Carte bancaire,5.37
O011298,C02155,2026-04-21,Completed,WhatsApp,Carte bancaire,2.17
O011299,C00469,2026-04-27,Completed,WhatsApp,Cash,4.33
O011300,C03291,2025-03-21,Returned,Site web,Mobile Money,3.1
O011301,C02846,2025-02-21,Pending,Boutique,Carte bancaire,2.5
O011302,C01228,2026-03-11,Pending,Site web,Carte bancaire,2.31
O011303,C03089,2025-01-27,Completed,Site web,Mobile Money,3.06
O011304,C00947,2026-03-19,Pending,Site web,Mobile Money,7.55
O011305,C02669,2026-06-23,Completed,WhatsApp,Carte bancaire,5.15
O011306,C02691,2025-01-20,Completed,WhatsApp,Mobile Money,6.33
O011307,C01833,2026-03-14,Completed,Boutique,Cash,5.39
O011308,C02945,2025-03-14,Completed,Boutique,Carte bancaire,7.91
O011309,C03982,2025-06-09,Completed,WhatsApp,Carte bancaire,7.5
O011310,C01737,2025-10-27,Completed,WhatsApp,Mobile Money,7.59
O011311,C01191,2026-01-08,Completed,WhatsApp,Cash,5.44
O011312,C01858,2025-02-19,Completed,Site web,Cash,5.89
O011313,C02386,2025-03-01,Completed,WhatsApp,Carte bancaire,2.46
O011314,C00519,2025-06-04,Completed,WhatsApp,Mobile Money,3.89
O011315,C04032,2026-01-09,Completed,Boutique,Carte bancaire,8.21
O011316,C01972,2025-08-10,Returned,Boutique,Mobile Money,4.34
O011317,C04049,2025-06-01,Completed,Site web,Mobile Money,5.23
O011318,C04038,2025-03-28,Completed,Marketplace,Mobile Money,7.79
O011319,C00269,2026-06-15,Returned,Marketplace,Mobile Money,6.7
O011320,C00478,2026-01-21,Cancelled,Site web,Cash,6.01
O011321,C00763,2026-06-25,Completed,Marketplace,Carte bancaire,5.26
O011322,C02386,2025-09-29,Completed,WhatsApp,Carte bancaire,8.42
O011323,C01486,2026-03-25,Completed,Site web,Virement,4.0
O011324,C00078,2025-12-17,Completed,Boutique,Mobile Money,6.94
O011325,C02370,2025-10-15,Pending,Site web,Cash,5.14
O011326,C01367,2025-09-17,Returned,Boutique,Carte bancaire,7.6
O011327,C03543,2025-10-02,Completed,Boutique,Mobile Money,7.86
O011328,C03197,2025-08-15,Completed,Site web,Carte bancaire,6.31
O011329,C03548,2025-12-17,Pending,Site web,Carte bancaire,9.13
O011330,C02383,2025-09-27,Pending,Site web,Carte bancaire,8.06
O011331,C02923,2026-06-16,Completed,Site web,Mobile Money,5.11
O011332,C00341,2026-05-08,Completed,WhatsApp,Carte bancaire,6.63
O011333,C03191,2025-09-12,Completed,Boutique,Mobile Money,6.75
O011334,C01898,2025-08-06,Completed,Marketplace,Virement,8.83
O011335,C00019,2026-02-20,Completed,WhatsApp,Carte bancaire,1.61
O011336,C00333,2025-12-18,Completed,WhatsApp,Carte bancaire,9.2
O011337,C01295,2025-05-08,Completed,Site web,Carte bancaire,1.5
O011338,C01569,2026-04-03,Completed,WhatsApp,Cash,7.31
O011339,C00877,2026-01-09,Completed,Site web,Mobile Money,7.29
O011340,C03230,2025-12-07,Completed,WhatsApp,Carte bancaire,5.39
O011341,C01878,2026-03-05,Completed,WhatsApp,Carte bancaire,7.74
O011342,C01085,2025-05-04,Completed,WhatsApp,Carte bancaire,2.43
O011343,C02830,2026-03-15,Returned,Site web,Carte bancaire,3.61
O011344,C01905,2025-03-08,Completed,Site web,Cash,2.82
O011345,C03271,2026-03-11,Completed,Boutique,Carte bancaire,4.01
O011346,C02102,2025-11-20,Completed,Boutique,Virement,9.09
O011347,C03148,2025-11-15,Completed,WhatsApp,Carte bancaire,9.67
O011348,C03584,2026-02-03,Completed,Marketplace,Carte bancaire,5.71
O011349,C00334,2025-06-20,Completed,Boutique,Carte bancaire,6.54
O011350,C00511,2026-02-26,Cancelled,Boutique,Carte bancaire,11.72
O011351,C03069,2025-01-15,Completed,Boutique,Cash,4.75
O011352,C02312,2026-01-16,Pending,Boutique,Carte bancaire,3.97
O011353,C01011,2026-03-12,Completed,Boutique,Carte bancaire,8.73
O011354,C00130,2025-01-02,Completed,Site web,Carte bancaire,4.42
O011355,C04013,2026-01-16,Pending,WhatsApp,Mobile Money,3.09
O011356,C00393,2026-03-01,Completed,Boutique,Mobile Money,8.6
O011357,C01944,2025-10-14,Completed,Site web,Mobile Money,10.06
O011358,C00928,2025-11-28,Completed,Site web,Carte bancaire,4.52
O011359,C01662,2025-02-02,Completed,Site web,Virement,5.9
O011360,C03023,2026-06-26,Completed,WhatsApp,Mobile Money,8.66
O011361,C02139,2026-06-14,Pending,Boutique,Carte bancaire,3.72
O011362,C00173,2026-02-23,Completed,WhatsApp,Cash,8.81
O011363,C00367,2025-01-09,Cancelled,Site web,Mobile Money,10.34
O011364,C03970,2025-08-24,Completed,Boutique,Mobile Money,2.3
O011365,C01059,2026-03-25,Completed,Site web,Mobile Money,1.98
O011366,C01797,2026-01-06,Completed,Boutique,Carte bancaire,1.5
O011367,C03299,2026-05-11,Completed,WhatsApp,Carte bancaire,4.44
O011368,C03523,2025-12-04,Returned,Site web,Mobile Money,2.22
O011369,C01194,2026-01-27,Completed,WhatsApp,Virement,9.25
O011370,C00932,2025-07-04,Completed,WhatsApp,Mobile Money,3.11
O011371,C01838,2026-03-22,Completed,Marketplace,Mobile Money,4.78
O011372,C01419,2025-10-20,Completed,WhatsApp,Virement,7.08
O011373,C02945,2026-03-15,Completed,Marketplace,Mobile Money,3.52
O011374,C03054,2025-04-23,Completed,Site web,Carte bancaire,6.02
O011375,C01093,2025-05-27,Completed,Site web,Mobile Money,7.94
O011376,C01593,2025-02-18,Completed,Site web,Mobile Money,15.29
O011377,C03069,2026-01-05,Returned,WhatsApp,Mobile Money,7.13
O011378,C02132,2026-02-06,Completed,Site web,Virement,1.5
O011379,C02315,2025-06-05,Pending,Site web,Mobile Money,8.07
O011380,C03399,2025-07-30,Completed,WhatsApp,Cash,6.92
O011381,C02738,2025-11-09,Completed,Site web,Carte bancaire,7.5
O011382,C02735,2026-02-19,Completed,Boutique,Carte bancaire,5.7
O011383,C02023,2025-06-16,Completed,Site web,Carte bancaire,8.63
O011384,C03511,2025-09-25,Pending,Site web,Cash,5.25
O011385,C00097,2025-04-12,Completed,WhatsApp,Mobile Money,6.92
O011386,C00364,2026-03-20,Completed,Marketplace,Mobile Money,6.61
O011387,C02841,2026-04-24,Completed,Site web,Virement,6.31
O011388,C02554,2026-02-10,Completed,Site web,Mobile Money,5.02
O011389,C01176,2026-03-23,Completed,Site web,Carte bancaire,9.35
O011390,C02526,2026-02-23,Completed,Marketplace,Virement,10.13
O011391,C00450,2026-04-03,Cancelled,Site web,Cash,11.8
O011392,C02550,2025-08-24,Completed,Boutique,Virement,6.39
O011393,C01518,2025-04-23,Completed,WhatsApp,Mobile Money,6.69
O011394,C02474,2026-06-11,Pending,Boutique,Carte bancaire,6.87
O011395,C01432,2025-01-02,Completed,Site web,Carte bancaire,3.63
O011396,C03041,2025-08-11,Completed,WhatsApp,Mobile Money,8.66
O011397,C00470,2026-02-02,Completed,Marketplace,Carte bancaire,5.21
O011398,C03545,2026-03-11,Completed,Site web,Cash,7.78
O011399,C02078,2026-01-11,Completed,WhatsApp,Carte bancaire,2.55
O011400,C00965,2025-09-26,Completed,Marketplace,Carte bancaire,7.71
O011401,C04042,2026-05-21,Completed,Site web,Virement,9.87
O011402,C00440,2025-05-09,Completed,Boutique,Mobile Money,4.07
O011403,C02256,2025-03-19,Completed,Site web,Carte bancaire,4.73
O011404,C00311,2025-12-11,Completed,Site web,Carte bancaire,4.65
O011405,C03779,2025-06-25,Completed,Site web,Carte bancaire,4.65
O011406,C00666,2025-09-15,Completed,Boutique,Carte bancaire,10.1
O011407,C01058,2025-09-08,Completed,Site web,Mobile Money,6.45
O011408,C02756,2025-05-25,Completed,Site web,Mobile Money,3.22
O011409,C03717,2026-07-02,Completed,Boutique,Carte bancaire,3.67
O011410,C01750,2025-07-29,Completed,Site web,Cash,1.5
O011411,C01094,2026-01-03,Completed,Site web,Mobile Money,3.82
O011412,C01468,2025-03-29,Completed,Site web,Carte bancaire,2.36
O011413,C03854,2026-06-28,Completed,Site web,Carte bancaire,2.5
O011414,C03822,2026-06-25,Completed,Site web,Carte bancaire,4.86
O011415,C00515,2025-02-07,Completed,WhatsApp,Cash,2.87
O011416,C03781,2025-12-19,Completed,Marketplace,Cash,5.64
O011417,C03532,2025-11-22,Completed,Boutique,Virement,7.19
O011418,C02264,2025-04-06,Completed,Marketplace,Mobile Money,7.0
O011419,C01074,2026-02-26,Pending,Boutique,Mobile Money,6.74
O011420,C01926,2026-02-23,Completed,Marketplace,Mobile Money,1.5
O011421,C03257,2026-04-08,Pending,Site web,Carte bancaire,4.58
O011422,C01136,2025-11-26,Completed,Site web,Mobile Money,9.84
O011423,C01445,2026-01-23,Pending,Site web,Virement,12.41
O011424,C01932,2026-01-31,Completed,WhatsApp,Virement,8.43
O011425,C00283,2026-02-25,Completed,Boutique,Carte bancaire,6.18
O011426,C01726,2025-11-17,Completed,WhatsApp,Carte bancaire,3.5
O011427,C00563,2026-02-13,Completed,Marketplace,Mobile Money,9.75
O011428,C00030,2025-02-03,Completed,Site web,Cash,5.54
O011429,C01626,2025-12-05,Completed,WhatsApp,Mobile Money,5.26
O011430,C03187,2025-04-22,Completed,WhatsApp,Mobile Money,9.45
O011431,C04128,2025-08-12,Completed,Site web,Cash,1.5
O011432,C01843,2026-02-26,Completed,Boutique,Virement,5.79
O011433,C03167,2025-03-04,Completed,WhatsApp,Mobile Money,1.58
O011434,C00936,2026-02-18,Completed,Site web,Carte bancaire,7.66
O011435,C02674,2025-05-23,Cancelled,Site web,Carte bancaire,10.85
O011436,C02799,2026-02-18,Completed,WhatsApp,Virement,7.48
O011437,C01396,2026-02-25,Completed,Boutique,Carte bancaire,11.91
O011438,C01881,2025-01-09,Completed,Site web,Mobile Money,6.63
O011439,C02815,2025-05-09,Completed,Boutique,Carte bancaire,10.33
O011440,C01318,2026-03-18,Completed,Site web,Cash,1.5
O011441,C02536,2025-07-07,Completed,Site web,Mobile Money,6.63
O011442,C00970,2025-08-29,Completed,Site web,Carte bancaire,2.03
O011443,C02250,2025-01-09,Completed,WhatsApp,Mobile Money,7.15
O011444,C00249,2026-01-16,Completed,Site web,Mobile Money,5.04
O011445,C01876,2025-02-21,Completed,WhatsApp,Carte bancaire,5.41
O011446,C02113,2025-05-30,Cancelled,Marketplace,Carte bancaire,5.36
O011447,C03475,2025-09-19,Completed,Marketplace,Virement,9.15
O011448,C01577,2026-02-26,Completed,Site web,Carte bancaire,6.58
O011449,C00026,2025-10-01,Completed,Boutique,Virement,6.56
O011450,C00170,2026-06-23,Completed,Marketplace,Carte bancaire,6.05
O011451,C02266,2025-10-14,Pending,WhatsApp,Mobile Money,8.15
O011452,C03413,2025-05-19,Completed,Site web,Mobile Money,5.34
O011453,C03740,2025-04-15,Completed,Site web,Mobile Money,2.68
O011454,C03395,2026-03-06,Cancelled,Site web,Carte bancaire,8.88
O011455,C01428,2025-09-09,Completed,Boutique,Carte bancaire,4.68
O011456,C02059,2025-11-28,Completed,Site web,Mobile Money,6.84
O011457,C03731,2025-07-22,Completed,Site web,Carte bancaire,8.29
O011458,C03524,2025-05-30,Completed,Boutique,Carte bancaire,2.79
O011459,C01907,2025-11-25,Completed,Boutique,Mobile Money,3.55
O011460,C02021,2025-06-11,Completed,Site web,Mobile Money,1.71
O011461,C00292,2026-07-02,Completed,Boutique,Cash,4.95
O011462,C00710,2026-02-05,Completed,Site web,Virement,9.17
O011463,C02224,2026-03-26,Cancelled,Site web,Mobile Money,5.93
O011464,C02174,2025-06-05,Completed,WhatsApp,Carte bancaire,10.24
O011465,C02415,2025-01-17,Completed,Boutique,Mobile Money,6.98
O011466,C01313,2025-01-27,Completed,Site web,Cash,4.29
O011467,C00953,2026-04-16,Completed,Site web,Carte bancaire,3.96
O011468,C01900,2026-04-24,Completed,Marketplace,Carte bancaire,10.75
O011469,C03691,2026-01-08,Cancelled,Marketplace,Mobile Money,8.34
O011470,C04077,2025-11-19,Completed,WhatsApp,Mobile Money,5.46
O011471,C00221,2025-04-25,Completed,Site web,Cash,6.41
O011472,C01494,2026-02-20,Pending,Site web,Mobile Money,4.67
O011473,C02190,2025-10-10,Completed,Site web,Mobile Money,1.5
O011474,C00907,2025-11-27,Completed,Site web,Carte bancaire,6.26
O011475,C01484,2025-01-14,Pending,Boutique,Carte bancaire,2.27
O011476,C00540,2025-10-11,Completed,Site web,Mobile Money,4.92
O011477,C01949,2026-01-16,Completed,Site web,Mobile Money,2.22
O011478,C03713,2026-02-26,Returned,Boutique,Mobile Money,5.44
O011479,C03901,2025-03-21,Pending,Site web,Mobile Money,3.01
O011480,C00063,2025-01-18,Pending,Site web,Cash,6.2
O011481,C02675,2026-04-14,Completed,WhatsApp,Carte bancaire,8.08
O011482,C03812,2025-06-20,Pending,Site web,Virement,6.94
O011483,C03227,2025-09-17,Completed,WhatsApp,Mobile Money,1.58
O011484,C00260,2025-12-10,Completed,Site web,Virement,1.5
O011485,C01637,2025-09-27,Completed,Site web,Carte bancaire,2.15
O011486,C03162,2026-06-02,Completed,Site web,Mobile Money,9.08
O011487,C04115,2026-04-07,Completed,WhatsApp,Carte bancaire,12.57
O011488,C01234,2025-08-04,Cancelled,Site web,Mobile Money,3.98
O011489,C01190,2025-04-15,Completed,Marketplace,Virement,2.93
O011490,C01050,2026-06-19,Completed,Marketplace,Virement,10.16
O011491,C03759,2026-01-24,Completed,WhatsApp,Mobile Money,4.74
O011492,C00756,2026-02-18,Completed,Site web,Mobile Money,5.76
O011493,C01538,2025-09-12,Completed,Site web,Mobile Money,6.49
O011494,C00565,2025-09-23,Pending,Marketplace,Mobile Money,3.95
O011495,C03947,2025-04-10,Completed,Site web,Mobile Money,3.67
O011496,C00279,2025-08-24,Completed,Site web,Carte bancaire,5.77
O011497,C02131,2025-10-25,Completed,Site web,Virement,4.77
O011498,C00652,2025-03-12,Completed,Site web,Cash,1.5
O011499,C01710,2025-12-15,Completed,Site web,Mobile Money,3.3
O011500,C02472,2025-12-04,Completed,Site web,Mobile Money,5.58
O011501,C02934,2026-04-06,Completed,Boutique,Carte bancaire,4.34
O011502,C02393,2025-01-29,Completed,Site web,Mobile Money,7.49
O011503,C01796,2025-05-04,Completed,Boutique,Carte bancaire,3.66
O011504,C01181,2025-08-24,Completed,Site web,Carte bancaire,11.44
O011505,C03372,2026-04-28,Completed,Site web,Mobile Money,6.16
O011506,C02856,2025-05-11,Completed,Boutique,Mobile Money,6.22
O011507,C02823,2026-06-17,Completed,WhatsApp,Mobile Money,4.46
O011508,C03233,2026-06-09,Completed,WhatsApp,Mobile Money,5.2
O011509,C00926,2025-02-21,Completed,Site web,Carte bancaire,1.5
O011510,C04117,2025-07-19,Completed,WhatsApp,Mobile Money,6.0
O011511,C03862,2025-05-22,Completed,Boutique,Carte bancaire,11.9
O011512,C01848,2025-09-26,Completed,Marketplace,Carte bancaire,8.69
O011513,C00857,2026-05-22,Cancelled,WhatsApp,Mobile Money,1.5
O011514,C01574,2025-07-25,Completed,Site web,Mobile Money,6.87
O011515,C01633,2025-12-30,Completed,Boutique,Cash,7.34
O011516,C04088,2025-03-17,Returned,Site web,Mobile Money,10.56
O011517,C01213,2025-11-09,Completed,Site web,Mobile Money,3.63
O011518,C03958,2025-07-13,Completed,Boutique,Carte bancaire,12.86
O011519,C00971,2026-05-18,Completed,Site web,Mobile Money,6.34
O011520,C03894,2026-03-03,Completed,Site web,Carte bancaire,3.51
O011521,C03907,2025-04-28,Completed,Site web,Mobile Money,1.5
O011522,C02557,2025-12-07,Completed,Site web,Mobile Money,5.64
O011523,C00453,2025-07-07,Pending,Boutique,Carte bancaire,6.62
O011524,C02595,2025-08-28,Completed,Boutique,Mobile Money,2.57
O011525,C03828,2025-09-11,Completed,Boutique,Mobile Money,7.87
O011526,C03898,2026-03-26,Completed,Marketplace,Cash,7.58
O011527,C01922,2025-06-09,Pending,Site web,Mobile Money,6.03
O011528,C02016,2025-01-03,Completed,Boutique,Carte bancaire,3.42
O011529,C01614,2025-04-16,Completed,Site web,Virement,6.06
O011530,C00897,2026-03-29,Completed,Boutique,Carte bancaire,11.53
O011531,C02746,2025-06-12,Completed,Boutique,Virement,3.23
O011532,C04139,2025-02-02,Completed,Marketplace,Carte bancaire,1.5
O011533,C01123,2025-08-08,Completed,Boutique,Mobile Money,4.88
O011534,C03537,2026-04-22,Completed,Site web,Cash,3.57
O011535,C00403,2026-04-24,Completed,Boutique,Mobile Money,1.5
O011536,C00236,2026-06-04,Completed,Site web,Carte bancaire,7.22
O011537,C03784,2026-01-10,Cancelled,WhatsApp,Carte bancaire,2.04
O011538,C00473,2026-03-25,Completed,Site web,Carte bancaire,1.73
O011539,C01739,2026-02-28,Pending,WhatsApp,Carte bancaire,8.46
O011540,C03705,2025-01-11,Cancelled,Boutique,Carte bancaire,10.2
O011541,C01466,2025-08-18,Completed,Site web,Carte bancaire,13.76
O011542,C01265,2025-10-16,Completed,Site web,Carte bancaire,1.5
O011543,C00172,2025-09-12,Completed,Site web,Carte bancaire,7.18
O011544,C02925,2026-03-31,Completed,Site web,Mobile Money,1.79
O011545,C01345,2026-06-23,Completed,Site web,Carte bancaire,6.21
O011546,C00495,2025-10-26,Pending,Boutique,Cash,5.53
O011547,C01994,2025-02-22,Completed,Boutique,Mobile Money,1.5
O011548,C00717,2025-07-17,Pending,WhatsApp,Mobile Money,7.58
O011549,C03565,2025-04-19,Completed,Site web,Cash,6.0
O011550,C03139,2025-09-15,Cancelled,WhatsApp,Mobile Money,7.81
O011551,C04116,2025-05-09,Completed,Marketplace,Carte bancaire,2.22
O011552,C04114,2025-02-14,Completed,Site web,Carte bancaire,12.34
O011553,C03517,2025-04-05,Cancelled,Site web,Carte bancaire,6.79
O011554,C02110,2025-09-29,Completed,WhatsApp,Mobile Money,7.0
O011555,C00716,2025-03-19,Completed,Site web,Virement,10.14
O011556,C00181,2025-01-16,Completed,Site web,Carte bancaire,5.96
O011557,C00385,2025-06-03,Pending,Boutique,Carte bancaire,3.32
O011558,C00985,2025-12-19,Completed,Site web,Carte bancaire,9.27
O011559,C03709,2025-12-12,Pending,WhatsApp,Cash,5.55
O011560,C00894,2025-08-02,Completed,Site web,Virement,8.9
O011561,C00390,2025-12-30,Completed,Site web,Mobile Money,5.65
O011562,C03929,2025-04-15,Completed,WhatsApp,Mobile Money,12.51
O011563,C01830,2026-01-31,Completed,Site web,Mobile Money,5.83
O011564,C01761,2025-01-10,Completed,Site web,Cash,4.08
O011565,C01267,2025-03-16,Completed,WhatsApp,Mobile Money,6.97
O011566,C03981,2026-05-21,Completed,WhatsApp,Virement,4.54
O011567,C01463,2025-09-14,Completed,Boutique,Carte bancaire,3.35
O011568,C03611,2025-11-01,Completed,Boutique,Virement,9.99
O011569,C04168,2025-08-06,Completed,WhatsApp,Carte bancaire,2.13
O011570,C01894,2025-12-21,Completed,Site web,Mobile Money,9.04
O011571,C02943,2026-02-14,Completed,Site web,Carte bancaire,10.76
O011572,C00105,2026-03-04,Returned,Site web,Mobile Money,4.93
O011573,C03283,2025-05-17,Completed,Site web,Mobile Money,6.76
O011574,C04087,2025-12-10,Returned,Site web,Mobile Money,3.45
O011575,C00820,2026-03-06,Completed,Boutique,Virement,9.38
O011576,C00043,2025-08-15,Completed,WhatsApp,Mobile Money,2.07
O011577,C00185,2025-07-29,Completed,Site web,Mobile Money,8.93
O011578,C03596,2025-12-10,Completed,WhatsApp,Mobile Money,5.96
O011579,C01025,2025-11-11,Returned,Boutique,Mobile Money,3.39
O011580,C01736,2025-05-19,Completed,Site web,Mobile Money,3.84
O011581,C01412,2026-06-09,Completed,Site web,Carte bancaire,7.4
O011582,C01266,2025-11-04,Completed,WhatsApp,Carte bancaire,2.36
O011583,C00695,2025-11-06,Completed,Site web,Carte bancaire,7.58
O011584,C01715,2025-04-23,Completed,Site web,Virement,6.44
O011585,C03883,2026-01-06,Completed,WhatsApp,Mobile Money,4.74
O011586,C01500,2026-05-18,Pending,WhatsApp,Carte bancaire,7.39
O011587,C03366,2026-02-02,Completed,Boutique,Carte bancaire,3.53
O011588,C02895,2025-10-07,Completed,Site web,Carte bancaire,5.09
O011589,C03349,2025-12-15,Completed,Marketplace,Mobile Money,4.76
O011590,C02406,2025-05-09,Cancelled,Site web,Mobile Money,2.11
O011591,C01560,2025-02-03,Cancelled,Site web,Mobile Money,4.92
O011592,C01080,2025-12-17,Cancelled,Site web,Mobile Money,1.5
O011593,C01177,2025-04-10,Completed,Site web,Carte bancaire,4.25
O011594,C02216,2025-02-19,Completed,Boutique,Mobile Money,1.5
O011595,C01698,2026-03-01,Pending,Site web,Virement,2.85
O011596,C01701,2025-08-26,Completed,Site web,Cash,3.15
O011597,C01550,2026-04-13,Completed,WhatsApp,Mobile Money,7.17
O011598,C03867,2026-04-20,Cancelled,Site web,Cash,3.04
O011599,C02702,2025-03-09,Completed,WhatsApp,Carte bancaire,2.17
O011600,C03748,2026-02-25,Completed,Marketplace,Mobile Money,4.77
O011601,C03899,2025-07-03,Completed,Site web,Cash,11.62
O011602,C02593,2026-01-21,Completed,Site web,Mobile Money,1.5
O011603,C00386,2025-01-25,Returned,Site web,Mobile Money,8.02
O011604,C04055,2025-09-15,Completed,Boutique,Mobile Money,6.98
O011605,C02009,2025-12-11,Completed,Marketplace,Carte bancaire,12.2
O011606,C01576,2025-09-02,Completed,Boutique,Mobile Money,6.81
O011607,C01738,2025-10-30,Completed,WhatsApp,Carte bancaire,6.07
O011608,C00370,2025-01-07,Completed,Site web,Virement,6.05
O011609,C02790,2025-01-05,Completed,Boutique,Cash,5.83
O011610,C00201,2025-11-25,Completed,Boutique,Cash,8.04
O011611,C03028,2025-08-16,Completed,Site web,Mobile Money,4.33
O011612,C03501,2025-11-13,Completed,Boutique,Carte bancaire,15.05
O011613,C01773,2025-07-17,Completed,Boutique,Virement,8.52
O011614,C01611,2025-01-03,Cancelled,Marketplace,Mobile Money,5.37
O011615,C02828,2026-01-19,Pending,Boutique,Cash,5.19
O011616,C03614,2025-03-17,Completed,Boutique,Carte bancaire,5.89
O011617,C00402,2026-03-07,Pending,Marketplace,Cash,5.81
O011618,C01927,2025-01-07,Pending,Site web,Mobile Money,7.87
O011619,C01357,2026-05-25,Completed,WhatsApp,Mobile Money,6.84
O011620,C00047,2025-05-19,Pending,Marketplace,Cash,10.34
O011621,C00036,2026-05-05,Returned,WhatsApp,Mobile Money,3.08
O011622,C02221,2025-01-03,Completed,Marketplace,Cash,5.86
O011623,C03208,2025-09-04,Completed,Site web,Mobile Money,3.04
O011624,C02498,2025-08-17,Returned,Site web,Mobile Money,4.54
O011625,C01045,2025-04-01,Completed,Site web,Carte bancaire,4.42
O011626,C01897,2025-09-19,Completed,Site web,Cash,8.32
O011627,C04057,2025-04-28,Completed,WhatsApp,Carte bancaire,4.06
O011628,C03520,2025-08-28,Completed,Site web,Carte bancaire,10.17
O011629,C00504,2025-07-25,Returned,Site web,Mobile Money,10.34
O011630,C02705,2025-04-20,Completed,Boutique,Mobile Money,8.13
O011631,C02625,2026-03-09,Completed,WhatsApp,Carte bancaire,2.56
O011632,C01532,2025-10-14,Completed,Site web,Carte bancaire,10.3
O011633,C01531,2026-04-05,Returned,Site web,Virement,4.7
O011634,C03020,2026-03-23,Completed,Boutique,Mobile Money,4.99
O011635,C03927,2025-05-24,Cancelled,Site web,Mobile Money,7.54
O011636,C01343,2025-06-09,Completed,Boutique,Carte bancaire,3.42
O011637,C03895,2026-06-06,Cancelled,WhatsApp,Carte bancaire,9.74
O011638,C03522,2025-06-21,Completed,Boutique,Carte bancaire,8.39
O011639,C00221,2025-02-21,Pending,Site web,Mobile Money,14.91
O011640,C01177,2025-10-25,Completed,Boutique,Virement,6.9
O011641,C01853,2026-06-14,Completed,Site web,Mobile Money,5.6
O011642,C02800,2025-05-09,Completed,Marketplace,Carte bancaire,12.01
O011643,C00952,2025-12-16,Completed,Site web,Mobile Money,1.5
O011644,C01744,2025-07-05,Completed,Site web,Mobile Money,6.68
O011645,C00390,2025-07-30,Completed,WhatsApp,Mobile Money,5.59
O011646,C00425,2025-09-05,Completed,Site web,Mobile Money,9.69
O011647,C01827,2025-03-20,Pending,Site web,Mobile Money,15.32
O011648,C02645,2025-07-31,Completed,Site web,Mobile Money,3.98
O011649,C01900,2025-05-30,Completed,Boutique,Carte bancaire,9.47
O011650,C01609,2026-03-25,Completed,Site web,Carte bancaire,10.18
O011651,C02092,2025-05-05,Completed,Site web,Mobile Money,9.94
O011652,C02664,2026-04-11,Completed,Site web,Mobile Money,6.73
O011653,C02999,2025-01-10,Completed,WhatsApp,Carte bancaire,8.15
O011654,C02268,2025-08-09,Cancelled,WhatsApp,Mobile Money,3.14
O011655,C00386,2025-05-28,Completed,Site web,Mobile Money,11.32
O011656,C00175,2025-09-03,Completed,Site web,Mobile Money,2.76
O011657,C01441,2026-02-27,Completed,WhatsApp,Mobile Money,3.09
O011658,C00861,2026-06-09,Completed,Site web,Carte bancaire,5.15
O011659,C02255,2026-02-03,Completed,Marketplace,Carte bancaire,4.29
O011660,C02942,2025-10-03,Completed,Site web,Mobile Money,7.3
O011661,C01059,2025-10-08,Pending,Site web,Mobile Money,5.05
O011662,C01965,2026-06-29,Completed,Site web,Mobile Money,3.39
O011663,C00918,2026-06-28,Pending,Boutique,Cash,2.64
O011664,C01960,2026-02-23,Returned,Site web,Mobile Money,9.56
O011665,C01588,2025-04-01,Returned,Site web,Mobile Money,7.58
O011666,C00011,2025-05-25,Completed,Site web,Virement,2.1
O011667,C02794,2025-05-30,Completed,Site web,Mobile Money,7.92
O011668,C01272,2025-05-06,Cancelled,Site web,Mobile Money,5.04
O011669,C03142,2026-06-15,Completed,Site web,Virement,1.5
O011670,C02812,2025-03-29,Completed,WhatsApp,Carte bancaire,2.28
O011671,C00820,2026-04-13,Pending,Site web,Mobile Money,9.05
O011672,C03726,2026-03-18,Pending,Site web,Mobile Money,10.05
O011673,C00094,2025-10-17,Completed,Marketplace,Virement,8.11
O011674,C02411,2025-06-18,Completed,Boutique,Mobile Money,3.8
O011675,C03371,2025-05-26,Completed,Marketplace,Carte bancaire,7.54
O011676,C02271,2026-01-06,Completed,Site web,Mobile Money,7.48
O011677,C02342,2026-01-03,Completed,Site web,Mobile Money,1.5
O011678,C01976,2025-10-23,Completed,Site web,Mobile Money,7.75
O011679,C00253,2025-11-08,Completed,Marketplace,Mobile Money,6.58
O011680,C02850,2026-03-29,Completed,Marketplace,Carte bancaire,13.03
O011681,C04002,2026-02-18,Pending,WhatsApp,Carte bancaire,11.97
O011682,C03353,2026-02-16,Completed,Site web,Mobile Money,5.76
O011683,C00247,2025-06-03,Completed,WhatsApp,Mobile Money,7.34
O011684,C00927,2025-02-04,Pending,Marketplace,Virement,6.37
O011685,C03498,2025-09-09,Completed,WhatsApp,Mobile Money,4.6
O011686,C02999,2025-07-05,Completed,Boutique,Carte bancaire,1.91
O011687,C01540,2025-07-03,Completed,Boutique,Mobile Money,3.99
O011688,C01025,2025-10-13,Completed,Site web,Carte bancaire,4.64
O011689,C01942,2026-05-23,Completed,Boutique,Mobile Money,9.58
O011690,C00134,2026-03-17,Completed,Site web,Mobile Money,6.64
O011691,C00377,2026-01-05,Completed,Marketplace,Carte bancaire,4.3
O011692,C00314,2026-01-27,Completed,Site web,Mobile Money,3.79
O011693,C03466,2025-08-15,Completed,WhatsApp,Mobile Money,7.32
O011694,C00196,2025-10-29,Completed,Site web,Mobile Money,5.06
O011695,C02321,2025-08-26,Pending,Site web,Mobile Money,2.84
O011696,C01177,2026-03-19,Returned,Boutique,Virement,3.21
O011697,C03178,2026-06-27,Completed,Boutique,Mobile Money,11.29
O011698,C00535,2025-08-27,Pending,Marketplace,Mobile Money,5.62
O011699,C03824,2026-01-31,Completed,WhatsApp,Mobile Money,9.3
O011700,C00358,2025-01-31,Completed,Site web,Virement,1.5
O011701,C03556,2025-08-09,Completed,Site web,Virement,9.55
O011702,C00620,2026-04-23,Completed,Site web,Cash,8.34
O011703,C00125,2026-01-12,Completed,Site web,Virement,8.67
O011704,C00161,2025-10-16,Completed,Site web,Virement,1.5
O011705,C03280,2025-04-28,Completed,Site web,Cash,6.1
O011706,C01443,2026-03-20,Completed,Marketplace,Mobile Money,3.54
O011707,C01751,2026-06-16,Completed,Site web,Carte bancaire,2.49
O011708,C03456,2025-08-03,Completed,Boutique,Mobile Money,1.5
O011709,C01099,2026-03-20,Completed,WhatsApp,Virement,2.77
O011710,C02326,2025-11-19,Completed,WhatsApp,Mobile Money,2.55
O011711,C01254,2025-08-06,Completed,WhatsApp,Carte bancaire,8.36
O011712,C00273,2025-07-01,Pending,Marketplace,Mobile Money,4.18
O011713,C04174,2025-10-03,Completed,WhatsApp,Carte bancaire,5.53
O011714,C01575,2025-08-13,Completed,Site web,Virement,9.6
O011715,C03559,2025-12-05,Completed,Site web,Carte bancaire,6.21
O011716,C01806,2025-03-22,Completed,Boutique,Cash,3.85
O011717,C03643,2025-09-19,Pending,WhatsApp,Mobile Money,6.61
O011718,C00725,2026-02-11,Cancelled,Boutique,Carte bancaire,3.65
O011719,C02269,2026-04-09,Completed,Site web,Virement,1.5
O011720,C01567,2025-06-03,Completed,Boutique,Carte bancaire,7.12
O011721,C04169,2025-11-25,Completed,Site web,Carte bancaire,7.94
O011722,C01415,2025-06-15,Completed,WhatsApp,Mobile Money,5.42
O011723,C03241,2026-03-09,Pending,Marketplace,Virement,5.61
O011724,C02074,2025-07-14,Completed,WhatsApp,Mobile Money,4.73
O011725,C01684,2026-01-05,Completed,Site web,Mobile Money,10.64
O011726,C02929,2025-08-25,Completed,WhatsApp,Mobile Money,6.9
O011727,C02708,2025-05-27,Completed,Site web,Mobile Money,5.62
O011728,C02012,2025-11-12,Pending,Site web,Mobile Money,8.91
O011729,C00233,2025-12-08,Completed,WhatsApp,Cash,9.18
O011730,C00311,2026-01-10,Completed,Site web,Carte bancaire,7.33
O011731,C02515,2026-03-10,Completed,Site web,Cash,8.9
O011732,C00232,2026-01-06,Completed,WhatsApp,Carte bancaire,7.67
O011733,C02545,2026-04-12,Completed,Site web,Virement,6.15
O011734,C03730,2025-08-21,Completed,Site web,Mobile Money,8.98
O011735,C03315,2025-10-06,Completed,WhatsApp,Carte bancaire,3.2
O011736,C02919,2025-09-22,Completed,Marketplace,Mobile Money,3.14
O011737,C01150,2025-11-13,Completed,Site web,Mobile Money,7.49
O011738,C02761,2025-03-18,Returned,Site web,Mobile Money,3.96
O011739,C00771,2026-04-14,Completed,Marketplace,Carte bancaire,8.47
O011740,C03836,2025-10-13,Completed,Boutique,Carte bancaire,6.75
O011741,C00379,2025-10-31,Completed,Marketplace,Mobile Money,12.21
O011742,C02275,2026-04-26,Cancelled,Site web,Virement,3.04
O011743,C02043,2025-09-12,Completed,Marketplace,Cash,8.8
O011744,C00310,2025-09-10,Completed,Boutique,Virement,4.51
O011745,C00784,2025-11-06,Completed,Site web,Carte bancaire,6.88
O011746,C03001,2026-05-30,Completed,WhatsApp,Carte bancaire,8.18
O011747,C02503,2025-05-19,Completed,Site web,Mobile Money,7.19
O011748,C00682,2025-03-27,Completed,Site web,Carte bancaire,7.52
O011749,C00591,2025-03-01,Completed,WhatsApp,Mobile Money,7.26
O011750,C02799,2026-02-08,Completed,Site web,Cash,5.28
O011751,C02775,2025-01-06,Pending,Marketplace,Carte bancaire,8.57
O011752,C01683,2026-01-23,Completed,Marketplace,Mobile Money,8.73
O011753,C00085,2026-04-30,Completed,Marketplace,Mobile Money,5.0
O011754,C00119,2026-01-09,Returned,Site web,Mobile Money,3.66
O011755,C00634,2025-04-04,Completed,WhatsApp,Mobile Money,6.83
O011756,C00234,2025-12-30,Completed,Marketplace,Virement,6.64
O011757,C02338,2025-08-31,Completed,Site web,Carte bancaire,1.5
O011758,C01650,2025-01-13,Completed,WhatsApp,Carte bancaire,6.69
O011759,C00913,2025-04-19,Completed,Site web,Carte bancaire,3.6
O011760,C02498,2026-02-11,Completed,Boutique,Virement,1.5
O011761,C02959,2025-11-04,Completed,WhatsApp,Mobile Money,7.18
O011762,C00718,2025-10-01,Completed,Marketplace,Carte bancaire,2.38
O011763,C02626,2026-03-02,Completed,WhatsApp,Carte bancaire,9.87
O011764,C00449,2025-10-15,Completed,Boutique,Cash,8.36
O011765,C02520,2026-06-15,Completed,Site web,Mobile Money,6.74
O011766,C01581,2025-01-28,Completed,WhatsApp,Mobile Money,10.18
O011767,C00461,2025-06-06,Cancelled,Marketplace,Mobile Money,8.89
O011768,C03378,2025-04-14,Completed,Boutique,Cash,3.32
O011769,C00768,2025-08-15,Completed,Marketplace,Mobile Money,9.04
O011770,C03293,2026-05-15,Completed,WhatsApp,Mobile Money,3.95
O011771,C01535,2025-08-13,Completed,WhatsApp,Virement,8.76
O011772,C02874,2025-06-22,Completed,Marketplace,Cash,4.74
O011773,C02970,2025-02-16,Cancelled,Site web,Carte bancaire,2.22
O011774,C01787,2025-08-04,Completed,Boutique,Mobile Money,7.28
O011775,C02801,2025-05-06,Completed,Boutique,Carte bancaire,4.56
O011776,C01857,2025-04-14,Completed,Boutique,Mobile Money,9.24
O011777,C02547,2025-03-15,Completed,WhatsApp,Mobile Money,9.92
O011778,C00949,2025-12-13,Completed,WhatsApp,Carte bancaire,1.5
O011779,C01787,2026-01-24,Completed,Site web,Virement,6.0
O011780,C00576,2026-02-10,Completed,Marketplace,Mobile Money,7.95
O011781,C01746,2025-01-30,Completed,Site web,Carte bancaire,6.38
O011782,C00067,2026-05-20,Completed,WhatsApp,Mobile Money,6.44
O011783,C01721,2025-10-05,Completed,Site web,Mobile Money,6.81
O011784,C03613,2025-11-05,Completed,WhatsApp,Mobile Money,1.5
O011785,C01518,2026-04-26,Completed,Site web,Mobile Money,10.79
O011786,C02084,2025-06-01,Completed,WhatsApp,Mobile Money,7.98
O011787,C03596,2025-10-03,Pending,Boutique,Mobile Money,4.05
O011788,C00013,2025-02-08,Completed,WhatsApp,Mobile Money,3.75
O011789,C02817,2025-09-27,Completed,Site web,Mobile Money,8.6
O011790,C02223,2025-05-26,Completed,Boutique,Mobile Money,6.79
O011791,C01442,2025-04-10,Completed,WhatsApp,Mobile Money,7.09
O011792,C01085,2025-12-05,Completed,Site web,Virement,7.66
O011793,C02490,2025-03-13,Completed,Site web,Virement,6.68
O011794,C01795,2026-06-18,Completed,Boutique,Mobile Money,1.5
O011795,C01661,2025-05-08,Completed,Marketplace,Cash,4.77
O011796,C02825,2025-02-13,Completed,Boutique,Mobile Money,7.68
O011797,C01678,2025-09-02,Completed,Marketplace,Carte bancaire,7.93
O011798,C03401,2025-08-01,Completed,WhatsApp,Mobile Money,4.58
O011799,C01197,2025-12-27,Completed,Site web,Mobile Money,5.89
O011800,C02943,2026-01-01,Completed,Boutique,Mobile Money,9.49
O011801,C02366,2025-11-21,Completed,Site web,Mobile Money,10.22
O011802,C03765,2025-11-11,Completed,Boutique,Carte bancaire,6.99
O011803,C01682,2026-03-02,Completed,WhatsApp,Mobile Money,8.67
O011804,C00986,2025-12-24,Completed,Site web,Cash,7.07
O011805,C01674,2025-03-18,Completed,Site web,Mobile Money,8.12
O011806,C02778,2025-09-11,Completed,Site web,Carte bancaire,5.97
O011807,C01806,2026-01-12,Completed,Site web,Mobile Money,4.19
O011808,C03738,2025-05-27,Completed,Site web,Cash,11.55
O011809,C00655,2026-04-19,Returned,Site web,Mobile Money,11.4
O011810,C01296,2025-09-22,Completed,Site web,Mobile Money,6.08
O011811,C04130,2025-06-26,Completed,Site web,Carte bancaire,7.19
O011812,C03358,2025-07-29,Completed,WhatsApp,Mobile Money,6.51
O011813,C00323,2025-12-06,Completed,Boutique,Carte bancaire,6.16
O011814,C03949,2026-01-24,Completed,WhatsApp,Mobile Money,6.29
O011815,C01789,2025-05-21,Completed,WhatsApp,Cash,9.52
O011816,C02705,2025-04-05,Completed,WhatsApp,Virement,2.8
O011817,C00071,2025-02-20,Completed,WhatsApp,Mobile Money,4.17
O011818,C00690,2025-09-29,Cancelled,Marketplace,Carte bancaire,8.8
O011819,C02934,2026-05-24,Completed,WhatsApp,Mobile Money,6.56
O011820,C01096,2026-06-10,Returned,WhatsApp,Cash,9.89
O011821,C00495,2025-11-03,Cancelled,Marketplace,Mobile Money,6.33
O011822,C02856,2025-10-19,Completed,WhatsApp,Mobile Money,7.19
O011823,C00913,2025-10-03,Completed,Site web,Virement,5.5
O011824,C03638,2025-05-10,Completed,Boutique,Mobile Money,10.18
O011825,C00751,2025-08-16,Pending,Site web,Cash,8.73
O011826,C00100,2026-05-28,Completed,WhatsApp,Carte bancaire,2.74
O011827,C01641,2025-12-04,Completed,Boutique,Carte bancaire,7.99
O011828,C01371,2025-05-14,Completed,WhatsApp,Mobile Money,9.23
O011829,C02682,2025-02-18,Pending,Site web,Carte bancaire,6.02
O011830,C00981,2026-02-16,Completed,WhatsApp,Carte bancaire,8.22
O011831,C04120,2026-05-10,Completed,Boutique,Mobile Money,10.03
O011832,C01773,2025-03-02,Completed,Site web,Mobile Money,5.83
O011833,C02979,2025-07-25,Completed,Marketplace,Carte bancaire,7.16
O011834,C03228,2026-04-12,Completed,Site web,Mobile Money,4.7
O011835,C03713,2025-05-19,Completed,WhatsApp,Carte bancaire,7.74
O011836,C02112,2025-04-09,Completed,Site web,Mobile Money,3.31
O011837,C00956,2025-08-05,Pending,WhatsApp,Cash,8.14
O011838,C02177,2025-08-05,Completed,Marketplace,Carte bancaire,10.76
O011839,C01788,2025-09-21,Completed,WhatsApp,Mobile Money,3.5
O011840,C02558,2026-06-14,Completed,Site web,Cash,10.17
O011841,C00993,2026-06-17,Completed,Boutique,Cash,6.11
O011842,C02166,2025-11-14,Completed,WhatsApp,Cash,4.29
O011843,C04023,2025-02-11,Completed,WhatsApp,Mobile Money,5.59
O011844,C02891,2025-05-25,Completed,Site web,Mobile Money,6.32
O011845,C04022,2025-04-10,Completed,WhatsApp,Mobile Money,5.05
O011846,C00450,2025-01-01,Completed,Boutique,Virement,9.65
O011847,C02746,2025-07-29,Completed,WhatsApp,Carte bancaire,5.41
O011848,C00096,2025-01-04,Completed,Site web,Mobile Money,7.19
O011849,C00853,2025-11-11,Pending,Site web,Mobile Money,12.59
O011850,C03473,2025-05-31,Completed,Site web,Virement,5.72
O011851,C00425,2026-02-02,Completed,Boutique,Mobile Money,4.77
O011852,C02012,2025-10-16,Completed,Marketplace,Carte bancaire,5.09
O011853,C00294,2026-06-06,Completed,WhatsApp,Mobile Money,9.58
O011854,C01254,2025-09-23,Completed,Boutique,Mobile Money,5.94
O011855,C00519,2025-03-27,Completed,Site web,Mobile Money,7.01
O011856,C01909,2026-05-21,Completed,Boutique,Mobile Money,4.11
O011857,C02701,2025-06-19,Completed,Site web,Mobile Money,5.32
O011858,C02731,2026-02-23,Completed,Site web,Mobile Money,9.1
O011859,C03917,2026-03-05,Completed,Site web,Mobile Money,1.82
O011860,C00512,2026-05-22,Completed,WhatsApp,Cash,1.5
O011861,C01682,2025-12-17,Completed,WhatsApp,Carte bancaire,4.69
O011862,C02200,2025-10-08,Completed,Site web,Mobile Money,4.98
O011863,C00362,2025-07-30,Completed,Site web,Mobile Money,5.37
O011864,C00465,2025-09-02,Completed,Boutique,Mobile Money,5.45
O011865,C01304,2026-03-04,Completed,Boutique,Mobile Money,6.21
O011866,C03611,2025-11-07,Completed,Site web,Carte bancaire,4.93
O011867,C02463,2025-01-27,Completed,Site web,Virement,10.25
O011868,C02363,2025-07-23,Completed,WhatsApp,Carte bancaire,8.64
O011869,C02315,2026-05-16,Cancelled,WhatsApp,Mobile Money,5.81
O011870,C03406,2025-04-26,Completed,WhatsApp,Mobile Money,8.89
O011871,C02289,2025-09-16,Completed,WhatsApp,Mobile Money,1.5
O011872,C03029,2026-04-04,Completed,WhatsApp,Mobile Money,7.17
O011873,C01300,2025-06-09,Pending,Site web,Mobile Money,8.74
O011874,C03425,2026-01-08,Cancelled,Boutique,Mobile Money,4.47
O011875,C00136,2026-03-07,Completed,Marketplace,Mobile Money,7.76
O011876,C01436,2025-06-28,Completed,WhatsApp,Mobile Money,4.26
O011877,C01051,2026-05-06,Completed,Site web,Virement,7.17
O011878,C00586,2025-09-02,Completed,Marketplace,Mobile Money,2.24
O011879,C02256,2025-06-12,Completed,Site web,Carte bancaire,8.87
O011880,C03745,2025-05-04,Completed,Marketplace,Virement,6.17
O011881,C00683,2025-05-27,Completed,WhatsApp,Virement,6.86
O011882,C03716,2025-11-05,Completed,Boutique,Virement,5.94
O011883,C03600,2025-05-04,Completed,Site web,Carte bancaire,9.41
O011884,C03710,2025-07-16,Completed,Site web,Mobile Money,6.92
O011885,C00026,2026-01-25,Completed,Site web,Mobile Money,8.99
O011886,C04155,2026-04-25,Completed,Site web,Mobile Money,4.53
O011887,C01796,2026-01-08,Completed,Site web,Carte bancaire,7.86
O011888,C02504,2025-10-17,Completed,Site web,Mobile Money,10.88
O011889,C01281,2026-01-17,Completed,WhatsApp,Mobile Money,11.01
O011890,C02153,2025-08-14,Completed,Boutique,Mobile Money,1.5
O011891,C02311,2025-05-29,Completed,Site web,Mobile Money,6.64
O011892,C03349,2026-02-15,Completed,Boutique,Virement,1.73
O011893,C01434,2025-03-16,Pending,Site web,Carte bancaire,4.99
O011894,C00463,2026-05-11,Completed,WhatsApp,Mobile Money,4.51
O011895,C02464,2025-08-23,Completed,WhatsApp,Cash,7.96
O011896,C03289,2026-03-24,Completed,Boutique,Carte bancaire,5.74
O011897,C00066,2025-02-24,Completed,Site web,Virement,3.93
O011898,C03412,2025-09-29,Pending,Site web,Virement,7.74
O011899,C03375,2025-08-20,Completed,Site web,Carte bancaire,3.04
O011900,C02425,2025-07-15,Completed,Marketplace,Cash,3.83
O011901,C03983,2025-10-08,Completed,Site web,Mobile Money,5.0
O011902,C01630,2025-12-29,Pending,WhatsApp,Virement,5.54
O011903,C00561,2026-06-01,Completed,Site web,Mobile Money,6.68
O011904,C02757,2026-03-24,Completed,WhatsApp,Cash,6.71
O011905,C02562,2025-05-07,Completed,Site web,Carte bancaire,4.28
O011906,C03844,2026-06-21,Completed,Site web,Mobile Money,6.86
O011907,C00943,2025-10-01,Completed,Site web,Carte bancaire,6.38
O011908,C00664,2025-09-08,Completed,Site web,Mobile Money,6.15
O011909,C02853,2025-01-07,Completed,Site web,Carte bancaire,1.52
O011910,C01307,2026-01-02,Completed,Site web,Virement,7.47
O011911,C00777,2026-05-01,Completed,Boutique,Mobile Money,7.85
O011912,C02820,2025-06-10,Completed,Site web,Carte bancaire,8.33
O011913,C00779,2026-04-21,Cancelled,Site web,Carte bancaire,6.51
O011914,C03500,2025-02-17,Completed,Site web,Cash,9.26
O011915,C01307,2026-06-14,Completed,Boutique,Cash,7.5
O011916,C02739,2025-05-19,Completed,Site web,Mobile Money,4.81
O011917,C02425,2025-09-21,Completed,Boutique,Mobile Money,5.86
O011918,C02482,2025-01-08,Cancelled,Site web,Mobile Money,4.33
O011919,C01278,2026-05-08,Completed,Site web,Mobile Money,3.08
O011920,C00361,2025-10-07,Completed,Site web,Mobile Money,8.14
O011921,C02686,2026-06-16,Completed,Site web,Carte bancaire,5.27
O011922,C01822,2025-07-24,Completed,Site web,Virement,8.11
O011923,C04104,2025-02-02,Completed,Site web,Carte bancaire,11.63
O011924,C03739,2026-01-07,Completed,Marketplace,Carte bancaire,9.17
O011925,C00313,2025-03-31,Completed,Boutique,Mobile Money,3.14
O011926,C01519,2025-12-04,Completed,Marketplace,Mobile Money,4.34
O011927,C01746,2025-01-20,Returned,Marketplace,Mobile Money,7.75
O011928,C01601,2025-04-02,Completed,Site web,Mobile Money,7.29
O011929,C03039,2025-12-16,Pending,Boutique,Virement,10.01
O011930,C01502,2026-01-05,Completed,WhatsApp,Cash,4.94
O011931,C00643,2025-03-25,Pending,WhatsApp,Virement,2.24
O011932,C01524,2025-04-13,Completed,Boutique,Cash,3.25
O011933,C03306,2026-04-16,Completed,WhatsApp,Mobile Money,9.6
O011934,C01700,2025-01-04,Completed,WhatsApp,Mobile Money,6.51
O011935,C01200,2025-05-07,Completed,Site web,Mobile Money,8.53
O011936,C03249,2026-06-16,Completed,Marketplace,Mobile Money,5.02
O011937,C00278,2025-10-28,Cancelled,Site web,Mobile Money,3.84
O011938,C01912,2025-01-15,Completed,Site web,Carte bancaire,8.01
O011939,C00434,2026-05-05,Completed,Site web,Carte bancaire,2.05
O011940,C02550,2025-07-07,Returned,WhatsApp,Cash,7.5
O011941,C03780,2026-01-27,Pending,Site web,Mobile Money,10.9
O011942,C01859,2025-12-16,Completed,Marketplace,Carte bancaire,1.5
O011943,C04123,2025-07-21,Completed,WhatsApp,Carte bancaire,3.22
O011944,C03671,2025-07-22,Pending,Boutique,Carte bancaire,5.97
O011945,C03057,2025-10-29,Completed,Site web,Carte bancaire,4.63
O011946,C00751,2025-07-28,Completed,Site web,Mobile Money,5.65
O011947,C00138,2025-04-06,Completed,WhatsApp,Mobile Money,12.66
O011948,C00517,2026-02-01,Completed,Site web,Mobile Money,4.07
O011949,C01463,2026-01-05,Completed,Site web,Mobile Money,5.39
O011950,C01713,2025-11-26,Returned,Boutique,Mobile Money,3.06
O011951,C00883,2026-02-11,Completed,Boutique,Carte bancaire,1.81
O011952,C04093,2025-10-12,Completed,Marketplace,Cash,7.34
O011953,C03121,2026-05-24,Completed,WhatsApp,Mobile Money,1.5
O011954,C02940,2026-05-01,Completed,Site web,Mobile Money,2.11
O011955,C02735,2026-06-22,Completed,Marketplace,Mobile Money,6.14
O011956,C02589,2025-03-01,Completed,Marketplace,Mobile Money,7.76
O011957,C03704,2025-02-25,Completed,WhatsApp,Mobile Money,3.4
O011958,C01640,2025-09-15,Completed,Site web,Virement,3.78
O011959,C00590,2026-01-15,Pending,Site web,Mobile Money,1.5
O011960,C01240,2025-05-12,Completed,Boutique,Mobile Money,7.53
O011961,C00962,2025-03-05,Completed,Site web,Cash,6.11
O011962,C04018,2025-01-21,Completed,Site web,Carte bancaire,6.03
O011963,C02382,2025-11-01,Returned,Site web,Mobile Money,2.07
O011964,C01794,2026-06-21,Completed,Boutique,Mobile Money,8.44
O011965,C00109,2025-09-12,Completed,Site web,Cash,4.5
O011966,C02987,2026-02-07,Returned,WhatsApp,Cash,8.67
O011967,C02716,2025-01-29,Returned,WhatsApp,Carte bancaire,4.03
O011968,C03404,2025-04-29,Completed,Boutique,Mobile Money,6.98
O011969,C00551,2026-01-08,Pending,Site web,Carte bancaire,3.74
O011970,C02762,2025-08-09,Cancelled,Site web,Carte bancaire,8.89
O011971,C01521,2025-01-15,Completed,Site web,Mobile Money,2.37
O011972,C00977,2025-05-04,Completed,Site web,Mobile Money,6.9
O011973,C00941,2026-03-11,Completed,Site web,Mobile Money,2.34
O011974,C01210,2026-01-11,Pending,Site web,Mobile Money,4.72
O011975,C03079,2026-03-20,Completed,Site web,Carte bancaire,7.92
O011976,C00097,2025-07-12,Completed,Boutique,Carte bancaire,2.58
O011977,C03979,2026-05-25,Pending,Site web,Cash,7.41
O011978,C04072,2026-05-20,Completed,Marketplace,Cash,8.27
O011979,C04066,2025-07-21,Completed,Site web,Virement,1.5
O011980,C03506,2025-04-24,Completed,Site web,Mobile Money,7.43
O011981,C01360,2026-06-12,Completed,Boutique,Carte bancaire,9.38
O011982,C01697,2025-07-11,Cancelled,Marketplace,Mobile Money,3.76
O011983,C00533,2025-09-29,Cancelled,Site web,Carte bancaire,3.42
O011984,C03749,2026-05-26,Completed,Boutique,Mobile Money,1.5
O011985,C03236,2025-05-28,Cancelled,Boutique,Carte bancaire,3.12
O011986,C00646,2026-04-30,Completed,Site web,Mobile Money,9.06
O011987,C04159,2025-03-30,Completed,WhatsApp,Carte bancaire,4.75
O011988,C00177,2025-06-10,Pending,Site web,Carte bancaire,7.5
O011989,C03224,2025-08-01,Cancelled,Site web,Mobile Money,4.13
O011990,C00569,2025-09-22,Completed,Site web,Cash,5.66
O011991,C03150,2025-05-14,Completed,Site web,Mobile Money,9.74
O011992,C03711,2026-04-30,Completed,WhatsApp,Mobile Money,10.04
O011993,C03992,2025-12-31,Completed,Site web,Carte bancaire,6.46
O011994,C00675,2026-01-03,Completed,Site web,Mobile Money,5.38
O011995,C00691,2026-02-06,Completed,Site web,Virement,3.63
O011996,C00287,2025-12-16,Completed,WhatsApp,Carte bancaire,8.41
O011997,C03453,2025-12-19,Completed,WhatsApp,Mobile Money,5.64
O011998,C00780,2025-12-28,Completed,Boutique,Carte bancaire,9.89
O011999,C01641,2026-01-30,Returned,Marketplace,Virement,1.5
O012000,C01744,2026-05-20,Completed,Marketplace,Mobile Money,4.7
O012001,C01474,2025-04-18,Returned,Site web,Mobile Money,5.56
O012002,C02086,2025-10-11,Completed,Site web,Virement,7.54
O012003,C01466,2025-04-12,Completed,WhatsApp,Virement,2.12
O012004,C00991,2025-04-10,Pending,Site web,Virement,5.59
O012005,C01630,2026-06-05,Completed,Site web,Mobile Money,8.92
O012006,C03385,2025-09-17,Completed,Boutique,Virement,6.94
O012007,C00496,2026-01-21,Completed,Site web,Mobile Money,7.0
O012008,C04032,2026-02-04,Completed,WhatsApp,Carte bancaire,3.56
O012009,C01722,2025-01-18,Cancelled,Boutique,Mobile Money,5.35
O012010,C01222,2025-09-27,Completed,Boutique,Mobile Money,2.93
O012011,C01869,2025-04-09,Completed,Marketplace,Cash,9.04
O012012,C03911,2025-06-21,Completed,Marketplace,Mobile Money,7.27
O012013,C03399,2025-04-14,Completed,Site web,Mobile Money,6.38
O012014,C03436,2026-01-01,Completed,WhatsApp,Carte bancaire,6.53
O012015,C00926,2025-03-14,Completed,Site web,Virement,9.64
O012016,C03722,2025-09-04,Pending,Marketplace,Mobile Money,12.05
O012017,C02966,2025-06-17,Completed,Site web,Virement,6.25
O012018,C00251,2026-06-12,Completed,Site web,Cash,6.25
O012019,C01794,2026-03-08,Completed,Marketplace,Carte bancaire,7.19
O012020,C03503,2025-07-12,Completed,WhatsApp,Mobile Money,10.36
O012021,C02237,2025-06-10,Completed,Site web,Carte bancaire,8.33
O012022,C02461,2026-01-29,Completed,Site web,Mobile Money,7.2
O012023,C01574,2025-12-13,Completed,WhatsApp,Mobile Money,8.32
O012024,C00161,2025-11-01,Completed,WhatsApp,Mobile Money,7.25
O012025,C03720,2025-02-09,Cancelled,WhatsApp,Mobile Money,1.81
O012026,C03166,2025-02-12,Completed,Site web,Mobile Money,9.21
O012027,C01141,2025-12-15,Completed,Boutique,Mobile Money,3.61
O012028,C01016,2025-09-15,Completed,Site web,Mobile Money,5.74
O012029,C02177,2026-03-31,Pending,Marketplace,Virement,3.68
O012030,C03348,2025-01-16,Completed,WhatsApp,Mobile Money,5.21
O012031,C00365,2025-04-12,Completed,Marketplace,Cash,6.72
O012032,C02630,2026-03-09,Completed,Site web,Mobile Money,10.08
O012033,C03558,2026-06-21,Completed,Marketplace,Carte bancaire,4.74
O012034,C02068,2026-02-07,Completed,Marketplace,Virement,10.39
O012035,C00223,2025-01-07,Pending,WhatsApp,Mobile Money,1.5
O012036,C00099,2025-01-28,Completed,Marketplace,Carte bancaire,2.31
O012037,C00681,2026-04-27,Cancelled,Boutique,Virement,3.46
O012038,C03737,2025-10-01,Cancelled,Marketplace,Carte bancaire,8.3
O012039,C01924,2025-09-30,Completed,Boutique,Mobile Money,3.21
O012040,C00620,2026-06-11,Completed,Marketplace,Carte bancaire,2.26
O012041,C03801,2025-05-16,Completed,Site web,Mobile Money,11.39
O012042,C03485,2025-06-05,Completed,Site web,Mobile Money,5.6
O012043,C00618,2026-01-12,Completed,WhatsApp,Mobile Money,10.46
O012044,C02891,2026-05-11,Pending,Boutique,Virement,9.1
O012045,C01389,2025-07-20,Completed,Site web,Virement,8.42
O012046,C00293,2025-03-24,Completed,Site web,Mobile Money,9.78
O012047,C00261,2025-01-31,Completed,Site web,Carte bancaire,5.19
O012048,C02278,2025-01-04,Completed,Marketplace,Virement,2.54
O012049,C03543,2025-07-25,Completed,Boutique,Mobile Money,7.55
O012050,C04040,2025-10-18,Completed,Site web,Cash,4.94
O012051,C02963,2025-09-26,Completed,Site web,Mobile Money,7.8
O012052,C03876,2025-05-12,Completed,Marketplace,Mobile Money,8.71
O012053,C00991,2026-01-06,Completed,Site web,Mobile Money,3.58
O012054,C00615,2026-04-27,Cancelled,WhatsApp,Cash,4.23
O012055,C00465,2025-05-08,Pending,Marketplace,Carte bancaire,5.73
O012056,C00728,2026-01-05,Pending,Marketplace,Mobile Money,9.81
O012057,C03167,2025-10-26,Cancelled,Site web,Mobile Money,3.64
O012058,C00646,2026-01-12,Completed,WhatsApp,Mobile Money,11.5
O012059,C01817,2025-01-09,Cancelled,Marketplace,Virement,1.5
O012060,C03176,2026-01-04,Completed,Site web,Mobile Money,10.86
O012061,C03894,2026-02-14,Completed,WhatsApp,Mobile Money,6.72
O012062,C00676,2026-01-08,Completed,Boutique,Mobile Money,7.6
O012063,C00784,2026-04-06,Completed,Site web,Carte bancaire,7.73
O012064,C00272,2026-02-14,Completed,Site web,Mobile Money,1.5
O012065,C00472,2026-06-24,Completed,Site web,Cash,5.15
O012066,C01640,2026-01-03,Returned,Site web,Cash,5.56
O012067,C01321,2025-09-02,Completed,Site web,Carte bancaire,9.64
O012068,C04061,2026-04-03,Cancelled,Site web,Carte bancaire,5.75
O012069,C01867,2026-01-16,Pending,WhatsApp,Mobile Money,10.28
O012070,C01295,2025-11-02,Pending,Marketplace,Mobile Money,11.46
O012071,C01971,2025-11-14,Completed,Marketplace,Mobile Money,7.76
O012072,C03042,2025-07-12,Returned,Marketplace,Carte bancaire,6.58
O012073,C01418,2025-12-03,Completed,Boutique,Mobile Money,2.94
O012074,C00605,2025-09-13,Completed,Site web,Carte bancaire,7.94
O012075,C01768,2025-03-13,Completed,Site web,Carte bancaire,5.09
O012076,C02609,2025-08-30,Completed,Boutique,Cash,10.23
O012077,C01329,2026-06-05,Completed,Marketplace,Virement,1.66
O012078,C02441,2025-07-02,Completed,WhatsApp,Carte bancaire,4.04
O012079,C01363,2026-01-07,Returned,Boutique,Mobile Money,8.85
O012080,C03798,2025-08-16,Completed,Marketplace,Cash,11.23
O012081,C03729,2025-06-06,Cancelled,WhatsApp,Mobile Money,8.24
O012082,C03010,2025-07-30,Completed,Boutique,Mobile Money,9.91
O012083,C03518,2026-06-10,Completed,Marketplace,Carte bancaire,6.63
O012084,C00508,2025-03-02,Completed,Boutique,Cash,11.21
O012085,C02744,2026-01-02,Returned,Site web,Mobile Money,6.85
O012086,C01701,2026-04-01,Completed,Marketplace,Cash,7.67
O012087,C03266,2025-04-12,Completed,Boutique,Mobile Money,6.77
O012088,C00003,2026-02-19,Cancelled,Site web,Carte bancaire,5.37
O012089,C00789,2025-12-15,Completed,Marketplace,Carte bancaire,7.45
O012090,C01013,2025-07-04,Cancelled,Site web,Carte bancaire,6.93
O012091,C02341,2025-04-07,Completed,Marketplace,Cash,7.53
O012092,C04080,2026-06-02,Completed,Boutique,Mobile Money,1.5
O012093,C03765,2025-04-18,Completed,Site web,Carte bancaire,3.57
O012094,C01915,2026-06-05,Completed,Marketplace,Carte bancaire,4.61
O012095,C00005,2025-12-22,Completed,Site web,Virement,1.69
O012096,C03644,2026-04-15,Completed,Marketplace,Virement,3.37
O012097,C02405,2025-06-12,Completed,WhatsApp,Mobile Money,8.29
O012098,C00100,2025-01-17,Completed,WhatsApp,Mobile Money,7.11
O012099,C02710,2025-12-26,Completed,Marketplace,Virement,9.09
O012100,C03697,2025-07-23,Completed,Site web,Mobile Money,8.89
O012101,C03658,2025-10-29,Completed,WhatsApp,Mobile Money,9.13
O012102,C03736,2025-09-08,Completed,Boutique,Carte bancaire,6.28
O012103,C04098,2025-06-26,Completed,Site web,Mobile Money,10.2
O012104,C02745,2026-01-29,Completed,Site web,Virement,4.45
O012105,C02573,2025-10-02,Completed,WhatsApp,Mobile Money,10.05
O012106,C00489,2025-12-14,Cancelled,Site web,Mobile Money,8.81
O012107,C02656,2026-01-04,Pending,WhatsApp,Carte bancaire,8.1
O012108,C03680,2026-01-07,Completed,WhatsApp,Mobile Money,6.09
O012109,C03415,2025-07-01,Completed,Site web,Carte bancaire,4.11
O012110,C03780,2026-02-25,Completed,Site web,Mobile Money,6.14
O012111,C00715,2025-05-01,Returned,Site web,Carte bancaire,1.58
O012112,C00845,2026-06-04,Completed,Site web,Mobile Money,9.25
O012113,C03605,2026-03-20,Completed,Boutique,Virement,4.69
O012114,C03949,2025-10-30,Pending,Site web,Mobile Money,4.88
O012115,C02210,2025-04-09,Pending,Marketplace,Cash,1.5
O012116,C03701,2026-05-11,Completed,Site web,Mobile Money,2.97
O012117,C02865,2025-10-31,Pending,Site web,Mobile Money,13.98
O012118,C00861,2026-03-23,Completed,Boutique,Mobile Money,4.19
O012119,C02129,2025-01-16,Completed,Site web,Mobile Money,9.17
O012120,C01655,2025-07-05,Cancelled,WhatsApp,Mobile Money,2.22
O012121,C03318,2025-06-14,Completed,Site web,Mobile Money,2.03
O012122,C01415,2026-03-22,Pending,Marketplace,Carte bancaire,5.97
O012123,C00738,2025-09-12,Pending,Site web,Carte bancaire,6.22
O012124,C02093,2025-03-06,Completed,Site web,Mobile Money,4.22
O012125,C02078,2025-12-04,Pending,WhatsApp,Mobile Money,6.01
O012126,C03734,2025-03-29,Completed,Site web,Mobile Money,3.7
O012127,C00035,2025-09-02,Pending,Marketplace,Carte bancaire,9.67
O012128,C03673,2026-06-28,Completed,Marketplace,Mobile Money,12.06
O012129,C00888,2025-08-27,Completed,Boutique,Mobile Money,9.16
O012130,C00738,2025-08-23,Cancelled,Site web,Mobile Money,1.93
O012131,C01757,2025-01-23,Completed,WhatsApp,Carte bancaire,7.36
O012132,C02315,2025-09-10,Completed,Site web,Mobile Money,4.28
O012133,C03905,2026-06-09,Completed,Site web,Virement,4.28
O012134,C02243,2026-06-06,Completed,Site web,Carte bancaire,8.15
O012135,C00611,2026-06-12,Completed,WhatsApp,Virement,6.34
O012136,C01892,2025-07-18,Completed,Site web,Mobile Money,6.36
O012137,C03867,2025-02-05,Completed,Boutique,Mobile Money,6.16
O012138,C03002,2025-05-10,Cancelled,WhatsApp,Cash,3.32
O012139,C00915,2025-04-26,Completed,Site web,Carte bancaire,2.96
O012140,C02714,2025-02-12,Cancelled,Site web,Mobile Money,5.16
O012141,C03082,2026-01-24,Completed,WhatsApp,Carte bancaire,5.43
O012142,C01156,2025-10-14,Cancelled,WhatsApp,Carte bancaire,7.25
O012143,C02218,2026-01-31,Completed,Site web,Cash,8.67
O012144,C01463,2025-04-20,Completed,WhatsApp,Carte bancaire,5.47
O012145,C00761,2026-01-17,Completed,Marketplace,Carte bancaire,6.53
O012146,C03732,2025-02-05,Returned,Site web,Mobile Money,8.76
O012147,C01347,2026-01-31,Returned,Boutique,Carte bancaire,5.25
O012148,C01369,2026-03-22,Completed,Marketplace,Mobile Money,7.3
O012149,C00427,2025-05-19,Pending,Marketplace,Virement,6.65
O012150,C01866,2025-06-30,Cancelled,Site web,Carte bancaire,5.04
O012151,C02704,2025-08-27,Completed,Site web,Carte bancaire,2.19
O012152,C04087,2025-11-14,Completed,Boutique,Carte bancaire,3.16
O012153,C03258,2025-10-17,Completed,Site web,Mobile Money,9.12
O012154,C03601,2025-02-27,Completed,Site web,Mobile Money,1.5
O012155,C04147,2025-07-27,Completed,Site web,Carte bancaire,11.33
O012156,C02936,2025-10-05,Completed,WhatsApp,Carte bancaire,3.97
O012157,C03601,2025-12-03,Completed,Site web,Virement,1.5
O012158,C01277,2025-12-13,Completed,Site web,Carte bancaire,4.38
O012159,C03004,2025-12-31,Completed,Boutique,Mobile Money,1.5
O012160,C02641,2025-09-04,Completed,Site web,Carte bancaire,1.5
O012161,C01897,2025-10-03,Completed,Site web,Carte bancaire,6.3
O012162,C02697,2025-07-04,Completed,Marketplace,Carte bancaire,1.5
O012163,C03028,2025-05-29,Completed,Boutique,Virement,1.5
O012164,C01729,2025-06-20,Pending,Site web,Carte bancaire,6.16
O012165,C03539,2025-08-29,Completed,Site web,Virement,6.22
O012166,C00152,2025-03-01,Completed,Boutique,Mobile Money,7.49
O012167,C01362,2025-04-30,Completed,Boutique,Virement,6.69
O012168,C01540,2025-03-05,Completed,Marketplace,Mobile Money,5.83
O012169,C03489,2025-08-12,Completed,Site web,Virement,7.71
O012170,C02135,2025-09-29,Completed,WhatsApp,Mobile Money,8.72
O012171,C03919,2025-03-31,Completed,Site web,Carte bancaire,6.19
O012172,C03991,2025-03-18,Completed,Marketplace,Carte bancaire,7.52
O012173,C01926,2025-10-16,Completed,Site web,Mobile Money,1.5
O012174,C03056,2025-05-03,Completed,WhatsApp,Mobile Money,4.68
O012175,C01035,2026-04-21,Pending,Boutique,Virement,10.31
O012176,C00454,2025-04-01,Completed,Boutique,Mobile Money,4.31
O012177,C02063,2025-09-22,Completed,WhatsApp,Mobile Money,7.5
O012178,C01266,2026-03-16,Returned,WhatsApp,Carte bancaire,6.69
O012179,C03070,2025-02-26,Completed,Marketplace,Carte bancaire,4.11
O012180,C02192,2025-09-04,Completed,WhatsApp,Mobile Money,7.35
O012181,C00570,2025-09-16,Completed,WhatsApp,Carte bancaire,4.62
O012182,C01895,2025-10-30,Cancelled,Boutique,Virement,4.52
O012183,C01688,2026-05-01,Completed,Site web,Mobile Money,4.49
O012184,C00022,2025-11-16,Completed,WhatsApp,Mobile Money,3.39
O012185,C02289,2025-07-26,Completed,Site web,Carte bancaire,2.98
O012186,C03928,2025-08-06,Completed,Site web,Mobile Money,4.53
O012187,C03767,2025-12-08,Completed,WhatsApp,Cash,6.19
O012188,C03797,2025-06-13,Completed,Site web,Mobile Money,4.85
O012189,C03755,2026-01-11,Cancelled,Site web,Carte bancaire,4.66
O012190,C03880,2025-07-29,Completed,WhatsApp,Carte bancaire,13.69
O012191,C00410,2025-02-03,Completed,WhatsApp,Carte bancaire,8.17
O012192,C01800,2025-10-21,Completed,Site web,Virement,1.5
O012193,C02290,2025-05-18,Completed,WhatsApp,Carte bancaire,6.75
O012194,C03501,2025-07-16,Completed,Site web,Cash,6.87
O012195,C01568,2025-06-27,Completed,Site web,Carte bancaire,16.53
O012196,C02976,2025-03-16,Completed,Site web,Cash,7.01
O012197,C03281,2025-06-08,Completed,Boutique,Mobile Money,12.32
O012198,C02150,2026-05-16,Pending,WhatsApp,Virement,4.79
O012199,C01013,2025-06-25,Completed,Marketplace,Carte bancaire,3.67
O012200,C00324,2026-02-06,Completed,Boutique,Virement,2.53
O012201,C01869,2025-08-12,Completed,Marketplace,Mobile Money,8.65
O012202,C00705,2025-02-06,Completed,Site web,Carte bancaire,3.25
O012203,C02706,2026-04-05,Completed,WhatsApp,Carte bancaire,4.06
O012204,C01001,2026-05-12,Completed,WhatsApp,Virement,7.54
O012205,C03683,2025-05-10,Completed,WhatsApp,Carte bancaire,5.02
O012206,C03763,2025-04-04,Pending,Marketplace,Virement,6.45
O012207,C03513,2026-05-26,Returned,WhatsApp,Mobile Money,2.23
O012208,C02795,2025-02-23,Completed,Site web,Carte bancaire,1.5
O012209,C00486,2026-05-03,Completed,Boutique,Virement,9.85
O012210,C04129,2025-04-05,Completed,Site web,Carte bancaire,9.48
O012211,C00277,2026-04-20,Completed,Site web,Mobile Money,5.26
O012212,C02380,2026-05-27,Pending,WhatsApp,Carte bancaire,6.32
O012213,C03378,2025-05-12,Completed,Site web,Virement,3.18
O012214,C00356,2025-05-02,Pending,Boutique,Cash,5.22
O012215,C02088,2025-02-28,Completed,Site web,Mobile Money,13.27
O012216,C02007,2026-03-08,Completed,Marketplace,Mobile Money,11.38
O012217,C00828,2025-07-11,Completed,Site web,Mobile Money,6.84
O012218,C00470,2025-12-19,Completed,Site web,Mobile Money,1.5
O012219,C03822,2025-12-03,Completed,Site web,Mobile Money,7.57
O012220,C03786,2025-10-11,Completed,Boutique,Virement,5.21
O012221,C00394,2025-05-13,Completed,Site web,Mobile Money,4.76
O012222,C01170,2025-07-20,Completed,Site web,Mobile Money,5.98
O012223,C01648,2025-10-02,Completed,Site web,Virement,11.79
O012224,C00829,2025-02-20,Returned,Site web,Cash,6.45
O012225,C00280,2025-08-10,Returned,Marketplace,Carte bancaire,8.99
O012226,C02149,2026-01-25,Completed,WhatsApp,Mobile Money,7.29
O012227,C01857,2025-08-20,Completed,WhatsApp,Carte bancaire,7.19
O012228,C03390,2025-08-05,Completed,Site web,Cash,8.01
O012229,C01246,2026-04-06,Pending,WhatsApp,Cash,4.76
O012230,C02144,2025-10-21,Completed,Boutique,Mobile Money,1.94
O012231,C01319,2026-02-09,Returned,Site web,Cash,10.8
O012232,C00161,2025-01-29,Pending,Marketplace,Mobile Money,1.5
O012233,C03056,2026-05-24,Completed,Site web,Virement,6.88
O012234,C03121,2026-03-02,Completed,Site web,Cash,11.46
O012235,C02789,2026-03-30,Completed,Boutique,Mobile Money,7.05
O012236,C00144,2026-01-15,Completed,WhatsApp,Mobile Money,7.82
O012237,C02926,2025-10-23,Pending,WhatsApp,Carte bancaire,7.82
O012238,C02539,2025-10-18,Completed,Marketplace,Mobile Money,9.51
O012239,C01853,2025-12-09,Cancelled,Boutique,Cash,10.09
O012240,C02592,2025-09-29,Completed,Marketplace,Mobile Money,1.71
O012241,C00466,2026-02-04,Cancelled,Boutique,Virement,9.95
O012242,C00876,2025-07-04,Cancelled,WhatsApp,Mobile Money,5.82
O012243,C00543,2026-02-26,Completed,WhatsApp,Cash,3.74
O012244,C01876,2025-07-07,Completed,Site web,Carte bancaire,2.78
O012245,C03761,2025-09-18,Completed,Site web,Mobile Money,6.78
O012246,C00027,2025-02-07,Completed,Boutique,Mobile Money,4.33
O012247,C01874,2026-05-09,Completed,Site web,Mobile Money,6.23
O012248,C01192,2026-01-12,Completed,Marketplace,Carte bancaire,6.0
O012249,C03938,2025-05-17,Completed,Site web,Virement,6.88
O012250,C02602,2025-01-25,Completed,Site web,Virement,8.39
O012251,C00933,2026-04-12,Cancelled,Site web,Carte bancaire,9.54
O012252,C01194,2025-01-01,Completed,Site web,Carte bancaire,9.47
O012253,C02440,2025-09-22,Completed,Site web,Cash,10.56
O012254,C00201,2025-01-17,Completed,Site web,Carte bancaire,5.22
O012255,C00283,2026-01-16,Completed,Boutique,Virement,3.81
O012256,C02832,2025-04-22,Completed,Site web,Mobile Money,5.75
O012257,C03370,2025-08-23,Completed,Site web,Mobile Money,4.53
O012258,C03119,2025-11-09,Completed,Site web,Mobile Money,2.06
O012259,C00722,2025-07-23,Pending,Site web,Cash,5.23
O012260,C03625,2026-01-09,Completed,Marketplace,Virement,8.06
O012261,C00945,2025-10-06,Completed,Marketplace,Cash,9.63
O012262,C03678,2025-08-19,Completed,Site web,Mobile Money,5.72
O012263,C01243,2025-06-26,Completed,Site web,Mobile Money,9.24
O012264,C02085,2025-08-12,Completed,Site web,Mobile Money,6.02
O012265,C04021,2025-06-25,Completed,Boutique,Mobile Money,1.5
O012266,C01711,2025-11-13,Pending,Site web,Cash,1.92
O012267,C02805,2026-02-23,Pending,WhatsApp,Mobile Money,7.22
O012268,C02461,2025-11-24,Completed,Site web,Cash,1.5
O012269,C00315,2025-01-18,Pending,Boutique,Mobile Money,1.99
O012270,C03330,2026-04-09,Completed,Site web,Mobile Money,1.5
O012271,C01506,2026-03-07,Completed,Site web,Mobile Money,5.37
O012272,C01997,2026-03-25,Pending,Site web,Mobile Money,6.71
O012273,C01279,2025-01-28,Completed,Boutique,Carte bancaire,1.5
O012274,C04180,2026-03-28,Completed,Boutique,Cash,8.26
O012275,C02313,2025-09-13,Completed,WhatsApp,Cash,6.03
O012276,C02678,2026-04-08,Cancelled,Site web,Mobile Money,2.03
O012277,C02196,2026-03-05,Completed,WhatsApp,Carte bancaire,6.11
O012278,C01295,2026-04-28,Completed,Site web,Mobile Money,3.73
O012279,C02462,2025-03-08,Completed,WhatsApp,Mobile Money,3.68
O012280,C03334,2025-11-01,Completed,Boutique,Carte bancaire,2.19
O012281,C00400,2026-02-04,Completed,Site web,Mobile Money,5.94
O012282,C00634,2025-11-23,Completed,Boutique,Mobile Money,5.24
O012283,C00692,2026-03-21,Completed,Marketplace,Cash,5.21
O012284,C03931,2026-02-03,Completed,Marketplace,Carte bancaire,5.61
O012285,C02422,2025-01-20,Completed,Site web,Virement,6.7
O012286,C01430,2025-04-20,Completed,Marketplace,Carte bancaire,5.39
O012287,C00836,2025-12-14,Completed,Site web,Mobile Money,1.5
O012288,C02878,2025-07-17,Completed,Site web,Mobile Money,5.85
O012289,C02205,2025-07-15,Completed,WhatsApp,Mobile Money,3.09
O012290,C02627,2026-05-16,Returned,Site web,Cash,9.36
O012291,C03005,2025-02-19,Completed,Site web,Carte bancaire,7.28
O012292,C00403,2025-10-14,Completed,Marketplace,Carte bancaire,8.96
O012293,C02854,2025-06-20,Completed,Site web,Carte bancaire,4.35
O012294,C03031,2025-01-29,Completed,WhatsApp,Cash,8.67
O012295,C01164,2025-07-25,Pending,Boutique,Mobile Money,2.63
O012296,C01310,2025-08-11,Completed,Site web,Virement,5.93
O012297,C02487,2025-09-07,Completed,Marketplace,Mobile Money,3.26
O012298,C01601,2025-03-30,Returned,Marketplace,Mobile Money,7.78
O012299,C03910,2026-02-04,Completed,Site web,Cash,11.16
O012300,C00406,2025-07-15,Pending,WhatsApp,Mobile Money,7.05
O012301,C00710,2025-11-11,Completed,Site web,Carte bancaire,1.51
O012302,C03403,2025-10-26,Completed,Marketplace,Carte bancaire,3.97
O012303,C02861,2025-11-06,Completed,Site web,Mobile Money,15.17
O012304,C03614,2025-10-04,Completed,Site web,Cash,8.46
O012305,C00101,2025-06-15,Completed,WhatsApp,Mobile Money,3.68
O012306,C00564,2025-09-26,Completed,WhatsApp,Mobile Money,8.76
O012307,C03515,2025-10-18,Completed,WhatsApp,Mobile Money,6.37
O012308,C03413,2025-01-11,Completed,Site web,Cash,13.88
O012309,C03469,2026-02-01,Completed,Boutique,Cash,6.21
O012310,C03772,2025-09-01,Completed,Boutique,Mobile Money,5.23
O012311,C00969,2025-06-10,Completed,WhatsApp,Carte bancaire,5.78
O012312,C00409,2025-01-16,Completed,Boutique,Carte bancaire,4.83
O012313,C01245,2025-06-17,Completed,Site web,Cash,3.85
O012314,C04190,2025-08-10,Cancelled,Site web,Carte bancaire,2.63
O012315,C02171,2026-04-04,Completed,Site web,Virement,4.56
O012316,C00020,2025-12-21,Completed,Site web,Mobile Money,8.31
O012317,C03123,2025-08-18,Completed,Site web,Carte bancaire,5.23
O012318,C03539,2025-03-10,Completed,Site web,Virement,4.27
O012319,C00515,2025-05-31,Completed,Site web,Mobile Money,2.02
O012320,C02345,2026-05-18,Completed,WhatsApp,Mobile Money,8.11
O012321,C03129,2025-03-12,Completed,WhatsApp,Cash,10.83
O012322,C04021,2025-12-12,Completed,Boutique,Virement,3.46
O012323,C02550,2025-10-11,Completed,Site web,Mobile Money,4.09
O012324,C01421,2025-04-30,Pending,Site web,Carte bancaire,3.24
O012325,C03823,2026-04-24,Pending,Site web,Carte bancaire,8.46
O012326,C01516,2025-08-04,Completed,Boutique,Mobile Money,9.13
O012327,C02660,2025-12-29,Completed,WhatsApp,Mobile Money,6.46
O012328,C03530,2025-02-23,Completed,Site web,Mobile Money,2.43
O012329,C02228,2026-06-14,Completed,Site web,Cash,7.17
O012330,C02985,2025-01-13,Completed,Site web,Carte bancaire,6.7
O012331,C03536,2025-06-20,Pending,Site web,Mobile Money,7.0
O012332,C02523,2026-05-17,Completed,Site web,Carte bancaire,2.87
O012333,C01765,2025-12-16,Completed,Boutique,Mobile Money,2.66
O012334,C02707,2026-01-06,Completed,Site web,Virement,1.5
O012335,C01685,2025-06-22,Completed,Marketplace,Carte bancaire,9.46
O012336,C02868,2026-03-04,Completed,Site web,Carte bancaire,9.55
O012337,C00343,2026-05-26,Completed,Site web,Carte bancaire,1.5
O012338,C00201,2025-12-07,Completed,Marketplace,Mobile Money,3.61
O012339,C01995,2025-04-30,Completed,Site web,Mobile Money,3.62
O012340,C00495,2026-05-12,Pending,Boutique,Mobile Money,8.73
O012341,C03070,2025-01-03,Pending,Site web,Mobile Money,6.26
O012342,C00762,2026-05-06,Completed,WhatsApp,Mobile Money,10.63
O012343,C02098,2025-01-06,Completed,Marketplace,Mobile Money,5.13
O012344,C00743,2025-02-01,Completed,Site web,Carte bancaire,1.98
O012345,C03872,2025-01-24,Completed,Site web,Mobile Money,3.79
O012346,C03541,2025-04-14,Completed,Site web,Mobile Money,3.27
O012347,C00007,2026-02-03,Completed,Site web,Mobile Money,9.16
O012348,C01657,2025-08-05,Pending,Site web,Mobile Money,11.77
O012349,C03957,2025-02-13,Completed,Boutique,Mobile Money,7.47
O012350,C02056,2025-07-06,Completed,Site web,Mobile Money,3.91
O012351,C03546,2026-07-01,Cancelled,WhatsApp,Cash,6.77
O012352,C00376,2025-10-16,Completed,Boutique,Mobile Money,1.5
O012353,C01803,2026-02-04,Completed,Boutique,Carte bancaire,5.4
O012354,C03657,2025-05-27,Returned,Marketplace,Virement,1.5
O012355,C00819,2025-10-13,Completed,Boutique,Cash,7.44
O012356,C00044,2026-03-14,Completed,Site web,Mobile Money,5.5
O012357,C03085,2026-01-05,Completed,Site web,Mobile Money,8.46
O012358,C00350,2025-01-05,Completed,Boutique,Mobile Money,8.23
O012359,C01264,2025-11-29,Completed,Site web,Carte bancaire,4.33
O012360,C03411,2026-03-10,Completed,Site web,Mobile Money,9.04
O012361,C03746,2025-03-16,Completed,Boutique,Mobile Money,2.45
O012362,C00549,2025-08-04,Cancelled,WhatsApp,Cash,13.91
O012363,C02088,2025-12-20,Completed,Site web,Mobile Money,1.98
O012364,C03333,2025-01-03,Pending,WhatsApp,Mobile Money,8.24
O012365,C01644,2026-01-25,Completed,Site web,Cash,9.73
O012366,C01472,2026-04-10,Completed,Site web,Carte bancaire,6.54
O012367,C02282,2025-10-16,Cancelled,Marketplace,Virement,2.9
O012368,C03260,2025-09-02,Completed,Site web,Mobile Money,3.68
O012369,C00170,2025-02-20,Completed,WhatsApp,Mobile Money,2.93
O012370,C00212,2026-02-02,Completed,Site web,Mobile Money,5.98
O012371,C00448,2026-06-01,Completed,Site web,Virement,8.38
O012372,C01434,2026-04-27,Completed,Site web,Cash,7.45
O012373,C01168,2025-10-29,Completed,Site web,Cash,6.17
O012374,C02022,2025-01-19,Completed,WhatsApp,Carte bancaire,1.81
O012375,C01264,2025-06-06,Completed,Site web,Carte bancaire,11.1
O012376,C02628,2025-05-24,Completed,Site web,Mobile Money,5.47
O012377,C01352,2025-01-05,Completed,WhatsApp,Mobile Money,4.86
O012378,C03513,2025-03-07,Completed,Site web,Mobile Money,6.69
O012379,C01301,2025-11-12,Completed,Site web,Carte bancaire,1.5
O012380,C01027,2025-02-23,Completed,Site web,Cash,5.83
O012381,C03614,2025-01-22,Returned,Site web,Carte bancaire,5.37
O012382,C02768,2026-06-03,Pending,Site web,Mobile Money,5.49
O012383,C00202,2025-11-28,Cancelled,Site web,Mobile Money,9.66
O012384,C00638,2026-03-18,Pending,Site web,Carte bancaire,2.25
O012385,C00205,2025-05-17,Completed,Site web,Mobile Money,5.88
O012386,C03340,2025-07-19,Completed,Site web,Cash,4.15
O012387,C02636,2025-12-01,Pending,WhatsApp,Carte bancaire,5.35
O012388,C03920,2026-01-12,Completed,Site web,Mobile Money,8.5
O012389,C01379,2025-07-21,Completed,Site web,Mobile Money,5.61
O012390,C00199,2026-05-19,Completed,Marketplace,Mobile Money,5.18
O012391,C01928,2026-01-21,Completed,Boutique,Mobile Money,1.5
O012392,C00336,2025-05-02,Completed,Site web,Mobile Money,8.35
O012393,C00608,2025-02-23,Returned,WhatsApp,Mobile Money,1.5
O012394,C03308,2025-01-08,Completed,Marketplace,Mobile Money,4.59
O012395,C01592,2026-04-08,Completed,Boutique,Mobile Money,3.43
O012396,C03697,2026-03-28,Completed,WhatsApp,Mobile Money,1.5
O012397,C02158,2025-09-20,Completed,WhatsApp,Mobile Money,6.42
O012398,C02723,2026-02-01,Completed,Marketplace,Mobile Money,4.73
O012399,C03504,2026-04-30,Completed,Site web,Carte bancaire,7.54
O012400,C01937,2025-03-29,Completed,WhatsApp,Carte bancaire,7.63
O012401,C01344,2026-06-22,Cancelled,Site web,Mobile Money,7.85
O012402,C03231,2025-09-26,Completed,WhatsApp,Cash,7.52
O012403,C03489,2025-08-29,Completed,Site web,Carte bancaire,7.48
O012404,C01259,2025-03-29,Completed,Boutique,Carte bancaire,8.86
O012405,C03457,2026-01-04,Completed,Site web,Carte bancaire,7.08
O012406,C04166,2025-11-27,Completed,WhatsApp,Cash,6.64
O012407,C00814,2025-01-17,Completed,Marketplace,Carte bancaire,5.5
O012408,C03562,2025-12-21,Completed,Site web,Carte bancaire,6.77
O012409,C00365,2025-03-19,Pending,Site web,Carte bancaire,7.56
O012410,C03726,2025-06-01,Completed,Site web,Virement,7.47
O012411,C03743,2025-12-02,Completed,WhatsApp,Virement,5.46
O012412,C03591,2026-03-04,Completed,Site web,Virement,12.37
O012413,C01465,2025-03-15,Completed,Boutique,Mobile Money,10.59
O012414,C03919,2025-09-17,Returned,WhatsApp,Carte bancaire,3.54
O012415,C02327,2025-06-06,Completed,Site web,Carte bancaire,5.97
O012416,C00271,2026-01-23,Completed,WhatsApp,Mobile Money,10.83
O012417,C03568,2026-03-30,Returned,Site web,Mobile Money,3.34
O012418,C03817,2025-12-17,Completed,Site web,Virement,2.29
O012419,C01274,2026-03-12,Completed,Marketplace,Mobile Money,14.03
O012420,C01045,2025-09-05,Completed,Site web,Carte bancaire,4.54
O012421,C02391,2025-11-24,Completed,Site web,Carte bancaire,1.5
O012422,C01509,2025-06-10,Returned,Site web,Carte bancaire,3.53
O012423,C02685,2026-06-26,Returned,WhatsApp,Cash,4.71
O012424,C01557,2025-04-22,Returned,WhatsApp,Virement,8.43
O012425,C00915,2026-05-20,Pending,Site web,Carte bancaire,6.1
O012426,C00977,2026-02-13,Completed,Site web,Mobile Money,1.77
O012427,C02763,2026-06-25,Completed,Boutique,Mobile Money,1.5
O012428,C01842,2025-12-18,Completed,Site web,Mobile Money,7.46
O012429,C00065,2025-07-12,Completed,Site web,Carte bancaire,6.18
O012430,C02124,2025-06-03,Completed,Marketplace,Mobile Money,9.61
O012431,C03310,2025-04-09,Completed,WhatsApp,Mobile Money,4.09
O012432,C00625,2026-06-14,Completed,Site web,Mobile Money,5.18
O012433,C01026,2025-02-28,Completed,Site web,Mobile Money,4.37
O012434,C01510,2026-03-21,Completed,Site web,Virement,4.15
O012435,C03894,2026-01-18,Returned,WhatsApp,Cash,7.14
O012436,C01463,2025-03-11,Completed,Site web,Mobile Money,4.61
O012437,C03519,2026-05-17,Completed,Boutique,Mobile Money,1.5
O012438,C02834,2025-03-31,Cancelled,Site web,Mobile Money,9.92
O012439,C04167,2025-03-30,Completed,Site web,Mobile Money,6.64
O012440,C02440,2025-10-26,Completed,WhatsApp,Carte bancaire,7.96
O012441,C01332,2025-02-26,Cancelled,Boutique,Carte bancaire,9.91
O012442,C03008,2025-02-26,Completed,WhatsApp,Virement,5.36
O012443,C00380,2025-12-09,Completed,Site web,Carte bancaire,5.37
O012444,C03293,2026-06-13,Completed,Site web,Mobile Money,2.75
O012445,C00983,2025-01-30,Completed,Site web,Virement,8.56
O012446,C02802,2025-12-16,Completed,Site web,Virement,1.5
O012447,C02437,2025-11-26,Completed,Site web,Virement,6.59
O012448,C01014,2025-02-06,Completed,WhatsApp,Cash,7.55
O012449,C02022,2025-03-23,Completed,Boutique,Virement,2.03
O012450,C02109,2025-09-01,Cancelled,Marketplace,Carte bancaire,9.68
O012451,C03222,2026-01-15,Completed,WhatsApp,Virement,1.5
O012452,C01960,2025-05-02,Completed,Boutique,Carte bancaire,2.01
O012453,C00245,2025-08-26,Completed,Site web,Carte bancaire,5.9
O012454,C00312,2025-09-26,Completed,Boutique,Mobile Money,8.14
O012455,C02792,2026-01-26,Completed,Site web,Carte bancaire,1.9
O012456,C03757,2025-05-16,Completed,Site web,Mobile Money,8.17
O012457,C01828,2026-01-13,Completed,Site web,Carte bancaire,8.45
O012458,C00385,2026-04-01,Completed,WhatsApp,Mobile Money,4.81
O012459,C00719,2025-11-16,Pending,WhatsApp,Mobile Money,6.39
O012460,C04102,2026-01-31,Completed,Site web,Carte bancaire,9.5
O012461,C02954,2025-04-02,Completed,Boutique,Cash,10.58
O012462,C00134,2026-05-12,Completed,Marketplace,Cash,4.45
O012463,C01090,2025-06-15,Completed,WhatsApp,Cash,3.5
O012464,C03065,2025-04-19,Completed,Site web,Carte bancaire,5.52
O012465,C02653,2025-10-28,Completed,Boutique,Virement,2.76
O012466,C01208,2025-07-31,Completed,Site web,Mobile Money,9.75
O012467,C02924,2025-09-10,Completed,Site web,Carte bancaire,7.47
O012468,C03800,2026-03-18,Completed,Site web,Mobile Money,5.99
O012469,C03781,2025-10-21,Cancelled,Site web,Mobile Money,9.35
O012470,C03461,2025-07-24,Completed,Site web,Carte bancaire,8.32
O012471,C01489,2026-03-15,Completed,Site web,Mobile Money,8.92
O012472,C00106,2025-07-27,Pending,Site web,Virement,7.66
O012473,C01642,2026-06-10,Completed,Boutique,Cash,10.25
O012474,C00093,2026-06-25,Completed,Boutique,Mobile Money,1.89
O012475,C02395,2025-09-15,Completed,Boutique,Mobile Money,7.57
O012476,C02534,2026-02-27,Pending,Site web,Virement,10.71
O012477,C01436,2026-01-24,Completed,Boutique,Virement,5.05
O012478,C00629,2026-04-17,Completed,WhatsApp,Virement,4.28
O012479,C02204,2025-09-10,Completed,Site web,Carte bancaire,4.89
O012480,C00060,2025-08-12,Completed,Site web,Virement,6.01
O012481,C01161,2025-06-01,Completed,Site web,Virement,9.24
O012482,C04065,2025-11-18,Completed,Site web,Mobile Money,6.02
O012483,C03840,2025-12-04,Completed,Boutique,Cash,9.4
O012484,C02659,2025-09-04,Completed,Site web,Virement,7.45
O012485,C01571,2025-06-20,Completed,Site web,Carte bancaire,8.81
O012486,C00046,2025-09-04,Completed,Boutique,Mobile Money,6.15
O012487,C02731,2025-10-03,Pending,Boutique,Cash,5.27
O012488,C02061,2025-03-11,Completed,WhatsApp,Mobile Money,2.01
O012489,C02997,2025-12-28,Completed,WhatsApp,Virement,1.5
O012490,C00662,2026-04-07,Completed,Boutique,Mobile Money,4.82
O012491,C03488,2025-06-26,Completed,Site web,Carte bancaire,1.5
O012492,C03382,2025-08-03,Completed,WhatsApp,Carte bancaire,5.72
O012493,C01799,2025-02-20,Pending,Marketplace,Mobile Money,7.98
O012494,C00121,2025-11-15,Completed,Boutique,Mobile Money,6.07
O012495,C01959,2025-08-23,Completed,Site web,Mobile Money,1.5
O012496,C01558,2026-04-15,Completed,Marketplace,Mobile Money,4.73
O012497,C03197,2026-05-13,Cancelled,Site web,Mobile Money,7.56
O012498,C01000,2026-02-28,Completed,WhatsApp,Carte bancaire,9.75
O012499,C00076,2025-04-26,Completed,WhatsApp,Carte bancaire,7.51
O012500,C04120,2025-04-19,Completed,Site web,Carte bancaire,5.92
