payment_id,order_id,payment_date,payment_method,amount_usd,payment_status,transaction_reference
PAY0000001,O000001,2026-02-15,Mobile Money,197.91,Paid,TX735075638
PAY0000002,O000002,2025-12-23,Carte bancaire,42.95,Paid,TX435115165
PAY0000003,O000003,2025-01-16,Mobile Money,441.48,Paid,TX586669636
PAY0000004,O000004,2026-04-28,Mobile Money,0.0,Pending,TX548618387
PAY0000005,O000005,2025-09-30,Carte bancaire,157.52,Paid,TX455988540
PAY0000006,O000006,2025-04-01,Carte bancaire,0.0,Pending,TX208255648
PAY0000007,O000007,2026-04-26,Virement,39.4,Refunded,TX195808417
PAY0000008,O000008,2026-05-11,Cash,23.77,Paid,TX263451805
PAY0000009,O000009,2025-10-02,Cash,286.05,Paid,TX876286130
PAY0000010,O000010,2025-12-29,Mobile Money,533.36,Refunded,TX507441416
PAY0000011,O000011,2025-12-05,Mobile Money,1671.24,Paid,TX954666439
PAY0000012,O000012,2025-06-18,Carte bancaire,0.0,Pending,TX558956193
PAY0000013,O000013,2026-02-17,Cash,0.0,Pending,TX187428490
PAY0000014,O000014,2026-07-05,Virement,368.67,Paid,TX685373575
PAY0000015,O000015,2026-05-27,Carte bancaire,185.43,Paid,TX300597858
PAY0000016,O000016,2026-01-16,Virement,689.54,Paid,TX421247277
PAY0000017,O000017,2025-07-19,Mobile Money,108.1,Paid,TX940329211
PAY0000018,O000018,2026-05-16,Carte bancaire,43.0,Paid,TX187546992
PAY0000019,O000019,2026-05-27,Mobile Money,228.7,Paid,TX427416189
PAY0000020,O000020,2025-01-08,Carte bancaire,442.72,Paid,TX819151444
PAY0000021,O000021,2025-07-09,Mobile Money,350.56,Paid,TX393122959
PAY0000022,O000022,2025-11-03,Mobile Money,850.4,Paid,TX984970468
PAY0000023,O000023,2025-11-16,Mobile Money,211.82,Paid,TX556201160
PAY0000024,O000024,2026-01-28,Carte bancaire,27.38,Paid,TX485204345
PAY0000025,O000025,2025-10-12,Carte bancaire,0.0,Pending,TX334492501
PAY0000026,O000026,2025-01-09,Virement,65.05,Paid,TX731338784
PAY0000027,O000027,2025-04-03,Cash,205.72,Refunded,TX140662944
PAY0000028,O000028,2026-02-25,Mobile Money,248.67,Paid,TX249107233
PAY0000029,O000029,2026-01-18,Mobile Money,0.0,Pending,TX934658393
PAY0000030,O000030,2025-12-25,Mobile Money,372.12,Paid,TX976831086
PAY0000031,O000031,2025-09-02,Mobile Money,1566.0,Paid,TX911520198
PAY0000032,O000032,2025-06-03,Carte bancaire,2364.97,Paid,TX814507691
PAY0000033,O000033,2025-06-22,Carte bancaire,426.93,Paid,TX396394332
PAY0000034,O000034,2026-01-14,Mobile Money,62.21,Paid,TX562524086
PAY0000035,O000035,2025-10-07,Carte bancaire,246.02,Paid,TX138035269
PAY0000036,O000036,2025-03-17,Virement,584.52,Paid,TX183791751
PAY0000037,O000037,2025-08-09,Mobile Money,65.89,Paid,TX549996606
PAY0000038,O000038,2026-04-01,Cash,139.55,Paid,TX372358923
PAY0000039,O000039,2025-11-27,Mobile Money,0.0,Failed,TX340298363
PAY0000040,O000040,2026-04-23,Mobile Money,29.46,Paid,TX242325921
PAY0000041,O000041,2025-10-10,Mobile Money,0.0,Failed,TX379145950
PAY0000042,O000042,2025-09-28,Mobile Money,295.15,Pending,TX365736677
PAY0000043,O000043,2026-06-07,Mobile Money,41.81,Paid,TX739709033
PAY0000044,O000044,2025-10-07,Mobile Money,304.9,Paid,TX244608292
PAY0000045,O000045,2025-03-16,Mobile Money,124.66,Paid,TX906865941
PAY0000046,O000046,2025-08-10,Carte bancaire,41.24,Paid,TX885155336
PAY0000047,O000047,2025-12-24,Mobile Money,89.68,Paid,TX690910668
PAY0000048,O000048,2025-07-12,Mobile Money,241.92,Paid,TX876364500
PAY0000049,O000049,2025-08-17,Carte bancaire,0.0,Failed,TX341530065
PAY0000050,O000050,2026-04-27,Carte bancaire,116.62,Paid,TX764202080
PAY0000051,O000051,2025-08-29,Carte bancaire,57.1,Paid,TX550855728
PAY0000052,O000052,2025-06-21,Carte bancaire,14.3,Paid,TX267426657
PAY0000053,O000053,2025-03-02,Virement,1294.59,Paid,TX864496388
PAY0000054,O000054,2025-08-11,Mobile Money,323.87,Paid,TX429347835
PAY0000055,O000055,2026-03-01,Virement,376.78,Paid,TX205212987
PAY0000056,O000056,2025-06-17,Mobile Money,203.96,Paid,TX357554588
PAY0000057,O000057,2025-09-19,Cash,413.17,Paid,TX245566724
PAY0000058,O000058,2025-12-30,Mobile Money,0.0,Pending,TX704171512
PAY0000059,O000059,2026-05-27,Cash,0.0,Pending,TX562513956
PAY0000060,O000060,2026-03-23,Virement,0.0,Pending,TX780835040
PAY0000061,O000061,2025-06-10,Mobile Money,147.64,Paid,TX846244944
PAY0000062,O000062,2025-04-05,Mobile Money,28.95,Paid,TX897952982
PAY0000063,O000063,2026-01-05,Mobile Money,52.94,Paid,TX662887691
PAY0000064,O000064,2025-05-24,Mobile Money,1014.09,Pending,TX350446768
PAY0000065,O000065,2025-08-06,Mobile Money,60.14,Paid,TX627157332
PAY0000066,O000066,2025-02-27,Carte bancaire,61.93,Paid,TX866602364
PAY0000067,O000067,2026-03-01,Mobile Money,1076.95,Refunded,TX480624292
PAY0000068,O000068,2025-03-31,Mobile Money,0.0,Pending,TX374205650
PAY0000069,O000069,2025-07-30,Mobile Money,173.13,Paid,TX705009178
PAY0000070,O000070,2025-08-14,Mobile Money,172.9,Paid,TX350493698
PAY0000071,O000071,2025-01-26,Mobile Money,51.27,Paid,TX513832931
PAY0000072,O000072,2026-03-02,Carte bancaire,83.42,Paid,TX610787157
PAY0000073,O000073,2025-12-07,Mobile Money,481.59,Paid,TX294182705
PAY0000074,O000074,2025-10-25,Virement,215.52,Paid,TX721706361
PAY0000075,O000075,2025-04-11,Carte bancaire,106.91,Paid,TX323483477
PAY0000076,O000076,2025-01-30,Cash,106.35,Paid,TX955804007
PAY0000077,O000077,2025-02-02,Mobile Money,174.76,Refunded,TX500423302
PAY0000078,O000078,2025-12-10,Mobile Money,54.83,Refunded,TX129839822
PAY0000079,O000079,2026-02-17,Mobile Money,261.52,Paid,TX315926036
PAY0000080,O000080,2026-03-12,Mobile Money,0.0,Pending,TX185157742
PAY0000081,O000081,2026-03-17,Cash,0.0,Pending,TX781913653
PAY0000082,O000082,2025-08-04,Carte bancaire,187.06,Refunded,TX528489662
PAY0000083,O000083,2025-01-05,Cash,0.0,Pending,TX393268869
PAY0000084,O000084,2025-05-15,Cash,0.0,Failed,TX868504946
PAY0000085,O000085,2026-03-11,Mobile Money,348.3,Paid,TX725192970
PAY0000086,O000086,2026-02-25,Mobile Money,229.32,Paid,TX657494575
PAY0000087,O000087,2025-10-09,Mobile Money,0.0,Pending,TX194151288
PAY0000088,O000088,2025-01-15,Carte bancaire,23.32,Paid,TX251332148
PAY0000089,O000089,2026-03-05,Carte bancaire,69.84,Refunded,TX524331821
PAY0000090,O000090,2026-03-27,Mobile Money,301.24,Refunded,TX552228098
PAY0000091,O000091,2025-05-08,Cash,0.0,Pending,TX953907458
PAY0000092,O000092,2026-03-17,Virement,0.0,Pending,TX176573117
PAY0000093,O000093,2025-12-19,Cash,53.68,Paid,TX381371589
PAY0000094,O000094,2026-05-05,Mobile Money,68.0,Paid,TX671330716
PAY0000095,O000095,2025-12-12,Virement,16.39,Paid,TX310025241
PAY0000096,O000096,2025-02-22,Carte bancaire,66.4,Paid,TX371539416
PAY0000097,O000097,2025-12-25,Mobile Money,43.76,Paid,TX511319007
PAY0000098,O000098,2025-03-01,Mobile Money,1482.73,Paid,TX756654055
PAY0000099,O000099,2025-05-26,Mobile Money,25.5,Paid,TX173972319
PAY0000100,O000100,2026-04-27,Mobile Money,24.79,Paid,TX753130956
PAY0000101,O000101,2026-06-16,Carte bancaire,58.36,Paid,TX548852251
PAY0000102,O000102,2025-09-21,Virement,2010.31,Paid,TX978807469
PAY0000103,O000103,2025-06-12,Cash,0.0,Pending,TX339111764
PAY0000104,O000104,2025-08-04,Mobile Money,40.79,Paid,TX800665427
PAY0000105,O000105,2025-05-13,Carte bancaire,0.0,Pending,TX141041567
PAY0000106,O000106,2025-11-15,Mobile Money,125.0,Paid,TX324239753
PAY0000107,O000107,2025-08-20,Mobile Money,0.0,Failed,TX417036242
PAY0000108,O000108,2025-02-04,Virement,147.74,Paid,TX357278560
PAY0000109,O000109,2025-12-01,Cash,569.74,Paid,TX879934375
PAY0000110,O000110,2025-12-21,Cash,264.07,Refunded,TX911994690
PAY0000111,O000111,2026-01-05,Carte bancaire,92.69,Paid,TX533028342
PAY0000112,O000112,2026-06-02,Carte bancaire,88.52,Paid,TX117924460
PAY0000113,O000113,2026-01-22,Mobile Money,940.07,Paid,TX780929824
PAY0000114,O000114,2026-01-10,Carte bancaire,1187.96,Refunded,TX443519851
PAY0000115,O000115,2025-04-29,Mobile Money,169.6,Paid,TX825554762
PAY0000116,O000116,2025-09-16,Mobile Money,96.45,Paid,TX557777902
PAY0000117,O000117,2025-08-30,Cash,251.43,Paid,TX800502078
PAY0000118,O000118,2026-06-11,Mobile Money,0.0,Failed,TX323009060
PAY0000119,O000119,2025-09-20,Virement,365.7,Paid,TX371976126
PAY0000120,O000120,2026-01-15,Mobile Money,1185.9,Paid,TX650758655
PAY0000121,O000121,2025-10-27,Virement,38.38,Refunded,TX268070412
PAY0000122,O000122,2025-02-04,Cash,840.03,Paid,TX811433408
PAY0000123,O000123,2026-05-29,Mobile Money,212.14,Paid,TX885831113
PAY0000124,O000124,2026-01-04,Mobile Money,149.5,Refunded,TX402478469
PAY0000125,O000125,2025-05-08,Virement,79.38,Paid,TX715844490
PAY0000126,O000126,2025-02-04,Mobile Money,114.73,Paid,TX495062729
PAY0000127,O000127,2026-06-02,Mobile Money,35.32,Paid,TX107788874
PAY0000128,O000128,2025-06-18,Mobile Money,102.84,Paid,TX757104621
PAY0000129,O000129,2025-01-11,Mobile Money,97.46,Paid,TX414917792
PAY0000130,O000130,2025-12-08,Mobile Money,719.8,Paid,TX825155495
PAY0000131,O000131,2025-01-12,Mobile Money,85.65,Paid,TX976179026
PAY0000132,O000132,2025-04-29,Mobile Money,561.37,Paid,TX765403366
PAY0000133,O000133,2026-05-05,Cash,0.0,Pending,TX167823301
PAY0000134,O000134,2025-01-22,Mobile Money,40.41,Paid,TX608830196
PAY0000135,O000135,2026-02-20,Mobile Money,85.53,Paid,TX882377204
PAY0000136,O000136,2025-12-06,Virement,60.56,Refunded,TX614027754
PAY0000137,O000137,2025-06-21,Virement,898.48,Paid,TX768655327
PAY0000138,O000138,2025-06-09,Carte bancaire,16.62,Paid,TX196685697
PAY0000139,O000139,2025-09-20,Mobile Money,0.0,Pending,TX781404051
PAY0000140,O000140,2025-10-21,Mobile Money,2197.91,Paid,TX294090494
PAY0000141,O000141,2026-05-04,Cash,116.53,Paid,TX266172064
PAY0000142,O000142,2025-05-28,Virement,41.48,Paid,TX489493697
PAY0000143,O000143,2025-11-24,Mobile Money,174.56,Refunded,TX910335455
PAY0000144,O000144,2026-01-14,Carte bancaire,514.19,Paid,TX189523358
PAY0000145,O000145,2025-01-08,Carte bancaire,185.42,Paid,TX183102816
PAY0000146,O000146,2026-05-07,Virement,0.0,Pending,TX311016864
PAY0000147,O000147,2026-06-29,Mobile Money,210.14,Refunded,TX679557656
PAY0000148,O000148,2025-02-18,Cash,127.87,Paid,TX651391132
PAY0000149,O000149,2025-05-27,Virement,380.8,Paid,TX201551869
PAY0000150,O000150,2026-03-08,Carte bancaire,26.17,Paid,TX955879243
PAY0000151,O000151,2026-03-20,Carte bancaire,250.17,Paid,TX373422244
PAY0000152,O000152,2025-03-31,Carte bancaire,45.47,Paid,TX982573647
PAY0000153,O000153,2026-05-20,Virement,524.28,Paid,TX271214128
PAY0000154,O000154,2025-06-30,Carte bancaire,172.18,Paid,TX458232592
PAY0000155,O000155,2025-06-11,Virement,25.26,Paid,TX745525453
PAY0000156,O000156,2025-07-16,Virement,348.91,Refunded,TX233097135
PAY0000157,O000157,2026-01-07,Carte bancaire,1067.66,Paid,TX953377395
PAY0000158,O000158,2025-04-26,Mobile Money,128.89,Paid,TX190854153
PAY0000159,O000159,2025-10-26,Mobile Money,646.06,Paid,TX368932971
PAY0000160,O000160,2025-02-15,Mobile Money,0.0,Pending,TX402764845
PAY0000161,O000161,2025-03-26,Mobile Money,188.98,Paid,TX831986755
PAY0000162,O000162,2026-02-28,Carte bancaire,381.55,Paid,TX550108059
PAY0000163,O000163,2025-07-31,Carte bancaire,366.69,Paid,TX675467167
PAY0000164,O000164,2026-03-14,Mobile Money,45.54,Paid,TX644740870
PAY0000165,O000165,2026-02-12,Carte bancaire,90.18,Paid,TX256719502
PAY0000166,O000166,2026-07-04,Mobile Money,117.0,Paid,TX412970007
PAY0000167,O000167,2025-03-17,Cash,26.46,Refunded,TX567249401
PAY0000168,O000168,2026-05-30,Carte bancaire,20.36,Paid,TX856222566
PAY0000169,O000169,2026-05-06,Mobile Money,264.71,Paid,TX969891974
PAY0000170,O000170,2025-08-29,Virement,0.0,Pending,TX262764764
PAY0000171,O000171,2025-03-17,Mobile Money,4095.9,Paid,TX917448151
PAY0000172,O000172,2025-03-18,Mobile Money,0.0,Pending,TX115059414
PAY0000173,O000173,2025-10-07,Mobile Money,65.19,Refunded,TX366546431
PAY0000174,O000174,2025-01-10,Mobile Money,696.22,Paid,TX911365125
PAY0000175,O000175,2025-02-26,Virement,48.97,Paid,TX538981816
PAY0000176,O000176,2025-10-20,Cash,1872.51,Paid,TX703934406
PAY0000177,O000177,2025-11-09,Virement,0.0,Failed,TX199055496
PAY0000178,O000178,2026-04-18,Mobile Money,78.38,Paid,TX126756472
PAY0000179,O000179,2026-06-19,Mobile Money,83.4,Refunded,TX285464194
PAY0000180,O000180,2025-05-29,Mobile Money,184.72,Paid,TX417412603
PAY0000181,O000181,2025-07-03,Mobile Money,76.92,Paid,TX165882785
PAY0000182,O000182,2025-04-21,Cash,0.0,Failed,TX966384758
PAY0000183,O000183,2025-05-07,Mobile Money,895.87,Paid,TX938907022
PAY0000184,O000184,2025-09-02,Mobile Money,270.6,Paid,TX483012819
PAY0000185,O000185,2026-07-01,Carte bancaire,251.27,Paid,TX568885187
PAY0000186,O000186,2026-05-09,Carte bancaire,29.25,Paid,TX472831229
PAY0000187,O000187,2026-05-20,Cash,972.27,Paid,TX995026146
PAY0000188,O000188,2025-09-06,Cash,55.67,Paid,TX920400243
PAY0000189,O000189,2025-12-31,Mobile Money,90.33,Paid,TX160756048
PAY0000190,O000190,2026-02-05,Cash,766.53,Paid,TX295936029
PAY0000191,O000191,2025-05-18,Cash,1025.65,Paid,TX153919313
PAY0000192,O000192,2025-09-12,Virement,38.11,Paid,TX718411548
PAY0000193,O000193,2025-10-30,Cash,263.5,Paid,TX489648839
PAY0000194,O000194,2025-07-24,Carte bancaire,277.31,Paid,TX291091321
PAY0000195,O000195,2025-09-19,Mobile Money,252.39,Paid,TX234485524
PAY0000196,O000196,2025-08-30,Virement,0.0,Pending,TX954063365
PAY0000197,O000197,2025-02-05,Mobile Money,558.69,Paid,TX584149348
PAY0000198,O000198,2026-02-26,Cash,80.21,Paid,TX698076245
PAY0000199,O000199,2026-05-13,Carte bancaire,25.17,Paid,TX452889065
PAY0000200,O000200,2026-02-22,Carte bancaire,0.0,Pending,TX580158869
PAY0000201,O000201,2026-05-29,Virement,0.0,Pending,TX685962754
PAY0000202,O000202,2025-08-27,Mobile Money,383.85,Paid,TX973854362
PAY0000203,O000203,2025-02-03,Mobile Money,665.31,Paid,TX150741164
PAY0000204,O000204,2025-05-31,Virement,274.35,Paid,TX355830394
PAY0000205,O000205,2026-04-13,Mobile Money,0.0,Failed,TX740436264
PAY0000206,O000206,2025-03-19,Virement,378.36,Paid,TX516055305
PAY0000207,O000207,2025-10-29,Cash,362.5,Paid,TX874878418
PAY0000208,O000208,2025-01-02,Mobile Money,0.0,Pending,TX484194755
PAY0000209,O000209,2025-06-27,Carte bancaire,13.2,Paid,TX977174423
PAY0000210,O000210,2025-03-06,Mobile Money,0.0,Pending,TX386368097
PAY0000211,O000211,2025-03-08,Virement,328.41,Paid,TX704609294
PAY0000212,O000212,2025-04-01,Carte bancaire,0.0,Pending,TX276215926
PAY0000213,O000213,2025-10-26,Mobile Money,1690.52,Paid,TX150533902
PAY0000214,O000214,2026-01-17,Virement,866.16,Refunded,TX444808416
PAY0000215,O000215,2025-06-07,Mobile Money,83.09,Paid,TX905294917
PAY0000216,O000216,2026-03-26,Virement,0.0,Pending,TX936558765
PAY0000217,O000217,2025-08-04,Mobile Money,888.5,Paid,TX951518589
PAY0000218,O000218,2026-02-11,Cash,388.61,Paid,TX495005021
PAY0000219,O000219,2025-10-21,Carte bancaire,663.9,Paid,TX958538945
PAY0000220,O000220,2026-02-04,Carte bancaire,0.0,Failed,TX529958456
PAY0000221,O000221,2026-06-22,Mobile Money,118.09,Paid,TX843812625
PAY0000222,O000222,2026-06-30,Carte bancaire,2199.95,Paid,TX246061604
PAY0000223,O000223,2025-11-19,Carte bancaire,70.8,Paid,TX398545507
PAY0000224,O000224,2026-06-12,Carte bancaire,1170.6,Paid,TX667483330
PAY0000225,O000225,2026-01-20,Virement,55.72,Paid,TX149720034
PAY0000226,O000226,2025-05-29,Carte bancaire,48.57,Paid,TX615933931
PAY0000227,O000227,2026-05-31,Carte bancaire,210.38,Paid,TX480378597
PAY0000228,O000228,2025-03-23,Virement,0.0,Pending,TX867545630
PAY0000229,O000229,2025-09-18,Carte bancaire,739.53,Paid,TX634797307
PAY0000230,O000230,2025-03-30,Virement,360.8,Refunded,TX346826780
PAY0000231,O000231,2026-03-10,Cash,279.1,Paid,TX135681298
PAY0000232,O000232,2026-05-09,Mobile Money,447.55,Paid,TX655146491
PAY0000233,O000233,2026-03-28,Carte bancaire,506.23,Paid,TX830761188
PAY0000234,O000234,2025-03-02,Mobile Money,81.04,Paid,TX693062057
PAY0000235,O000235,2025-06-01,Carte bancaire,207.99,Paid,TX285666270
PAY0000236,O000236,2025-07-06,Mobile Money,0.0,Pending,TX627740106
PAY0000237,O000237,2025-03-09,Carte bancaire,37.1,Paid,TX861042047
PAY0000238,O000238,2025-10-19,Mobile Money,3119.56,Paid,TX712733736
PAY0000239,O000239,2025-01-20,Carte bancaire,0.0,Pending,TX788756102
PAY0000240,O000240,2025-12-07,Mobile Money,0.0,Pending,TX495892577
PAY0000241,O000241,2025-11-13,Mobile Money,98.36,Paid,TX446681181
PAY0000242,O000242,2025-11-24,Carte bancaire,415.67,Paid,TX401566242
PAY0000243,O000243,2026-05-19,Carte bancaire,411.92,Paid,TX174990554
PAY0000244,O000244,2026-03-09,Carte bancaire,99.88,Paid,TX833117413
PAY0000245,O000245,2025-05-27,Carte bancaire,94.63,Refunded,TX635310420
PAY0000246,O000246,2025-11-10,Mobile Money,198.05,Paid,TX284074363
PAY0000247,O000247,2026-03-19,Carte bancaire,642.24,Paid,TX291933182
PAY0000248,O000248,2026-04-13,Mobile Money,0.0,Failed,TX597245920
PAY0000249,O000249,2025-12-20,Mobile Money,308.86,Paid,TX706020577
PAY0000250,O000250,2025-02-17,Virement,1488.41,Paid,TX487895928
PAY0000251,O000251,2025-08-29,Cash,424.04,Refunded,TX664558724
PAY0000252,O000252,2026-04-20,Mobile Money,185.97,Paid,TX963555133
PAY0000253,O000253,2025-02-13,Mobile Money,18.64,Refunded,TX952595441
PAY0000254,O000254,2025-11-22,Virement,0.0,Pending,TX965378622
PAY0000255,O000255,2025-10-27,Cash,0.0,Pending,TX460995715
PAY0000256,O000256,2025-05-07,Mobile Money,188.52,Paid,TX232754262
PAY0000257,O000257,2025-07-08,Virement,81.98,Paid,TX255085281
PAY0000258,O000258,2026-06-23,Mobile Money,976.5,Paid,TX926260072
PAY0000259,O000259,2025-11-24,Mobile Money,50.84,Paid,TX390346575
PAY0000260,O000260,2026-06-03,Mobile Money,0.0,Pending,TX638424486
PAY0000261,O000261,2025-09-19,Carte bancaire,697.5,Refunded,TX165607502
PAY0000262,O000262,2026-04-10,Carte bancaire,196.5,Refunded,TX158264913
PAY0000263,O000263,2025-12-08,Carte bancaire,309.36,Refunded,TX486889723
PAY0000264,O000264,2026-05-16,Mobile Money,24.57,Paid,TX949213360
PAY0000265,O000265,2025-06-30,Mobile Money,108.64,Paid,TX859661003
PAY0000266,O000266,2025-08-01,Carte bancaire,108.43,Paid,TX991014147
PAY0000267,O000267,2025-01-24,Carte bancaire,43.35,Paid,TX466618702
PAY0000268,O000268,2025-05-07,Mobile Money,0.0,Failed,TX467187781
PAY0000269,O000269,2025-03-21,Carte bancaire,0.0,Pending,TX952764703
PAY0000270,O000270,2025-04-15,Mobile Money,0.0,Pending,TX503539465
PAY0000271,O000271,2025-06-22,Virement,220.22,Paid,TX213772132
PAY0000272,O000272,2026-04-25,Virement,113.09,Paid,TX153272731
PAY0000273,O000273,2025-07-28,Mobile Money,344.13,Paid,TX175570615
PAY0000274,O000274,2026-03-31,Virement,272.02,Paid,TX460898993
PAY0000275,O000275,2026-03-27,Carte bancaire,230.86,Paid,TX552396278
PAY0000276,O000276,2026-06-23,Carte bancaire,165.18,Paid,TX279454688
PAY0000277,O000277,2025-10-09,Carte bancaire,164.96,Paid,TX539960313
PAY0000278,O000278,2026-04-11,Cash,108.5,Paid,TX972639257
PAY0000279,O000279,2025-08-21,Mobile Money,0.0,Pending,TX120123170
PAY0000280,O000280,2025-12-17,Mobile Money,0.0,Pending,TX580389359
PAY0000281,O000281,2026-03-25,Virement,114.12,Paid,TX412485931
PAY0000282,O000282,2025-03-20,Mobile Money,29.1,Paid,TX446672320
PAY0000283,O000283,2025-02-04,Virement,42.82,Refunded,TX325176969
PAY0000284,O000284,2025-04-04,Mobile Money,68.77,Paid,TX274552157
PAY0000285,O000285,2026-02-04,Cash,22.52,Paid,TX490167425
PAY0000286,O000286,2025-09-17,Mobile Money,107.58,Paid,TX373876577
PAY0000287,O000287,2025-06-04,Cash,122.68,Paid,TX933568012
PAY0000288,O000288,2026-02-26,Virement,0.0,Pending,TX939985017
PAY0000289,O000289,2025-01-10,Cash,721.2,Paid,TX870306957
PAY0000290,O000290,2025-04-08,Mobile Money,340.47,Paid,TX473131748
PAY0000291,O000291,2025-09-19,Mobile Money,123.81,Paid,TX731994381
PAY0000292,O000292,2026-05-20,Mobile Money,43.16,Paid,TX866546793
PAY0000293,O000293,2026-02-18,Virement,238.33,Paid,TX371776904
PAY0000294,O000294,2026-01-12,Mobile Money,0.0,Pending,TX859932828
PAY0000295,O000295,2026-01-25,Carte bancaire,332.71,Paid,TX904659135
PAY0000296,O000296,2025-06-23,Mobile Money,1676.63,Paid,TX308959329
PAY0000297,O000297,2025-09-07,Carte bancaire,193.56,Paid,TX957898995
PAY0000298,O000298,2026-05-05,Carte bancaire,401.1,Paid,TX991373053
PAY0000299,O000299,2026-02-06,Mobile Money,3542.11,Paid,TX737400445
PAY0000300,O000300,2025-11-27,Carte bancaire,0.0,Pending,TX472919491
PAY0000301,O000301,2025-02-19,Mobile Money,614.58,Paid,TX441873098
PAY0000302,O000302,2026-02-08,Cash,27.09,Paid,TX326254909
PAY0000303,O000303,2025-07-24,Virement,51.25,Paid,TX493793652
PAY0000304,O000304,2025-08-02,Mobile Money,74.5,Paid,TX878078536
PAY0000305,O000305,2026-01-07,Mobile Money,255.63,Paid,TX203472690
PAY0000306,O000306,2025-08-07,Carte bancaire,472.91,Paid,TX378982309
PAY0000307,O000307,2025-11-14,Virement,573.78,Paid,TX430077717
PAY0000308,O000308,2025-01-11,Cash,467.41,Paid,TX268694054
PAY0000309,O000309,2025-04-15,Mobile Money,812.59,Paid,TX711713830
PAY0000310,O000310,2025-10-22,Carte bancaire,28.98,Paid,TX544512590
PAY0000311,O000311,2026-06-10,Mobile Money,73.78,Paid,TX265811751
PAY0000312,O000312,2026-02-25,Mobile Money,227.26,Paid,TX739150122
PAY0000313,O000313,2025-08-17,Cash,1079.76,Paid,TX112240297
PAY0000314,O000314,2026-06-19,Cash,0.0,Failed,TX335508106
PAY0000315,O000315,2025-06-02,Mobile Money,0.0,Pending,TX252132287
PAY0000316,O000316,2026-05-04,Mobile Money,23.61,Paid,TX841778657
PAY0000317,O000317,2025-08-10,Carte bancaire,21.7,Paid,TX940643805
PAY0000318,O000318,2025-02-18,Mobile Money,408.81,Paid,TX752852995
PAY0000319,O000319,2025-01-03,Virement,681.88,Paid,TX614648435
PAY0000320,O000320,2026-06-26,Carte bancaire,1012.8,Paid,TX156762674
PAY0000321,O000321,2025-12-22,Carte bancaire,326.63,Paid,TX178052448
PAY0000322,O000322,2025-03-25,Mobile Money,93.91,Paid,TX135225126
PAY0000323,O000323,2026-07-02,Carte bancaire,85.92,Paid,TX498537128
PAY0000324,O000324,2025-01-25,Carte bancaire,534.85,Paid,TX425868543
PAY0000325,O000325,2025-07-06,Carte bancaire,108.4,Paid,TX769124388
PAY0000326,O000326,2026-02-16,Carte bancaire,154.34,Paid,TX350419472
PAY0000327,O000327,2025-02-03,Virement,461.07,Paid,TX917697210
PAY0000328,O000328,2026-05-12,Mobile Money,147.45,Paid,TX213928835
PAY0000329,O000329,2026-01-07,Mobile Money,253.57,Paid,TX585747454
PAY0000330,O000330,2026-06-06,Mobile Money,135.43,Paid,TX414249907
PAY0000331,O000331,2026-04-08,Carte bancaire,611.5,Refunded,TX141836765
PAY0000332,O000332,2026-04-01,Mobile Money,1216.99,Paid,TX245847311
PAY0000333,O000333,2025-05-05,Carte bancaire,1190.61,Paid,TX269058427
PAY0000334,O000334,2025-04-27,Mobile Money,388.47,Paid,TX722518883
PAY0000335,O000335,2025-05-17,Cash,349.33,Paid,TX720094837
PAY0000336,O000336,2025-03-27,Carte bancaire,236.9,Paid,TX666241574
PAY0000337,O000337,2025-12-31,Mobile Money,128.83,Paid,TX455868669
PAY0000338,O000338,2025-02-03,Mobile Money,295.88,Refunded,TX812531190
PAY0000339,O000339,2025-08-24,Mobile Money,100.48,Paid,TX197795829
PAY0000340,O000340,2025-11-17,Virement,0.0,Failed,TX115759664
PAY0000341,O000341,2025-10-26,Virement,398.27,Paid,TX404421020
PAY0000342,O000342,2025-09-26,Virement,42.94,Paid,TX906625596
PAY0000343,O000343,2025-05-04,Mobile Money,84.57,Paid,TX694973929
PAY0000344,O000344,2025-03-03,Cash,700.5,Paid,TX763548978
PAY0000345,O000345,2026-06-29,Mobile Money,203.97,Paid,TX890830683
PAY0000346,O000346,2025-09-12,Carte bancaire,51.55,Paid,TX415460780
PAY0000347,O000347,2025-11-25,Carte bancaire,24.63,Paid,TX115628728
PAY0000348,O000348,2025-11-11,Mobile Money,212.87,Paid,TX172962262
PAY0000349,O000349,2025-07-22,Mobile Money,40.78,Paid,TX121886753
PAY0000350,O000350,2026-02-04,Mobile Money,81.39,Paid,TX792990124
PAY0000351,O000351,2025-07-26,Virement,167.25,Paid,TX939502755
PAY0000352,O000352,2025-08-18,Carte bancaire,0.0,Pending,TX928109570
PAY0000353,O000353,2026-03-18,Cash,0.0,Pending,TX115179189
PAY0000354,O000354,2025-06-28,Carte bancaire,426.48,Paid,TX461832853
PAY0000355,O000355,2026-01-20,Mobile Money,75.86,Pending,TX262040966
PAY0000356,O000356,2026-01-01,Mobile Money,53.36,Paid,TX599761498
PAY0000357,O000357,2025-01-19,Carte bancaire,78.32,Paid,TX328371006
PAY0000358,O000358,2026-01-12,Mobile Money,0.0,Pending,TX887837017
PAY0000359,O000359,2026-03-20,Mobile Money,218.89,Paid,TX751705993
PAY0000360,O000360,2025-06-02,Mobile Money,54.1,Paid,TX177508367
PAY0000361,O000361,2026-05-17,Carte bancaire,1991.06,Paid,TX231175834
PAY0000362,O000362,2025-01-13,Carte bancaire,313.47,Paid,TX156208731
PAY0000363,O000363,2025-04-13,Mobile Money,29.26,Paid,TX427320354
PAY0000364,O000364,2026-06-07,Virement,60.72,Paid,TX598371625
PAY0000365,O000365,2026-04-18,Cash,45.81,Paid,TX753722486
PAY0000366,O000366,2026-02-18,Virement,149.49,Paid,TX711109962
PAY0000367,O000367,2025-11-29,Mobile Money,499.54,Paid,TX674617341
PAY0000368,O000368,2025-04-23,Virement,102.52,Paid,TX415711556
PAY0000369,O000369,2025-09-28,Carte bancaire,241.9,Paid,TX192315688
PAY0000370,O000370,2025-11-06,Mobile Money,1041.19,Paid,TX550714278
PAY0000371,O000371,2025-02-21,Carte bancaire,0.0,Pending,TX400945227
PAY0000372,O000372,2025-11-27,Cash,290.49,Paid,TX743923655
PAY0000373,O000373,2025-02-20,Mobile Money,0.0,Pending,TX114095135
PAY0000374,O000374,2025-03-14,Mobile Money,150.37,Paid,TX469300601
PAY0000375,O000375,2025-04-07,Mobile Money,577.45,Paid,TX258846096
PAY0000376,O000376,2025-04-16,Carte bancaire,1226.5,Paid,TX918783006
PAY0000377,O000377,2025-02-18,Virement,54.01,Paid,TX761474542
PAY0000378,O000378,2026-06-12,Mobile Money,577.68,Paid,TX810782154
PAY0000379,O000379,2026-03-17,Mobile Money,761.98,Paid,TX785111540
PAY0000380,O000380,2025-10-08,Cash,547.22,Paid,TX965617537
PAY0000381,O000381,2025-07-26,Virement,499.7,Paid,TX309741081
PAY0000382,O000382,2025-04-18,Cash,31.71,Paid,TX112603319
PAY0000383,O000383,2026-06-07,Mobile Money,30.03,Paid,TX249414378
PAY0000384,O000384,2026-03-17,Cash,335.85,Paid,TX526871347
PAY0000385,O000385,2026-02-18,Mobile Money,76.09,Paid,TX184430596
PAY0000386,O000386,2025-09-19,Carte bancaire,0.0,Pending,TX893758049
PAY0000387,O000387,2025-01-18,Carte bancaire,36.13,Paid,TX765215724
PAY0000388,O000388,2025-12-19,Cash,2884.43,Paid,TX935312384
PAY0000389,O000389,2025-09-26,Mobile Money,940.25,Paid,TX986025561
PAY0000390,O000390,2025-06-16,Cash,282.99,Paid,TX310956755
PAY0000391,O000391,2025-06-26,Cash,266.94,Paid,TX633966132
PAY0000392,O000392,2025-02-04,Cash,0.0,Failed,TX984181280
PAY0000393,O000393,2026-04-25,Mobile Money,241.08,Paid,TX646821667
PAY0000394,O000394,2025-04-03,Mobile Money,1579.78,Paid,TX869904761
PAY0000395,O000395,2026-03-23,Mobile Money,0.0,Pending,TX766149553
PAY0000396,O000396,2026-06-22,Carte bancaire,1155.57,Paid,TX634476809
PAY0000397,O000397,2025-01-28,Mobile Money,383.8,Refunded,TX845427994
PAY0000398,O000398,2025-12-12,Carte bancaire,60.85,Paid,TX468194202
PAY0000399,O000399,2025-02-08,Virement,66.14,Paid,TX814917492
PAY0000400,O000400,2026-04-04,Cash,956.47,Paid,TX640649135
PAY0000401,O000401,2025-10-06,Mobile Money,279.55,Paid,TX754188886
PAY0000402,O000402,2025-01-15,Mobile Money,133.3,Paid,TX682306828
PAY0000403,O000403,2026-03-01,Carte bancaire,230.03,Paid,TX413084952
PAY0000404,O000404,2026-02-27,Cash,1047.09,Paid,TX688708666
PAY0000405,O000405,2026-05-23,Mobile Money,43.72,Paid,TX333515737
PAY0000406,O000406,2025-09-27,Mobile Money,187.61,Paid,TX562343476
PAY0000407,O000407,2026-05-27,Mobile Money,0.0,Failed,TX334720133
PAY0000408,O000408,2025-12-31,Virement,630.5,Paid,TX160629243
PAY0000409,O000409,2025-10-19,Mobile Money,42.64,Paid,TX843930365
PAY0000410,O000410,2025-07-19,Cash,102.59,Paid,TX368302453
PAY0000411,O000411,2025-06-11,Cash,365.63,Paid,TX775018697
PAY0000412,O000412,2025-12-08,Virement,987.82,Paid,TX734862894
PAY0000413,O000413,2026-02-12,Carte bancaire,759.79,Paid,TX802730324
PAY0000414,O000414,2025-01-22,Cash,0.0,Pending,TX309161242
PAY0000415,O000415,2025-08-16,Mobile Money,40.43,Paid,TX990731913
PAY0000416,O000416,2025-01-26,Mobile Money,0.0,Pending,TX553059901
PAY0000417,O000417,2025-08-07,Carte bancaire,148.2,Paid,TX344626796
PAY0000418,O000418,2026-03-18,Carte bancaire,0.0,Pending,TX292634878
PAY0000419,O000419,2026-01-17,Mobile Money,0.0,Failed,TX537475503
PAY0000420,O000420,2025-03-14,Carte bancaire,416.64,Paid,TX651486970
PAY0000421,O000421,2026-02-01,Cash,23.19,Paid,TX359493894
PAY0000422,O000422,2025-01-12,Mobile Money,131.44,Refunded,TX217240978
PAY0000423,O000423,2025-01-08,Mobile Money,77.07,Paid,TX616188262
PAY0000424,O000424,2026-05-18,Cash,90.02,Paid,TX508367102
PAY0000425,O000425,2025-01-21,Virement,94.89,Paid,TX427823115
PAY0000426,O000426,2025-05-27,Mobile Money,453.4,Paid,TX689321488
PAY0000427,O000427,2025-03-14,Carte bancaire,164.52,Paid,TX796229456
PAY0000428,O000428,2025-11-16,Mobile Money,577.45,Paid,TX993060623
PAY0000429,O000429,2025-10-16,Mobile Money,0.0,Failed,TX675965538
PAY0000430,O000430,2026-04-08,Mobile Money,59.89,Paid,TX513584912
PAY0000431,O000431,2026-06-26,Mobile Money,167.44,Paid,TX516424682
PAY0000432,O000432,2026-02-13,Carte bancaire,78.86,Refunded,TX433286758
PAY0000433,O000433,2025-09-17,Mobile Money,0.0,Failed,TX500871743
PAY0000434,O000434,2025-01-26,Mobile Money,0.0,Failed,TX717591645
PAY0000435,O000435,2026-05-23,Mobile Money,0.0,Failed,TX573008315
PAY0000436,O000436,2025-11-08,Mobile Money,208.93,Refunded,TX953329966
PAY0000437,O000437,2025-04-30,Carte bancaire,294.12,Paid,TX422369109
PAY0000438,O000438,2025-10-27,Carte bancaire,233.89,Paid,TX772253435
PAY0000439,O000439,2025-08-03,Cash,0.0,Pending,TX786879106
PAY0000440,O000440,2025-07-14,Mobile Money,44.65,Paid,TX339763169
PAY0000441,O000441,2025-09-06,Mobile Money,520.11,Paid,TX722796932
PAY0000442,O000442,2026-02-21,Carte bancaire,209.27,Paid,TX873635499
PAY0000443,O000443,2025-04-03,Mobile Money,113.07,Paid,TX521480050
PAY0000444,O000444,2026-06-17,Carte bancaire,0.0,Pending,TX864968514
PAY0000445,O000445,2025-02-05,Carte bancaire,100.16,Refunded,TX460309734
PAY0000446,O000446,2025-03-23,Mobile Money,118.5,Paid,TX270358860
PAY0000447,O000447,2026-01-09,Mobile Money,167.2,Paid,TX155930924
PAY0000448,O000448,2025-03-21,Mobile Money,860.73,Paid,TX494905627
PAY0000449,O000449,2026-03-04,Carte bancaire,161.01,Paid,TX593474771
PAY0000450,O000450,2026-02-10,Mobile Money,546.63,Paid,TX137601606
PAY0000451,O000451,2025-08-25,Mobile Money,28.66,Paid,TX511443547
PAY0000452,O000452,2025-09-08,Carte bancaire,73.46,Paid,TX764702147
PAY0000453,O000453,2026-07-03,Mobile Money,42.0,Paid,TX705500979
PAY0000454,O000454,2026-03-12,Mobile Money,75.67,Paid,TX315896635
PAY0000455,O000455,2025-12-17,Mobile Money,169.52,Paid,TX733536376
PAY0000456,O000456,2025-03-22,Mobile Money,996.52,Paid,TX549374884
PAY0000457,O000457,2025-11-20,Mobile Money,2098.01,Paid,TX460557061
PAY0000458,O000458,2025-01-26,Virement,552.54,Paid,TX217462333
PAY0000459,O000459,2025-05-20,Mobile Money,108.88,Paid,TX165389250
PAY0000460,O000460,2026-01-22,Virement,73.39,Paid,TX196808056
PAY0000461,O000461,2025-08-15,Cash,486.27,Paid,TX268980852
PAY0000462,O000462,2026-07-02,Mobile Money,0.0,Pending,TX439893965
PAY0000463,O000463,2026-06-03,Mobile Money,675.25,Paid,TX920678858
PAY0000464,O000464,2025-02-21,Mobile Money,271.6,Paid,TX407329792
PAY0000465,O000465,2026-05-04,Virement,408.94,Paid,TX899808175
PAY0000466,O000466,2026-04-19,Cash,2448.76,Paid,TX661059556
PAY0000467,O000467,2025-03-04,Carte bancaire,68.26,Paid,TX335208247
PAY0000468,O000468,2025-08-03,Cash,39.48,Paid,TX859493640
PAY0000469,O000469,2026-06-04,Virement,162.87,Paid,TX690999001
PAY0000470,O000470,2025-01-14,Carte bancaire,0.0,Failed,TX841376476
PAY0000471,O000471,2025-02-03,Cash,0.0,Pending,TX533512291
PAY0000472,O000472,2025-10-08,Carte bancaire,142.72,Paid,TX975897012
PAY0000473,O000473,2026-06-11,Mobile Money,0.0,Pending,TX917196799
PAY0000474,O000474,2025-06-05,Carte bancaire,173.36,Paid,TX890100506
PAY0000475,O000475,2026-03-02,Carte bancaire,330.1,Paid,TX561277469
PAY0000476,O000476,2026-01-17,Mobile Money,110.7,Paid,TX458904161
PAY0000477,O000477,2025-03-23,Carte bancaire,275.58,Paid,TX231351834
PAY0000478,O000478,2025-06-10,Mobile Money,75.07,Paid,TX998720475
PAY0000479,O000479,2025-12-12,Mobile Money,328.54,Paid,TX850666060
PAY0000480,O000480,2025-09-23,Mobile Money,118.24,Paid,TX535833148
PAY0000481,O000481,2025-05-14,Carte bancaire,12.87,Refunded,TX609622809
PAY0000482,O000482,2025-04-23,Mobile Money,74.61,Paid,TX936304765
PAY0000483,O000483,2025-11-03,Mobile Money,70.35,Paid,TX469165498
PAY0000484,O000484,2026-03-30,Mobile Money,0.0,Pending,TX482561538
PAY0000485,O000485,2025-08-16,Virement,443.95,Paid,TX139854532
PAY0000486,O000486,2026-05-23,Carte bancaire,521.57,Paid,TX318128437
PAY0000487,O000487,2026-01-01,Mobile Money,4763.71,Paid,TX768391790
PAY0000488,O000488,2025-08-11,Carte bancaire,94.1,Paid,TX595575955
PAY0000489,O000489,2026-01-26,Carte bancaire,886.54,Paid,TX392401379
PAY0000490,O000490,2025-09-07,Carte bancaire,57.73,Paid,TX558432102
PAY0000491,O000491,2026-02-19,Virement,5176.92,Paid,TX552954613
PAY0000492,O000492,2026-06-24,Carte bancaire,47.98,Paid,TX336129732
PAY0000493,O000493,2026-03-09,Mobile Money,218.25,Paid,TX336490513
PAY0000494,O000494,2025-03-19,Virement,382.89,Paid,TX170928046
PAY0000495,O000495,2025-02-13,Mobile Money,0.0,Pending,TX715833674
PAY0000496,O000496,2026-03-24,Cash,222.0,Paid,TX594807265
PAY0000497,O000497,2026-04-11,Cash,167.48,Paid,TX827598720
PAY0000498,O000498,2025-11-10,Mobile Money,267.76,Refunded,TX553227665
PAY0000499,O000499,2025-05-16,Virement,632.63,Paid,TX739733701
PAY0000500,O000500,2026-05-02,Cash,574.83,Paid,TX958385914
PAY0000501,O000501,2025-09-03,Cash,0.0,Pending,TX483679810
PAY0000502,O000502,2025-06-13,Mobile Money,1839.82,Paid,TX640410978
PAY0000503,O000503,2025-07-21,Mobile Money,111.43,Paid,TX301280296
PAY0000504,O000504,2025-06-13,Carte bancaire,61.6,Paid,TX353002883
PAY0000505,O000505,2025-06-07,Carte bancaire,0.0,Pending,TX625631878
PAY0000506,O000506,2025-06-29,Mobile Money,122.44,Paid,TX165298566
PAY0000507,O000507,2026-01-08,Mobile Money,242.79,Paid,TX214276234
PAY0000508,O000508,2025-01-12,Mobile Money,0.0,Pending,TX978480296
PAY0000509,O000509,2025-07-20,Mobile Money,147.25,Paid,TX933252740
PAY0000510,O000510,2025-04-05,Mobile Money,41.4,Paid,TX358260954
PAY0000511,O000511,2025-12-24,Mobile Money,208.75,Paid,TX450243043
PAY0000512,O000512,2026-07-04,Mobile Money,254.99,Paid,TX951549424
PAY0000513,O000513,2026-03-10,Carte bancaire,204.92,Paid,TX423605735
PAY0000514,O000514,2025-05-21,Mobile Money,282.83,Paid,TX312336800
PAY0000515,O000515,2025-10-10,Mobile Money,0.0,Pending,TX260127893
PAY0000516,O000516,2025-01-14,Mobile Money,431.77,Paid,TX161324301
PAY0000517,O000517,2025-08-19,Mobile Money,0.0,Failed,TX477910445
PAY0000518,O000518,2025-06-06,Mobile Money,71.9,Paid,TX638441334
PAY0000519,O000519,2025-10-06,Carte bancaire,1519.97,Paid,TX212714688
PAY0000520,O000520,2025-08-16,Carte bancaire,0.0,Pending,TX185827371
PAY0000521,O000521,2026-01-10,Mobile Money,193.35,Paid,TX587266105
PAY0000522,O000522,2025-10-31,Cash,78.05,Paid,TX631079936
PAY0000523,O000523,2026-05-31,Virement,298.9,Paid,TX376452873
PAY0000524,O000524,2025-02-08,Cash,0.0,Pending,TX655846791
PAY0000525,O000525,2026-06-06,Carte bancaire,117.27,Paid,TX314538472
PAY0000526,O000526,2026-03-13,Carte bancaire,214.32,Paid,TX507846014
PAY0000527,O000527,2026-01-30,Carte bancaire,41.89,Paid,TX611898167
PAY0000528,O000528,2026-04-02,Carte bancaire,0.0,Pending,TX460780886
PAY0000529,O000529,2025-01-30,Carte bancaire,533.47,Pending,TX415542539
PAY0000530,O000530,2025-04-29,Mobile Money,64.63,Paid,TX793537221
PAY0000531,O000531,2025-01-02,Mobile Money,780.53,Paid,TX858178101
PAY0000532,O000532,2026-03-17,Virement,1101.7,Paid,TX321158297
PAY0000533,O000533,2025-07-14,Mobile Money,1000.8,Paid,TX450463685
PAY0000534,O000534,2025-07-21,Carte bancaire,138.3,Paid,TX697636034
PAY0000535,O000535,2025-12-03,Mobile Money,981.06,Paid,TX626671410
PAY0000536,O000536,2025-08-21,Carte bancaire,33.86,Paid,TX475350212
PAY0000537,O000537,2025-12-20,Carte bancaire,34.77,Paid,TX509783544
PAY0000538,O000538,2026-05-29,Carte bancaire,713.83,Paid,TX721168361
PAY0000539,O000539,2025-07-02,Mobile Money,0.0,Pending,TX401797386
PAY0000540,O000540,2026-05-07,Mobile Money,130.4,Paid,TX569711358
PAY0000541,O000541,2025-10-20,Mobile Money,0.0,Pending,TX629557887
PAY0000542,O000542,2025-07-28,Carte bancaire,0.0,Pending,TX110247983
PAY0000543,O000543,2026-05-21,Mobile Money,141.97,Paid,TX600110891
PAY0000544,O000544,2025-09-25,Mobile Money,187.76,Paid,TX833059581
PAY0000545,O000545,2025-03-13,Mobile Money,391.07,Paid,TX341608107
PAY0000546,O000546,2025-06-08,Virement,893.16,Paid,TX607518887
PAY0000547,O000547,2026-04-11,Mobile Money,1378.04,Paid,TX489058805
PAY0000548,O000548,2025-10-11,Mobile Money,0.0,Pending,TX405990619
PAY0000549,O000549,2025-11-06,Carte bancaire,88.51,Paid,TX169069406
PAY0000550,O000550,2026-01-10,Carte bancaire,0.0,Failed,TX887208312
PAY0000551,O000551,2025-04-21,Mobile Money,0.0,Pending,TX645252418
PAY0000552,O000552,2025-02-24,Carte bancaire,97.0,Paid,TX193723551
PAY0000553,O000553,2025-09-03,Mobile Money,115.07,Paid,TX768044432
PAY0000554,O000554,2026-05-20,Carte bancaire,121.17,Paid,TX411492357
PAY0000555,O000555,2025-03-14,Mobile Money,202.05,Refunded,TX543700565
PAY0000556,O000556,2026-02-02,Carte bancaire,77.54,Paid,TX838171176
PAY0000557,O000557,2026-06-24,Carte bancaire,777.9,Paid,TX855394291
PAY0000558,O000558,2025-02-25,Cash,463.96,Paid,TX438532800
PAY0000559,O000559,2025-03-18,Mobile Money,26.87,Paid,TX470732838
PAY0000560,O000560,2026-04-24,Mobile Money,0.0,Failed,TX857237744
PAY0000561,O000561,2025-03-02,Mobile Money,38.46,Paid,TX905409953
PAY0000562,O000562,2026-02-12,Carte bancaire,864.4,Paid,TX280343849
PAY0000563,O000563,2026-03-17,Mobile Money,382.86,Paid,TX494667527
PAY0000564,O000564,2025-06-23,Cash,73.36,Paid,TX604021219
PAY0000565,O000565,2025-06-09,Mobile Money,43.7,Paid,TX812203697
PAY0000566,O000566,2025-10-16,Cash,566.31,Paid,TX245953065
PAY0000567,O000567,2025-10-05,Mobile Money,1374.34,Paid,TX839319916
PAY0000568,O000568,2026-04-21,Carte bancaire,281.49,Paid,TX648856394
PAY0000569,O000569,2025-11-23,Carte bancaire,42.41,Paid,TX210259817
PAY0000570,O000570,2026-06-17,Mobile Money,364.52,Paid,TX614182256
PAY0000571,O000571,2025-05-15,Mobile Money,0.0,Failed,TX249694424
PAY0000572,O000572,2025-06-04,Mobile Money,213.93,Paid,TX157166637
PAY0000573,O000573,2025-05-14,Mobile Money,46.35,Paid,TX739814741
PAY0000574,O000574,2025-12-23,Carte bancaire,64.65,Paid,TX975449679
PAY0000575,O000575,2025-01-23,Mobile Money,0.0,Pending,TX129151996
PAY0000576,O000576,2026-04-18,Carte bancaire,559.74,Paid,TX193479539
PAY0000577,O000577,2026-03-02,Mobile Money,60.37,Refunded,TX809737361
PAY0000578,O000578,2026-06-29,Cash,62.61,Paid,TX935833806
PAY0000579,O000579,2026-06-14,Cash,57.76,Paid,TX670638855
PAY0000580,O000580,2025-02-09,Mobile Money,669.78,Paid,TX836122119
PAY0000581,O000581,2026-02-15,Virement,981.65,Paid,TX895546029
PAY0000582,O000582,2025-10-03,Mobile Money,139.34,Paid,TX753610935
PAY0000583,O000583,2026-02-11,Carte bancaire,740.11,Paid,TX831306327
PAY0000584,O000584,2026-04-24,Virement,144.7,Paid,TX722729338
PAY0000585,O000585,2025-11-17,Mobile Money,926.87,Paid,TX297782195
PAY0000586,O000586,2025-01-05,Carte bancaire,863.87,Paid,TX513164055
PAY0000587,O000587,2026-04-23,Mobile Money,80.71,Paid,TX363779359
PAY0000588,O000588,2025-08-28,Virement,359.83,Paid,TX513026470
PAY0000589,O000589,2025-09-11,Mobile Money,43.02,Paid,TX660677576
PAY0000590,O000590,2025-11-19,Mobile Money,136.3,Paid,TX545911594
PAY0000591,O000591,2026-05-18,Mobile Money,69.9,Paid,TX987999261
PAY0000592,O000592,2025-10-17,Carte bancaire,85.89,Refunded,TX965311973
PAY0000593,O000593,2025-04-28,Carte bancaire,70.93,Paid,TX286146422
PAY0000594,O000594,2026-02-06,Carte bancaire,183.87,Paid,TX707296421
PAY0000595,O000595,2025-12-17,Carte bancaire,429.46,Paid,TX978161971
PAY0000596,O000596,2025-02-08,Mobile Money,57.16,Paid,TX115296927
PAY0000597,O000597,2025-10-20,Carte bancaire,1149.85,Paid,TX285389777
PAY0000598,O000598,2026-03-07,Mobile Money,222.5,Paid,TX245574248
PAY0000599,O000599,2026-05-04,Mobile Money,247.71,Paid,TX218276114
PAY0000600,O000600,2025-06-05,Mobile Money,807.58,Paid,TX487140386
PAY0000601,O000601,2025-10-15,Virement,2378.41,Paid,TX875339218
PAY0000602,O000602,2026-03-30,Mobile Money,185.1,Paid,TX639364891
PAY0000603,O000603,2025-11-20,Mobile Money,0.0,Failed,TX640513164
PAY0000604,O000604,2025-08-20,Virement,1192.4,Paid,TX574001375
PAY0000605,O000605,2025-04-14,Mobile Money,805.07,Paid,TX611627430
PAY0000606,O000606,2025-01-24,Mobile Money,0.0,Pending,TX404355076
PAY0000607,O000607,2026-01-18,Mobile Money,40.1,Paid,TX696571585
PAY0000608,O000608,2026-06-17,Cash,99.59,Paid,TX256536543
PAY0000609,O000609,2025-11-29,Virement,0.0,Failed,TX791765032
PAY0000610,O000610,2026-03-06,Carte bancaire,981.5,Paid,TX668988407
PAY0000611,O000611,2026-01-10,Virement,0.0,Failed,TX487975308
PAY0000612,O000612,2025-07-10,Carte bancaire,914.3,Paid,TX933136674
PAY0000613,O000613,2025-10-14,Virement,137.81,Paid,TX234171360
PAY0000614,O000614,2025-06-01,Virement,47.39,Paid,TX517452919
PAY0000615,O000615,2025-05-03,Mobile Money,0.0,Pending,TX342408445
PAY0000616,O000616,2025-11-20,Mobile Money,346.5,Paid,TX733531547
PAY0000617,O000617,2025-12-22,Mobile Money,60.33,Paid,TX807673596
PAY0000618,O000618,2026-06-27,Carte bancaire,0.0,Pending,TX464529667
PAY0000619,O000619,2025-05-10,Mobile Money,58.3,Paid,TX581223372
PAY0000620,O000620,2025-06-10,Carte bancaire,28.17,Paid,TX575958430
PAY0000621,O000621,2025-04-03,Cash,0.0,Pending,TX793599267
PAY0000622,O000622,2026-06-04,Carte bancaire,170.43,Paid,TX428570612
PAY0000623,O000623,2026-03-06,Mobile Money,23.56,Paid,TX645065339
PAY0000624,O000624,2025-07-03,Mobile Money,0.0,Pending,TX939377061
PAY0000625,O000625,2026-06-18,Cash,174.5,Paid,TX284525168
PAY0000626,O000626,2026-01-21,Carte bancaire,416.34,Paid,TX998200672
PAY0000627,O000627,2025-09-20,Carte bancaire,29.6,Paid,TX505168093
PAY0000628,O000628,2025-07-29,Mobile Money,118.81,Refunded,TX224236581
PAY0000629,O000629,2025-11-08,Carte bancaire,16.17,Paid,TX528945075
PAY0000630,O000630,2025-02-17,Carte bancaire,553.61,Paid,TX474772612
PAY0000631,O000631,2025-04-08,Virement,1322.13,Paid,TX313307679
PAY0000632,O000632,2026-05-29,Carte bancaire,96.25,Paid,TX753860422
PAY0000633,O000633,2025-04-27,Mobile Money,332.77,Paid,TX171667018
PAY0000634,O000634,2025-04-03,Carte bancaire,65.61,Paid,TX727095137
PAY0000635,O000635,2026-04-18,Carte bancaire,385.65,Refunded,TX157496316
PAY0000636,O000636,2026-06-06,Mobile Money,256.71,Paid,TX793084391
PAY0000637,O000637,2026-03-27,Carte bancaire,243.95,Paid,TX961059761
PAY0000638,O000638,2025-02-28,Mobile Money,106.84,Paid,TX581520684
PAY0000639,O000639,2026-04-07,Virement,0.0,Pending,TX929214637
PAY0000640,O000640,2025-05-30,Mobile Money,0.0,Failed,TX243502492
PAY0000641,O000641,2025-01-07,Carte bancaire,25.72,Paid,TX958172772
PAY0000642,O000642,2026-05-21,Carte bancaire,26.54,Paid,TX135701963
PAY0000643,O000643,2025-05-29,Virement,101.69,Paid,TX279583274
PAY0000644,O000644,2025-12-28,Cash,477.59,Paid,TX537217632
PAY0000645,O000645,2025-02-11,Mobile Money,0.0,Failed,TX438970964
PAY0000646,O000646,2025-04-14,Mobile Money,236.19,Paid,TX979857371
PAY0000647,O000647,2026-05-02,Carte bancaire,699.9,Paid,TX346562118
PAY0000648,O000648,2025-11-21,Carte bancaire,954.23,Paid,TX908881585
PAY0000649,O000649,2026-07-06,Carte bancaire,74.52,Paid,TX359637887
PAY0000650,O000650,2025-04-12,Mobile Money,0.0,Failed,TX279341581
PAY0000651,O000651,2026-05-08,Carte bancaire,212.54,Paid,TX586490174
PAY0000652,O000652,2026-04-29,Carte bancaire,1695.63,Paid,TX411383267
PAY0000653,O000653,2026-05-23,Mobile Money,47.42,Paid,TX643196795
PAY0000654,O000654,2025-01-31,Mobile Money,74.25,Paid,TX411367436
PAY0000655,O000655,2025-03-01,Cash,0.0,Pending,TX696977717
PAY0000656,O000656,2025-10-20,Mobile Money,1023.08,Paid,TX836843135
PAY0000657,O000657,2025-03-07,Mobile Money,0.0,Pending,TX669903542
PAY0000658,O000658,2025-02-04,Cash,0.0,Pending,TX228698167
PAY0000659,O000659,2026-03-23,Carte bancaire,171.55,Paid,TX347323078
PAY0000660,O000660,2026-01-18,Carte bancaire,280.06,Paid,TX354138828
PAY0000661,O000661,2026-04-08,Virement,323.22,Paid,TX201499900
PAY0000662,O000662,2026-05-30,Mobile Money,35.06,Paid,TX153692185
PAY0000663,O000663,2025-03-24,Carte bancaire,277.87,Paid,TX953953802
PAY0000664,O000664,2026-04-02,Mobile Money,122.93,Paid,TX286018367
PAY0000665,O000665,2025-01-25,Virement,568.03,Paid,TX111582704
PAY0000666,O000666,2025-07-23,Mobile Money,0.0,Pending,TX688969431
PAY0000667,O000667,2025-06-17,Mobile Money,2546.22,Paid,TX403815351
PAY0000668,O000668,2025-05-12,Mobile Money,50.3,Paid,TX568040540
PAY0000669,O000669,2026-01-31,Mobile Money,146.79,Paid,TX581896325
PAY0000670,O000670,2025-03-09,Mobile Money,120.87,Paid,TX445979671
PAY0000671,O000671,2026-03-20,Carte bancaire,246.13,Paid,TX189275294
PAY0000672,O000672,2026-04-28,Carte bancaire,0.0,Failed,TX857146244
PAY0000673,O000673,2025-12-31,Mobile Money,79.58,Paid,TX437933930
PAY0000674,O000674,2025-02-17,Virement,157.53,Refunded,TX476970636
PAY0000675,O000675,2025-11-23,Virement,43.35,Paid,TX441967844
PAY0000676,O000676,2025-12-15,Mobile Money,1215.86,Paid,TX766691819
PAY0000677,O000677,2025-07-28,Mobile Money,197.94,Refunded,TX844123405
PAY0000678,O000678,2025-07-22,Carte bancaire,911.0,Paid,TX414062175
PAY0000679,O000679,2025-09-16,Mobile Money,47.72,Paid,TX597983669
PAY0000680,O000680,2026-07-04,Carte bancaire,75.35,Pending,TX407013791
PAY0000681,O000681,2025-01-05,Carte bancaire,432.87,Paid,TX950000739
PAY0000682,O000682,2025-10-07,Carte bancaire,19.78,Paid,TX440983141
PAY0000683,O000683,2025-06-27,Carte bancaire,201.87,Paid,TX805730088
PAY0000684,O000684,2025-10-29,Virement,190.84,Refunded,TX527592291
PAY0000685,O000685,2025-01-03,Carte bancaire,328.54,Paid,TX739150746
PAY0000686,O000686,2026-05-20,Mobile Money,205.36,Paid,TX585131164
PAY0000687,O000687,2025-09-08,Mobile Money,903.62,Paid,TX605621654
PAY0000688,O000688,2026-06-18,Carte bancaire,377.73,Refunded,TX674818061
PAY0000689,O000689,2025-03-26,Carte bancaire,293.5,Paid,TX342530044
PAY0000690,O000690,2025-11-20,Virement,239.48,Paid,TX199955942
PAY0000691,O000691,2026-01-11,Carte bancaire,0.0,Pending,TX908275398
PAY0000692,O000692,2026-03-14,Carte bancaire,272.6,Paid,TX710532547
PAY0000693,O000693,2025-01-06,Cash,1909.14,Paid,TX861132728
PAY0000694,O000694,2025-12-14,Mobile Money,450.13,Paid,TX291091270
PAY0000695,O000695,2025-03-25,Mobile Money,1001.75,Paid,TX730444604
PAY0000696,O000696,2025-08-25,Cash,52.8,Paid,TX838318933
PAY0000697,O000697,2025-02-03,Cash,469.93,Paid,TX264918210
PAY0000698,O000698,2025-02-03,Mobile Money,253.34,Paid,TX837447742
PAY0000699,O000699,2026-02-24,Mobile Money,59.57,Paid,TX541784576
PAY0000700,O000700,2026-01-29,Carte bancaire,38.27,Paid,TX210469800
PAY0000701,O000701,2026-05-07,Mobile Money,145.78,Paid,TX800023261
PAY0000702,O000702,2026-01-23,Mobile Money,141.85,Paid,TX446346594
PAY0000703,O000703,2025-11-24,Mobile Money,266.68,Paid,TX307657473
PAY0000704,O000704,2025-03-09,Carte bancaire,859.49,Paid,TX654040555
PAY0000705,O000705,2026-02-26,Mobile Money,318.97,Paid,TX163262767
PAY0000706,O000706,2025-05-08,Mobile Money,0.0,Pending,TX761236661
PAY0000707,O000707,2025-03-04,Mobile Money,304.65,Paid,TX346718228
PAY0000708,O000708,2026-02-06,Carte bancaire,69.9,Paid,TX849211397
PAY0000709,O000709,2025-11-21,Virement,157.34,Refunded,TX227073942
PAY0000710,O000710,2025-03-28,Carte bancaire,728.73,Paid,TX305808188
PAY0000711,O000711,2025-10-28,Mobile Money,22.65,Refunded,TX339256671
PAY0000712,O000712,2026-01-16,Cash,1302.13,Paid,TX738536885
PAY0000713,O000713,2025-10-01,Cash,115.42,Paid,TX616054690
PAY0000714,O000714,2026-01-30,Mobile Money,127.72,Paid,TX753777578
PAY0000715,O000715,2025-10-04,Cash,147.75,Paid,TX819399617
PAY0000716,O000716,2025-07-16,Mobile Money,0.0,Failed,TX461894496
PAY0000717,O000717,2025-05-04,Mobile Money,0.0,Pending,TX756695176
PAY0000718,O000718,2025-05-24,Carte bancaire,0.0,Pending,TX302596646
PAY0000719,O000719,2026-03-20,Carte bancaire,184.94,Paid,TX228164033
PAY0000720,O000720,2025-07-26,Virement,103.62,Paid,TX936003797
PAY0000721,O000721,2026-01-29,Mobile Money,816.85,Refunded,TX380588629
PAY0000722,O000722,2025-07-17,Virement,182.9,Paid,TX723055818
PAY0000723,O000723,2025-10-16,Virement,499.43,Paid,TX495939937
PAY0000724,O000724,2025-11-29,Mobile Money,41.83,Paid,TX791949204
PAY0000725,O000725,2025-09-23,Carte bancaire,88.08,Paid,TX779001476
PAY0000726,O000726,2026-02-14,Carte bancaire,521.56,Paid,TX140101180
PAY0000727,O000727,2026-05-23,Mobile Money,0.0,Failed,TX878861393
PAY0000728,O000728,2026-04-18,Mobile Money,252.76,Paid,TX761693801
PAY0000729,O000729,2026-05-24,Virement,797.56,Paid,TX470558537
PAY0000730,O000730,2025-01-21,Carte bancaire,94.94,Paid,TX982278161
PAY0000731,O000731,2026-02-22,Carte bancaire,137.61,Refunded,TX184671186
PAY0000732,O000732,2026-02-07,Mobile Money,50.99,Paid,TX345390416
PAY0000733,O000733,2025-08-15,Carte bancaire,375.6,Refunded,TX122290094
PAY0000734,O000734,2025-06-24,Virement,562.03,Paid,TX793087998
PAY0000735,O000735,2025-01-31,Cash,0.0,Pending,TX223372530
PAY0000736,O000736,2026-04-05,Virement,54.3,Paid,TX175896081
PAY0000737,O000737,2026-04-08,Mobile Money,209.22,Paid,TX586732080
PAY0000738,O000738,2025-02-12,Cash,828.64,Paid,TX829938576
PAY0000739,O000739,2025-11-20,Virement,163.45,Paid,TX173046796
PAY0000740,O000740,2025-11-01,Mobile Money,0.0,Pending,TX581975690
PAY0000741,O000741,2025-04-07,Carte bancaire,52.52,Paid,TX423609331
PAY0000742,O000742,2025-11-01,Mobile Money,0.0,Failed,TX750937789
PAY0000743,O000743,2026-03-24,Carte bancaire,174.46,Paid,TX287824829
PAY0000744,O000744,2025-06-30,Mobile Money,182.76,Paid,TX222261052
PAY0000745,O000745,2026-02-02,Carte bancaire,50.75,Paid,TX137510771
PAY0000746,O000746,2026-06-18,Mobile Money,22.06,Paid,TX117062894
PAY0000747,O000747,2025-09-09,Virement,0.0,Pending,TX587078473
PAY0000748,O000748,2025-03-01,Mobile Money,62.7,Paid,TX959718879
PAY0000749,O000749,2025-06-16,Mobile Money,719.19,Paid,TX146818955
PAY0000750,O000750,2025-03-16,Mobile Money,362.82,Paid,TX721993522
PAY0000751,O000751,2025-07-16,Mobile Money,41.3,Paid,TX694931599
PAY0000752,O000752,2025-12-20,Carte bancaire,814.83,Paid,TX786782796
PAY0000753,O000753,2025-04-26,Carte bancaire,0.0,Pending,TX959505524
PAY0000754,O000754,2025-10-10,Carte bancaire,135.7,Paid,TX423123827
PAY0000755,O000755,2026-07-05,Virement,0.0,Pending,TX284635821
PAY0000756,O000756,2025-05-29,Carte bancaire,0.0,Pending,TX751953690
PAY0000757,O000757,2026-04-28,Carte bancaire,132.26,Paid,TX960007575
PAY0000758,O000758,2025-06-18,Mobile Money,1605.88,Paid,TX621207035
PAY0000759,O000759,2025-12-05,Cash,714.2,Paid,TX937488530
PAY0000760,O000760,2025-03-30,Mobile Money,241.66,Paid,TX433267945
PAY0000761,O000761,2025-05-28,Mobile Money,0.0,Failed,TX223931509
PAY0000762,O000762,2026-04-21,Carte bancaire,277.18,Paid,TX643270566
PAY0000763,O000763,2025-11-22,Carte bancaire,275.65,Paid,TX149320822
PAY0000764,O000764,2025-11-12,Mobile Money,910.8,Paid,TX775725903
PAY0000765,O000765,2025-10-11,Virement,71.06,Paid,TX757488714
PAY0000766,O000766,2025-05-16,Mobile Money,125.0,Paid,TX344151901
PAY0000767,O000767,2026-05-28,Carte bancaire,481.05,Paid,TX821178081
PAY0000768,O000768,2025-08-08,Mobile Money,289.32,Paid,TX233902370
PAY0000769,O000769,2025-01-10,Virement,27.31,Paid,TX895857990
PAY0000770,O000770,2026-05-15,Mobile Money,38.35,Paid,TX416784274
PAY0000771,O000771,2025-01-29,Mobile Money,166.95,Paid,TX166482113
PAY0000772,O000772,2026-05-01,Mobile Money,2127.51,Paid,TX172587716
PAY0000773,O000773,2025-05-29,Mobile Money,114.17,Paid,TX317397616
PAY0000774,O000774,2025-02-10,Mobile Money,191.46,Paid,TX783209020
PAY0000775,O000775,2025-05-04,Mobile Money,94.65,Paid,TX905403897
PAY0000776,O000776,2025-12-25,Carte bancaire,494.57,Paid,TX332760053
PAY0000777,O000777,2025-10-27,Carte bancaire,64.9,Paid,TX226405249
PAY0000778,O000778,2025-03-27,Carte bancaire,207.93,Paid,TX888162342
PAY0000779,O000779,2025-06-18,Mobile Money,1509.55,Paid,TX719439873
PAY0000780,O000780,2025-04-28,Mobile Money,0.0,Pending,TX607622065
PAY0000781,O000781,2025-12-28,Cash,1199.38,Paid,TX515423264
PAY0000782,O000782,2026-04-23,Mobile Money,12.9,Paid,TX582412591
PAY0000783,O000783,2025-05-20,Virement,541.55,Paid,TX283271459
PAY0000784,O000784,2026-05-09,Mobile Money,257.84,Paid,TX651841308
PAY0000785,O000785,2025-08-15,Mobile Money,1744.13,Paid,TX555440520
PAY0000786,O000786,2025-02-15,Cash,53.76,Paid,TX863054240
PAY0000787,O000787,2025-06-26,Carte bancaire,62.6,Paid,TX565466466
PAY0000788,O000788,2026-04-28,Carte bancaire,84.22,Paid,TX533372575
PAY0000789,O000789,2026-03-22,Mobile Money,0.0,Pending,TX247329944
PAY0000790,O000790,2026-02-07,Virement,0.0,Pending,TX182392496
PAY0000791,O000791,2025-08-08,Cash,112.87,Paid,TX633748937
PAY0000792,O000792,2026-03-02,Mobile Money,167.62,Paid,TX523986810
PAY0000793,O000793,2026-01-28,Mobile Money,0.0,Failed,TX183584004
PAY0000794,O000794,2026-03-14,Virement,642.8,Paid,TX349381900
PAY0000795,O000795,2025-11-02,Mobile Money,85.23,Refunded,TX950740490
PAY0000796,O000796,2025-10-06,Mobile Money,216.99,Paid,TX387407252
PAY0000797,O000797,2026-06-18,Mobile Money,85.03,Refunded,TX616328117
PAY0000798,O000798,2026-06-06,Mobile Money,53.76,Paid,TX347393478
PAY0000799,O000799,2025-10-22,Mobile Money,85.19,Paid,TX198294618
PAY0000800,O000800,2025-04-21,Mobile Money,231.48,Paid,TX224270289
PAY0000801,O000801,2025-08-14,Mobile Money,122.48,Paid,TX510738165
PAY0000802,O000802,2025-10-04,Mobile Money,0.0,Pending,TX876853569
PAY0000803,O000803,2026-01-07,Carte bancaire,173.02,Paid,TX660017549
PAY0000804,O000804,2025-06-26,Carte bancaire,39.77,Paid,TX460664914
PAY0000805,O000805,2025-01-26,Carte bancaire,0.0,Failed,TX821942303
PAY0000806,O000806,2026-03-31,Mobile Money,62.75,Refunded,TX244609101
PAY0000807,O000807,2026-06-09,Mobile Money,0.0,Failed,TX686763942
PAY0000808,O000808,2025-02-15,Virement,458.64,Refunded,TX330738207
PAY0000809,O000809,2025-06-28,Carte bancaire,715.44,Paid,TX836893621
PAY0000810,O000810,2025-08-26,Virement,0.0,Failed,TX878124669
PAY0000811,O000811,2026-02-22,Cash,708.18,Paid,TX489556206
PAY0000812,O000812,2026-02-28,Mobile Money,187.74,Paid,TX740268580
PAY0000813,O000813,2025-07-11,Mobile Money,144.24,Paid,TX762061886
PAY0000814,O000814,2025-06-25,Mobile Money,2984.11,Paid,TX220720556
PAY0000815,O000815,2025-08-11,Mobile Money,117.55,Paid,TX541111620
PAY0000816,O000816,2025-05-13,Carte bancaire,4019.21,Paid,TX219188625
PAY0000817,O000817,2025-08-31,Mobile Money,79.85,Paid,TX494518089
PAY0000818,O000818,2025-05-27,Cash,498.13,Paid,TX304494936
PAY0000819,O000819,2025-02-07,Carte bancaire,13.5,Paid,TX247638631
PAY0000820,O000820,2026-01-30,Cash,129.79,Paid,TX181592676
PAY0000821,O000821,2026-03-09,Carte bancaire,0.0,Pending,TX957808515
PAY0000822,O000822,2025-06-11,Mobile Money,3731.5,Paid,TX287941061
PAY0000823,O000823,2025-08-11,Mobile Money,62.92,Paid,TX218213775
PAY0000824,O000824,2025-08-10,Virement,624.6,Paid,TX345905842
PAY0000825,O000825,2025-01-15,Mobile Money,194.99,Paid,TX496353543
PAY0000826,O000826,2025-10-28,Virement,3802.68,Paid,TX242794667
PAY0000827,O000827,2025-09-10,Mobile Money,87.33,Pending,TX682513186
PAY0000828,O000828,2026-06-04,Carte bancaire,110.29,Paid,TX615198854
PAY0000829,O000829,2025-07-23,Mobile Money,100.38,Refunded,TX292209137
PAY0000830,O000830,2026-03-16,Carte bancaire,0.0,Pending,TX478345399
PAY0000831,O000831,2025-08-05,Virement,0.0,Failed,TX452311707
PAY0000832,O000832,2025-04-15,Mobile Money,85.82,Paid,TX649065890
PAY0000833,O000833,2025-07-12,Cash,77.45,Paid,TX485200133
PAY0000834,O000834,2026-05-03,Carte bancaire,159.75,Paid,TX195352861
PAY0000835,O000835,2025-05-23,Mobile Money,607.32,Paid,TX122620527
PAY0000836,O000836,2026-04-08,Cash,21.8,Paid,TX477626555
PAY0000837,O000837,2026-01-02,Virement,156.29,Paid,TX251901255
PAY0000838,O000838,2026-02-13,Mobile Money,249.9,Paid,TX223676465
PAY0000839,O000839,2026-02-21,Mobile Money,20.32,Paid,TX512118988
PAY0000840,O000840,2025-10-12,Cash,706.94,Paid,TX943473304
PAY0000841,O000841,2025-11-29,Carte bancaire,2127.49,Paid,TX754181528
PAY0000842,O000842,2025-02-10,Carte bancaire,0.0,Pending,TX114889825
PAY0000843,O000843,2026-01-23,Mobile Money,52.02,Paid,TX648042942
PAY0000844,O000844,2026-01-29,Carte bancaire,561.03,Paid,TX345744631
PAY0000845,O000845,2025-02-26,Mobile Money,0.0,Pending,TX373192166
PAY0000846,O000846,2025-10-16,Mobile Money,0.0,Pending,TX985059030
PAY0000847,O000847,2025-10-09,Mobile Money,0.0,Failed,TX350674974
PAY0000848,O000848,2025-06-20,Mobile Money,40.65,Paid,TX768065218
PAY0000849,O000849,2025-02-09,Carte bancaire,26.66,Paid,TX871044054
PAY0000850,O000850,2025-01-07,Carte bancaire,496.05,Paid,TX993726604
PAY0000851,O000851,2025-04-28,Carte bancaire,1352.27,Paid,TX510741994
PAY0000852,O000852,2025-05-08,Mobile Money,211.94,Paid,TX691428736
PAY0000853,O000853,2025-04-27,Mobile Money,0.0,Failed,TX184396663
PAY0000854,O000854,2025-12-01,Virement,28.1,Paid,TX663820266
PAY0000855,O000855,2025-08-23,Carte bancaire,250.49,Paid,TX386937746
PAY0000856,O000856,2025-03-07,Mobile Money,47.55,Paid,TX904536316
PAY0000857,O000857,2025-02-17,Carte bancaire,0.0,Failed,TX378076005
PAY0000858,O000858,2025-12-26,Mobile Money,135.6,Paid,TX740995474
PAY0000859,O000859,2026-05-31,Mobile Money,97.35,Paid,TX166543801
PAY0000860,O000860,2026-03-27,Virement,226.88,Paid,TX589526591
PAY0000861,O000861,2026-02-20,Mobile Money,193.72,Paid,TX501472469
PAY0000862,O000862,2025-06-26,Carte bancaire,0.0,Pending,TX567830126
PAY0000863,O000863,2026-01-23,Virement,131.89,Paid,TX389041258
PAY0000864,O000864,2025-02-16,Mobile Money,0.0,Pending,TX465541306
PAY0000865,O000865,2025-04-06,Carte bancaire,55.77,Paid,TX845796116
PAY0000866,O000866,2025-03-18,Mobile Money,191.95,Paid,TX924117294
PAY0000867,O000867,2025-04-15,Cash,241.47,Paid,TX469118611
PAY0000868,O000868,2025-07-19,Mobile Money,0.0,Pending,TX257874044
PAY0000869,O000869,2025-01-25,Cash,112.29,Refunded,TX345401565
PAY0000870,O000870,2026-03-23,Mobile Money,22.95,Paid,TX932674683
PAY0000871,O000871,2026-01-29,Virement,255.98,Paid,TX834716584
PAY0000872,O000872,2025-12-15,Virement,52.84,Paid,TX153149923
PAY0000873,O000873,2025-04-10,Mobile Money,51.75,Paid,TX886343560
PAY0000874,O000874,2026-04-23,Carte bancaire,185.82,Paid,TX960078469
PAY0000875,O000875,2025-01-06,Mobile Money,375.6,Refunded,TX213642880
PAY0000876,O000876,2026-07-03,Mobile Money,130.63,Paid,TX541012900
PAY0000877,O000877,2026-02-07,Mobile Money,459.63,Paid,TX859048059
PAY0000878,O000878,2025-04-26,Carte bancaire,80.75,Pending,TX382918954
PAY0000879,O000879,2025-04-19,Mobile Money,0.0,Pending,TX779030272
PAY0000880,O000880,2026-01-16,Carte bancaire,1570.33,Paid,TX180211109
PAY0000881,O000881,2026-03-21,Virement,0.0,Failed,TX565355877
PAY0000882,O000882,2025-09-14,Mobile Money,42.06,Paid,TX879495967
PAY0000883,O000883,2025-02-02,Mobile Money,0.0,Pending,TX568202803
PAY0000884,O000884,2025-10-02,Carte bancaire,1562.96,Paid,TX389739304
PAY0000885,O000885,2025-09-21,Mobile Money,173.69,Paid,TX846565450
PAY0000886,O000886,2025-06-29,Mobile Money,247.36,Paid,TX617402868
PAY0000887,O000887,2026-05-11,Mobile Money,987.39,Paid,TX426383937
PAY0000888,O000888,2025-07-08,Mobile Money,854.05,Refunded,TX634226604
PAY0000889,O000889,2025-05-18,Carte bancaire,0.0,Pending,TX982083557
PAY0000890,O000890,2026-01-07,Mobile Money,0.0,Pending,TX998441000
PAY0000891,O000891,2025-12-09,Cash,1436.23,Paid,TX521926025
PAY0000892,O000892,2025-12-07,Carte bancaire,84.15,Paid,TX184084272
PAY0000893,O000893,2025-10-06,Cash,148.43,Paid,TX159852941
PAY0000894,O000894,2025-06-27,Carte bancaire,445.29,Paid,TX163208608
PAY0000895,O000895,2025-05-23,Mobile Money,450.04,Paid,TX411124367
PAY0000896,O000896,2025-03-09,Mobile Money,284.85,Paid,TX905545531
PAY0000897,O000897,2025-04-12,Mobile Money,211.62,Paid,TX590137625
PAY0000898,O000898,2025-11-15,Carte bancaire,0.0,Pending,TX295589077
PAY0000899,O000899,2025-08-12,Carte bancaire,233.79,Paid,TX529738261
PAY0000900,O000900,2026-02-10,Mobile Money,790.35,Paid,TX655441360
PAY0000901,O000901,2026-03-21,Carte bancaire,117.09,Paid,TX176488549
PAY0000902,O000902,2025-11-03,Mobile Money,101.58,Paid,TX189788094
PAY0000903,O000903,2025-02-27,Carte bancaire,72.36,Paid,TX107947995
PAY0000904,O000904,2025-01-05,Mobile Money,28.65,Paid,TX281292689
PAY0000905,O000905,2025-05-07,Mobile Money,79.93,Paid,TX897158873
PAY0000906,O000906,2025-06-06,Carte bancaire,152.64,Paid,TX963144910
PAY0000907,O000907,2025-02-11,Cash,25.8,Paid,TX170942781
PAY0000908,O000908,2026-03-07,Carte bancaire,76.76,Refunded,TX775153904
PAY0000909,O000909,2025-07-23,Mobile Money,186.3,Paid,TX739155967
PAY0000910,O000910,2026-02-11,Carte bancaire,27.88,Paid,TX756088721
PAY0000911,O000911,2025-04-26,Mobile Money,542.76,Paid,TX998904253
PAY0000912,O000912,2025-01-06,Mobile Money,195.76,Paid,TX280951725
PAY0000913,O000913,2025-03-19,Carte bancaire,503.74,Paid,TX672006229
PAY0000914,O000914,2025-09-15,Mobile Money,205.88,Paid,TX889513793
PAY0000915,O000915,2025-09-21,Carte bancaire,40.67,Paid,TX284243494
PAY0000916,O000916,2025-09-01,Mobile Money,0.0,Failed,TX366520011
PAY0000917,O000917,2026-06-11,Virement,72.95,Paid,TX248335306
PAY0000918,O000918,2025-12-27,Mobile Money,991.41,Paid,TX533479268
PAY0000919,O000919,2026-02-06,Mobile Money,159.21,Paid,TX894302741
PAY0000920,O000920,2025-03-13,Mobile Money,2599.63,Refunded,TX719194278
PAY0000921,O000921,2025-09-13,Virement,33.19,Paid,TX605592796
PAY0000922,O000922,2025-12-09,Cash,73.26,Refunded,TX308230922
PAY0000923,O000923,2025-11-18,Mobile Money,118.95,Refunded,TX696419400
PAY0000924,O000924,2026-06-04,Mobile Money,644.23,Paid,TX555823497
PAY0000925,O000925,2025-09-19,Carte bancaire,0.0,Pending,TX144668028
PAY0000926,O000926,2025-07-27,Mobile Money,294.23,Paid,TX815701109
PAY0000927,O000927,2026-06-03,Mobile Money,164.95,Paid,TX427901511
PAY0000928,O000928,2025-07-07,Mobile Money,1169.17,Paid,TX117200049
PAY0000929,O000929,2025-11-10,Mobile Money,224.02,Paid,TX340731381
PAY0000930,O000930,2025-01-17,Carte bancaire,0.0,Failed,TX287406002
PAY0000931,O000931,2025-04-01,Carte bancaire,66.77,Paid,TX807221453
PAY0000932,O000932,2025-02-04,Mobile Money,69.51,Paid,TX945737313
PAY0000933,O000933,2025-08-21,Mobile Money,121.99,Paid,TX322361226
PAY0000934,O000934,2026-05-29,Mobile Money,155.69,Paid,TX285503740
PAY0000935,O000935,2025-02-12,Virement,453.38,Paid,TX375756167
PAY0000936,O000936,2026-06-21,Carte bancaire,0.0,Failed,TX645682447
PAY0000937,O000937,2026-04-22,Virement,50.25,Paid,TX727303669
PAY0000938,O000938,2025-01-08,Cash,1228.78,Paid,TX204204339
PAY0000939,O000939,2025-01-09,Carte bancaire,69.5,Paid,TX213322653
PAY0000940,O000940,2026-05-12,Cash,0.0,Pending,TX968653580
PAY0000941,O000941,2025-11-18,Mobile Money,0.0,Failed,TX103805425
PAY0000942,O000942,2025-04-10,Mobile Money,82.5,Pending,TX294188267
PAY0000943,O000943,2026-06-09,Carte bancaire,118.14,Paid,TX974527836
PAY0000944,O000944,2025-11-06,Mobile Money,140.05,Paid,TX317083366
PAY0000945,O000945,2025-12-18,Carte bancaire,44.01,Paid,TX228116223
PAY0000946,O000946,2026-01-11,Virement,90.61,Paid,TX296201266
PAY0000947,O000947,2025-04-24,Cash,573.97,Paid,TX375074391
PAY0000948,O000948,2025-07-16,Carte bancaire,134.94,Refunded,TX334980171
PAY0000949,O000949,2025-03-13,Carte bancaire,84.03,Paid,TX153129524
PAY0000950,O000950,2025-10-19,Carte bancaire,131.31,Paid,TX905654696
PAY0000951,O000951,2026-06-29,Mobile Money,290.67,Paid,TX471984716
PAY0000952,O000952,2025-12-13,Mobile Money,86.86,Paid,TX759095243
PAY0000953,O000953,2026-01-19,Carte bancaire,0.0,Pending,TX763839274
PAY0000954,O000954,2025-04-20,Mobile Money,836.24,Paid,TX943811405
PAY0000955,O000955,2025-10-24,Carte bancaire,852.04,Paid,TX569937248
PAY0000956,O000956,2026-07-01,Mobile Money,224.34,Paid,TX830775003
PAY0000957,O000957,2025-02-22,Carte bancaire,0.0,Pending,TX788018109
PAY0000958,O000958,2025-04-26,Carte bancaire,72.76,Paid,TX865708690
PAY0000959,O000959,2026-02-01,Mobile Money,104.39,Paid,TX496130565
PAY0000960,O000960,2025-01-08,Virement,51.91,Paid,TX420884611
PAY0000961,O000961,2025-04-24,Carte bancaire,190.62,Paid,TX530132595
PAY0000962,O000962,2026-06-05,Carte bancaire,989.0,Paid,TX525673809
PAY0000963,O000963,2025-01-14,Mobile Money,33.69,Paid,TX477246604
PAY0000964,O000964,2025-08-24,Mobile Money,25.23,Paid,TX488368489
PAY0000965,O000965,2025-07-01,Virement,116.21,Paid,TX159929507
PAY0000966,O000966,2025-08-09,Carte bancaire,212.91,Paid,TX934991263
PAY0000967,O000967,2025-05-25,Mobile Money,44.52,Paid,TX975383002
PAY0000968,O000968,2025-06-05,Carte bancaire,0.0,Pending,TX434130705
PAY0000969,O000969,2026-02-23,Mobile Money,41.94,Paid,TX289501410
PAY0000970,O000970,2025-01-17,Cash,193.83,Paid,TX527516881
PAY0000971,O000971,2025-03-16,Mobile Money,620.75,Paid,TX136450292
PAY0000972,O000972,2025-05-26,Carte bancaire,626.25,Paid,TX540841687
PAY0000973,O000973,2026-03-31,Mobile Money,90.22,Paid,TX370594404
PAY0000974,O000974,2025-08-05,Mobile Money,336.24,Paid,TX409938773
PAY0000975,O000975,2025-01-23,Carte bancaire,571.0,Paid,TX381346246
PAY0000976,O000976,2025-10-14,Mobile Money,154.53,Paid,TX370300829
PAY0000977,O000977,2025-12-12,Mobile Money,381.7,Paid,TX560879565
PAY0000978,O000978,2025-09-09,Carte bancaire,2602.08,Paid,TX697360068
PAY0000979,O000979,2025-02-20,Mobile Money,49.74,Paid,TX880531649
PAY0000980,O000980,2026-04-30,Cash,726.85,Refunded,TX135996712
PAY0000981,O000981,2026-04-16,Carte bancaire,28.5,Paid,TX620765716
PAY0000982,O000982,2026-05-18,Mobile Money,1722.39,Paid,TX993736439
PAY0000983,O000983,2026-06-15,Mobile Money,203.69,Paid,TX224337772
PAY0000984,O000984,2025-06-23,Carte bancaire,492.26,Paid,TX791685367
PAY0000985,O000985,2025-08-23,Mobile Money,46.71,Paid,TX348165061
PAY0000986,O000986,2026-06-13,Mobile Money,3862.0,Refunded,TX524497314
PAY0000987,O000987,2025-09-05,Cash,0.0,Pending,TX181534777
PAY0000988,O000988,2026-04-21,Carte bancaire,79.25,Paid,TX923507002
PAY0000989,O000989,2025-12-21,Mobile Money,50.86,Paid,TX301197924
PAY0000990,O000990,2026-05-26,Mobile Money,240.82,Paid,TX636632451
PAY0000991,O000991,2025-01-09,Virement,95.0,Paid,TX378757967
PAY0000992,O000992,2026-01-23,Carte bancaire,0.0,Failed,TX238770680
PAY0000993,O000993,2026-03-16,Mobile Money,0.0,Failed,TX105015469
PAY0000994,O000994,2025-04-21,Carte bancaire,72.01,Paid,TX524527118
PAY0000995,O000995,2026-02-10,Virement,256.25,Paid,TX580131472
PAY0000996,O000996,2025-04-18,Mobile Money,80.02,Paid,TX128211023
PAY0000997,O000997,2026-05-13,Carte bancaire,652.87,Paid,TX334551856
PAY0000998,O000998,2026-05-17,Virement,0.0,Pending,TX226164025
PAY0000999,O000999,2025-01-05,Carte bancaire,72.54,Paid,TX890010597
PAY0001000,O001000,2025-10-05,Cash,170.91,Paid,TX244104261
PAY0001001,O001001,2025-07-29,Mobile Money,78.84,Pending,TX135570406
PAY0001002,O001002,2026-05-03,Carte bancaire,0.0,Pending,TX499994533
PAY0001003,O001003,2025-06-25,Mobile Money,498.51,Paid,TX480678286
PAY0001004,O001004,2026-01-31,Mobile Money,0.0,Failed,TX477826108
PAY0001005,O001005,2025-03-05,Carte bancaire,144.29,Paid,TX481358156
PAY0001006,O001006,2025-04-30,Carte bancaire,0.0,Failed,TX519034146
PAY0001007,O001007,2026-06-28,Mobile Money,483.15,Paid,TX566503313
PAY0001008,O001008,2025-07-30,Mobile Money,954.58,Paid,TX668416280
PAY0001009,O001009,2026-02-26,Carte bancaire,97.48,Paid,TX448155851
PAY0001010,O001010,2026-06-18,Cash,70.37,Paid,TX794904740
PAY0001011,O001011,2026-06-13,Virement,118.35,Paid,TX153172296
PAY0001012,O001012,2025-01-13,Mobile Money,180.37,Paid,TX854678708
PAY0001013,O001013,2025-05-11,Mobile Money,0.0,Failed,TX347585469
PAY0001014,O001014,2026-01-27,Virement,167.14,Paid,TX219732576
PAY0001015,O001015,2026-05-27,Virement,1943.93,Paid,TX415820359
PAY0001016,O001016,2026-06-21,Carte bancaire,87.68,Paid,TX186628116
PAY0001017,O001017,2026-01-30,Carte bancaire,86.82,Paid,TX639552779
PAY0001018,O001018,2025-02-28,Mobile Money,0.0,Pending,TX574237114
PAY0001019,O001019,2026-02-12,Mobile Money,317.42,Paid,TX712788474
PAY0001020,O001020,2025-05-31,Mobile Money,654.18,Paid,TX927258235
PAY0001021,O001021,2026-03-22,Carte bancaire,71.78,Refunded,TX527392385
PAY0001022,O001022,2025-10-30,Carte bancaire,0.0,Pending,TX169995603
PAY0001023,O001023,2025-04-12,Virement,1948.79,Paid,TX279642079
PAY0001024,O001024,2026-04-11,Virement,492.19,Paid,TX464101027
PAY0001025,O001025,2026-06-26,Mobile Money,629.44,Paid,TX760515665
PAY0001026,O001026,2025-10-07,Carte bancaire,73.75,Refunded,TX448249035
PAY0001027,O001027,2026-03-25,Cash,337.27,Paid,TX535245471
PAY0001028,O001028,2025-02-04,Mobile Money,222.01,Paid,TX536790579
PAY0001029,O001029,2025-05-31,Mobile Money,59.29,Paid,TX893984065
PAY0001030,O001030,2025-03-12,Virement,0.0,Pending,TX295798721
PAY0001031,O001031,2025-06-05,Mobile Money,694.89,Paid,TX388142813
PAY0001032,O001032,2025-07-26,Carte bancaire,483.27,Paid,TX437939746
PAY0001033,O001033,2025-08-29,Mobile Money,122.43,Refunded,TX704065910
PAY0001034,O001034,2025-06-27,Mobile Money,125.99,Paid,TX842478056
PAY0001035,O001035,2025-10-30,Cash,68.99,Paid,TX488761664
PAY0001036,O001036,2025-05-02,Mobile Money,164.39,Paid,TX845749490
PAY0001037,O001037,2025-07-11,Mobile Money,336.22,Paid,TX344623561
PAY0001038,O001038,2026-04-09,Mobile Money,78.91,Paid,TX308491698
PAY0001039,O001039,2025-11-09,Mobile Money,179.14,Paid,TX601630819
PAY0001040,O001040,2025-01-18,Mobile Money,1078.19,Paid,TX630628813
PAY0001041,O001041,2025-07-02,Carte bancaire,32.12,Paid,TX412525883
PAY0001042,O001042,2026-04-02,Mobile Money,391.23,Paid,TX626049358
PAY0001043,O001043,2025-04-11,Mobile Money,0.0,Pending,TX706013661
PAY0001044,O001044,2026-05-23,Mobile Money,37.5,Paid,TX475023275
PAY0001045,O001045,2025-06-15,Virement,689.77,Paid,TX945053540
PAY0001046,O001046,2025-12-15,Mobile Money,55.13,Paid,TX413279160
PAY0001047,O001047,2025-09-21,Virement,1842.49,Paid,TX687051405
PAY0001048,O001048,2025-12-10,Cash,605.12,Paid,TX377506348
PAY0001049,O001049,2026-03-13,Mobile Money,278.22,Paid,TX880202187
PAY0001050,O001050,2025-03-24,Mobile Money,130.87,Paid,TX407708256
PAY0001051,O001051,2025-07-15,Carte bancaire,2082.66,Paid,TX864502253
PAY0001052,O001052,2025-11-09,Mobile Money,1316.64,Paid,TX473101749
PAY0001053,O001053,2025-05-26,Virement,212.81,Paid,TX475801265
PAY0001054,O001054,2025-07-29,Cash,1171.65,Paid,TX188101052
PAY0001055,O001055,2026-05-02,Carte bancaire,315.65,Paid,TX285218802
PAY0001056,O001056,2025-05-08,Mobile Money,129.13,Paid,TX882476495
PAY0001057,O001057,2025-04-15,Mobile Money,1058.08,Paid,TX110646728
PAY0001058,O001058,2025-11-19,Mobile Money,202.5,Paid,TX631390447
PAY0001059,O001059,2025-02-24,Mobile Money,0.0,Pending,TX690745192
PAY0001060,O001060,2025-01-02,Virement,40.43,Paid,TX629959766
PAY0001061,O001061,2026-04-25,Carte bancaire,326.3,Paid,TX877093387
PAY0001062,O001062,2025-06-05,Carte bancaire,365.56,Paid,TX246992700
PAY0001063,O001063,2025-03-08,Carte bancaire,93.9,Refunded,TX936372792
PAY0001064,O001064,2025-12-29,Mobile Money,0.0,Pending,TX794950057
PAY0001065,O001065,2025-09-21,Carte bancaire,0.0,Pending,TX731694590
PAY0001066,O001066,2025-09-09,Virement,108.6,Paid,TX718411987
PAY0001067,O001067,2025-08-31,Carte bancaire,0.0,Pending,TX790278982
PAY0001068,O001068,2025-03-21,Carte bancaire,0.0,Pending,TX622447787
PAY0001069,O001069,2026-04-18,Mobile Money,212.6,Paid,TX663581918
PAY0001070,O001070,2025-01-04,Carte bancaire,510.87,Pending,TX784848206
PAY0001071,O001071,2025-09-22,Cash,526.63,Refunded,TX820711775
PAY0001072,O001072,2025-05-30,Carte bancaire,97.86,Refunded,TX757501571
PAY0001073,O001073,2025-12-18,Mobile Money,1198.87,Paid,TX340948085
PAY0001074,O001074,2025-10-30,Mobile Money,79.04,Paid,TX260751411
PAY0001075,O001075,2025-08-03,Cash,0.0,Failed,TX597912315
PAY0001076,O001076,2025-10-22,Carte bancaire,1265.59,Paid,TX541557278
PAY0001077,O001077,2025-05-09,Mobile Money,65.41,Paid,TX549562373
PAY0001078,O001078,2025-03-15,Carte bancaire,92.12,Paid,TX342291359
PAY0001079,O001079,2026-05-16,Mobile Money,0.0,Failed,TX535905843
PAY0001080,O001080,2025-12-06,Cash,682.75,Paid,TX101410472
PAY0001081,O001081,2025-12-28,Mobile Money,632.22,Paid,TX424808797
PAY0001082,O001082,2026-07-03,Mobile Money,99.96,Paid,TX995324050
PAY0001083,O001083,2026-05-14,Mobile Money,42.02,Paid,TX558811419
PAY0001084,O001084,2025-11-19,Mobile Money,0.0,Pending,TX715273142
PAY0001085,O001085,2026-03-13,Carte bancaire,73.35,Paid,TX494101621
PAY0001086,O001086,2025-10-20,Carte bancaire,84.2,Paid,TX904719028
PAY0001087,O001087,2025-05-13,Carte bancaire,247.5,Paid,TX589312806
PAY0001088,O001088,2025-12-08,Mobile Money,0.0,Failed,TX892214258
PAY0001089,O001089,2026-05-19,Virement,54.79,Paid,TX676697364
PAY0001090,O001090,2026-05-01,Virement,1519.05,Paid,TX957300126
PAY0001091,O001091,2025-10-07,Carte bancaire,35.21,Paid,TX586956472
PAY0001092,O001092,2026-06-03,Carte bancaire,0.0,Failed,TX664741760
PAY0001093,O001093,2025-04-23,Mobile Money,47.66,Paid,TX649879661
PAY0001094,O001094,2025-01-23,Virement,445.36,Paid,TX744191524
PAY0001095,O001095,2025-08-09,Mobile Money,687.01,Paid,TX389686038
PAY0001096,O001096,2025-04-23,Virement,742.93,Paid,TX137267189
PAY0001097,O001097,2026-06-13,Mobile Money,34.9,Paid,TX366043914
PAY0001098,O001098,2025-03-06,Mobile Money,841.17,Paid,TX961552371
PAY0001099,O001099,2025-10-22,Mobile Money,47.24,Paid,TX767560923
PAY0001100,O001100,2026-02-28,Cash,1779.33,Paid,TX791004926
PAY0001101,O001101,2025-03-06,Carte bancaire,98.43,Paid,TX793133619
PAY0001102,O001102,2025-01-29,Mobile Money,81.8,Paid,TX897242231
PAY0001103,O001103,2025-11-04,Cash,145.5,Paid,TX496599555
PAY0001104,O001104,2026-05-13,Carte bancaire,224.55,Paid,TX571665352
PAY0001105,O001105,2025-01-11,Virement,0.0,Pending,TX387473001
PAY0001106,O001106,2025-01-12,Virement,225.35,Paid,TX709450550
PAY0001107,O001107,2026-05-25,Virement,0.0,Pending,TX985636701
PAY0001108,O001108,2025-11-27,Mobile Money,125.87,Paid,TX125822655
PAY0001109,O001109,2026-01-20,Cash,56.27,Paid,TX350695095
PAY0001110,O001110,2025-06-03,Carte bancaire,109.84,Paid,TX225549866
PAY0001111,O001111,2025-06-22,Mobile Money,167.44,Paid,TX907836543
PAY0001112,O001112,2025-09-19,Virement,0.0,Pending,TX738078112
PAY0001113,O001113,2025-04-28,Mobile Money,249.42,Paid,TX600759743
PAY0001114,O001114,2025-09-01,Mobile Money,80.79,Paid,TX137521361
PAY0001115,O001115,2026-06-08,Carte bancaire,36.29,Paid,TX241554951
PAY0001116,O001116,2026-02-15,Carte bancaire,17.95,Paid,TX372239023
PAY0001117,O001117,2026-04-25,Carte bancaire,56.5,Paid,TX706685432
PAY0001118,O001118,2025-10-01,Carte bancaire,74.82,Paid,TX767461827
PAY0001119,O001119,2026-03-11,Cash,99.12,Paid,TX533561405
PAY0001120,O001120,2025-08-19,Mobile Money,2079.6,Paid,TX445965439
PAY0001121,O001121,2025-12-06,Mobile Money,109.59,Paid,TX266946018
PAY0001122,O001122,2026-02-09,Mobile Money,155.74,Refunded,TX839339885
PAY0001123,O001123,2026-03-31,Cash,18.6,Paid,TX783768572
PAY0001124,O001124,2026-05-26,Mobile Money,326.15,Paid,TX944430093
PAY0001125,O001125,2025-02-28,Mobile Money,0.0,Failed,TX678989611
PAY0001126,O001126,2026-03-14,Cash,49.7,Paid,TX491197969
PAY0001127,O001127,2026-01-27,Carte bancaire,24.4,Paid,TX734654382
PAY0001128,O001128,2026-02-12,Mobile Money,126.6,Paid,TX523124741
PAY0001129,O001129,2025-01-11,Cash,705.25,Paid,TX507109969
PAY0001130,O001130,2025-09-29,Mobile Money,0.0,Failed,TX277521393
PAY0001131,O001131,2026-06-12,Carte bancaire,806.0,Refunded,TX865800308
PAY0001132,O001132,2026-05-09,Mobile Money,0.0,Pending,TX754187228
PAY0001133,O001133,2025-05-09,Carte bancaire,0.0,Failed,TX179759586
PAY0001134,O001134,2025-09-25,Mobile Money,22.08,Paid,TX426046525
PAY0001135,O001135,2026-04-23,Virement,24.48,Paid,TX574951694
PAY0001136,O001136,2026-05-25,Carte bancaire,314.15,Paid,TX637417772
PAY0001137,O001137,2025-07-05,Mobile Money,560.39,Paid,TX544945411
PAY0001138,O001138,2026-03-18,Virement,531.13,Paid,TX330846687
PAY0001139,O001139,2026-04-03,Virement,314.13,Paid,TX579195733
PAY0001140,O001140,2025-03-27,Carte bancaire,106.45,Refunded,TX392729726
PAY0001141,O001141,2025-01-18,Carte bancaire,254.8,Paid,TX993939588
PAY0001142,O001142,2025-01-30,Carte bancaire,0.0,Pending,TX251371744
PAY0001143,O001143,2025-03-22,Carte bancaire,100.5,Paid,TX932675632
PAY0001144,O001144,2026-02-11,Virement,117.66,Paid,TX932483602
PAY0001145,O001145,2025-08-04,Mobile Money,1801.53,Paid,TX710446921
PAY0001146,O001146,2026-01-11,Mobile Money,536.79,Paid,TX424533081
PAY0001147,O001147,2025-02-19,Virement,0.0,Pending,TX833757653
PAY0001148,O001148,2025-11-29,Cash,45.15,Paid,TX552245150
PAY0001149,O001149,2026-02-13,Mobile Money,117.5,Paid,TX353682808
PAY0001150,O001150,2026-06-22,Mobile Money,189.69,Paid,TX596445431
PAY0001151,O001151,2025-06-27,Virement,523.06,Paid,TX322686602
PAY0001152,O001152,2025-10-28,Cash,535.14,Paid,TX464814427
PAY0001153,O001153,2025-09-25,Carte bancaire,0.0,Pending,TX518046821
PAY0001154,O001154,2025-07-10,Carte bancaire,110.56,Paid,TX188032333
PAY0001155,O001155,2025-12-18,Mobile Money,3179.02,Paid,TX704288776
PAY0001156,O001156,2025-11-10,Cash,242.1,Paid,TX111233756
PAY0001157,O001157,2026-04-06,Carte bancaire,511.3,Pending,TX503756870
PAY0001158,O001158,2025-01-18,Carte bancaire,66.72,Paid,TX709874217
PAY0001159,O001159,2025-05-02,Virement,190.6,Paid,TX733169518
PAY0001160,O001160,2025-11-16,Virement,1187.8,Paid,TX554554291
PAY0001161,O001161,2025-11-13,Mobile Money,0.0,Pending,TX260712409
PAY0001162,O001162,2026-05-14,Mobile Money,1056.08,Paid,TX667840195
PAY0001163,O001163,2026-01-09,Mobile Money,284.42,Paid,TX272140721
PAY0001164,O001164,2025-01-06,Cash,966.17,Paid,TX558878670
PAY0001165,O001165,2025-09-27,Carte bancaire,247.18,Paid,TX812132110
PAY0001166,O001166,2026-04-10,Carte bancaire,97.73,Paid,TX884739240
PAY0001167,O001167,2026-04-26,Mobile Money,267.44,Paid,TX624947027
PAY0001168,O001168,2026-03-17,Mobile Money,20.5,Paid,TX491111204
PAY0001169,O001169,2025-09-21,Mobile Money,64.99,Paid,TX110718924
PAY0001170,O001170,2025-02-28,Cash,3435.6,Paid,TX977357643
PAY0001171,O001171,2025-04-30,Mobile Money,155.66,Paid,TX112011290
PAY0001172,O001172,2026-04-10,Virement,187.14,Paid,TX547557267
PAY0001173,O001173,2025-07-10,Mobile Money,46.05,Refunded,TX877796708
PAY0001174,O001174,2026-02-24,Mobile Money,0.0,Failed,TX734029279
PAY0001175,O001175,2025-01-24,Mobile Money,127.1,Paid,TX271422469
PAY0001176,O001176,2025-09-28,Mobile Money,155.13,Paid,TX258348770
PAY0001177,O001177,2026-06-05,Carte bancaire,1074.92,Paid,TX472864486
PAY0001178,O001178,2025-05-15,Mobile Money,0.0,Pending,TX925632847
PAY0001179,O001179,2025-01-18,Carte bancaire,42.2,Refunded,TX820507812
PAY0001180,O001180,2025-06-10,Mobile Money,0.0,Failed,TX426125223
PAY0001181,O001181,2025-02-08,Cash,351.86,Paid,TX575513217
PAY0001182,O001182,2025-12-06,Mobile Money,117.48,Paid,TX270651425
PAY0001183,O001183,2025-04-18,Virement,337.87,Paid,TX167304108
PAY0001184,O001184,2025-05-18,Virement,33.8,Paid,TX507834817
PAY0001185,O001185,2025-11-20,Cash,66.13,Paid,TX657214001
PAY0001186,O001186,2025-06-30,Carte bancaire,90.73,Paid,TX781967471
PAY0001187,O001187,2025-12-23,Carte bancaire,29.94,Paid,TX332350098
PAY0001188,O001188,2026-05-29,Carte bancaire,975.19,Paid,TX890996648
PAY0001189,O001189,2026-05-30,Virement,0.0,Pending,TX831351080
PAY0001190,O001190,2026-02-05,Virement,195.68,Paid,TX814511782
PAY0001191,O001191,2026-06-15,Carte bancaire,481.34,Paid,TX300288618
PAY0001192,O001192,2026-02-12,Carte bancaire,135.7,Paid,TX108312490
PAY0001193,O001193,2025-02-09,Cash,38.93,Paid,TX495349392
PAY0001194,O001194,2026-06-11,Mobile Money,500.72,Paid,TX181003204
PAY0001195,O001195,2025-11-10,Carte bancaire,72.49,Paid,TX838714103
PAY0001196,O001196,2025-01-06,Mobile Money,5390.15,Paid,TX445802172
PAY0001197,O001197,2025-12-07,Mobile Money,956.84,Paid,TX308999288
PAY0001198,O001198,2025-05-16,Carte bancaire,65.86,Paid,TX630886742
PAY0001199,O001199,2025-10-22,Mobile Money,104.54,Paid,TX885127445
PAY0001200,O001200,2025-12-31,Mobile Money,46.06,Paid,TX667804696
PAY0001201,O001201,2025-01-20,Virement,33.5,Paid,TX448914646
PAY0001202,O001202,2025-08-29,Mobile Money,99.75,Paid,TX787374768
PAY0001203,O001203,2025-02-03,Carte bancaire,1534.88,Paid,TX846574703
PAY0001204,O001204,2025-03-04,Mobile Money,253.85,Paid,TX613363539
PAY0001205,O001205,2025-04-26,Cash,1279.5,Paid,TX338205624
PAY0001206,O001206,2026-03-08,Mobile Money,496.57,Paid,TX327950799
PAY0001207,O001207,2025-08-19,Virement,1918.18,Paid,TX641460629
PAY0001208,O001208,2025-01-29,Mobile Money,222.37,Paid,TX624565372
PAY0001209,O001209,2026-02-14,Mobile Money,1017.13,Refunded,TX713550506
PAY0001210,O001210,2025-10-29,Mobile Money,128.1,Paid,TX922859101
PAY0001211,O001211,2025-03-22,Mobile Money,38.69,Paid,TX421147547
PAY0001212,O001212,2025-11-06,Virement,121.87,Paid,TX758986471
PAY0001213,O001213,2025-05-21,Carte bancaire,0.0,Pending,TX312434918
PAY0001214,O001214,2025-12-19,Mobile Money,0.0,Pending,TX882857776
PAY0001215,O001215,2026-06-07,Carte bancaire,82.59,Paid,TX166539968
PAY0001216,O001216,2025-06-25,Carte bancaire,140.35,Refunded,TX478360414
PAY0001217,O001217,2026-02-15,Carte bancaire,87.33,Refunded,TX629395882
PAY0001218,O001218,2025-01-17,Virement,73.25,Refunded,TX336343477
PAY0001219,O001219,2025-08-16,Carte bancaire,92.71,Paid,TX414018425
PAY0001220,O001220,2026-05-05,Virement,1238.72,Paid,TX791760687
PAY0001221,O001221,2025-02-14,Carte bancaire,58.87,Paid,TX792662799
PAY0001222,O001222,2026-05-25,Mobile Money,384.22,Paid,TX936806704
PAY0001223,O001223,2025-02-22,Mobile Money,379.19,Paid,TX130065029
PAY0001224,O001224,2025-09-26,Virement,40.34,Paid,TX908826683
PAY0001225,O001225,2025-04-10,Mobile Money,98.5,Refunded,TX128908461
PAY0001226,O001226,2025-01-16,Mobile Money,838.74,Paid,TX178341340
PAY0001227,O001227,2025-07-12,Virement,50.77,Paid,TX129028463
PAY0001228,O001228,2025-11-17,Mobile Money,381.12,Paid,TX322221496
PAY0001229,O001229,2026-02-01,Mobile Money,478.8,Paid,TX556123080
PAY0001230,O001230,2025-06-24,Virement,0.0,Pending,TX230532689
PAY0001231,O001231,2025-09-29,Mobile Money,25.67,Paid,TX466896653
PAY0001232,O001232,2025-04-11,Carte bancaire,565.28,Paid,TX132090739
PAY0001233,O001233,2026-02-04,Mobile Money,46.86,Paid,TX369798804
PAY0001234,O001234,2025-04-03,Carte bancaire,205.03,Paid,TX595833227
PAY0001235,O001235,2026-04-17,Virement,277.38,Paid,TX400077766
PAY0001236,O001236,2025-04-10,Mobile Money,233.43,Paid,TX760660559
PAY0001237,O001237,2025-12-30,Virement,2453.37,Paid,TX471210809
PAY0001238,O001238,2025-07-01,Carte bancaire,74.82,Pending,TX655444438
PAY0001239,O001239,2026-07-03,Virement,0.0,Failed,TX897119224
PAY0001240,O001240,2025-06-05,Mobile Money,0.0,Pending,TX117009077
PAY0001241,O001241,2026-06-05,Virement,53.48,Paid,TX508121482
PAY0001242,O001242,2026-04-04,Cash,114.52,Paid,TX498369503
PAY0001243,O001243,2025-09-18,Carte bancaire,1223.46,Paid,TX668639568
PAY0001244,O001244,2025-09-29,Cash,31.82,Paid,TX142612395
PAY0001245,O001245,2025-07-13,Mobile Money,62.09,Paid,TX771762869
PAY0001246,O001246,2025-08-23,Carte bancaire,76.04,Paid,TX840629033
PAY0001247,O001247,2025-09-14,Carte bancaire,475.75,Paid,TX349816690
PAY0001248,O001248,2025-03-23,Mobile Money,157.63,Paid,TX654074666
PAY0001249,O001249,2025-06-29,Carte bancaire,76.55,Paid,TX945846739
PAY0001250,O001250,2026-04-29,Mobile Money,709.53,Paid,TX171553382
PAY0001251,O001251,2026-06-21,Cash,43.51,Paid,TX463874573
PAY0001252,O001252,2025-02-04,Virement,0.0,Pending,TX733864503
PAY0001253,O001253,2026-02-07,Virement,0.0,Failed,TX528662607
PAY0001254,O001254,2025-05-16,Carte bancaire,97.45,Paid,TX201118028
PAY0001255,O001255,2025-12-26,Virement,360.5,Paid,TX547814740
PAY0001256,O001256,2025-12-10,Mobile Money,0.0,Failed,TX824202132
PAY0001257,O001257,2026-04-30,Carte bancaire,95.9,Paid,TX417786248
PAY0001258,O001258,2026-01-22,Mobile Money,42.05,Paid,TX447267500
PAY0001259,O001259,2026-03-30,Carte bancaire,123.01,Paid,TX425521062
PAY0001260,O001260,2026-03-16,Mobile Money,163.46,Paid,TX359221893
PAY0001261,O001261,2025-12-25,Virement,0.0,Failed,TX945108966
PAY0001262,O001262,2025-08-15,Mobile Money,170.46,Paid,TX397328977
PAY0001263,O001263,2025-07-04,Cash,104.04,Paid,TX828218349
PAY0001264,O001264,2025-07-11,Virement,83.1,Paid,TX998162794
PAY0001265,O001265,2025-07-19,Carte bancaire,143.26,Paid,TX131917882
PAY0001266,O001266,2025-06-12,Mobile Money,24.3,Paid,TX650700938
PAY0001267,O001267,2025-06-24,Carte bancaire,88.43,Paid,TX153963997
PAY0001268,O001268,2025-11-08,Virement,962.61,Paid,TX744447007
PAY0001269,O001269,2025-05-31,Carte bancaire,71.72,Paid,TX196006476
PAY0001270,O001270,2025-07-15,Carte bancaire,123.84,Refunded,TX270792637
PAY0001271,O001271,2026-01-25,Virement,214.05,Paid,TX542673388
PAY0001272,O001272,2025-07-03,Mobile Money,79.17,Paid,TX836833753
PAY0001273,O001273,2025-03-04,Carte bancaire,82.35,Paid,TX172133098
PAY0001274,O001274,2025-01-11,Virement,138.09,Paid,TX781703181
PAY0001275,O001275,2026-02-26,Mobile Money,0.0,Pending,TX319084639
PAY0001276,O001276,2026-06-07,Virement,69.63,Refunded,TX273026309
PAY0001277,O001277,2026-01-11,Carte bancaire,206.98,Paid,TX165864883
PAY0001278,O001278,2025-02-04,Mobile Money,438.81,Paid,TX608366111
PAY0001279,O001279,2025-11-07,Cash,199.5,Paid,TX868593262
PAY0001280,O001280,2025-05-31,Mobile Money,693.93,Paid,TX656443509
PAY0001281,O001281,2025-06-28,Mobile Money,1939.99,Paid,TX367080268
PAY0001282,O001282,2026-05-21,Mobile Money,155.3,Paid,TX659785753
PAY0001283,O001283,2026-04-01,Cash,81.96,Paid,TX562610825
PAY0001284,O001284,2026-02-07,Mobile Money,19.74,Paid,TX678890983
PAY0001285,O001285,2025-10-06,Mobile Money,0.0,Failed,TX908233760
PAY0001286,O001286,2025-11-16,Mobile Money,652.94,Paid,TX269493826
PAY0001287,O001287,2026-05-21,Carte bancaire,141.9,Paid,TX302434941
PAY0001288,O001288,2026-01-02,Mobile Money,0.0,Pending,TX633247846
PAY0001289,O001289,2025-11-16,Mobile Money,131.82,Paid,TX182294669
PAY0001290,O001290,2025-02-27,Carte bancaire,90.31,Refunded,TX803548498
PAY0001291,O001291,2026-07-01,Carte bancaire,897.04,Paid,TX745636990
PAY0001292,O001292,2026-03-22,Carte bancaire,428.8,Paid,TX112150672
PAY0001293,O001293,2025-07-20,Carte bancaire,473.53,Paid,TX981706844
PAY0001294,O001294,2025-05-20,Carte bancaire,0.0,Pending,TX695991411
PAY0001295,O001295,2026-06-17,Virement,1218.81,Paid,TX242130515
PAY0001296,O001296,2026-06-09,Carte bancaire,693.18,Paid,TX308947382
PAY0001297,O001297,2025-08-19,Carte bancaire,281.43,Paid,TX894418727
PAY0001298,O001298,2025-05-08,Mobile Money,245.03,Pending,TX628493377
PAY0001299,O001299,2026-03-17,Cash,224.38,Paid,TX144812251
PAY0001300,O001300,2025-12-09,Virement,143.46,Paid,TX369522171
PAY0001301,O001301,2026-05-10,Carte bancaire,0.0,Failed,TX685843327
PAY0001302,O001302,2025-10-30,Mobile Money,0.0,Failed,TX824832334
PAY0001303,O001303,2025-10-30,Mobile Money,26.08,Paid,TX270820629
PAY0001304,O001304,2025-03-22,Cash,43.15,Refunded,TX289304610
PAY0001305,O001305,2025-11-28,Mobile Money,1064.96,Paid,TX481833339
PAY0001306,O001306,2025-07-20,Carte bancaire,876.72,Paid,TX684869432
PAY0001307,O001307,2025-04-26,Mobile Money,102.76,Paid,TX706263637
PAY0001308,O001308,2026-03-06,Mobile Money,335.51,Paid,TX829861288
PAY0001309,O001309,2025-07-09,Mobile Money,52.38,Paid,TX293454451
PAY0001310,O001310,2025-05-01,Carte bancaire,182.53,Refunded,TX679132884
PAY0001311,O001311,2026-06-12,Mobile Money,43.04,Paid,TX476373722
PAY0001312,O001312,2026-06-13,Mobile Money,815.94,Paid,TX801991375
PAY0001313,O001313,2025-09-30,Carte bancaire,50.23,Paid,TX732019081
PAY0001314,O001314,2025-06-12,Carte bancaire,158.24,Paid,TX812337667
PAY0001315,O001315,2025-03-30,Carte bancaire,1165.57,Paid,TX511645044
PAY0001316,O001316,2025-12-11,Cash,108.83,Paid,TX580340543
PAY0001317,O001317,2025-12-01,Mobile Money,74.53,Refunded,TX868455260
PAY0001318,O001318,2025-12-07,Carte bancaire,88.76,Paid,TX432377760
PAY0001319,O001319,2026-03-01,Mobile Money,85.09,Paid,TX930874313
PAY0001320,O001320,2025-09-18,Mobile Money,16.06,Paid,TX988043069
PAY0001321,O001321,2026-01-11,Virement,189.32,Paid,TX938937809
PAY0001322,O001322,2025-12-27,Mobile Money,0.0,Pending,TX234548880
PAY0001323,O001323,2026-03-13,Carte bancaire,88.13,Paid,TX441051571
PAY0001324,O001324,2026-02-12,Mobile Money,142.84,Paid,TX378402261
PAY0001325,O001325,2025-01-20,Mobile Money,53.81,Refunded,TX228469516
PAY0001326,O001326,2025-12-07,Virement,0.0,Failed,TX508300904
PAY0001327,O001327,2026-06-21,Carte bancaire,241.54,Paid,TX105632330
PAY0001328,O001328,2025-11-04,Carte bancaire,123.79,Refunded,TX641083647
PAY0001329,O001329,2025-10-19,Mobile Money,393.76,Paid,TX344121109
PAY0001330,O001330,2025-12-03,Mobile Money,522.57,Paid,TX324077590
PAY0001331,O001331,2025-11-03,Carte bancaire,0.0,Failed,TX626763764
PAY0001332,O001332,2025-08-11,Mobile Money,77.12,Refunded,TX281751676
PAY0001333,O001333,2026-07-01,Mobile Money,2101.99,Paid,TX264830115
PAY0001334,O001334,2025-02-10,Virement,250.48,Paid,TX669003120
PAY0001335,O001335,2026-03-23,Mobile Money,148.17,Paid,TX237272820
PAY0001336,O001336,2025-03-30,Carte bancaire,1562.43,Paid,TX353757927
PAY0001337,O001337,2025-04-28,Cash,260.81,Paid,TX991649215
PAY0001338,O001338,2025-12-03,Cash,279.86,Paid,TX593785284
PAY0001339,O001339,2025-12-16,Mobile Money,188.6,Paid,TX608898421
PAY0001340,O001340,2026-05-25,Virement,0.0,Failed,TX689521687
PAY0001341,O001341,2025-06-12,Carte bancaire,0.0,Pending,TX540552349
PAY0001342,O001342,2025-01-16,Virement,726.15,Paid,TX407097742
PAY0001343,O001343,2025-05-23,Mobile Money,204.75,Paid,TX532770775
PAY0001344,O001344,2025-10-26,Cash,438.92,Paid,TX214349527
PAY0001345,O001345,2025-07-19,Virement,19.77,Paid,TX977931451
PAY0001346,O001346,2025-05-23,Mobile Money,340.41,Paid,TX505423989
PAY0001347,O001347,2026-05-19,Mobile Money,303.3,Paid,TX911330333
PAY0001348,O001348,2025-11-05,Mobile Money,236.98,Pending,TX608220431
PAY0001349,O001349,2026-01-07,Mobile Money,46.57,Paid,TX859948943
PAY0001350,O001350,2026-02-15,Mobile Money,295.26,Paid,TX755364798
PAY0001351,O001351,2025-08-14,Mobile Money,39.23,Paid,TX438277542
PAY0001352,O001352,2026-02-11,Carte bancaire,1226.51,Paid,TX713051599
PAY0001353,O001353,2026-06-17,Carte bancaire,435.28,Paid,TX664109125
PAY0001354,O001354,2026-02-06,Mobile Money,1474.63,Paid,TX744444034
PAY0001355,O001355,2025-06-13,Mobile Money,1188.27,Paid,TX893257817
PAY0001356,O001356,2026-03-06,Mobile Money,0.0,Pending,TX285617521
PAY0001357,O001357,2025-05-10,Mobile Money,154.31,Paid,TX394747335
PAY0001358,O001358,2025-02-12,Carte bancaire,1059.4,Paid,TX323885553
PAY0001359,O001359,2025-09-05,Mobile Money,139.39,Paid,TX664089986
PAY0001360,O001360,2025-10-07,Mobile Money,54.37,Paid,TX459225549
PAY0001361,O001361,2025-09-19,Mobile Money,579.93,Paid,TX288658533
PAY0001362,O001362,2025-05-26,Carte bancaire,0.0,Pending,TX784942388
PAY0001363,O001363,2025-05-31,Cash,0.0,Failed,TX269714740
PAY0001364,O001364,2026-05-22,Cash,1617.45,Paid,TX156810236
PAY0001365,O001365,2025-06-13,Mobile Money,78.98,Paid,TX235075344
PAY0001366,O001366,2026-03-08,Carte bancaire,416.91,Paid,TX289196934
PAY0001367,O001367,2025-05-26,Carte bancaire,104.09,Paid,TX523403226
PAY0001368,O001368,2025-03-01,Mobile Money,26.8,Refunded,TX514659041
PAY0001369,O001369,2025-02-08,Virement,85.27,Paid,TX969479947
PAY0001370,O001370,2025-05-17,Mobile Money,407.85,Paid,TX885167185
PAY0001371,O001371,2026-04-08,Mobile Money,231.24,Paid,TX337011189
PAY0001372,O001372,2025-09-08,Cash,300.59,Paid,TX865170801
PAY0001373,O001373,2026-01-17,Mobile Money,171.77,Paid,TX346063041
PAY0001374,O001374,2026-06-12,Carte bancaire,38.37,Paid,TX370277626
PAY0001375,O001375,2025-01-31,Virement,0.0,Failed,TX255524256
PAY0001376,O001376,2025-03-05,Mobile Money,172.7,Paid,TX433710506
PAY0001377,O001377,2026-05-22,Cash,0.0,Pending,TX865081207
PAY0001378,O001378,2025-11-12,Mobile Money,256.69,Paid,TX608596642
PAY0001379,O001379,2025-12-05,Carte bancaire,43.75,Paid,TX851269616
PAY0001380,O001380,2025-07-08,Mobile Money,738.15,Paid,TX870604553
PAY0001381,O001381,2026-03-31,Carte bancaire,520.08,Paid,TX709645978
PAY0001382,O001382,2025-12-23,Mobile Money,252.77,Refunded,TX292234131
PAY0001383,O001383,2025-05-26,Carte bancaire,221.7,Paid,TX507060886
PAY0001384,O001384,2025-12-26,Carte bancaire,0.0,Pending,TX204370881
PAY0001385,O001385,2025-01-03,Mobile Money,162.6,Paid,TX880970993
PAY0001386,O001386,2025-05-12,Cash,2167.98,Paid,TX187829572
PAY0001387,O001387,2025-04-26,Virement,346.41,Paid,TX101259200
PAY0001388,O001388,2026-03-11,Carte bancaire,139.12,Paid,TX819567990
PAY0001389,O001389,2026-02-10,Carte bancaire,67.88,Paid,TX204052974
PAY0001390,O001390,2025-02-24,Mobile Money,0.0,Pending,TX968468562
PAY0001391,O001391,2026-05-13,Mobile Money,0.0,Failed,TX643111926
PAY0001392,O001392,2026-03-28,Mobile Money,239.85,Paid,TX556394831
PAY0001393,O001393,2025-08-27,Mobile Money,172.1,Paid,TX255491141
PAY0001394,O001394,2025-04-27,Mobile Money,283.35,Refunded,TX358361100
PAY0001395,O001395,2025-08-20,Mobile Money,224.33,Paid,TX463409343
PAY0001396,O001396,2025-11-20,Carte bancaire,1448.55,Paid,TX836768221
PAY0001397,O001397,2025-12-14,Mobile Money,921.89,Paid,TX504610502
PAY0001398,O001398,2025-07-13,Mobile Money,53.54,Paid,TX623914390
PAY0001399,O001399,2025-02-28,Carte bancaire,611.78,Paid,TX578227252
PAY0001400,O001400,2025-12-03,Mobile Money,195.68,Paid,TX839606564
PAY0001401,O001401,2026-01-25,Carte bancaire,1216.14,Paid,TX749079581
PAY0001402,O001402,2025-05-28,Virement,23.61,Paid,TX924797120
PAY0001403,O001403,2025-12-19,Mobile Money,130.7,Paid,TX543698977
PAY0001404,O001404,2025-11-10,Mobile Money,84.5,Paid,TX254569592
PAY0001405,O001405,2025-10-04,Virement,485.65,Paid,TX282689317
PAY0001406,O001406,2025-01-06,Carte bancaire,86.46,Paid,TX898511838
PAY0001407,O001407,2025-06-20,Carte bancaire,24.07,Paid,TX162809535
PAY0001408,O001408,2025-07-26,Carte bancaire,119.85,Paid,TX209731117
PAY0001409,O001409,2026-04-04,Virement,91.29,Paid,TX582716670
PAY0001410,O001410,2026-04-01,Mobile Money,36.95,Paid,TX796397088
PAY0001411,O001411,2026-04-28,Mobile Money,49.5,Paid,TX979670608
PAY0001412,O001412,2025-09-15,Carte bancaire,302.5,Paid,TX637334528
PAY0001413,O001413,2025-07-01,Mobile Money,0.0,Pending,TX722714604
PAY0001414,O001414,2025-10-04,Carte bancaire,617.81,Paid,TX426295768
PAY0001415,O001415,2026-03-11,Virement,55.11,Paid,TX950288731
PAY0001416,O001416,2025-12-09,Carte bancaire,130.77,Paid,TX375275203
PAY0001417,O001417,2025-11-28,Mobile Money,296.99,Paid,TX863605076
PAY0001418,O001418,2025-08-29,Carte bancaire,96.48,Paid,TX685973872
PAY0001419,O001419,2026-01-17,Virement,868.44,Paid,TX263879330
PAY0001420,O001420,2026-04-21,Mobile Money,0.0,Pending,TX936792173
PAY0001421,O001421,2026-01-06,Carte bancaire,718.63,Paid,TX209523184
PAY0001422,O001422,2025-08-12,Mobile Money,52.44,Paid,TX851090297
PAY0001423,O001423,2026-04-10,Virement,2318.78,Paid,TX617973719
PAY0001424,O001424,2026-06-04,Mobile Money,1100.92,Paid,TX973859478
PAY0001425,O001425,2026-03-13,Carte bancaire,0.0,Pending,TX270410595
PAY0001426,O001426,2026-04-26,Carte bancaire,105.74,Paid,TX163781515
PAY0001427,O001427,2025-05-26,Mobile Money,247.9,Paid,TX787006125
PAY0001428,O001428,2025-08-19,Cash,0.0,Pending,TX649722185
PAY0001429,O001429,2025-05-18,Cash,1611.2,Paid,TX281908448
PAY0001430,O001430,2025-07-22,Mobile Money,1758.92,Paid,TX715873817
PAY0001431,O001431,2026-02-06,Mobile Money,404.94,Paid,TX818655185
PAY0001432,O001432,2026-01-10,Carte bancaire,0.0,Pending,TX824304116
PAY0001433,O001433,2025-01-03,Mobile Money,0.0,Failed,TX110608157
PAY0001434,O001434,2026-02-22,Mobile Money,37.65,Refunded,TX647003344
PAY0001435,O001435,2025-04-17,Mobile Money,314.58,Paid,TX273551997
PAY0001436,O001436,2025-04-15,Mobile Money,148.32,Paid,TX758546710
PAY0001437,O001437,2025-10-25,Carte bancaire,42.1,Paid,TX981977533
PAY0001438,O001438,2025-05-15,Mobile Money,666.13,Paid,TX929793141
PAY0001439,O001439,2026-06-15,Mobile Money,41.47,Paid,TX167338891
PAY0001440,O001440,2025-03-25,Cash,53.56,Paid,TX921242075
PAY0001441,O001441,2025-03-26,Mobile Money,491.79,Paid,TX979955509
PAY0001442,O001442,2026-02-23,Mobile Money,3019.63,Paid,TX385839305
PAY0001443,O001443,2025-06-07,Carte bancaire,37.71,Paid,TX412321053
PAY0001444,O001444,2026-01-30,Virement,70.01,Paid,TX889711445
PAY0001445,O001445,2026-01-12,Virement,393.66,Paid,TX928924820
PAY0001446,O001446,2025-04-18,Mobile Money,226.82,Paid,TX751456904
PAY0001447,O001447,2025-11-18,Carte bancaire,78.01,Paid,TX483650813
PAY0001448,O001448,2025-10-25,Carte bancaire,176.94,Paid,TX809804901
PAY0001449,O001449,2025-02-21,Carte bancaire,186.42,Paid,TX745803157
PAY0001450,O001450,2026-02-23,Mobile Money,627.32,Paid,TX123978647
PAY0001451,O001451,2026-04-16,Mobile Money,188.99,Paid,TX650523813
PAY0001452,O001452,2026-06-06,Virement,157.88,Pending,TX906813577
PAY0001453,O001453,2025-02-18,Carte bancaire,37.5,Pending,TX184350362
PAY0001454,O001454,2025-04-11,Mobile Money,606.78,Paid,TX255709905
PAY0001455,O001455,2026-03-29,Carte bancaire,292.07,Paid,TX203712219
PAY0001456,O001456,2025-06-16,Mobile Money,30.11,Paid,TX636356496
PAY0001457,O001457,2025-12-09,Virement,0.0,Failed,TX506161290
PAY0001458,O001458,2025-07-12,Mobile Money,3544.23,Paid,TX209213781
PAY0001459,O001459,2025-05-01,Mobile Money,725.54,Paid,TX262515370
PAY0001460,O001460,2025-12-09,Carte bancaire,0.0,Pending,TX159656576
PAY0001461,O001461,2025-04-25,Mobile Money,0.0,Pending,TX398899729
PAY0001462,O001462,2025-03-16,Mobile Money,46.1,Paid,TX891932992
PAY0001463,O001463,2025-10-22,Mobile Money,76.03,Paid,TX686749064
PAY0001464,O001464,2025-04-19,Virement,74.51,Paid,TX479017418
PAY0001465,O001465,2025-04-18,Cash,171.13,Paid,TX882925600
PAY0001466,O001466,2026-03-04,Carte bancaire,368.71,Paid,TX924295363
PAY0001467,O001467,2025-10-17,Virement,73.69,Paid,TX730894961
PAY0001468,O001468,2025-10-27,Virement,136.53,Paid,TX462490546
PAY0001469,O001469,2025-03-20,Virement,0.0,Pending,TX453470952
PAY0001470,O001470,2025-03-29,Mobile Money,1046.61,Paid,TX764398522
PAY0001471,O001471,2025-08-06,Mobile Money,202.57,Refunded,TX707423994
PAY0001472,O001472,2025-08-05,Carte bancaire,0.0,Pending,TX294906567
PAY0001473,O001473,2025-09-06,Cash,0.0,Pending,TX542513554
PAY0001474,O001474,2025-03-17,Virement,717.64,Pending,TX284768180
PAY0001475,O001475,2026-05-11,Mobile Money,96.07,Paid,TX505101606
PAY0001476,O001476,2025-07-22,Cash,1811.22,Refunded,TX199289969
PAY0001477,O001477,2026-03-27,Mobile Money,285.56,Paid,TX300216384
PAY0001478,O001478,2025-08-08,Carte bancaire,0.0,Pending,TX372329096
PAY0001479,O001479,2025-09-19,Virement,387.7,Paid,TX487698776
PAY0001480,O001480,2025-03-06,Mobile Money,44.24,Paid,TX893200726
PAY0001481,O001481,2026-01-06,Carte bancaire,208.62,Paid,TX654149285
PAY0001482,O001482,2025-02-03,Mobile Money,329.97,Paid,TX838663737
PAY0001483,O001483,2026-02-18,Cash,1045.55,Refunded,TX655022433
PAY0001484,O001484,2026-05-01,Mobile Money,29.57,Paid,TX538706109
PAY0001485,O001485,2025-07-22,Carte bancaire,528.5,Paid,TX548401171
PAY0001486,O001486,2026-05-06,Mobile Money,99.73,Paid,TX539793835
PAY0001487,O001487,2026-01-22,Mobile Money,0.0,Failed,TX339191171
PAY0001488,O001488,2025-01-05,Mobile Money,0.0,Pending,TX462783332
PAY0001489,O001489,2025-04-25,Mobile Money,91.82,Paid,TX353708178
PAY0001490,O001490,2025-12-20,Mobile Money,40.87,Paid,TX174791529
PAY0001491,O001491,2026-01-23,Mobile Money,529.38,Paid,TX191242828
PAY0001492,O001492,2025-02-21,Cash,566.15,Paid,TX455713759
PAY0001493,O001493,2026-01-15,Mobile Money,52.2,Paid,TX938582242
PAY0001494,O001494,2026-03-21,Carte bancaire,4035.31,Refunded,TX840709714
PAY0001495,O001495,2025-02-23,Carte bancaire,480.65,Paid,TX600825246
PAY0001496,O001496,2026-04-28,Virement,196.01,Paid,TX116655346
PAY0001497,O001497,2025-10-22,Mobile Money,316.06,Paid,TX559508890
PAY0001498,O001498,2025-12-08,Mobile Money,1246.16,Paid,TX720989755
PAY0001499,O001499,2025-01-28,Mobile Money,82.81,Paid,TX960434544
PAY0001500,O001500,2025-12-07,Mobile Money,415.97,Refunded,TX784395602
PAY0001501,O001501,2025-09-10,Carte bancaire,0.0,Pending,TX969450985
PAY0001502,O001502,2025-07-26,Carte bancaire,36.28,Paid,TX819054756
PAY0001503,O001503,2026-03-06,Virement,52.4,Paid,TX631770504
PAY0001504,O001504,2025-05-20,Virement,4781.82,Paid,TX951325018
PAY0001505,O001505,2025-02-04,Virement,71.84,Paid,TX738963276
PAY0001506,O001506,2025-10-05,Mobile Money,151.97,Refunded,TX305961206
PAY0001507,O001507,2026-02-12,Carte bancaire,226.85,Refunded,TX633920890
PAY0001508,O001508,2025-03-17,Mobile Money,438.12,Paid,TX377537444
PAY0001509,O001509,2026-06-26,Virement,54.03,Paid,TX240248669
PAY0001510,O001510,2026-01-06,Carte bancaire,277.51,Paid,TX810578831
PAY0001511,O001511,2026-05-27,Carte bancaire,0.0,Failed,TX289977986
PAY0001512,O001512,2025-09-15,Carte bancaire,291.85,Paid,TX493076657
PAY0001513,O001513,2025-03-10,Carte bancaire,0.0,Pending,TX424141333
PAY0001514,O001514,2025-04-08,Carte bancaire,691.85,Paid,TX812563428
PAY0001515,O001515,2025-10-05,Cash,0.0,Failed,TX629150943
PAY0001516,O001516,2025-11-22,Mobile Money,228.21,Paid,TX479879304
PAY0001517,O001517,2026-02-11,Virement,173.47,Paid,TX767632566
PAY0001518,O001518,2026-03-16,Mobile Money,0.0,Failed,TX265861995
PAY0001519,O001519,2026-02-24,Mobile Money,183.04,Paid,TX248838394
PAY0001520,O001520,2025-11-23,Mobile Money,66.52,Paid,TX431756515
PAY0001521,O001521,2025-01-10,Mobile Money,119.9,Paid,TX123694133
PAY0001522,O001522,2025-10-20,Mobile Money,75.89,Paid,TX297753134
PAY0001523,O001523,2026-03-29,Mobile Money,299.7,Paid,TX206606104
PAY0001524,O001524,2026-04-12,Virement,48.78,Paid,TX443272658
PAY0001525,O001525,2026-04-03,Carte bancaire,60.9,Refunded,TX307682899
PAY0001526,O001526,2025-01-10,Mobile Money,127.15,Paid,TX768387025
PAY0001527,O001527,2025-08-28,Carte bancaire,4149.47,Paid,TX130350063
PAY0001528,O001528,2025-12-04,Cash,236.21,Paid,TX930472714
PAY0001529,O001529,2025-05-16,Mobile Money,986.66,Paid,TX468909781
PAY0001530,O001530,2025-08-13,Mobile Money,21.89,Refunded,TX116405076
PAY0001531,O001531,2025-02-23,Virement,502.33,Paid,TX524840529
PAY0001532,O001532,2025-04-20,Mobile Money,545.68,Paid,TX775862623
PAY0001533,O001533,2025-01-05,Cash,262.11,Paid,TX798478650
PAY0001534,O001534,2026-06-24,Cash,58.91,Paid,TX921516131
PAY0001535,O001535,2026-04-20,Mobile Money,520.64,Paid,TX927945889
PAY0001536,O001536,2025-08-13,Carte bancaire,568.38,Paid,TX339086090
PAY0001537,O001537,2025-01-07,Cash,31.51,Paid,TX604070508
PAY0001538,O001538,2025-07-06,Mobile Money,956.37,Paid,TX824223465
PAY0001539,O001539,2025-08-30,Mobile Money,46.22,Paid,TX107136747
PAY0001540,O001540,2025-04-03,Mobile Money,1321.12,Paid,TX936156756
PAY0001541,O001541,2026-01-01,Carte bancaire,346.93,Paid,TX512302718
PAY0001542,O001542,2026-07-03,Carte bancaire,112.31,Paid,TX598837441
PAY0001543,O001543,2026-04-10,Virement,103.19,Paid,TX707136259
PAY0001544,O001544,2026-04-18,Mobile Money,69.04,Paid,TX903239778
PAY0001545,O001545,2026-04-05,Carte bancaire,180.74,Paid,TX116167087
PAY0001546,O001546,2025-02-12,Carte bancaire,170.39,Paid,TX570773820
PAY0001547,O001547,2025-11-02,Mobile Money,162.67,Paid,TX506505555
PAY0001548,O001548,2025-11-10,Virement,324.18,Paid,TX328130510
PAY0001549,O001549,2025-02-25,Mobile Money,31.69,Paid,TX318662169
PAY0001550,O001550,2025-03-25,Mobile Money,258.26,Paid,TX589719267
PAY0001551,O001551,2025-11-08,Mobile Money,424.05,Paid,TX751333340
PAY0001552,O001552,2026-01-29,Virement,619.53,Paid,TX402734203
PAY0001553,O001553,2025-04-29,Carte bancaire,484.47,Paid,TX412800865
PAY0001554,O001554,2025-09-23,Virement,1095.82,Paid,TX342323000
PAY0001555,O001555,2025-02-14,Carte bancaire,247.51,Paid,TX705353404
PAY0001556,O001556,2025-03-05,Cash,52.0,Paid,TX382560674
PAY0001557,O001557,2025-11-15,Carte bancaire,59.03,Paid,TX782690406
PAY0001558,O001558,2025-11-03,Cash,115.75,Paid,TX207113510
PAY0001559,O001559,2026-02-17,Virement,105.53,Paid,TX984340704
PAY0001560,O001560,2026-05-16,Carte bancaire,16.91,Paid,TX652187165
PAY0001561,O001561,2025-04-16,Mobile Money,172.56,Paid,TX368659460
PAY0001562,O001562,2025-07-09,Cash,1277.73,Paid,TX496423486
PAY0001563,O001563,2026-04-16,Carte bancaire,0.0,Failed,TX933385529
PAY0001564,O001564,2025-01-30,Carte bancaire,155.38,Paid,TX501412809
PAY0001565,O001565,2026-03-31,Carte bancaire,324.27,Paid,TX522070216
PAY0001566,O001566,2026-06-05,Mobile Money,331.44,Paid,TX374281825
PAY0001567,O001567,2025-02-26,Mobile Money,50.44,Paid,TX704276751
PAY0001568,O001568,2025-03-20,Mobile Money,1862.89,Paid,TX482714342
PAY0001569,O001569,2026-01-12,Carte bancaire,72.5,Paid,TX139981003
PAY0001570,O001570,2025-09-20,Virement,229.54,Paid,TX149260757
PAY0001571,O001571,2026-06-29,Carte bancaire,73.58,Paid,TX182160516
PAY0001572,O001572,2025-10-30,Carte bancaire,86.7,Refunded,TX501090481
PAY0001573,O001573,2025-12-29,Mobile Money,76.1,Paid,TX748529887
PAY0001574,O001574,2025-05-14,Carte bancaire,0.0,Pending,TX122353325
PAY0001575,O001575,2025-07-01,Mobile Money,18.91,Paid,TX837728520
PAY0001576,O001576,2025-04-11,Carte bancaire,0.0,Pending,TX863903027
PAY0001577,O001577,2025-03-23,Virement,268.92,Paid,TX709251876
PAY0001578,O001578,2025-03-05,Mobile Money,0.0,Pending,TX979787934
PAY0001579,O001579,2026-05-09,Carte bancaire,497.06,Paid,TX349901005
PAY0001580,O001580,2025-02-12,Mobile Money,77.85,Paid,TX518047913
PAY0001581,O001581,2025-10-15,Cash,275.34,Paid,TX484795297
PAY0001582,O001582,2025-10-08,Mobile Money,501.07,Paid,TX902668439
PAY0001583,O001583,2025-02-02,Virement,768.04,Paid,TX648934443
PAY0001584,O001584,2026-04-07,Carte bancaire,0.0,Pending,TX269996296
PAY0001585,O001585,2025-10-02,Cash,77.92,Paid,TX825752247
PAY0001586,O001586,2025-03-12,Carte bancaire,46.67,Paid,TX295121834
PAY0001587,O001587,2025-03-15,Carte bancaire,170.12,Paid,TX822739296
PAY0001588,O001588,2026-01-19,Carte bancaire,0.0,Failed,TX913509092
PAY0001589,O001589,2025-12-06,Carte bancaire,0.0,Pending,TX496040144
PAY0001590,O001590,2025-08-16,Mobile Money,153.74,Paid,TX657051195
PAY0001591,O001591,2025-08-15,Cash,24.83,Paid,TX204079242
PAY0001592,O001592,2025-01-21,Carte bancaire,734.8,Paid,TX176340553
PAY0001593,O001593,2025-01-18,Carte bancaire,1335.97,Paid,TX681464301
PAY0001594,O001594,2025-10-21,Mobile Money,52.47,Paid,TX947231003
PAY0001595,O001595,2025-07-23,Mobile Money,78.35,Paid,TX328656322
PAY0001596,O001596,2025-05-22,Mobile Money,159.5,Paid,TX360136921
PAY0001597,O001597,2025-07-30,Mobile Money,142.56,Paid,TX170080201
PAY0001598,O001598,2025-11-29,Carte bancaire,200.74,Paid,TX232953746
PAY0001599,O001599,2025-06-10,Mobile Money,85.03,Paid,TX380923766
PAY0001600,O001600,2025-07-12,Carte bancaire,109.76,Refunded,TX445054420
PAY0001601,O001601,2025-06-07,Mobile Money,327.99,Paid,TX220328781
PAY0001602,O001602,2026-01-02,Mobile Money,37.36,Paid,TX611545962
PAY0001603,O001603,2025-02-04,Carte bancaire,29.29,Paid,TX821456558
PAY0001604,O001604,2026-05-21,Carte bancaire,113.8,Refunded,TX717853838
PAY0001605,O001605,2025-11-02,Mobile Money,278.4,Pending,TX645966416
PAY0001606,O001606,2025-05-15,Cash,19.91,Paid,TX645816922
PAY0001607,O001607,2026-02-22,Mobile Money,0.0,Pending,TX265554725
PAY0001608,O001608,2026-06-04,Carte bancaire,2371.88,Refunded,TX269582510
PAY0001609,O001609,2025-02-01,Virement,71.47,Paid,TX962344128
PAY0001610,O001610,2025-04-23,Mobile Money,39.5,Paid,TX608403968
PAY0001611,O001611,2025-03-21,Carte bancaire,825.42,Paid,TX495576187
PAY0001612,O001612,2025-02-10,Mobile Money,0.0,Pending,TX883394905
PAY0001613,O001613,2026-02-11,Mobile Money,341.78,Paid,TX478650815
PAY0001614,O001614,2025-04-20,Mobile Money,0.0,Pending,TX507487535
PAY0001615,O001615,2025-07-31,Virement,65.29,Paid,TX329647997
PAY0001616,O001616,2026-03-23,Mobile Money,765.77,Paid,TX663487607
PAY0001617,O001617,2025-12-02,Mobile Money,3015.52,Paid,TX506200830
PAY0001618,O001618,2026-01-10,Mobile Money,71.54,Paid,TX181382076
PAY0001619,O001619,2025-02-25,Virement,1047.45,Paid,TX353961045
PAY0001620,O001620,2026-06-19,Mobile Money,98.73,Refunded,TX409242889
PAY0001621,O001621,2025-02-16,Carte bancaire,188.39,Paid,TX692990248
PAY0001622,O001622,2026-01-27,Mobile Money,0.0,Pending,TX338105429
PAY0001623,O001623,2025-12-20,Mobile Money,0.0,Pending,TX375382006
PAY0001624,O001624,2025-08-16,Virement,107.01,Paid,TX477943258
PAY0001625,O001625,2026-04-07,Carte bancaire,57.39,Paid,TX818954358
PAY0001626,O001626,2026-05-06,Carte bancaire,44.0,Paid,TX872833217
PAY0001627,O001627,2025-02-10,Cash,766.37,Paid,TX986244407
PAY0001628,O001628,2026-06-13,Virement,34.45,Paid,TX277466329
PAY0001629,O001629,2025-05-13,Virement,71.59,Paid,TX218070190
PAY0001630,O001630,2026-03-10,Mobile Money,384.0,Paid,TX475980198
PAY0001631,O001631,2026-03-29,Mobile Money,166.47,Paid,TX936637789
PAY0001632,O001632,2025-11-05,Cash,99.34,Paid,TX377712154
PAY0001633,O001633,2026-04-20,Carte bancaire,63.21,Paid,TX262456917
PAY0001634,O001634,2026-03-30,Carte bancaire,0.0,Failed,TX298093811
PAY0001635,O001635,2025-10-15,Carte bancaire,128.39,Paid,TX498078262
PAY0001636,O001636,2025-04-09,Carte bancaire,400.45,Paid,TX417312713
PAY0001637,O001637,2025-08-31,Carte bancaire,0.0,Pending,TX274444703
PAY0001638,O001638,2026-05-12,Mobile Money,0.0,Pending,TX663163401
PAY0001639,O001639,2025-04-26,Mobile Money,0.0,Pending,TX227168220
PAY0001640,O001640,2026-07-02,Mobile Money,300.52,Paid,TX483817550
PAY0001641,O001641,2025-04-13,Virement,226.88,Paid,TX597825010
PAY0001642,O001642,2026-01-04,Mobile Money,34.22,Paid,TX961391460
PAY0001643,O001643,2025-12-19,Virement,81.31,Paid,TX671003077
PAY0001644,O001644,2025-04-19,Carte bancaire,68.91,Paid,TX846399461
PAY0001645,O001645,2025-09-19,Cash,176.41,Paid,TX886983655
PAY0001646,O001646,2025-03-24,Virement,105.44,Paid,TX500780180
PAY0001647,O001647,2025-07-22,Mobile Money,66.69,Paid,TX188087953
PAY0001648,O001648,2026-06-11,Carte bancaire,97.58,Paid,TX365521504
PAY0001649,O001649,2025-02-02,Carte bancaire,93.3,Paid,TX510166974
PAY0001650,O001650,2026-04-26,Mobile Money,0.0,Pending,TX111050338
PAY0001651,O001651,2026-01-08,Mobile Money,61.4,Paid,TX646375403
PAY0001652,O001652,2026-02-15,Carte bancaire,296.01,Paid,TX518216640
PAY0001653,O001653,2025-06-07,Cash,199.61,Paid,TX290339141
PAY0001654,O001654,2026-06-06,Mobile Money,13.5,Paid,TX647144939
PAY0001655,O001655,2025-05-23,Mobile Money,51.43,Paid,TX500895950
PAY0001656,O001656,2025-10-04,Virement,100.55,Paid,TX875311801
PAY0001657,O001657,2025-01-25,Mobile Money,386.98,Paid,TX756962740
PAY0001658,O001658,2026-05-06,Cash,341.3,Paid,TX732792187
PAY0001659,O001659,2026-01-25,Mobile Money,1795.4,Paid,TX910803831
PAY0001660,O001660,2025-04-01,Mobile Money,222.52,Paid,TX303435538
PAY0001661,O001661,2026-01-01,Mobile Money,135.39,Paid,TX613838615
PAY0001662,O001662,2025-04-11,Mobile Money,62.52,Paid,TX721124300
PAY0001663,O001663,2025-09-01,Mobile Money,251.02,Paid,TX666611020
PAY0001664,O001664,2025-10-09,Carte bancaire,0.0,Pending,TX960711467
PAY0001665,O001665,2026-05-26,Mobile Money,303.14,Paid,TX407806426
PAY0001666,O001666,2025-07-03,Cash,169.34,Paid,TX883781150
PAY0001667,O001667,2025-01-09,Mobile Money,723.77,Paid,TX505495438
PAY0001668,O001668,2025-08-30,Carte bancaire,1047.82,Paid,TX127402663
PAY0001669,O001669,2026-05-26,Carte bancaire,686.06,Paid,TX117800347
PAY0001670,O001670,2026-03-15,Mobile Money,39.8,Paid,TX560546699
PAY0001671,O001671,2025-02-04,Carte bancaire,557.25,Paid,TX672760993
PAY0001672,O001672,2025-01-31,Mobile Money,198.96,Paid,TX618535320
PAY0001673,O001673,2026-02-20,Virement,642.7,Paid,TX582935366
PAY0001674,O001674,2026-02-04,Carte bancaire,1024.8,Paid,TX137933312
PAY0001675,O001675,2025-11-05,Mobile Money,680.98,Paid,TX290037202
PAY0001676,O001676,2025-02-20,Carte bancaire,205.01,Paid,TX186176093
PAY0001677,O001677,2025-06-05,Mobile Money,438.91,Paid,TX966138394
PAY0001678,O001678,2026-04-13,Cash,586.49,Paid,TX461514971
PAY0001679,O001679,2025-03-21,Carte bancaire,15.98,Paid,TX659968092
PAY0001680,O001680,2025-04-24,Mobile Money,187.72,Paid,TX213282542
PAY0001681,O001681,2025-09-05,Mobile Money,184.73,Paid,TX603950452
PAY0001682,O001682,2026-02-11,Mobile Money,121.88,Paid,TX184500171
PAY0001683,O001683,2026-04-02,Virement,1314.88,Paid,TX469206841
PAY0001684,O001684,2025-11-22,Carte bancaire,236.55,Paid,TX781914116
PAY0001685,O001685,2025-09-29,Carte bancaire,1042.01,Paid,TX138243705
PAY0001686,O001686,2025-08-02,Mobile Money,0.0,Pending,TX330764983
PAY0001687,O001687,2025-01-28,Virement,1279.81,Paid,TX112473412
PAY0001688,O001688,2025-05-31,Carte bancaire,44.39,Refunded,TX147663149
PAY0001689,O001689,2025-04-30,Carte bancaire,496.78,Paid,TX948696150
PAY0001690,O001690,2025-02-02,Mobile Money,165.31,Paid,TX986379550
PAY0001691,O001691,2026-02-15,Mobile Money,42.83,Paid,TX839403779
PAY0001692,O001692,2025-07-14,Mobile Money,0.0,Pending,TX254372146
PAY0001693,O001693,2025-10-07,Virement,0.0,Pending,TX925522818
PAY0001694,O001694,2025-04-23,Carte bancaire,0.0,Failed,TX204198823
PAY0001695,O001695,2025-11-23,Mobile Money,75.61,Paid,TX333225188
PAY0001696,O001696,2025-03-17,Carte bancaire,157.64,Refunded,TX761808493
PAY0001697,O001697,2026-01-09,Mobile Money,0.0,Pending,TX676700502
PAY0001698,O001698,2026-02-11,Mobile Money,55.2,Paid,TX750718843
PAY0001699,O001699,2025-06-23,Carte bancaire,406.49,Paid,TX545168145
PAY0001700,O001700,2025-04-29,Mobile Money,794.99,Paid,TX388922276
PAY0001701,O001701,2026-03-08,Carte bancaire,1896.02,Paid,TX293115039
PAY0001702,O001702,2025-05-05,Carte bancaire,248.09,Paid,TX616723748
PAY0001703,O001703,2025-04-10,Mobile Money,170.43,Paid,TX693851544
PAY0001704,O001704,2025-07-10,Carte bancaire,180.21,Paid,TX129608904
PAY0001705,O001705,2026-06-18,Mobile Money,313.72,Paid,TX563370215
PAY0001706,O001706,2025-09-11,Virement,156.72,Paid,TX688225653
PAY0001707,O001707,2025-05-27,Mobile Money,82.87,Paid,TX738795608
PAY0001708,O001708,2025-10-09,Mobile Money,29.42,Paid,TX645444804
PAY0001709,O001709,2025-07-13,Mobile Money,611.5,Paid,TX266619733
PAY0001710,O001710,2026-01-01,Mobile Money,1950.54,Paid,TX675373437
PAY0001711,O001711,2025-09-02,Mobile Money,115.5,Refunded,TX675852812
PAY0001712,O001712,2025-11-23,Carte bancaire,1485.83,Paid,TX572494658
PAY0001713,O001713,2025-08-30,Virement,209.75,Paid,TX672504199
PAY0001714,O001714,2025-09-21,Mobile Money,0.0,Failed,TX598637722
PAY0001715,O001715,2025-09-05,Mobile Money,177.23,Paid,TX261838501
PAY0001716,O001716,2025-08-04,Mobile Money,62.15,Paid,TX951678705
PAY0001717,O001717,2026-06-14,Carte bancaire,0.0,Pending,TX499540544
PAY0001718,O001718,2025-05-30,Carte bancaire,69.09,Refunded,TX645224765
PAY0001719,O001719,2026-03-20,Virement,142.55,Refunded,TX805733465
PAY0001720,O001720,2026-01-25,Carte bancaire,0.0,Pending,TX916035892
PAY0001721,O001721,2025-10-18,Carte bancaire,1369.52,Paid,TX739305161
PAY0001722,O001722,2025-06-24,Mobile Money,143.6,Paid,TX848705555
PAY0001723,O001723,2025-09-26,Virement,54.65,Paid,TX692342024
PAY0001724,O001724,2026-04-11,Mobile Money,104.17,Paid,TX983019085
PAY0001725,O001725,2025-04-10,Carte bancaire,179.0,Paid,TX798714934
PAY0001726,O001726,2025-11-22,Virement,160.3,Paid,TX204212105
PAY0001727,O001727,2026-02-25,Mobile Money,73.1,Paid,TX947435478
PAY0001728,O001728,2025-12-18,Mobile Money,41.98,Paid,TX410711458
PAY0001729,O001729,2025-03-22,Mobile Money,58.84,Paid,TX356428853
PAY0001730,O001730,2025-10-08,Virement,0.0,Failed,TX674704184
PAY0001731,O001731,2025-04-13,Mobile Money,194.14,Paid,TX308752481
PAY0001732,O001732,2026-05-25,Mobile Money,53.96,Paid,TX640736121
PAY0001733,O001733,2025-07-15,Carte bancaire,3970.07,Paid,TX765214808
PAY0001734,O001734,2025-08-20,Carte bancaire,0.0,Pending,TX876222998
PAY0001735,O001735,2026-04-15,Carte bancaire,186.7,Paid,TX219274147
PAY0001736,O001736,2025-08-24,Carte bancaire,227.27,Paid,TX763878550
PAY0001737,O001737,2025-04-17,Cash,50.86,Paid,TX466779075
PAY0001738,O001738,2026-05-05,Mobile Money,0.0,Pending,TX611728538
PAY0001739,O001739,2025-12-22,Mobile Money,41.4,Paid,TX610107054
PAY0001740,O001740,2025-11-29,Carte bancaire,77.0,Paid,TX859946340
PAY0001741,O001741,2025-02-13,Mobile Money,125.17,Paid,TX267112699
PAY0001742,O001742,2025-09-05,Carte bancaire,1877.51,Paid,TX962820222
PAY0001743,O001743,2025-09-10,Cash,0.0,Failed,TX574946749
PAY0001744,O001744,2025-05-28,Carte bancaire,268.37,Paid,TX916456836
PAY0001745,O001745,2025-11-08,Mobile Money,0.0,Pending,TX564181424
PAY0001746,O001746,2025-05-17,Cash,401.32,Paid,TX754571685
PAY0001747,O001747,2025-09-16,Mobile Money,523.0,Paid,TX783918107
PAY0001748,O001748,2026-03-16,Mobile Money,831.59,Paid,TX674023675
PAY0001749,O001749,2026-02-09,Mobile Money,285.3,Paid,TX926069348
PAY0001750,O001750,2025-06-05,Mobile Money,21.43,Paid,TX326735416
PAY0001751,O001751,2025-04-25,Mobile Money,3557.25,Paid,TX692198383
PAY0001752,O001752,2025-01-06,Mobile Money,0.0,Pending,TX234095521
PAY0001753,O001753,2025-07-11,Carte bancaire,0.0,Failed,TX635875640
PAY0001754,O001754,2025-01-13,Carte bancaire,103.12,Paid,TX367650182
PAY0001755,O001755,2025-03-13,Carte bancaire,88.7,Paid,TX494479614
PAY0001756,O001756,2026-06-24,Carte bancaire,155.51,Refunded,TX936081552
PAY0001757,O001757,2026-04-17,Virement,159.15,Paid,TX773646765
PAY0001758,O001758,2025-11-06,Virement,823.67,Paid,TX214087259
PAY0001759,O001759,2026-03-02,Mobile Money,2268.03,Paid,TX640765790
PAY0001760,O001760,2025-09-25,Mobile Money,37.66,Paid,TX268613505
PAY0001761,O001761,2025-11-28,Carte bancaire,89.74,Paid,TX767466247
PAY0001762,O001762,2026-05-22,Mobile Money,30.15,Paid,TX816239654
PAY0001763,O001763,2025-02-15,Mobile Money,76.98,Paid,TX722176381
PAY0001764,O001764,2025-07-13,Mobile Money,0.0,Pending,TX184836870
PAY0001765,O001765,2025-03-08,Carte bancaire,2324.16,Paid,TX512758689
PAY0001766,O001766,2026-03-12,Mobile Money,78.31,Paid,TX878421639
PAY0001767,O001767,2026-03-30,Virement,610.9,Paid,TX711852660
PAY0001768,O001768,2026-02-04,Carte bancaire,0.0,Pending,TX738565406
PAY0001769,O001769,2025-12-01,Mobile Money,0.0,Failed,TX796076617
PAY0001770,O001770,2025-09-23,Carte bancaire,41.27,Paid,TX380579921
PAY0001771,O001771,2025-01-14,Carte bancaire,639.81,Paid,TX489000503
PAY0001772,O001772,2026-03-03,Mobile Money,0.0,Pending,TX881265584
PAY0001773,O001773,2026-05-09,Virement,51.24,Paid,TX981343283
PAY0001774,O001774,2026-06-17,Carte bancaire,420.83,Paid,TX411993470
PAY0001775,O001775,2025-07-08,Carte bancaire,222.87,Paid,TX452744583
PAY0001776,O001776,2025-04-23,Mobile Money,0.0,Pending,TX544960519
PAY0001777,O001777,2025-12-29,Mobile Money,37.9,Paid,TX164793689
PAY0001778,O001778,2025-01-13,Carte bancaire,24.12,Paid,TX422082896
PAY0001779,O001779,2025-02-04,Carte bancaire,145.37,Paid,TX933275178
PAY0001780,O001780,2026-03-29,Mobile Money,0.0,Pending,TX989933785
PAY0001781,O001781,2026-06-12,Cash,1011.5,Paid,TX430843803
PAY0001782,O001782,2025-08-14,Virement,106.78,Paid,TX533472321
PAY0001783,O001783,2025-10-07,Carte bancaire,81.66,Paid,TX626257964
PAY0001784,O001784,2025-10-30,Carte bancaire,939.27,Paid,TX780049208
PAY0001785,O001785,2025-03-17,Carte bancaire,0.0,Pending,TX542859858
PAY0001786,O001786,2025-05-05,Mobile Money,91.5,Refunded,TX839914228
PAY0001787,O001787,2025-06-15,Mobile Money,1176.47,Paid,TX548529781
PAY0001788,O001788,2026-04-11,Virement,0.0,Pending,TX867016143
PAY0001789,O001789,2025-08-30,Carte bancaire,1103.04,Paid,TX110297875
PAY0001790,O001790,2026-02-03,Virement,178.49,Refunded,TX399546976
PAY0001791,O001791,2025-04-17,Mobile Money,2028.0,Paid,TX859026427
PAY0001792,O001792,2026-06-09,Mobile Money,119.95,Paid,TX129883476
PAY0001793,O001793,2026-05-04,Mobile Money,271.83,Paid,TX925039580
PAY0001794,O001794,2025-09-21,Mobile Money,49.15,Paid,TX315784331
PAY0001795,O001795,2025-05-07,Carte bancaire,235.0,Paid,TX848122889
PAY0001796,O001796,2026-06-21,Mobile Money,0.0,Pending,TX377989438
PAY0001797,O001797,2026-03-20,Virement,99.4,Paid,TX814635001
PAY0001798,O001798,2025-10-09,Carte bancaire,0.0,Failed,TX398191433
PAY0001799,O001799,2025-05-29,Mobile Money,361.4,Paid,TX363778277
PAY0001800,O001800,2025-12-10,Carte bancaire,0.0,Failed,TX976870652
PAY0001801,O001801,2025-07-26,Cash,96.07,Paid,TX110062170
PAY0001802,O001802,2026-01-07,Mobile Money,237.39,Paid,TX129387207
PAY0001803,O001803,2026-04-02,Mobile Money,91.73,Paid,TX991024048
PAY0001804,O001804,2025-09-27,Mobile Money,85.68,Paid,TX901625716
PAY0001805,O001805,2025-01-28,Cash,63.97,Paid,TX584327807
PAY0001806,O001806,2025-11-06,Cash,0.0,Pending,TX614417502
PAY0001807,O001807,2026-04-17,Virement,108.56,Refunded,TX739060337
PAY0001808,O001808,2025-05-03,Mobile Money,85.39,Paid,TX668003589
PAY0001809,O001809,2026-06-11,Virement,43.76,Paid,TX844101362
PAY0001810,O001810,2025-07-20,Carte bancaire,841.87,Paid,TX423462148
PAY0001811,O001811,2026-01-12,Carte bancaire,592.27,Paid,TX567293123
PAY0001812,O001812,2026-01-21,Cash,329.26,Paid,TX112304832
PAY0001813,O001813,2025-04-11,Mobile Money,477.0,Refunded,TX675311437
PAY0001814,O001814,2025-01-24,Virement,161.05,Paid,TX162866170
PAY0001815,O001815,2026-06-04,Mobile Money,95.69,Paid,TX268840802
PAY0001816,O001816,2026-01-20,Virement,705.11,Paid,TX838348277
PAY0001817,O001817,2025-12-12,Carte bancaire,369.99,Paid,TX183538268
PAY0001818,O001818,2025-06-19,Mobile Money,1011.3,Paid,TX318924957
PAY0001819,O001819,2025-03-04,Virement,64.21,Paid,TX720083048
PAY0001820,O001820,2025-05-31,Mobile Money,327.63,Paid,TX830199869
PAY0001821,O001821,2025-10-28,Mobile Money,0.0,Pending,TX452522482
PAY0001822,O001822,2026-01-18,Mobile Money,19.5,Paid,TX133620290
PAY0001823,O001823,2025-06-25,Virement,194.16,Pending,TX981004425
PAY0001824,O001824,2025-05-02,Virement,121.58,Paid,TX827331467
PAY0001825,O001825,2025-05-21,Carte bancaire,316.22,Paid,TX858954619
PAY0001826,O001826,2026-06-14,Mobile Money,98.12,Paid,TX782674198
PAY0001827,O001827,2025-12-16,Mobile Money,449.74,Paid,TX669052483
PAY0001828,O001828,2026-07-01,Mobile Money,242.06,Paid,TX490051081
PAY0001829,O001829,2025-01-05,Mobile Money,28.5,Paid,TX153339094
PAY0001830,O001830,2025-09-09,Virement,1423.91,Paid,TX161063874
PAY0001831,O001831,2025-09-10,Mobile Money,189.13,Paid,TX783842335
PAY0001832,O001832,2025-08-08,Mobile Money,66.31,Paid,TX843826262
PAY0001833,O001833,2025-08-05,Mobile Money,99.24,Paid,TX251251945
PAY0001834,O001834,2025-02-14,Cash,222.72,Paid,TX541443359
PAY0001835,O001835,2025-01-22,Mobile Money,87.33,Paid,TX985309232
PAY0001836,O001836,2026-03-07,Carte bancaire,124.39,Paid,TX483930268
PAY0001837,O001837,2025-08-31,Mobile Money,0.0,Pending,TX608257833
PAY0001838,O001838,2025-04-01,Carte bancaire,211.86,Paid,TX133070876
PAY0001839,O001839,2025-07-13,Carte bancaire,205.09,Paid,TX231324054
PAY0001840,O001840,2026-05-29,Mobile Money,336.13,Paid,TX212831041
PAY0001841,O001841,2025-09-18,Mobile Money,185.8,Paid,TX324512089
PAY0001842,O001842,2026-06-30,Mobile Money,2801.5,Paid,TX993614096
PAY0001843,O001843,2025-03-30,Virement,517.96,Paid,TX396632132
PAY0001844,O001844,2025-03-12,Carte bancaire,54.04,Paid,TX953467278
PAY0001845,O001845,2025-11-05,Virement,345.92,Paid,TX312611462
PAY0001846,O001846,2026-01-10,Mobile Money,75.88,Paid,TX918665830
PAY0001847,O001847,2026-06-26,Carte bancaire,393.32,Paid,TX270222942
PAY0001848,O001848,2025-09-17,Carte bancaire,197.74,Refunded,TX710146885
PAY0001849,O001849,2025-04-24,Mobile Money,877.21,Paid,TX790936919
PAY0001850,O001850,2025-10-24,Mobile Money,0.0,Failed,TX474983891
PAY0001851,O001851,2025-06-18,Mobile Money,339.14,Paid,TX111548997
PAY0001852,O001852,2025-04-13,Mobile Money,191.5,Paid,TX821831332
PAY0001853,O001853,2025-02-22,Cash,0.0,Failed,TX527216040
PAY0001854,O001854,2026-02-03,Cash,0.0,Pending,TX388002574
PAY0001855,O001855,2025-12-21,Virement,0.0,Failed,TX450113880
PAY0001856,O001856,2025-04-05,Mobile Money,61.4,Paid,TX534564910
PAY0001857,O001857,2025-11-06,Mobile Money,226.64,Paid,TX466119514
PAY0001858,O001858,2026-05-04,Mobile Money,166.64,Paid,TX954147948
PAY0001859,O001859,2026-03-28,Virement,48.12,Paid,TX601679967
PAY0001860,O001860,2025-09-07,Mobile Money,666.1,Paid,TX306169806
PAY0001861,O001861,2025-02-02,Mobile Money,365.29,Paid,TX419242782
PAY0001862,O001862,2025-12-14,Carte bancaire,240.78,Paid,TX684363328
PAY0001863,O001863,2025-10-14,Carte bancaire,0.0,Failed,TX515302751
PAY0001864,O001864,2026-05-25,Carte bancaire,21.34,Refunded,TX553337731
PAY0001865,O001865,2025-11-04,Carte bancaire,15.66,Paid,TX569604304
PAY0001866,O001866,2026-02-13,Carte bancaire,220.88,Paid,TX651179625
PAY0001867,O001867,2025-10-20,Virement,1837.16,Paid,TX674367636
PAY0001868,O001868,2025-10-25,Mobile Money,159.53,Paid,TX646169171
PAY0001869,O001869,2025-06-25,Mobile Money,0.0,Failed,TX101690493
PAY0001870,O001870,2025-08-09,Mobile Money,43.16,Paid,TX152749429
PAY0001871,O001871,2025-06-12,Carte bancaire,107.26,Paid,TX206072984
PAY0001872,O001872,2025-09-15,Carte bancaire,345.67,Paid,TX176106734
PAY0001873,O001873,2026-06-10,Carte bancaire,289.77,Paid,TX944736656
PAY0001874,O001874,2025-07-11,Carte bancaire,454.76,Paid,TX672803024
PAY0001875,O001875,2025-09-12,Carte bancaire,456.02,Paid,TX816070397
PAY0001876,O001876,2026-06-06,Cash,154.45,Paid,TX831054171
PAY0001877,O001877,2025-03-24,Mobile Money,255.3,Paid,TX562628221
PAY0001878,O001878,2025-05-21,Cash,942.86,Paid,TX954747118
PAY0001879,O001879,2025-09-30,Carte bancaire,891.94,Refunded,TX298161995
PAY0001880,O001880,2025-08-16,Mobile Money,68.59,Paid,TX231402454
PAY0001881,O001881,2025-07-10,Mobile Money,140.51,Paid,TX477925193
PAY0001882,O001882,2026-03-07,Carte bancaire,201.38,Paid,TX163591422
PAY0001883,O001883,2025-10-04,Carte bancaire,98.67,Paid,TX460659120
PAY0001884,O001884,2025-07-20,Carte bancaire,267.62,Paid,TX326328436
PAY0001885,O001885,2025-09-20,Mobile Money,607.82,Paid,TX167501144
PAY0001886,O001886,2026-05-04,Mobile Money,119.52,Paid,TX667089559
PAY0001887,O001887,2026-06-27,Carte bancaire,2674.27,Paid,TX806238946
PAY0001888,O001888,2025-05-17,Virement,0.0,Failed,TX275996137
PAY0001889,O001889,2025-01-25,Mobile Money,172.3,Paid,TX282029421
PAY0001890,O001890,2025-01-19,Carte bancaire,43.07,Paid,TX552011988
PAY0001891,O001891,2025-09-06,Mobile Money,247.5,Paid,TX585672170
PAY0001892,O001892,2025-12-11,Mobile Money,128.58,Paid,TX107967075
PAY0001893,O001893,2025-02-02,Virement,571.5,Paid,TX777975957
PAY0001894,O001894,2025-10-06,Virement,937.16,Paid,TX985182466
PAY0001895,O001895,2025-08-12,Carte bancaire,84.59,Paid,TX985932432
PAY0001896,O001896,2026-05-28,Carte bancaire,63.03,Refunded,TX389891977
PAY0001897,O001897,2025-11-28,Mobile Money,160.7,Paid,TX537316383
PAY0001898,O001898,2025-08-24,Mobile Money,0.0,Pending,TX147118024
PAY0001899,O001899,2025-11-21,Carte bancaire,252.3,Paid,TX821527784
PAY0001900,O001900,2025-03-18,Virement,1103.5,Paid,TX100260513
PAY0001901,O001901,2025-09-19,Mobile Money,0.0,Pending,TX806269051
PAY0001902,O001902,2025-07-03,Cash,96.77,Paid,TX959101798
PAY0001903,O001903,2025-04-14,Cash,195.62,Paid,TX590689356
PAY0001904,O001904,2025-08-04,Mobile Money,54.41,Pending,TX673572117
PAY0001905,O001905,2025-12-20,Mobile Money,170.77,Refunded,TX931544374
PAY0001906,O001906,2025-11-17,Mobile Money,0.0,Pending,TX918447219
PAY0001907,O001907,2026-06-16,Cash,690.98,Paid,TX915479658
PAY0001908,O001908,2025-05-31,Mobile Money,156.15,Paid,TX727579682
PAY0001909,O001909,2026-01-23,Mobile Money,54.84,Paid,TX423321580
PAY0001910,O001910,2025-10-29,Virement,1013.34,Paid,TX770900071
PAY0001911,O001911,2026-04-28,Mobile Money,749.27,Paid,TX711543875
PAY0001912,O001912,2026-05-17,Cash,858.46,Paid,TX785474421
PAY0001913,O001913,2026-01-26,Virement,264.56,Paid,TX892936582
PAY0001914,O001914,2025-08-21,Mobile Money,1659.79,Paid,TX338321640
PAY0001915,O001915,2025-10-20,Virement,707.9,Paid,TX262854999
PAY0001916,O001916,2025-12-25,Virement,0.0,Pending,TX558827396
PAY0001917,O001917,2026-03-19,Carte bancaire,0.0,Pending,TX680187665
PAY0001918,O001918,2025-05-07,Virement,2122.58,Paid,TX681718419
PAY0001919,O001919,2026-04-28,Carte bancaire,857.36,Pending,TX296104343
PAY0001920,O001920,2026-03-16,Virement,0.0,Failed,TX364566459
PAY0001921,O001921,2025-02-19,Virement,195.12,Paid,TX777259267
PAY0001922,O001922,2025-06-01,Cash,130.8,Paid,TX125890193
PAY0001923,O001923,2025-05-11,Virement,50.54,Paid,TX600438134
PAY0001924,O001924,2025-11-16,Cash,237.01,Paid,TX675237978
PAY0001925,O001925,2025-04-28,Mobile Money,34.9,Paid,TX195061274
PAY0001926,O001926,2025-06-17,Mobile Money,2323.32,Refunded,TX742660726
PAY0001927,O001927,2025-04-15,Carte bancaire,0.0,Failed,TX500233839
PAY0001928,O001928,2025-02-07,Mobile Money,267.72,Paid,TX992064599
PAY0001929,O001929,2025-09-10,Virement,182.98,Paid,TX104632067
PAY0001930,O001930,2025-06-28,Mobile Money,145.61,Paid,TX246582296
PAY0001931,O001931,2025-10-06,Carte bancaire,92.67,Refunded,TX181587354
PAY0001932,O001932,2025-04-28,Carte bancaire,112.03,Paid,TX153971000
PAY0001933,O001933,2025-06-09,Virement,0.0,Pending,TX572514612
PAY0001934,O001934,2026-05-07,Mobile Money,389.47,Paid,TX876649764
PAY0001935,O001935,2026-03-20,Cash,172.82,Paid,TX556182431
PAY0001936,O001936,2025-05-28,Mobile Money,2020.05,Paid,TX116000653
PAY0001937,O001937,2025-04-01,Mobile Money,136.05,Paid,TX691118518
PAY0001938,O001938,2026-06-20,Mobile Money,826.54,Paid,TX447803536
PAY0001939,O001939,2026-01-12,Virement,16.95,Paid,TX462438304
PAY0001940,O001940,2025-09-29,Mobile Money,0.0,Pending,TX618974583
PAY0001941,O001941,2026-01-22,Mobile Money,154.54,Paid,TX908080396
PAY0001942,O001942,2025-05-02,Mobile Money,463.13,Paid,TX192996245
PAY0001943,O001943,2025-08-23,Carte bancaire,159.65,Paid,TX859456091
PAY0001944,O001944,2025-08-03,Mobile Money,0.0,Pending,TX960239606
PAY0001945,O001945,2026-02-04,Mobile Money,0.0,Failed,TX804074502
PAY0001946,O001946,2025-04-14,Mobile Money,55.84,Paid,TX449691260
PAY0001947,O001947,2025-09-27,Carte bancaire,145.76,Paid,TX198882504
PAY0001948,O001948,2026-04-03,Mobile Money,51.23,Paid,TX351882968
PAY0001949,O001949,2025-04-20,Carte bancaire,34.55,Paid,TX557714189
PAY0001950,O001950,2025-03-08,Cash,289.79,Paid,TX650386366
PAY0001951,O001951,2026-03-30,Carte bancaire,53.45,Paid,TX287110289
PAY0001952,O001952,2026-04-25,Virement,0.0,Pending,TX304610850
PAY0001953,O001953,2025-08-25,Mobile Money,1184.57,Refunded,TX832910841
PAY0001954,O001954,2025-01-29,Carte bancaire,1393.0,Paid,TX301614729
PAY0001955,O001955,2025-10-25,Mobile Money,318.68,Paid,TX939798229
PAY0001956,O001956,2025-06-16,Carte bancaire,50.44,Paid,TX100543632
PAY0001957,O001957,2025-11-18,Mobile Money,139.54,Paid,TX936608394
PAY0001958,O001958,2025-03-18,Carte bancaire,156.07,Pending,TX194274836
PAY0001959,O001959,2026-03-22,Carte bancaire,0.0,Failed,TX748939222
PAY0001960,O001960,2026-01-13,Carte bancaire,968.45,Paid,TX906094382
PAY0001961,O001961,2025-12-22,Mobile Money,496.62,Paid,TX969563173
PAY0001962,O001962,2025-10-12,Mobile Money,765.04,Paid,TX280082900
PAY0001963,O001963,2025-05-02,Mobile Money,88.11,Paid,TX598958891
PAY0001964,O001964,2026-06-03,Carte bancaire,764.18,Paid,TX150135841
PAY0001965,O001965,2025-05-28,Mobile Money,0.0,Pending,TX312355818
PAY0001966,O001966,2025-07-20,Carte bancaire,474.68,Paid,TX893640800
PAY0001967,O001967,2026-05-25,Carte bancaire,174.26,Paid,TX823157935
PAY0001968,O001968,2025-01-24,Mobile Money,64.29,Paid,TX174818258
PAY0001969,O001969,2025-03-14,Mobile Money,41.47,Paid,TX651204353
PAY0001970,O001970,2026-02-22,Carte bancaire,188.45,Refunded,TX959676233
PAY0001971,O001971,2025-07-25,Carte bancaire,233.65,Paid,TX707129539
PAY0001972,O001972,2025-11-16,Mobile Money,628.78,Paid,TX801950516
PAY0001973,O001973,2025-11-16,Mobile Money,74.77,Paid,TX177591507
PAY0001974,O001974,2026-04-01,Cash,0.0,Pending,TX765868961
PAY0001975,O001975,2025-12-08,Mobile Money,0.0,Failed,TX331014193
PAY0001976,O001976,2025-08-22,Mobile Money,92.37,Paid,TX926202923
PAY0001977,O001977,2025-10-30,Carte bancaire,0.0,Pending,TX337260644
PAY0001978,O001978,2026-02-10,Mobile Money,27.35,Paid,TX453261085
PAY0001979,O001979,2025-07-28,Mobile Money,615.14,Paid,TX261411713
PAY0001980,O001980,2025-04-04,Virement,649.62,Paid,TX290045498
PAY0001981,O001981,2025-09-27,Cash,19.55,Paid,TX885536000
PAY0001982,O001982,2026-07-02,Carte bancaire,43.57,Paid,TX802494051
PAY0001983,O001983,2025-03-05,Carte bancaire,118.39,Paid,TX470688779
PAY0001984,O001984,2025-04-07,Mobile Money,79.94,Paid,TX397796815
PAY0001985,O001985,2026-07-03,Carte bancaire,28.89,Paid,TX687339946
PAY0001986,O001986,2026-04-01,Carte bancaire,306.07,Paid,TX605063503
PAY0001987,O001987,2025-03-08,Carte bancaire,326.15,Paid,TX561383144
PAY0001988,O001988,2025-05-01,Mobile Money,300.07,Paid,TX533763475
PAY0001989,O001989,2026-01-16,Mobile Money,657.46,Paid,TX755000583
PAY0001990,O001990,2026-03-09,Carte bancaire,0.0,Failed,TX491793200
PAY0001991,O001991,2026-02-07,Carte bancaire,196.76,Paid,TX572510593
PAY0001992,O001992,2026-04-21,Cash,1156.71,Paid,TX376003357
PAY0001993,O001993,2025-10-06,Mobile Money,275.6,Paid,TX687903160
PAY0001994,O001994,2026-04-29,Cash,82.43,Paid,TX514376701
PAY0001995,O001995,2025-11-26,Mobile Money,0.0,Failed,TX940248085
PAY0001996,O001996,2025-09-18,Mobile Money,64.87,Paid,TX214508257
PAY0001997,O001997,2025-12-17,Virement,617.59,Paid,TX562924402
PAY0001998,O001998,2025-08-27,Carte bancaire,764.05,Paid,TX149542706
PAY0001999,O001999,2025-11-29,Mobile Money,22.81,Paid,TX859108968
PAY0002000,O002000,2026-04-05,Carte bancaire,561.13,Paid,TX113433848
PAY0002001,O002001,2026-06-12,Mobile Money,759.8,Paid,TX180634048
PAY0002002,O002002,2025-11-17,Cash,0.0,Pending,TX565780084
PAY0002003,O002003,2025-01-08,Virement,163.04,Paid,TX660523116
PAY0002004,O002004,2025-12-10,Carte bancaire,253.88,Paid,TX687617013
PAY0002005,O002005,2025-05-22,Mobile Money,31.7,Paid,TX715415063
PAY0002006,O002006,2025-05-10,Mobile Money,77.62,Paid,TX899458599
PAY0002007,O002007,2026-05-02,Virement,98.67,Paid,TX248928788
PAY0002008,O002008,2025-09-06,Mobile Money,390.18,Paid,TX116385025
PAY0002009,O002009,2026-03-12,Mobile Money,225.22,Refunded,TX276944834
PAY0002010,O002010,2025-07-26,Carte bancaire,106.0,Paid,TX162849626
PAY0002011,O002011,2025-12-01,Virement,0.0,Pending,TX661104854
PAY0002012,O002012,2026-01-03,Mobile Money,75.36,Paid,TX309234669
PAY0002013,O002013,2026-05-07,Carte bancaire,62.94,Refunded,TX419859648
PAY0002014,O002014,2025-04-18,Cash,364.42,Paid,TX650465346
PAY0002015,O002015,2025-11-08,Mobile Money,90.33,Paid,TX410149403
PAY0002016,O002016,2025-08-15,Mobile Money,66.5,Paid,TX768798413
PAY0002017,O002017,2025-09-15,Mobile Money,0.0,Pending,TX526654572
PAY0002018,O002018,2026-04-12,Mobile Money,387.75,Paid,TX704597977
PAY0002019,O002019,2025-03-19,Virement,43.03,Paid,TX295780701
PAY0002020,O002020,2025-10-27,Mobile Money,79.83,Paid,TX293275428
PAY0002021,O002021,2025-08-05,Carte bancaire,66.18,Paid,TX888442296
PAY0002022,O002022,2026-05-09,Carte bancaire,111.98,Paid,TX128354199
PAY0002023,O002023,2025-04-29,Carte bancaire,0.0,Failed,TX178914812
PAY0002024,O002024,2025-05-12,Mobile Money,332.7,Paid,TX571074814
PAY0002025,O002025,2025-02-19,Mobile Money,38.2,Paid,TX544656438
PAY0002026,O002026,2025-08-30,Mobile Money,145.25,Paid,TX966940507
PAY0002027,O002027,2025-01-07,Mobile Money,87.02,Paid,TX925840862
PAY0002028,O002028,2025-10-06,Mobile Money,534.03,Paid,TX580430602
PAY0002029,O002029,2025-05-06,Mobile Money,61.27,Paid,TX876876146
PAY0002030,O002030,2025-08-08,Carte bancaire,1520.6,Paid,TX962427779
PAY0002031,O002031,2025-12-01,Carte bancaire,31.19,Paid,TX745516201
PAY0002032,O002032,2026-01-13,Mobile Money,162.78,Paid,TX723165245
PAY0002033,O002033,2025-02-06,Mobile Money,39.38,Paid,TX960893892
PAY0002034,O002034,2025-03-24,Mobile Money,0.0,Failed,TX924855124
PAY0002035,O002035,2025-06-27,Carte bancaire,69.9,Paid,TX813164115
PAY0002036,O002036,2025-10-16,Carte bancaire,0.0,Pending,TX601484550
PAY0002037,O002037,2026-05-01,Carte bancaire,162.2,Paid,TX910214425
PAY0002038,O002038,2025-03-22,Mobile Money,79.61,Paid,TX674963940
PAY0002039,O002039,2025-02-07,Mobile Money,129.32,Paid,TX911388960
PAY0002040,O002040,2025-12-12,Virement,12.86,Refunded,TX680264259
PAY0002041,O002041,2026-06-21,Mobile Money,74.15,Paid,TX146480056
PAY0002042,O002042,2026-04-02,Mobile Money,651.08,Paid,TX781345675
PAY0002043,O002043,2025-11-09,Carte bancaire,678.57,Paid,TX883278538
PAY0002044,O002044,2025-01-11,Carte bancaire,115.17,Paid,TX621733892
PAY0002045,O002045,2025-11-16,Carte bancaire,0.0,Failed,TX747382721
PAY0002046,O002046,2025-09-11,Virement,80.33,Paid,TX991749204
PAY0002047,O002047,2025-09-06,Carte bancaire,91.08,Paid,TX719739157
PAY0002048,O002048,2025-10-02,Virement,75.77,Paid,TX484452429
PAY0002049,O002049,2025-11-08,Mobile Money,520.2,Paid,TX149212323
PAY0002050,O002050,2026-02-02,Carte bancaire,12.4,Paid,TX768188893
PAY0002051,O002051,2025-04-16,Mobile Money,0.0,Pending,TX211226958
PAY0002052,O002052,2025-02-13,Carte bancaire,15.9,Paid,TX286751740
PAY0002053,O002053,2025-02-02,Mobile Money,169.08,Paid,TX229143721
PAY0002054,O002054,2025-08-12,Carte bancaire,148.12,Paid,TX396943588
PAY0002055,O002055,2025-10-10,Carte bancaire,44.84,Paid,TX582497607
PAY0002056,O002056,2026-03-07,Mobile Money,57.95,Paid,TX101482007
PAY0002057,O002057,2025-08-29,Carte bancaire,122.12,Paid,TX307025881
PAY0002058,O002058,2025-10-22,Carte bancaire,146.15,Paid,TX548877178
PAY0002059,O002059,2026-06-22,Virement,247.36,Paid,TX531376331
PAY0002060,O002060,2026-02-17,Mobile Money,46.87,Paid,TX841326183
PAY0002061,O002061,2026-01-15,Carte bancaire,157.5,Paid,TX359439833
PAY0002062,O002062,2025-07-21,Cash,315.55,Pending,TX380710361
PAY0002063,O002063,2025-03-26,Mobile Money,0.0,Pending,TX684856682
PAY0002064,O002064,2026-05-21,Carte bancaire,0.0,Pending,TX187786797
PAY0002065,O002065,2025-11-03,Mobile Money,105.9,Paid,TX574187947
PAY0002066,O002066,2025-02-13,Virement,182.1,Paid,TX794615951
PAY0002067,O002067,2025-09-26,Carte bancaire,1268.96,Refunded,TX807710494
PAY0002068,O002068,2025-02-22,Cash,505.66,Paid,TX393217208
PAY0002069,O002069,2026-06-22,Carte bancaire,151.1,Paid,TX684332240
PAY0002070,O002070,2025-10-20,Carte bancaire,167.1,Paid,TX919250279
PAY0002071,O002071,2026-03-07,Carte bancaire,0.0,Pending,TX221575401
PAY0002072,O002072,2025-09-20,Virement,182.04,Paid,TX893696444
PAY0002073,O002073,2025-01-11,Carte bancaire,43.43,Paid,TX250253329
PAY0002074,O002074,2025-12-19,Mobile Money,840.32,Paid,TX926556322
PAY0002075,O002075,2025-12-26,Mobile Money,32.98,Paid,TX566446874
PAY0002076,O002076,2025-05-08,Carte bancaire,239.65,Paid,TX244197261
PAY0002077,O002077,2026-01-31,Mobile Money,337.25,Paid,TX379266751
PAY0002078,O002078,2025-05-07,Carte bancaire,92.99,Paid,TX845122068
PAY0002079,O002079,2026-01-16,Virement,86.06,Paid,TX979695861
PAY0002080,O002080,2026-02-17,Mobile Money,119.82,Paid,TX704821544
PAY0002081,O002081,2025-03-17,Mobile Money,41.26,Paid,TX230520318
PAY0002082,O002082,2025-06-11,Virement,460.07,Paid,TX923070460
PAY0002083,O002083,2025-04-02,Carte bancaire,125.18,Paid,TX377879857
PAY0002084,O002084,2026-02-03,Virement,40.68,Paid,TX731760531
PAY0002085,O002085,2025-05-12,Mobile Money,305.67,Paid,TX360787927
PAY0002086,O002086,2025-12-21,Mobile Money,94.76,Paid,TX773065131
PAY0002087,O002087,2025-08-21,Mobile Money,128.35,Paid,TX619939471
PAY0002088,O002088,2025-02-15,Mobile Money,570.6,Paid,TX505048833
PAY0002089,O002089,2026-05-02,Virement,721.5,Paid,TX321363966
PAY0002090,O002090,2026-01-28,Carte bancaire,0.0,Pending,TX364540622
PAY0002091,O002091,2025-05-24,Mobile Money,708.21,Paid,TX162355184
PAY0002092,O002092,2026-05-01,Mobile Money,193.2,Paid,TX788615928
PAY0002093,O002093,2026-01-26,Carte bancaire,616.24,Paid,TX563070965
PAY0002094,O002094,2026-03-26,Mobile Money,165.72,Paid,TX321479511
PAY0002095,O002095,2025-04-11,Mobile Money,119.79,Paid,TX382290919
PAY0002096,O002096,2025-01-09,Carte bancaire,113.75,Paid,TX411686436
PAY0002097,O002097,2025-02-04,Mobile Money,125.14,Paid,TX718415577
PAY0002098,O002098,2025-10-27,Carte bancaire,60.61,Paid,TX386401492
PAY0002099,O002099,2026-03-10,Mobile Money,0.0,Pending,TX377216543
PAY0002100,O002100,2026-05-20,Mobile Money,108.45,Paid,TX439486133
PAY0002101,O002101,2026-06-11,Mobile Money,337.94,Paid,TX481775060
PAY0002102,O002102,2025-11-28,Mobile Money,435.38,Refunded,TX184112119
PAY0002103,O002103,2025-12-14,Mobile Money,143.38,Paid,TX345608300
PAY0002104,O002104,2025-06-11,Cash,259.16,Paid,TX699523597
PAY0002105,O002105,2025-01-03,Mobile Money,16.44,Paid,TX454430559
PAY0002106,O002106,2025-04-18,Carte bancaire,715.18,Paid,TX753491237
PAY0002107,O002107,2025-02-04,Mobile Money,54.86,Paid,TX465308771
PAY0002108,O002108,2026-01-15,Mobile Money,30.04,Paid,TX673320247
PAY0002109,O002109,2025-10-04,Carte bancaire,526.43,Paid,TX821762587
PAY0002110,O002110,2026-03-01,Carte bancaire,0.0,Pending,TX539559892
PAY0002111,O002111,2025-03-26,Mobile Money,208.53,Paid,TX414489717
PAY0002112,O002112,2026-05-16,Mobile Money,42.05,Refunded,TX838984832
PAY0002113,O002113,2026-02-01,Virement,235.04,Paid,TX259986222
PAY0002114,O002114,2026-05-13,Mobile Money,0.0,Pending,TX151799621
PAY0002115,O002115,2025-12-25,Virement,414.12,Paid,TX621404970
PAY0002116,O002116,2025-07-06,Mobile Money,294.33,Paid,TX524448666
PAY0002117,O002117,2025-12-12,Virement,4729.14,Paid,TX658060184
PAY0002118,O002118,2025-11-29,Carte bancaire,1063.67,Refunded,TX301277891
PAY0002119,O002119,2025-04-13,Mobile Money,1843.1,Paid,TX591786382
PAY0002120,O002120,2025-02-26,Mobile Money,59.73,Paid,TX151557417
PAY0002121,O002121,2025-12-26,Virement,35.32,Paid,TX706189516
PAY0002122,O002122,2025-02-24,Mobile Money,41.59,Paid,TX128224883
PAY0002123,O002123,2025-02-24,Mobile Money,3538.41,Paid,TX568177621
PAY0002124,O002124,2025-02-09,Mobile Money,154.01,Paid,TX341037504
PAY0002125,O002125,2025-12-10,Mobile Money,0.0,Failed,TX123346470
PAY0002126,O002126,2026-05-24,Carte bancaire,1448.11,Paid,TX682050527
PAY0002127,O002127,2025-10-01,Carte bancaire,90.36,Refunded,TX454166065
PAY0002128,O002128,2025-03-27,Virement,1103.4,Paid,TX270362104
PAY0002129,O002129,2025-10-10,Mobile Money,256.22,Paid,TX681310633
PAY0002130,O002130,2025-09-22,Carte bancaire,136.66,Paid,TX767092628
PAY0002131,O002131,2025-11-24,Cash,335.59,Paid,TX863264975
PAY0002132,O002132,2025-08-30,Mobile Money,291.5,Paid,TX912822699
PAY0002133,O002133,2025-10-21,Virement,0.0,Pending,TX506618403
PAY0002134,O002134,2025-06-30,Mobile Money,37.15,Paid,TX351450647
PAY0002135,O002135,2026-05-15,Mobile Money,103.55,Paid,TX982088002
PAY0002136,O002136,2025-10-25,Mobile Money,23.61,Paid,TX239000297
PAY0002137,O002137,2025-06-22,Mobile Money,102.85,Paid,TX325520820
PAY0002138,O002138,2025-01-06,Mobile Money,48.61,Paid,TX629965057
PAY0002139,O002139,2026-01-09,Mobile Money,498.74,Refunded,TX356033771
PAY0002140,O002140,2025-07-31,Mobile Money,192.75,Paid,TX155686086
PAY0002141,O002141,2025-05-17,Cash,0.0,Failed,TX785968594
PAY0002142,O002142,2025-09-20,Virement,200.27,Refunded,TX567533169
PAY0002143,O002143,2025-09-23,Carte bancaire,518.1,Paid,TX202164758
PAY0002144,O002144,2026-03-19,Mobile Money,348.94,Paid,TX877803420
PAY0002145,O002145,2025-10-29,Cash,106.0,Paid,TX824309170
PAY0002146,O002146,2026-01-22,Cash,85.88,Paid,TX356694712
PAY0002147,O002147,2025-12-22,Virement,21.74,Paid,TX282156786
PAY0002148,O002148,2026-04-15,Carte bancaire,272.52,Paid,TX340588969
PAY0002149,O002149,2025-01-08,Mobile Money,311.89,Paid,TX184936249
PAY0002150,O002150,2025-07-28,Virement,334.74,Paid,TX201833953
PAY0002151,O002151,2026-01-29,Carte bancaire,0.0,Pending,TX260077355
PAY0002152,O002152,2025-03-19,Carte bancaire,31.92,Paid,TX299173543
PAY0002153,O002153,2025-08-31,Mobile Money,0.0,Failed,TX468152781
PAY0002154,O002154,2025-08-09,Mobile Money,118.01,Paid,TX266286629
PAY0002155,O002155,2026-03-22,Cash,128.36,Paid,TX804726833
PAY0002156,O002156,2026-06-13,Carte bancaire,745.53,Paid,TX278442468
PAY0002157,O002157,2025-03-04,Carte bancaire,0.0,Failed,TX522056626
PAY0002158,O002158,2025-04-28,Mobile Money,194.87,Paid,TX374090464
PAY0002159,O002159,2026-03-01,Mobile Money,150.37,Paid,TX730825162
PAY0002160,O002160,2025-04-09,Mobile Money,182.8,Paid,TX656178303
PAY0002161,O002161,2025-10-03,Virement,63.07,Paid,TX298539215
PAY0002162,O002162,2026-06-06,Carte bancaire,199.32,Paid,TX339774699
PAY0002163,O002163,2026-06-20,Mobile Money,0.0,Pending,TX508683673
PAY0002164,O002164,2026-06-05,Mobile Money,0.0,Failed,TX581613359
PAY0002165,O002165,2025-03-18,Mobile Money,166.57,Paid,TX210991178
PAY0002166,O002166,2025-03-27,Mobile Money,50.97,Paid,TX458465225
PAY0002167,O002167,2025-04-11,Virement,37.39,Paid,TX932850583
PAY0002168,O002168,2026-02-27,Virement,17.36,Refunded,TX570871553
PAY0002169,O002169,2025-04-09,Mobile Money,0.0,Pending,TX123101099
PAY0002170,O002170,2025-08-24,Mobile Money,95.17,Pending,TX701735799
PAY0002171,O002171,2026-03-28,Cash,614.1,Paid,TX865819458
PAY0002172,O002172,2025-09-29,Mobile Money,145.5,Paid,TX681839903
PAY0002173,O002173,2026-06-02,Carte bancaire,269.5,Paid,TX152573258
PAY0002174,O002174,2025-10-05,Mobile Money,615.86,Paid,TX427821716
PAY0002175,O002175,2025-07-28,Mobile Money,145.55,Refunded,TX621042977
PAY0002176,O002176,2026-06-16,Mobile Money,94.62,Paid,TX963633785
PAY0002177,O002177,2025-10-29,Mobile Money,0.0,Pending,TX783836387
PAY0002178,O002178,2025-04-12,Mobile Money,2310.25,Refunded,TX631325650
PAY0002179,O002179,2025-12-17,Carte bancaire,84.81,Paid,TX597937601
PAY0002180,O002180,2026-03-01,Mobile Money,41.1,Paid,TX873723708
PAY0002181,O002181,2026-04-08,Virement,175.45,Paid,TX459078403
PAY0002182,O002182,2025-01-05,Mobile Money,1212.89,Paid,TX546456699
PAY0002183,O002183,2025-03-01,Mobile Money,63.69,Paid,TX414462333
PAY0002184,O002184,2025-12-11,Mobile Money,0.0,Pending,TX963216558
PAY0002185,O002185,2026-02-12,Mobile Money,473.07,Paid,TX340461272
PAY0002186,O002186,2025-12-26,Mobile Money,618.36,Paid,TX883221702
PAY0002187,O002187,2025-08-01,Mobile Money,0.0,Pending,TX408440021
PAY0002188,O002188,2026-02-22,Virement,0.0,Pending,TX190306493
PAY0002189,O002189,2025-11-18,Mobile Money,76.12,Paid,TX865902209
PAY0002190,O002190,2026-05-24,Mobile Money,168.95,Paid,TX147184922
PAY0002191,O002191,2025-07-21,Carte bancaire,117.1,Paid,TX252627571
PAY0002192,O002192,2026-02-21,Mobile Money,165.68,Paid,TX443651182
PAY0002193,O002193,2025-03-24,Carte bancaire,0.0,Failed,TX651917984
PAY0002194,O002194,2026-02-09,Cash,2493.99,Paid,TX653807030
PAY0002195,O002195,2026-02-08,Mobile Money,671.25,Paid,TX968532441
PAY0002196,O002196,2025-05-22,Mobile Money,829.71,Paid,TX724000430
PAY0002197,O002197,2025-02-07,Carte bancaire,182.93,Paid,TX291236525
PAY0002198,O002198,2026-07-03,Carte bancaire,402.63,Paid,TX651801525
PAY0002199,O002199,2025-02-11,Virement,0.0,Pending,TX647359690
PAY0002200,O002200,2025-09-15,Carte bancaire,0.0,Pending,TX227002290
PAY0002201,O002201,2025-01-04,Mobile Money,1761.29,Paid,TX989081558
PAY0002202,O002202,2025-08-18,Virement,280.04,Paid,TX171766792
PAY0002203,O002203,2026-03-27,Mobile Money,33.9,Paid,TX846712100
PAY0002204,O002204,2025-10-04,Mobile Money,38.23,Paid,TX927593061
PAY0002205,O002205,2025-05-13,Cash,69.03,Paid,TX683121913
PAY0002206,O002206,2025-08-05,Carte bancaire,88.98,Paid,TX146325377
PAY0002207,O002207,2025-02-21,Mobile Money,30.18,Paid,TX983278310
PAY0002208,O002208,2025-11-25,Mobile Money,204.2,Pending,TX940615925
PAY0002209,O002209,2025-01-04,Mobile Money,563.94,Paid,TX975866347
PAY0002210,O002210,2025-07-14,Carte bancaire,0.0,Pending,TX157496683
PAY0002211,O002211,2025-02-07,Virement,857.34,Paid,TX370460578
PAY0002212,O002212,2025-05-15,Carte bancaire,172.3,Paid,TX584802790
PAY0002213,O002213,2025-02-09,Virement,151.22,Paid,TX475097754
PAY0002214,O002214,2026-05-26,Carte bancaire,156.86,Paid,TX413309991
PAY0002215,O002215,2026-03-03,Mobile Money,541.93,Refunded,TX208022406
PAY0002216,O002216,2026-05-28,Mobile Money,69.9,Paid,TX939928748
PAY0002217,O002217,2026-01-14,Mobile Money,239.44,Paid,TX585155870
PAY0002218,O002218,2025-10-01,Mobile Money,729.67,Paid,TX396719843
PAY0002219,O002219,2025-04-06,Mobile Money,197.67,Paid,TX745818547
PAY0002220,O002220,2026-06-15,Virement,75.85,Paid,TX628830986
PAY0002221,O002221,2026-05-19,Mobile Money,107.9,Paid,TX307122261
PAY0002222,O002222,2025-08-16,Carte bancaire,106.91,Refunded,TX190569172
PAY0002223,O002223,2025-05-07,Virement,847.01,Paid,TX708951099
PAY0002224,O002224,2025-08-02,Carte bancaire,336.16,Paid,TX476831565
PAY0002225,O002225,2025-08-07,Mobile Money,250.67,Paid,TX931804614
PAY0002226,O002226,2026-05-20,Carte bancaire,74.29,Paid,TX964076756
PAY0002227,O002227,2025-02-08,Virement,137.5,Paid,TX233592134
PAY0002228,O002228,2025-12-17,Mobile Money,892.47,Paid,TX566090579
PAY0002229,O002229,2026-03-01,Mobile Money,559.9,Refunded,TX701228645
PAY0002230,O002230,2026-02-25,Carte bancaire,33.04,Paid,TX255630575
PAY0002231,O002231,2025-04-19,Mobile Money,0.0,Pending,TX608272983
PAY0002232,O002232,2025-08-16,Carte bancaire,64.71,Paid,TX488440323
PAY0002233,O002233,2025-07-08,Mobile Money,0.0,Pending,TX992132360
PAY0002234,O002234,2025-08-12,Cash,1186.6,Paid,TX489064268
PAY0002235,O002235,2025-02-20,Cash,861.54,Paid,TX603090920
PAY0002236,O002236,2025-02-18,Mobile Money,24.55,Paid,TX952874964
PAY0002237,O002237,2025-01-14,Mobile Money,323.6,Paid,TX509562584
PAY0002238,O002238,2026-06-14,Mobile Money,51.06,Refunded,TX111210247
PAY0002239,O002239,2025-08-18,Carte bancaire,0.0,Failed,TX733884466
PAY0002240,O002240,2025-05-08,Mobile Money,19.55,Paid,TX219778473
PAY0002241,O002241,2026-03-14,Carte bancaire,0.0,Pending,TX815356953
PAY0002242,O002242,2025-10-01,Cash,61.53,Paid,TX135116271
PAY0002243,O002243,2025-07-20,Mobile Money,76.61,Paid,TX291873107
PAY0002244,O002244,2025-03-07,Mobile Money,2676.73,Paid,TX961596730
PAY0002245,O002245,2025-08-03,Mobile Money,480.88,Paid,TX603277389
PAY0002246,O002246,2025-12-21,Mobile Money,161.77,Paid,TX223062740
PAY0002247,O002247,2025-12-11,Virement,0.0,Pending,TX108974128
PAY0002248,O002248,2025-08-07,Mobile Money,2122.94,Paid,TX510811981
PAY0002249,O002249,2025-12-03,Carte bancaire,89.59,Paid,TX212435070
PAY0002250,O002250,2026-02-25,Mobile Money,34.84,Paid,TX572801171
PAY0002251,O002251,2026-05-28,Mobile Money,236.21,Refunded,TX528872171
PAY0002252,O002252,2025-10-17,Mobile Money,251.18,Paid,TX906099442
PAY0002253,O002253,2025-05-06,Virement,100.17,Paid,TX703766464
PAY0002254,O002254,2025-03-15,Virement,584.31,Paid,TX595759282
PAY0002255,O002255,2025-03-30,Mobile Money,50.8,Refunded,TX829977847
PAY0002256,O002256,2025-01-10,Carte bancaire,45.5,Paid,TX465501995
PAY0002257,O002257,2025-11-04,Mobile Money,172.47,Paid,TX532086334
PAY0002258,O002258,2025-04-30,Mobile Money,948.82,Paid,TX746343861
PAY0002259,O002259,2025-05-08,Mobile Money,227.7,Paid,TX277135315
PAY0002260,O002260,2026-02-05,Mobile Money,0.0,Failed,TX905924292
PAY0002261,O002261,2025-06-29,Virement,0.0,Pending,TX896482907
PAY0002262,O002262,2026-04-01,Mobile Money,0.0,Failed,TX884141576
PAY0002263,O002263,2025-03-21,Virement,59.45,Paid,TX484566227
PAY0002264,O002264,2025-07-08,Cash,174.47,Refunded,TX251626469
PAY0002265,O002265,2025-01-31,Mobile Money,315.71,Paid,TX443257775
PAY0002266,O002266,2025-10-24,Carte bancaire,81.31,Paid,TX189384931
PAY0002267,O002267,2025-03-12,Cash,115.49,Paid,TX694091707
PAY0002268,O002268,2025-05-15,Mobile Money,1535.43,Paid,TX960762738
PAY0002269,O002269,2026-02-10,Mobile Money,623.1,Paid,TX558753217
PAY0002270,O002270,2026-04-28,Carte bancaire,42.15,Paid,TX875027663
PAY0002271,O002271,2025-10-27,Carte bancaire,0.0,Pending,TX221313075
PAY0002272,O002272,2026-06-13,Cash,1227.75,Refunded,TX416021417
PAY0002273,O002273,2026-02-19,Carte bancaire,0.0,Pending,TX952062367
PAY0002274,O002274,2026-02-19,Mobile Money,159.1,Paid,TX122001554
PAY0002275,O002275,2026-06-29,Carte bancaire,0.0,Pending,TX570822850
PAY0002276,O002276,2025-02-19,Mobile Money,0.0,Pending,TX214096013
PAY0002277,O002277,2025-05-09,Virement,103.5,Paid,TX239241407
PAY0002278,O002278,2025-09-01,Carte bancaire,980.01,Paid,TX772898920
PAY0002279,O002279,2025-12-05,Virement,0.0,Pending,TX307032669
PAY0002280,O002280,2026-06-28,Mobile Money,0.0,Pending,TX322339770
PAY0002281,O002281,2025-02-28,Virement,0.0,Pending,TX756433296
PAY0002282,O002282,2025-05-10,Cash,79.14,Paid,TX887888973
PAY0002283,O002283,2025-06-13,Cash,134.52,Paid,TX564567636
PAY0002284,O002284,2026-01-07,Cash,335.82,Paid,TX822767491
PAY0002285,O002285,2026-06-10,Carte bancaire,118.89,Refunded,TX269184404
PAY0002286,O002286,2026-05-30,Carte bancaire,21.99,Paid,TX270618151
PAY0002287,O002287,2026-02-16,Mobile Money,52.74,Paid,TX655393978
PAY0002288,O002288,2026-03-02,Mobile Money,1166.35,Paid,TX579064409
PAY0002289,O002289,2025-08-20,Virement,201.54,Paid,TX394894152
PAY0002290,O002290,2025-11-30,Mobile Money,245.54,Paid,TX208853643
PAY0002291,O002291,2025-04-06,Carte bancaire,84.93,Paid,TX632465815
PAY0002292,O002292,2025-10-08,Carte bancaire,721.71,Paid,TX433024282
PAY0002293,O002293,2025-06-14,Carte bancaire,236.0,Paid,TX916338527
PAY0002294,O002294,2026-05-27,Mobile Money,346.22,Paid,TX259920862
PAY0002295,O002295,2025-07-25,Virement,174.72,Paid,TX530558217
PAY0002296,O002296,2025-08-06,Mobile Money,207.42,Paid,TX868022750
PAY0002297,O002297,2025-08-09,Virement,89.26,Paid,TX725006909
PAY0002298,O002298,2026-05-13,Mobile Money,74.21,Paid,TX238695377
PAY0002299,O002299,2026-05-28,Virement,279.66,Paid,TX666244315
PAY0002300,O002300,2025-08-27,Virement,243.41,Paid,TX626602192
PAY0002301,O002301,2026-07-02,Cash,43.71,Paid,TX414923447
PAY0002302,O002302,2026-02-23,Mobile Money,4849.29,Paid,TX491084651
PAY0002303,O002303,2026-04-13,Virement,32.23,Paid,TX642100243
PAY0002304,O002304,2026-05-21,Mobile Money,80.18,Paid,TX563588435
PAY0002305,O002305,2025-07-06,Mobile Money,279.45,Paid,TX421676743
PAY0002306,O002306,2025-10-31,Mobile Money,292.55,Paid,TX231462388
PAY0002307,O002307,2025-06-06,Carte bancaire,188.9,Paid,TX903980100
PAY0002308,O002308,2025-06-20,Cash,125.0,Paid,TX627767470
PAY0002309,O002309,2025-09-15,Carte bancaire,83.0,Paid,TX287504460
PAY0002310,O002310,2025-02-01,Mobile Money,232.57,Paid,TX825531049
PAY0002311,O002311,2025-05-01,Mobile Money,144.04,Paid,TX780959369
PAY0002312,O002312,2026-03-24,Mobile Money,55.58,Refunded,TX190630987
PAY0002313,O002313,2025-04-04,Mobile Money,75.93,Paid,TX121830708
PAY0002314,O002314,2025-12-10,Virement,1324.76,Paid,TX502694413
PAY0002315,O002315,2026-02-25,Mobile Money,0.0,Pending,TX562012028
PAY0002316,O002316,2025-05-29,Carte bancaire,0.0,Pending,TX374787543
PAY0002317,O002317,2025-09-13,Mobile Money,37.96,Paid,TX495333040
PAY0002318,O002318,2026-04-27,Mobile Money,140.86,Paid,TX886543959
PAY0002319,O002319,2026-04-06,Mobile Money,17.7,Paid,TX799717493
PAY0002320,O002320,2026-05-22,Mobile Money,0.0,Pending,TX760325246
PAY0002321,O002321,2025-12-15,Carte bancaire,24.8,Paid,TX843805308
PAY0002322,O002322,2026-05-05,Carte bancaire,47.73,Paid,TX242366460
PAY0002323,O002323,2025-08-11,Virement,789.27,Refunded,TX802053614
PAY0002324,O002324,2025-11-30,Mobile Money,107.22,Paid,TX213123533
PAY0002325,O002325,2026-01-05,Mobile Money,0.0,Failed,TX264007976
PAY0002326,O002326,2026-06-24,Carte bancaire,92.79,Paid,TX637453087
PAY0002327,O002327,2025-07-22,Virement,192.58,Paid,TX903623458
PAY0002328,O002328,2026-04-26,Carte bancaire,0.0,Pending,TX725757816
PAY0002329,O002329,2025-10-07,Cash,0.0,Failed,TX578300644
PAY0002330,O002330,2025-03-02,Mobile Money,1692.38,Paid,TX671817520
PAY0002331,O002331,2025-12-28,Carte bancaire,743.47,Paid,TX208142604
PAY0002332,O002332,2026-06-26,Carte bancaire,114.58,Paid,TX545006438
PAY0002333,O002333,2025-09-09,Mobile Money,59.0,Paid,TX326959014
PAY0002334,O002334,2025-10-31,Mobile Money,180.3,Paid,TX638715875
PAY0002335,O002335,2026-05-27,Mobile Money,50.42,Paid,TX954988761
PAY0002336,O002336,2026-05-20,Mobile Money,0.0,Pending,TX626772184
PAY0002337,O002337,2025-08-10,Mobile Money,0.0,Pending,TX929888103
PAY0002338,O002338,2026-02-23,Carte bancaire,308.88,Paid,TX852783520
PAY0002339,O002339,2025-12-14,Mobile Money,24.01,Paid,TX199071147
PAY0002340,O002340,2025-12-22,Carte bancaire,1892.9,Paid,TX389645169
PAY0002341,O002341,2026-02-03,Carte bancaire,137.5,Paid,TX789948598
PAY0002342,O002342,2025-07-02,Mobile Money,221.52,Paid,TX142223953
PAY0002343,O002343,2025-06-17,Carte bancaire,237.08,Paid,TX923269410
PAY0002344,O002344,2025-01-15,Mobile Money,0.0,Failed,TX928937105
PAY0002345,O002345,2026-04-18,Mobile Money,80.22,Paid,TX268297038
PAY0002346,O002346,2025-06-03,Carte bancaire,541.22,Paid,TX596115056
PAY0002347,O002347,2026-01-05,Mobile Money,0.0,Pending,TX471320356
PAY0002348,O002348,2026-01-11,Mobile Money,936.21,Paid,TX351660890
PAY0002349,O002349,2026-01-21,Carte bancaire,253.85,Paid,TX184787568
PAY0002350,O002350,2026-04-19,Carte bancaire,300.09,Paid,TX802326663
PAY0002351,O002351,2026-04-22,Carte bancaire,30.19,Paid,TX535339308
PAY0002352,O002352,2025-01-03,Carte bancaire,690.01,Paid,TX923279395
PAY0002353,O002353,2026-04-08,Carte bancaire,0.0,Pending,TX998899258
PAY0002354,O002354,2025-04-24,Carte bancaire,210.44,Paid,TX906779353
PAY0002355,O002355,2025-12-20,Cash,67.45,Paid,TX419486280
PAY0002356,O002356,2026-01-05,Mobile Money,501.29,Paid,TX782354799
PAY0002357,O002357,2025-02-01,Carte bancaire,385.23,Paid,TX387846728
PAY0002358,O002358,2025-06-06,Mobile Money,304.0,Paid,TX128935801
PAY0002359,O002359,2026-05-16,Mobile Money,1063.5,Paid,TX220188032
PAY0002360,O002360,2025-03-23,Virement,210.67,Paid,TX300877823
PAY0002361,O002361,2025-05-12,Mobile Money,0.0,Pending,TX288738015
PAY0002362,O002362,2025-02-18,Mobile Money,847.8,Paid,TX414795579
PAY0002363,O002363,2025-04-05,Carte bancaire,44.73,Paid,TX523824676
PAY0002364,O002364,2025-12-16,Mobile Money,339.29,Paid,TX680661413
PAY0002365,O002365,2026-04-10,Cash,629.49,Paid,TX127313055
PAY0002366,O002366,2025-11-24,Cash,85.81,Refunded,TX329593214
PAY0002367,O002367,2025-06-09,Mobile Money,583.6,Paid,TX971501811
PAY0002368,O002368,2026-04-16,Virement,684.02,Paid,TX233915203
PAY0002369,O002369,2025-07-23,Carte bancaire,0.0,Pending,TX393333472
PAY0002370,O002370,2025-06-24,Carte bancaire,42.11,Paid,TX532548061
PAY0002371,O002371,2025-10-08,Mobile Money,91.32,Paid,TX410317670
PAY0002372,O002372,2025-03-19,Virement,219.96,Refunded,TX262108184
PAY0002373,O002373,2025-07-17,Carte bancaire,0.0,Pending,TX106290929
PAY0002374,O002374,2026-03-18,Cash,398.22,Paid,TX622572409
PAY0002375,O002375,2025-12-03,Virement,191.82,Paid,TX410838412
PAY0002376,O002376,2026-06-29,Carte bancaire,521.87,Paid,TX291648748
PAY0002377,O002377,2026-03-02,Virement,54.31,Pending,TX238273536
PAY0002378,O002378,2025-07-19,Mobile Money,201.81,Paid,TX626627641
PAY0002379,O002379,2026-02-28,Virement,421.24,Paid,TX461395187
PAY0002380,O002380,2026-04-23,Mobile Money,113.84,Refunded,TX990565089
PAY0002381,O002381,2025-12-16,Mobile Money,260.0,Paid,TX214481748
PAY0002382,O002382,2026-02-22,Virement,48.21,Paid,TX424562454
PAY0002383,O002383,2025-10-07,Mobile Money,89.55,Paid,TX830173605
PAY0002384,O002384,2026-05-18,Virement,164.73,Paid,TX663476727
PAY0002385,O002385,2025-05-15,Mobile Money,147.81,Paid,TX185373062
PAY0002386,O002386,2025-08-22,Carte bancaire,691.41,Paid,TX692376337
PAY0002387,O002387,2025-05-20,Carte bancaire,0.0,Pending,TX835323763
PAY0002388,O002388,2025-03-01,Mobile Money,501.6,Paid,TX458192361
PAY0002389,O002389,2025-12-07,Virement,746.07,Paid,TX811190122
PAY0002390,O002390,2025-03-08,Mobile Money,0.0,Failed,TX766762306
PAY0002391,O002391,2025-05-08,Virement,0.0,Pending,TX557041379
PAY0002392,O002392,2026-02-26,Cash,87.24,Paid,TX987088214
PAY0002393,O002393,2025-05-14,Carte bancaire,237.89,Paid,TX357904183
PAY0002394,O002394,2026-04-23,Cash,123.14,Paid,TX603959352
PAY0002395,O002395,2025-01-29,Carte bancaire,47.57,Paid,TX920390663
PAY0002396,O002396,2025-09-08,Cash,545.16,Paid,TX163716308
PAY0002397,O002397,2025-02-09,Virement,69.78,Paid,TX499086871
PAY0002398,O002398,2025-02-03,Carte bancaire,50.16,Paid,TX522738901
PAY0002399,O002399,2026-03-12,Cash,64.91,Paid,TX551931094
PAY0002400,O002400,2025-02-08,Carte bancaire,1425.74,Paid,TX484202600
PAY0002401,O002401,2026-05-06,Carte bancaire,16.36,Paid,TX245992629
PAY0002402,O002402,2025-11-28,Virement,1484.5,Paid,TX674317147
PAY0002403,O002403,2025-09-26,Carte bancaire,43.85,Paid,TX185121530
PAY0002404,O002404,2026-05-21,Mobile Money,0.0,Pending,TX528522928
PAY0002405,O002405,2025-08-01,Mobile Money,148.06,Paid,TX724895566
PAY0002406,O002406,2025-08-10,Carte bancaire,96.57,Paid,TX792589504
PAY0002407,O002407,2025-08-16,Mobile Money,3723.93,Paid,TX962215324
PAY0002408,O002408,2025-12-26,Carte bancaire,140.78,Refunded,TX101740643
PAY0002409,O002409,2026-04-11,Mobile Money,155.62,Paid,TX155928434
PAY0002410,O002410,2025-10-26,Mobile Money,93.5,Paid,TX872497465
PAY0002411,O002411,2025-06-07,Virement,422.07,Paid,TX183514237
PAY0002412,O002412,2026-05-04,Mobile Money,466.97,Paid,TX580804399
PAY0002413,O002413,2025-11-27,Virement,50.49,Paid,TX317253681
PAY0002414,O002414,2026-04-06,Carte bancaire,410.19,Paid,TX339045464
PAY0002415,O002415,2025-08-25,Cash,81.51,Paid,TX297084065
PAY0002416,O002416,2025-04-21,Carte bancaire,118.48,Paid,TX961146381
PAY0002417,O002417,2026-06-04,Mobile Money,0.0,Failed,TX856920366
PAY0002418,O002418,2026-01-08,Mobile Money,184.51,Paid,TX484576995
PAY0002419,O002419,2025-06-21,Virement,157.5,Paid,TX275708230
PAY0002420,O002420,2026-04-11,Carte bancaire,2452.14,Paid,TX887002359
PAY0002421,O002421,2025-01-07,Mobile Money,1083.32,Paid,TX379620260
PAY0002422,O002422,2026-05-25,Cash,156.58,Paid,TX942534192
PAY0002423,O002423,2025-11-15,Carte bancaire,69.03,Paid,TX878348924
PAY0002424,O002424,2025-11-23,Mobile Money,51.34,Refunded,TX122569441
PAY0002425,O002425,2025-01-12,Mobile Money,42.48,Paid,TX594703868
PAY0002426,O002426,2025-04-08,Virement,268.93,Paid,TX657608076
PAY0002427,O002427,2026-02-03,Mobile Money,2465.45,Refunded,TX493766129
PAY0002428,O002428,2025-11-02,Virement,42.46,Paid,TX294053224
PAY0002429,O002429,2025-03-12,Mobile Money,572.24,Paid,TX375263563
PAY0002430,O002430,2026-01-01,Mobile Money,2010.95,Paid,TX256814006
PAY0002431,O002431,2026-02-18,Mobile Money,0.0,Pending,TX634807685
PAY0002432,O002432,2025-06-03,Virement,108.28,Paid,TX804038170
PAY0002433,O002433,2026-01-13,Mobile Money,570.14,Paid,TX706051529
PAY0002434,O002434,2026-06-18,Cash,611.26,Paid,TX203891587
PAY0002435,O002435,2025-09-25,Mobile Money,160.28,Paid,TX377641302
PAY0002436,O002436,2025-05-06,Cash,114.31,Refunded,TX689494358
PAY0002437,O002437,2026-06-13,Mobile Money,469.81,Paid,TX518657599
PAY0002438,O002438,2026-05-16,Carte bancaire,36.65,Paid,TX678409105
PAY0002439,O002439,2025-09-09,Mobile Money,57.78,Paid,TX729290285
PAY0002440,O002440,2025-08-21,Mobile Money,568.38,Paid,TX909520302
PAY0002441,O002441,2026-04-03,Virement,39.57,Paid,TX294305355
PAY0002442,O002442,2025-01-01,Mobile Money,0.0,Pending,TX776226083
PAY0002443,O002443,2025-06-21,Virement,251.41,Paid,TX834904965
PAY0002444,O002444,2025-10-26,Carte bancaire,552.96,Paid,TX169439617
PAY0002445,O002445,2025-12-25,Carte bancaire,0.0,Pending,TX767713036
PAY0002446,O002446,2025-12-14,Mobile Money,34.69,Paid,TX412572903
PAY0002447,O002447,2025-07-23,Cash,543.05,Paid,TX632515243
PAY0002448,O002448,2026-04-23,Virement,886.59,Paid,TX746008098
PAY0002449,O002449,2025-12-24,Cash,319.75,Paid,TX658030159
PAY0002450,O002450,2025-10-28,Mobile Money,31.4,Pending,TX606734818
PAY0002451,O002451,2026-05-30,Mobile Money,68.75,Paid,TX906915548
PAY0002452,O002452,2025-02-21,Virement,0.0,Pending,TX949843920
PAY0002453,O002453,2026-01-25,Carte bancaire,47.43,Paid,TX500810849
PAY0002454,O002454,2026-05-24,Mobile Money,201.6,Paid,TX236855834
PAY0002455,O002455,2025-12-30,Carte bancaire,144.77,Paid,TX693136434
PAY0002456,O002456,2025-11-08,Mobile Money,27.2,Paid,TX125568203
PAY0002457,O002457,2025-07-19,Carte bancaire,17.85,Paid,TX901856562
PAY0002458,O002458,2025-06-02,Carte bancaire,28.87,Paid,TX291508469
PAY0002459,O002459,2025-10-31,Carte bancaire,62.74,Paid,TX953724586
PAY0002460,O002460,2026-05-10,Mobile Money,994.8,Paid,TX509654492
PAY0002461,O002461,2025-09-14,Mobile Money,0.0,Failed,TX683743539
PAY0002462,O002462,2025-03-11,Mobile Money,262.31,Paid,TX229003661
PAY0002463,O002463,2025-09-27,Mobile Money,253.43,Paid,TX306446488
PAY0002464,O002464,2025-02-23,Carte bancaire,247.6,Paid,TX236289583
PAY0002465,O002465,2026-05-28,Cash,84.06,Paid,TX934917608
PAY0002466,O002466,2025-10-22,Mobile Money,244.42,Paid,TX797514188
PAY0002467,O002467,2025-04-30,Cash,23.16,Paid,TX376935511
PAY0002468,O002468,2025-12-09,Carte bancaire,0.0,Pending,TX763010804
PAY0002469,O002469,2025-10-25,Cash,0.0,Pending,TX187889719
PAY0002470,O002470,2025-10-10,Mobile Money,0.0,Pending,TX666134132
PAY0002471,O002471,2025-11-24,Carte bancaire,841.9,Paid,TX308539334
PAY0002472,O002472,2026-05-27,Carte bancaire,1296.17,Paid,TX654845429
PAY0002473,O002473,2026-04-15,Cash,0.0,Pending,TX355163499
PAY0002474,O002474,2025-05-25,Mobile Money,2370.41,Paid,TX889176101
PAY0002475,O002475,2025-05-15,Mobile Money,563.96,Paid,TX752799375
PAY0002476,O002476,2026-06-27,Virement,401.64,Paid,TX170603634
PAY0002477,O002477,2025-12-23,Mobile Money,79.5,Paid,TX621143786
PAY0002478,O002478,2025-01-11,Cash,58.48,Paid,TX994974924
PAY0002479,O002479,2025-10-21,Mobile Money,283.74,Paid,TX497874836
PAY0002480,O002480,2025-03-10,Mobile Money,298.8,Paid,TX657647613
PAY0002481,O002481,2025-01-19,Mobile Money,0.0,Failed,TX723176345
PAY0002482,O002482,2025-04-14,Carte bancaire,33.05,Paid,TX313489090
PAY0002483,O002483,2025-05-21,Carte bancaire,313.89,Paid,TX452548216
PAY0002484,O002484,2025-02-17,Cash,18.19,Paid,TX892899094
PAY0002485,O002485,2026-04-03,Carte bancaire,34.02,Paid,TX156715918
PAY0002486,O002486,2025-08-29,Carte bancaire,891.05,Paid,TX536261264
PAY0002487,O002487,2025-11-02,Carte bancaire,1574.3,Paid,TX980228194
PAY0002488,O002488,2026-04-22,Mobile Money,28.48,Paid,TX698788680
PAY0002489,O002489,2026-04-06,Carte bancaire,118.96,Paid,TX873739619
PAY0002490,O002490,2026-03-29,Cash,319.57,Paid,TX982494215
PAY0002491,O002491,2025-04-18,Cash,15.63,Paid,TX666006022
PAY0002492,O002492,2026-02-16,Mobile Money,70.54,Refunded,TX231522791
PAY0002493,O002493,2026-07-02,Carte bancaire,1433.15,Paid,TX791257783
PAY0002494,O002494,2025-01-07,Carte bancaire,34.23,Paid,TX747319300
PAY0002495,O002495,2026-04-21,Carte bancaire,177.3,Refunded,TX868097357
PAY0002496,O002496,2026-04-21,Mobile Money,92.54,Paid,TX636732335
PAY0002497,O002497,2026-04-08,Cash,152.3,Paid,TX803705576
PAY0002498,O002498,2025-08-09,Mobile Money,264.78,Paid,TX797963184
PAY0002499,O002499,2025-04-24,Mobile Money,0.0,Pending,TX671945570
PAY0002500,O002500,2026-02-09,Virement,251.35,Paid,TX594972645
PAY0002501,O002501,2025-12-09,Carte bancaire,367.65,Paid,TX247356116
PAY0002502,O002502,2026-02-05,Cash,107.4,Paid,TX879480026
PAY0002503,O002503,2025-05-21,Mobile Money,603.5,Paid,TX649080264
PAY0002504,O002504,2025-04-12,Mobile Money,0.0,Pending,TX399965230
PAY0002505,O002505,2026-05-14,Cash,0.0,Failed,TX635030632
PAY0002506,O002506,2025-10-10,Mobile Money,563.24,Paid,TX207319192
PAY0002507,O002507,2026-04-16,Mobile Money,2406.94,Paid,TX819413299
PAY0002508,O002508,2026-05-27,Carte bancaire,23.56,Paid,TX950139900
PAY0002509,O002509,2025-09-13,Cash,142.38,Paid,TX164481319
PAY0002510,O002510,2025-05-25,Cash,93.47,Paid,TX699757661
PAY0002511,O002511,2026-05-09,Cash,43.49,Paid,TX562744199
PAY0002512,O002512,2026-01-28,Mobile Money,227.32,Paid,TX278461471
PAY0002513,O002513,2026-01-02,Virement,26.64,Paid,TX633579824
PAY0002514,O002514,2026-06-10,Mobile Money,0.0,Failed,TX167760229
PAY0002515,O002515,2025-05-15,Mobile Money,44.46,Paid,TX449401010
PAY0002516,O002516,2025-07-18,Mobile Money,1449.14,Paid,TX851504315
PAY0002517,O002517,2025-01-24,Mobile Money,184.7,Refunded,TX824667063
PAY0002518,O002518,2025-08-02,Mobile Money,1105.34,Paid,TX821567591
PAY0002519,O002519,2025-09-06,Virement,670.81,Paid,TX105451731
PAY0002520,O002520,2025-09-06,Cash,1442.82,Paid,TX591194208
PAY0002521,O002521,2025-03-28,Mobile Money,309.09,Paid,TX683802976
PAY0002522,O002522,2026-03-22,Mobile Money,594.67,Paid,TX275870956
PAY0002523,O002523,2025-09-29,Mobile Money,0.0,Pending,TX210330988
PAY0002524,O002524,2025-09-01,Carte bancaire,504.51,Paid,TX130193000
PAY0002525,O002525,2026-04-20,Virement,82.14,Paid,TX254676488
PAY0002526,O002526,2025-09-28,Carte bancaire,0.0,Pending,TX722773699
PAY0002527,O002527,2026-05-05,Mobile Money,0.0,Pending,TX352728863
PAY0002528,O002528,2025-05-04,Cash,67.2,Paid,TX812946599
PAY0002529,O002529,2026-04-16,Carte bancaire,156.08,Paid,TX322282627
PAY0002530,O002530,2026-06-30,Virement,71.34,Paid,TX292196553
PAY0002531,O002531,2026-02-16,Carte bancaire,78.08,Paid,TX725202592
PAY0002532,O002532,2026-05-07,Carte bancaire,139.4,Paid,TX745217810
PAY0002533,O002533,2026-02-13,Mobile Money,344.94,Paid,TX213034707
PAY0002534,O002534,2025-11-29,Mobile Money,0.0,Pending,TX982822548
PAY0002535,O002535,2026-02-23,Carte bancaire,0.0,Pending,TX248416087
PAY0002536,O002536,2026-06-14,Mobile Money,180.87,Paid,TX777926811
PAY0002537,O002537,2025-12-02,Carte bancaire,2261.3,Paid,TX246762524
PAY0002538,O002538,2026-01-12,Carte bancaire,74.56,Paid,TX901371814
PAY0002539,O002539,2025-02-17,Carte bancaire,32.06,Paid,TX770889487
PAY0002540,O002540,2026-06-14,Mobile Money,301.19,Paid,TX451121386
PAY0002541,O002541,2026-03-07,Virement,993.77,Paid,TX703926651
PAY0002542,O002542,2025-04-01,Mobile Money,48.59,Paid,TX665177381
PAY0002543,O002543,2025-06-10,Mobile Money,705.72,Paid,TX950152118
PAY0002544,O002544,2025-05-07,Mobile Money,39.5,Paid,TX531201255
PAY0002545,O002545,2025-06-29,Mobile Money,249.29,Refunded,TX309968469
PAY0002546,O002546,2026-05-02,Mobile Money,1027.77,Paid,TX121182811
PAY0002547,O002547,2025-09-14,Virement,0.0,Pending,TX837288865
PAY0002548,O002548,2025-08-19,Virement,144.09,Paid,TX730216541
PAY0002549,O002549,2026-03-06,Carte bancaire,329.98,Paid,TX977602478
PAY0002550,O002550,2025-07-26,Mobile Money,315.62,Paid,TX612012874
PAY0002551,O002551,2026-05-02,Cash,1597.71,Paid,TX854167319
PAY0002552,O002552,2026-02-22,Virement,182.55,Paid,TX990218580
PAY0002553,O002553,2025-05-24,Mobile Money,1047.72,Paid,TX552615853
PAY0002554,O002554,2025-12-15,Carte bancaire,45.28,Paid,TX592660056
PAY0002555,O002555,2025-09-23,Cash,43.08,Paid,TX451464132
PAY0002556,O002556,2025-07-11,Cash,46.22,Paid,TX900144042
PAY0002557,O002557,2026-05-12,Mobile Money,22.63,Paid,TX429058886
PAY0002558,O002558,2025-08-09,Carte bancaire,43.16,Paid,TX284555874
PAY0002559,O002559,2025-03-08,Carte bancaire,664.14,Paid,TX838452991
PAY0002560,O002560,2025-08-15,Carte bancaire,0.0,Failed,TX185659534
PAY0002561,O002561,2025-10-14,Cash,34.27,Paid,TX227006909
PAY0002562,O002562,2025-03-11,Carte bancaire,496.66,Refunded,TX750562835
PAY0002563,O002563,2026-02-13,Mobile Money,252.94,Refunded,TX503767490
PAY0002564,O002564,2025-05-08,Carte bancaire,242.77,Paid,TX823936758
PAY0002565,O002565,2025-02-22,Cash,142.39,Paid,TX211858932
PAY0002566,O002566,2025-10-24,Virement,94.72,Paid,TX131479497
PAY0002567,O002567,2025-04-03,Mobile Money,2091.57,Paid,TX924173270
PAY0002568,O002568,2026-03-06,Virement,418.0,Paid,TX656696988
PAY0002569,O002569,2025-02-11,Mobile Money,62.88,Paid,TX535393526
PAY0002570,O002570,2025-08-18,Cash,335.88,Refunded,TX283533402
PAY0002571,O002571,2025-01-30,Carte bancaire,3109.82,Paid,TX153443408
PAY0002572,O002572,2025-07-30,Mobile Money,252.97,Paid,TX966091038
PAY0002573,O002573,2026-05-31,Mobile Money,1694.72,Paid,TX315910657
PAY0002574,O002574,2025-12-24,Mobile Money,33.41,Paid,TX574065583
PAY0002575,O002575,2025-10-21,Mobile Money,0.0,Failed,TX286549806
PAY0002576,O002576,2025-04-01,Mobile Money,188.16,Paid,TX704177196
PAY0002577,O002577,2025-06-25,Virement,1227.85,Paid,TX326837139
PAY0002578,O002578,2025-07-31,Mobile Money,1448.58,Paid,TX994348412
PAY0002579,O002579,2025-11-15,Cash,254.62,Paid,TX894632726
PAY0002580,O002580,2025-04-26,Mobile Money,27.59,Paid,TX250046653
PAY0002581,O002581,2026-07-04,Carte bancaire,103.48,Paid,TX475639727
PAY0002582,O002582,2025-12-26,Carte bancaire,122.0,Paid,TX804117363
PAY0002583,O002583,2025-06-23,Mobile Money,319.73,Paid,TX909089361
PAY0002584,O002584,2025-03-07,Carte bancaire,110.63,Paid,TX151797853
PAY0002585,O002585,2025-11-27,Virement,214.03,Paid,TX297963190
PAY0002586,O002586,2025-09-06,Mobile Money,0.0,Failed,TX439870576
PAY0002587,O002587,2026-01-05,Mobile Money,182.94,Paid,TX192549290
PAY0002588,O002588,2025-11-24,Virement,240.83,Paid,TX365831009
PAY0002589,O002589,2025-12-17,Mobile Money,207.02,Paid,TX722532147
PAY0002590,O002590,2026-04-03,Mobile Money,0.0,Failed,TX521321495
PAY0002591,O002591,2025-10-16,Mobile Money,221.14,Paid,TX480188343
PAY0002592,O002592,2026-02-03,Carte bancaire,1165.9,Paid,TX252763058
PAY0002593,O002593,2025-07-17,Cash,938.21,Refunded,TX771060773
PAY0002594,O002594,2026-06-05,Mobile Money,485.59,Paid,TX458229790
PAY0002595,O002595,2025-08-15,Carte bancaire,37.53,Paid,TX224911760
PAY0002596,O002596,2026-01-09,Mobile Money,736.63,Paid,TX151662215
PAY0002597,O002597,2026-07-05,Cash,0.0,Pending,TX289263741
PAY0002598,O002598,2025-07-11,Cash,89.35,Paid,TX948802190
PAY0002599,O002599,2025-02-25,Mobile Money,457.39,Paid,TX146536348
PAY0002600,O002600,2025-05-07,Mobile Money,0.0,Pending,TX170452132
PAY0002601,O002601,2025-05-16,Carte bancaire,561.83,Paid,TX639484619
PAY0002602,O002602,2025-02-04,Carte bancaire,190.15,Paid,TX267525920
PAY0002603,O002603,2025-10-29,Carte bancaire,1081.28,Refunded,TX835957027
PAY0002604,O002604,2025-06-03,Mobile Money,1023.7,Paid,TX799370522
PAY0002605,O002605,2025-02-25,Mobile Money,0.0,Pending,TX992735320
PAY0002606,O002606,2025-03-19,Mobile Money,727.54,Paid,TX982688912
PAY0002607,O002607,2025-06-01,Virement,21.47,Paid,TX720507958
PAY0002608,O002608,2025-07-26,Carte bancaire,2996.49,Refunded,TX280279485
PAY0002609,O002609,2026-06-21,Mobile Money,27.84,Paid,TX165437241
PAY0002610,O002610,2026-01-24,Cash,202.1,Paid,TX163749368
PAY0002611,O002611,2026-01-28,Virement,2501.02,Paid,TX938395751
PAY0002612,O002612,2026-01-17,Virement,289.84,Paid,TX355071748
PAY0002613,O002613,2026-03-21,Carte bancaire,136.5,Paid,TX513593876
PAY0002614,O002614,2025-06-26,Carte bancaire,115.46,Paid,TX176772285
PAY0002615,O002615,2025-02-27,Carte bancaire,74.59,Refunded,TX405038885
PAY0002616,O002616,2025-10-07,Mobile Money,55.38,Paid,TX827633711
PAY0002617,O002617,2025-01-05,Carte bancaire,77.65,Paid,TX263693800
PAY0002618,O002618,2025-05-03,Carte bancaire,888.0,Paid,TX344335833
PAY0002619,O002619,2026-02-20,Carte bancaire,91.01,Paid,TX549599620
PAY0002620,O002620,2025-10-03,Carte bancaire,0.0,Pending,TX774702340
PAY0002621,O002621,2026-01-15,Mobile Money,128.37,Paid,TX639972929
PAY0002622,O002622,2025-10-09,Carte bancaire,31.12,Paid,TX648529313
PAY0002623,O002623,2025-10-27,Mobile Money,0.0,Pending,TX649964395
PAY0002624,O002624,2025-06-19,Virement,138.36,Refunded,TX491836132
PAY0002625,O002625,2025-05-01,Cash,0.0,Pending,TX130761947
PAY0002626,O002626,2025-05-23,Carte bancaire,23.74,Paid,TX563147602
PAY0002627,O002627,2026-03-15,Mobile Money,42.13,Paid,TX404933198
PAY0002628,O002628,2026-06-24,Mobile Money,183.64,Paid,TX506951304
PAY0002629,O002629,2025-02-16,Virement,88.49,Paid,TX705597433
PAY0002630,O002630,2025-10-26,Mobile Money,45.78,Paid,TX656245975
PAY0002631,O002631,2025-09-16,Virement,39.05,Paid,TX705999259
PAY0002632,O002632,2025-11-06,Mobile Money,1292.24,Paid,TX667127379
PAY0002633,O002633,2025-05-09,Virement,0.0,Pending,TX734506334
PAY0002634,O002634,2025-01-07,Mobile Money,78.77,Paid,TX269769035
PAY0002635,O002635,2025-04-22,Carte bancaire,35.87,Refunded,TX427419955
PAY0002636,O002636,2025-04-10,Mobile Money,0.0,Failed,TX801361523
PAY0002637,O002637,2025-02-02,Cash,66.45,Paid,TX617977079
PAY0002638,O002638,2025-07-19,Carte bancaire,65.55,Paid,TX136592312
PAY0002639,O002639,2026-01-10,Carte bancaire,195.63,Paid,TX474018413
PAY0002640,O002640,2026-06-16,Mobile Money,1740.31,Refunded,TX818203072
PAY0002641,O002641,2025-12-29,Carte bancaire,229.99,Paid,TX653762749
PAY0002642,O002642,2025-04-08,Mobile Money,1565.97,Paid,TX635944184
PAY0002643,O002643,2025-07-21,Mobile Money,168.96,Paid,TX571557030
PAY0002644,O002644,2025-06-17,Carte bancaire,186.93,Paid,TX337844062
PAY0002645,O002645,2025-04-28,Carte bancaire,75.86,Paid,TX876637401
PAY0002646,O002646,2026-06-27,Virement,254.71,Refunded,TX910647621
PAY0002647,O002647,2025-12-29,Mobile Money,41.65,Paid,TX521891427
PAY0002648,O002648,2025-09-22,Virement,53.31,Paid,TX722014092
PAY0002649,O002649,2025-08-31,Mobile Money,61.49,Paid,TX593899021
PAY0002650,O002650,2025-06-24,Carte bancaire,0.0,Pending,TX876563486
PAY0002651,O002651,2025-08-17,Carte bancaire,60.87,Paid,TX783428620
PAY0002652,O002652,2025-12-17,Cash,279.85,Paid,TX724919156
PAY0002653,O002653,2026-05-25,Mobile Money,112.26,Paid,TX970444408
PAY0002654,O002654,2025-10-02,Carte bancaire,531.14,Paid,TX112363138
PAY0002655,O002655,2025-04-15,Virement,645.86,Paid,TX633405967
PAY0002656,O002656,2026-06-09,Virement,51.74,Paid,TX802624868
PAY0002657,O002657,2025-06-26,Cash,298.56,Paid,TX257975974
PAY0002658,O002658,2025-02-16,Mobile Money,118.84,Paid,TX821102761
PAY0002659,O002659,2025-10-28,Virement,157.22,Paid,TX408566330
PAY0002660,O002660,2026-03-10,Cash,79.56,Paid,TX123045546
PAY0002661,O002661,2025-05-26,Carte bancaire,43.34,Paid,TX668343413
PAY0002662,O002662,2025-06-02,Carte bancaire,63.53,Paid,TX506553038
PAY0002663,O002663,2025-06-12,Mobile Money,88.89,Refunded,TX579803704
PAY0002664,O002664,2026-03-21,Mobile Money,708.85,Paid,TX315325159
PAY0002665,O002665,2026-06-13,Mobile Money,649.76,Paid,TX103242208
PAY0002666,O002666,2026-04-12,Mobile Money,193.54,Paid,TX572836493
PAY0002667,O002667,2025-05-04,Carte bancaire,790.63,Paid,TX610382999
PAY0002668,O002668,2026-04-11,Virement,144.53,Paid,TX127291929
PAY0002669,O002669,2025-06-23,Mobile Money,1560.37,Paid,TX209407856
PAY0002670,O002670,2026-04-21,Mobile Money,403.52,Paid,TX899289725
PAY0002671,O002671,2026-07-02,Mobile Money,197.69,Paid,TX619585599
PAY0002672,O002672,2026-01-31,Virement,171.19,Paid,TX265491412
PAY0002673,O002673,2026-06-12,Mobile Money,735.53,Paid,TX736205994
PAY0002674,O002674,2025-03-22,Virement,447.67,Paid,TX109367564
PAY0002675,O002675,2025-12-28,Mobile Money,815.61,Paid,TX665035798
PAY0002676,O002676,2025-01-30,Carte bancaire,0.0,Pending,TX485859995
PAY0002677,O002677,2025-12-24,Carte bancaire,33.83,Paid,TX545354985
PAY0002678,O002678,2025-07-07,Virement,132.14,Paid,TX867838747
PAY0002679,O002679,2026-06-18,Carte bancaire,14.33,Paid,TX661060847
PAY0002680,O002680,2025-09-30,Cash,117.13,Paid,TX745833660
PAY0002681,O002681,2026-02-22,Mobile Money,73.06,Paid,TX661929403
PAY0002682,O002682,2025-06-17,Carte bancaire,1263.98,Refunded,TX900359218
PAY0002683,O002683,2025-02-13,Mobile Money,0.0,Failed,TX114966134
PAY0002684,O002684,2026-02-12,Cash,272.12,Paid,TX297554437
PAY0002685,O002685,2025-05-05,Carte bancaire,103.14,Paid,TX717512331
PAY0002686,O002686,2026-02-04,Carte bancaire,28.15,Paid,TX474019185
PAY0002687,O002687,2025-09-15,Cash,1546.95,Paid,TX443837268
PAY0002688,O002688,2026-06-19,Mobile Money,59.31,Paid,TX425947620
PAY0002689,O002689,2025-07-16,Mobile Money,0.0,Failed,TX632655845
PAY0002690,O002690,2025-08-11,Mobile Money,172.0,Paid,TX169337025
PAY0002691,O002691,2026-02-13,Mobile Money,53.3,Paid,TX653184062
PAY0002692,O002692,2026-03-11,Carte bancaire,57.51,Refunded,TX421573988
PAY0002693,O002693,2025-03-10,Mobile Money,687.04,Paid,TX134910183
PAY0002694,O002694,2026-02-11,Mobile Money,19.25,Paid,TX393023660
PAY0002695,O002695,2025-09-30,Mobile Money,159.56,Paid,TX691606244
PAY0002696,O002696,2026-06-27,Mobile Money,76.34,Paid,TX534341545
PAY0002697,O002697,2025-12-13,Mobile Money,0.0,Failed,TX414178187
PAY0002698,O002698,2026-03-04,Carte bancaire,1134.39,Paid,TX224439132
PAY0002699,O002699,2025-07-08,Mobile Money,0.0,Pending,TX136109810
PAY0002700,O002700,2025-06-07,Cash,15.16,Paid,TX598007017
PAY0002701,O002701,2026-03-10,Mobile Money,92.97,Paid,TX237961855
PAY0002702,O002702,2025-01-13,Mobile Money,469.55,Paid,TX821094390
PAY0002703,O002703,2025-11-17,Mobile Money,340.89,Paid,TX107983928
PAY0002704,O002704,2026-06-19,Mobile Money,741.28,Refunded,TX809018246
PAY0002705,O002705,2026-06-28,Cash,51.24,Refunded,TX571945209
PAY0002706,O002706,2026-01-30,Carte bancaire,0.0,Pending,TX413198477
PAY0002707,O002707,2025-10-03,Mobile Money,361.95,Paid,TX390854729
PAY0002708,O002708,2026-03-23,Cash,0.0,Failed,TX599959201
PAY0002709,O002709,2025-01-09,Carte bancaire,71.69,Paid,TX539183011
PAY0002710,O002710,2026-03-13,Virement,622.27,Paid,TX377688520
PAY0002711,O002711,2025-04-16,Mobile Money,1718.64,Paid,TX504934980
PAY0002712,O002712,2026-02-10,Mobile Money,0.0,Pending,TX186540556
PAY0002713,O002713,2025-07-10,Mobile Money,113.74,Paid,TX525495642
PAY0002714,O002714,2026-02-18,Mobile Money,64.5,Paid,TX443728066
PAY0002715,O002715,2025-11-28,Cash,251.89,Paid,TX120490752
PAY0002716,O002716,2026-05-29,Mobile Money,350.78,Paid,TX607847680
PAY0002717,O002717,2026-03-11,Mobile Money,885.9,Paid,TX596836404
PAY0002718,O002718,2026-05-20,Carte bancaire,0.0,Pending,TX365191573
PAY0002719,O002719,2025-03-28,Carte bancaire,222.66,Paid,TX877624470
PAY0002720,O002720,2025-07-27,Carte bancaire,812.04,Paid,TX543375535
PAY0002721,O002721,2025-08-29,Mobile Money,44.07,Paid,TX495566970
PAY0002722,O002722,2025-01-17,Mobile Money,184.43,Paid,TX681337444
PAY0002723,O002723,2025-01-17,Mobile Money,750.72,Paid,TX712225115
PAY0002724,O002724,2025-01-22,Virement,149.6,Paid,TX573395265
PAY0002725,O002725,2026-02-28,Mobile Money,0.0,Pending,TX227347231
PAY0002726,O002726,2025-09-06,Virement,0.0,Pending,TX715513850
PAY0002727,O002727,2026-02-19,Carte bancaire,0.0,Pending,TX124186618
PAY0002728,O002728,2026-04-04,Cash,0.0,Pending,TX801294307
PAY0002729,O002729,2025-01-21,Cash,38.3,Refunded,TX625468356
PAY0002730,O002730,2026-04-12,Carte bancaire,0.0,Pending,TX205974488
PAY0002731,O002731,2025-05-08,Virement,0.0,Failed,TX337762403
PAY0002732,O002732,2025-08-11,Mobile Money,289.98,Paid,TX730174285
PAY0002733,O002733,2026-06-15,Mobile Money,118.74,Paid,TX741455920
PAY0002734,O002734,2025-06-16,Carte bancaire,66.06,Paid,TX900260597
PAY0002735,O002735,2026-06-02,Mobile Money,2082.51,Paid,TX181123732
PAY0002736,O002736,2025-10-05,Carte bancaire,66.0,Refunded,TX331151609
PAY0002737,O002737,2025-01-10,Mobile Money,561.83,Paid,TX982096529
PAY0002738,O002738,2026-04-04,Mobile Money,45.94,Paid,TX788638637
PAY0002739,O002739,2025-01-25,Mobile Money,108.46,Refunded,TX141130699
PAY0002740,O002740,2025-12-16,Cash,0.0,Pending,TX844928889
PAY0002741,O002741,2025-09-11,Carte bancaire,0.0,Pending,TX270606734
PAY0002742,O002742,2025-03-20,Virement,141.53,Paid,TX998991392
PAY0002743,O002743,2025-10-10,Virement,45.88,Paid,TX954027312
PAY0002744,O002744,2025-07-21,Virement,398.19,Paid,TX535045969
PAY0002745,O002745,2025-02-26,Mobile Money,286.16,Paid,TX530501263
PAY0002746,O002746,2025-11-05,Cash,18.35,Paid,TX591320563
PAY0002747,O002747,2025-01-25,Mobile Money,573.3,Paid,TX481735404
PAY0002748,O002748,2025-10-25,Carte bancaire,327.73,Paid,TX527864216
PAY0002749,O002749,2025-05-04,Virement,697.82,Paid,TX977473236
PAY0002750,O002750,2026-04-05,Virement,717.57,Paid,TX548426371
PAY0002751,O002751,2026-06-06,Carte bancaire,0.0,Pending,TX826448342
PAY0002752,O002752,2026-05-26,Carte bancaire,376.44,Paid,TX732409410
PAY0002753,O002753,2026-06-01,Mobile Money,44.19,Paid,TX380828541
PAY0002754,O002754,2025-02-28,Mobile Money,1448.36,Paid,TX269937287
PAY0002755,O002755,2025-10-09,Carte bancaire,194.58,Paid,TX562203603
PAY0002756,O002756,2025-05-04,Carte bancaire,0.0,Pending,TX479668045
PAY0002757,O002757,2025-02-23,Carte bancaire,0.0,Pending,TX110006002
PAY0002758,O002758,2025-08-06,Mobile Money,341.85,Refunded,TX978273164
PAY0002759,O002759,2025-08-24,Carte bancaire,2885.58,Paid,TX840328411
PAY0002760,O002760,2025-06-15,Mobile Money,1060.5,Paid,TX811799353
PAY0002761,O002761,2025-03-05,Carte bancaire,91.87,Paid,TX297932586
PAY0002762,O002762,2025-08-16,Virement,500.41,Paid,TX879107836
PAY0002763,O002763,2025-03-28,Mobile Money,225.9,Paid,TX943054181
PAY0002764,O002764,2025-01-25,Cash,118.34,Paid,TX365885885
PAY0002765,O002765,2025-09-09,Carte bancaire,953.39,Paid,TX973915816
PAY0002766,O002766,2025-02-08,Mobile Money,50.17,Paid,TX592691991
PAY0002767,O002767,2026-06-17,Mobile Money,0.0,Pending,TX183844923
PAY0002768,O002768,2026-04-08,Mobile Money,43.94,Paid,TX170151298
PAY0002769,O002769,2026-05-23,Virement,0.0,Failed,TX134523716
PAY0002770,O002770,2025-02-27,Mobile Money,0.0,Pending,TX310135985
PAY0002771,O002771,2025-09-15,Carte bancaire,222.57,Paid,TX472285850
PAY0002772,O002772,2026-03-30,Virement,0.0,Pending,TX916300401
PAY0002773,O002773,2025-11-16,Mobile Money,207.79,Paid,TX533027298
PAY0002774,O002774,2025-06-17,Mobile Money,43.62,Paid,TX727567874
PAY0002775,O002775,2026-04-01,Mobile Money,267.66,Paid,TX669168560
PAY0002776,O002776,2025-06-19,Virement,0.0,Failed,TX315497493
PAY0002777,O002777,2026-06-22,Cash,162.57,Paid,TX407395038
PAY0002778,O002778,2025-02-26,Cash,116.76,Refunded,TX178042064
PAY0002779,O002779,2026-01-22,Mobile Money,308.7,Paid,TX106543978
PAY0002780,O002780,2025-01-08,Carte bancaire,0.0,Pending,TX334055402
PAY0002781,O002781,2026-05-20,Carte bancaire,246.47,Paid,TX504112268
PAY0002782,O002782,2025-07-14,Cash,103.43,Paid,TX292316780
PAY0002783,O002783,2025-01-16,Carte bancaire,48.06,Paid,TX992937823
PAY0002784,O002784,2026-04-03,Carte bancaire,60.68,Paid,TX447903101
PAY0002785,O002785,2026-06-16,Mobile Money,18.96,Paid,TX540193508
PAY0002786,O002786,2026-05-22,Virement,340.24,Paid,TX242017585
PAY0002787,O002787,2025-09-26,Carte bancaire,114.02,Paid,TX925745736
PAY0002788,O002788,2025-02-04,Mobile Money,50.02,Paid,TX414163245
PAY0002789,O002789,2025-05-05,Cash,2479.13,Paid,TX339981122
PAY0002790,O002790,2025-01-17,Carte bancaire,63.52,Paid,TX400172328
PAY0002791,O002791,2025-01-27,Mobile Money,918.35,Paid,TX438086833
PAY0002792,O002792,2025-03-29,Carte bancaire,608.31,Paid,TX890923138
PAY0002793,O002793,2025-11-09,Mobile Money,1801.95,Paid,TX702268574
PAY0002794,O002794,2026-02-27,Carte bancaire,265.24,Paid,TX457091782
PAY0002795,O002795,2025-11-19,Carte bancaire,0.0,Failed,TX394552780
PAY0002796,O002796,2025-04-27,Cash,95.0,Paid,TX837950769
PAY0002797,O002797,2025-11-29,Mobile Money,427.4,Refunded,TX166338690
PAY0002798,O002798,2025-05-10,Carte bancaire,997.45,Paid,TX123180089
PAY0002799,O002799,2025-09-14,Mobile Money,141.9,Paid,TX230840441
PAY0002800,O002800,2026-05-06,Mobile Money,44.54,Paid,TX365699700
PAY0002801,O002801,2025-03-18,Virement,0.0,Failed,TX660364455
PAY0002802,O002802,2026-04-25,Virement,102.54,Paid,TX995721296
PAY0002803,O002803,2025-05-29,Cash,231.07,Refunded,TX832688560
PAY0002804,O002804,2026-01-03,Carte bancaire,0.0,Pending,TX238354391
PAY0002805,O002805,2025-05-28,Mobile Money,0.0,Failed,TX429477597
PAY0002806,O002806,2025-04-02,Mobile Money,1146.4,Paid,TX968442542
PAY0002807,O002807,2025-09-06,Carte bancaire,977.35,Paid,TX804683420
PAY0002808,O002808,2025-07-28,Carte bancaire,0.0,Pending,TX182262318
PAY0002809,O002809,2025-10-08,Mobile Money,21.25,Refunded,TX631992239
PAY0002810,O002810,2025-05-10,Cash,751.76,Paid,TX845343513
PAY0002811,O002811,2026-06-21,Cash,89.2,Refunded,TX283323509
PAY0002812,O002812,2026-01-05,Virement,77.84,Paid,TX320991298
PAY0002813,O002813,2026-04-10,Mobile Money,39.86,Paid,TX916050262
PAY0002814,O002814,2026-03-08,Mobile Money,162.77,Paid,TX554998873
PAY0002815,O002815,2026-02-01,Carte bancaire,328.45,Paid,TX704599444
PAY0002816,O002816,2025-03-23,Mobile Money,194.82,Paid,TX652580629
PAY0002817,O002817,2025-11-22,Mobile Money,97.52,Paid,TX101396185
PAY0002818,O002818,2026-05-11,Carte bancaire,1052.35,Paid,TX648442891
PAY0002819,O002819,2025-02-25,Mobile Money,1794.6,Paid,TX957330216
PAY0002820,O002820,2025-09-13,Mobile Money,44.66,Paid,TX161758197
PAY0002821,O002821,2025-04-14,Mobile Money,43.96,Paid,TX467905982
PAY0002822,O002822,2026-03-13,Mobile Money,534.02,Paid,TX327374301
PAY0002823,O002823,2026-05-30,Carte bancaire,1353.93,Paid,TX906101352
PAY0002824,O002824,2025-01-30,Virement,98.11,Paid,TX952811444
PAY0002825,O002825,2026-03-20,Mobile Money,241.12,Paid,TX126616605
PAY0002826,O002826,2025-07-18,Mobile Money,196.55,Paid,TX818359226
PAY0002827,O002827,2026-06-15,Mobile Money,376.76,Paid,TX649637186
PAY0002828,O002828,2025-01-11,Carte bancaire,13.25,Paid,TX887556971
PAY0002829,O002829,2025-04-18,Mobile Money,162.59,Paid,TX238855882
PAY0002830,O002830,2026-01-29,Mobile Money,14.38,Paid,TX230044632
PAY0002831,O002831,2026-03-03,Virement,262.0,Paid,TX623181819
PAY0002832,O002832,2025-02-16,Cash,0.0,Pending,TX538162675
PAY0002833,O002833,2025-03-29,Mobile Money,81.13,Paid,TX405853866
PAY0002834,O002834,2025-07-08,Mobile Money,160.09,Paid,TX944784989
PAY0002835,O002835,2025-01-20,Virement,214.82,Paid,TX534360077
PAY0002836,O002836,2026-03-06,Carte bancaire,253.81,Paid,TX895669261
PAY0002837,O002837,2026-01-02,Mobile Money,227.02,Paid,TX521660524
PAY0002838,O002838,2026-02-19,Cash,104.9,Paid,TX877578781
PAY0002839,O002839,2025-09-15,Carte bancaire,143.33,Paid,TX716225391
PAY0002840,O002840,2025-12-17,Cash,300.16,Paid,TX770850997
PAY0002841,O002841,2025-11-11,Virement,83.99,Paid,TX182501414
PAY0002842,O002842,2026-01-19,Cash,120.18,Paid,TX792458369
PAY0002843,O002843,2025-09-04,Mobile Money,87.32,Paid,TX510491482
PAY0002844,O002844,2025-12-24,Mobile Money,39.55,Refunded,TX823127951
PAY0002845,O002845,2025-12-21,Mobile Money,229.68,Paid,TX421486306
PAY0002846,O002846,2025-12-18,Carte bancaire,0.0,Failed,TX386795798
PAY0002847,O002847,2026-04-24,Mobile Money,0.0,Pending,TX983044587
PAY0002848,O002848,2025-07-11,Mobile Money,145.73,Paid,TX871591485
PAY0002849,O002849,2026-04-27,Mobile Money,103.1,Paid,TX785875415
PAY0002850,O002850,2025-01-20,Mobile Money,46.22,Paid,TX266630159
PAY0002851,O002851,2025-09-25,Virement,50.33,Paid,TX662053479
PAY0002852,O002852,2025-09-01,Cash,37.96,Paid,TX903311023
PAY0002853,O002853,2026-04-23,Mobile Money,191.64,Paid,TX779834051
PAY0002854,O002854,2025-01-25,Mobile Money,0.0,Failed,TX890187107
PAY0002855,O002855,2025-05-01,Carte bancaire,401.05,Paid,TX929325516
PAY0002856,O002856,2025-09-18,Carte bancaire,607.41,Paid,TX175285884
PAY0002857,O002857,2026-03-27,Mobile Money,0.0,Pending,TX104645167
PAY0002858,O002858,2025-09-16,Mobile Money,2074.35,Paid,TX765540638
PAY0002859,O002859,2025-12-17,Carte bancaire,112.85,Paid,TX950115664
PAY0002860,O002860,2025-04-10,Mobile Money,91.26,Paid,TX745205956
PAY0002861,O002861,2026-06-01,Carte bancaire,249.2,Paid,TX326035962
PAY0002862,O002862,2026-03-07,Cash,67.8,Refunded,TX941889014
PAY0002863,O002863,2025-01-28,Cash,1228.25,Paid,TX874206242
PAY0002864,O002864,2026-01-22,Carte bancaire,20.34,Paid,TX882321391
PAY0002865,O002865,2025-03-16,Mobile Money,388.07,Refunded,TX432750080
PAY0002866,O002866,2025-11-04,Cash,55.47,Paid,TX262242371
PAY0002867,O002867,2026-01-28,Carte bancaire,97.67,Paid,TX651384374
PAY0002868,O002868,2026-05-26,Carte bancaire,39.45,Paid,TX486908018
PAY0002869,O002869,2025-02-12,Mobile Money,0.0,Pending,TX942915515
PAY0002870,O002870,2025-06-10,Virement,282.03,Paid,TX171315015
PAY0002871,O002871,2026-01-17,Virement,739.71,Pending,TX129906282
PAY0002872,O002872,2025-05-24,Carte bancaire,205.44,Paid,TX985086086
PAY0002873,O002873,2026-01-28,Mobile Money,181.1,Paid,TX141018784
PAY0002874,O002874,2025-04-12,Mobile Money,164.51,Paid,TX642807041
PAY0002875,O002875,2025-03-31,Carte bancaire,78.89,Paid,TX605636043
PAY0002876,O002876,2025-10-29,Mobile Money,0.0,Failed,TX519981420
PAY0002877,O002877,2026-01-15,Carte bancaire,0.0,Failed,TX460554710
PAY0002878,O002878,2025-04-23,Mobile Money,819.98,Paid,TX325724680
PAY0002879,O002879,2026-04-28,Virement,249.66,Paid,TX780542814
PAY0002880,O002880,2026-04-23,Mobile Money,0.0,Pending,TX839920064
PAY0002881,O002881,2025-02-18,Mobile Money,121.95,Paid,TX990802883
PAY0002882,O002882,2025-06-20,Virement,158.62,Paid,TX504375941
PAY0002883,O002883,2025-11-02,Mobile Money,47.86,Paid,TX239353390
PAY0002884,O002884,2025-10-01,Carte bancaire,0.0,Pending,TX943826773
PAY0002885,O002885,2025-05-23,Mobile Money,151.16,Paid,TX168761901
PAY0002886,O002886,2025-10-22,Virement,44.38,Paid,TX599849500
PAY0002887,O002887,2026-06-16,Mobile Money,74.89,Pending,TX236752218
PAY0002888,O002888,2025-06-20,Carte bancaire,41.87,Paid,TX506631543
PAY0002889,O002889,2025-05-03,Carte bancaire,46.97,Paid,TX259777744
PAY0002890,O002890,2026-02-11,Carte bancaire,834.26,Paid,TX746657021
PAY0002891,O002891,2025-11-09,Carte bancaire,645.45,Paid,TX867529594
PAY0002892,O002892,2026-01-19,Mobile Money,109.78,Paid,TX956064251
PAY0002893,O002893,2025-12-23,Carte bancaire,18.83,Paid,TX641997768
PAY0002894,O002894,2026-02-22,Carte bancaire,112.66,Paid,TX550560199
PAY0002895,O002895,2026-02-08,Carte bancaire,0.0,Pending,TX255515645
PAY0002896,O002896,2025-11-30,Carte bancaire,61.9,Refunded,TX558561166
PAY0002897,O002897,2025-09-08,Cash,0.0,Pending,TX496928655
PAY0002898,O002898,2025-09-10,Carte bancaire,373.51,Paid,TX502514404
PAY0002899,O002899,2025-05-27,Virement,189.04,Paid,TX602064577
PAY0002900,O002900,2025-09-05,Carte bancaire,0.0,Pending,TX487373279
PAY0002901,O002901,2025-11-28,Mobile Money,218.24,Paid,TX856319531
PAY0002902,O002902,2026-01-28,Carte bancaire,764.19,Paid,TX190565340
PAY0002903,O002903,2026-03-03,Carte bancaire,1449.47,Paid,TX216123562
PAY0002904,O002904,2025-07-27,Mobile Money,87.03,Paid,TX501901449
PAY0002905,O002905,2026-02-08,Virement,71.68,Paid,TX142782188
PAY0002906,O002906,2025-09-01,Mobile Money,0.0,Pending,TX295638982
PAY0002907,O002907,2025-07-17,Carte bancaire,115.91,Paid,TX796996106
PAY0002908,O002908,2025-04-02,Mobile Money,2631.03,Paid,TX697759285
PAY0002909,O002909,2025-05-30,Carte bancaire,298.57,Refunded,TX205738163
PAY0002910,O002910,2026-01-10,Mobile Money,209.32,Paid,TX143054873
PAY0002911,O002911,2025-05-03,Mobile Money,71.7,Paid,TX105675955
PAY0002912,O002912,2025-02-15,Carte bancaire,164.61,Paid,TX319111650
PAY0002913,O002913,2025-05-30,Mobile Money,481.64,Paid,TX486581419
PAY0002914,O002914,2026-07-01,Mobile Money,650.45,Paid,TX180650761
PAY0002915,O002915,2025-03-25,Mobile Money,970.49,Paid,TX468734126
PAY0002916,O002916,2025-03-23,Mobile Money,266.4,Paid,TX538332096
PAY0002917,O002917,2025-08-10,Mobile Money,60.86,Paid,TX836261130
PAY0002918,O002918,2025-08-01,Virement,364.17,Paid,TX359373481
PAY0002919,O002919,2026-05-23,Mobile Money,4853.85,Paid,TX612263467
PAY0002920,O002920,2025-05-14,Carte bancaire,139.63,Paid,TX207045362
PAY0002921,O002921,2025-08-18,Carte bancaire,1306.66,Paid,TX902238709
PAY0002922,O002922,2025-06-09,Mobile Money,239.94,Paid,TX581896933
PAY0002923,O002923,2025-05-21,Mobile Money,667.1,Refunded,TX357464007
PAY0002924,O002924,2025-06-30,Mobile Money,43.7,Paid,TX885373122
PAY0002925,O002925,2025-05-21,Mobile Money,903.05,Paid,TX953463786
PAY0002926,O002926,2026-02-01,Mobile Money,0.0,Failed,TX363431310
PAY0002927,O002927,2026-03-10,Virement,301.49,Paid,TX659884644
PAY0002928,O002928,2025-04-10,Mobile Money,66.85,Paid,TX383527565
PAY0002929,O002929,2025-10-03,Carte bancaire,174.72,Paid,TX168083668
PAY0002930,O002930,2025-05-26,Mobile Money,179.49,Paid,TX281749170
PAY0002931,O002931,2026-04-25,Virement,800.02,Refunded,TX799607300
PAY0002932,O002932,2025-02-27,Mobile Money,1677.22,Paid,TX289451377
PAY0002933,O002933,2025-08-17,Mobile Money,149.3,Paid,TX149172368
PAY0002934,O002934,2025-07-02,Mobile Money,57.7,Paid,TX991723568
PAY0002935,O002935,2025-07-19,Cash,672.87,Paid,TX495015682
PAY0002936,O002936,2026-05-31,Carte bancaire,735.83,Paid,TX960798800
PAY0002937,O002937,2025-10-25,Mobile Money,1250.42,Paid,TX154824585
PAY0002938,O002938,2025-07-31,Mobile Money,687.47,Paid,TX671273567
PAY0002939,O002939,2026-03-23,Virement,173.47,Paid,TX426759523
PAY0002940,O002940,2026-03-03,Virement,0.0,Failed,TX938933798
PAY0002941,O002941,2025-03-24,Mobile Money,319.35,Paid,TX379168290
PAY0002942,O002942,2025-09-13,Mobile Money,112.4,Paid,TX120451157
PAY0002943,O002943,2025-08-14,Mobile Money,490.19,Paid,TX625597480
PAY0002944,O002944,2025-09-06,Mobile Money,124.13,Paid,TX813752227
PAY0002945,O002945,2025-07-14,Mobile Money,0.0,Pending,TX957629991
PAY0002946,O002946,2026-04-01,Mobile Money,1879.23,Paid,TX236327168
PAY0002947,O002947,2026-06-30,Mobile Money,182.87,Paid,TX986205392
PAY0002948,O002948,2025-01-19,Carte bancaire,243.31,Paid,TX817699337
PAY0002949,O002949,2026-04-18,Mobile Money,126.58,Paid,TX878153077
PAY0002950,O002950,2026-04-20,Mobile Money,430.6,Paid,TX455296730
PAY0002951,O002951,2025-07-21,Cash,129.2,Paid,TX319303459
PAY0002952,O002952,2025-09-24,Mobile Money,48.3,Paid,TX968351543
PAY0002953,O002953,2025-02-25,Mobile Money,343.01,Paid,TX456059619
PAY0002954,O002954,2025-07-16,Mobile Money,0.0,Pending,TX143720246
PAY0002955,O002955,2025-05-14,Carte bancaire,176.64,Paid,TX847660067
PAY0002956,O002956,2026-05-14,Carte bancaire,0.0,Failed,TX958510784
PAY0002957,O002957,2025-03-02,Carte bancaire,73.94,Paid,TX929722401
PAY0002958,O002958,2025-07-07,Mobile Money,0.0,Pending,TX715212832
PAY0002959,O002959,2025-09-21,Carte bancaire,688.67,Refunded,TX622840091
PAY0002960,O002960,2026-06-21,Virement,32.45,Paid,TX731075938
PAY0002961,O002961,2026-03-24,Mobile Money,37.78,Paid,TX144283837
PAY0002962,O002962,2026-05-29,Carte bancaire,1160.42,Paid,TX753348442
PAY0002963,O002963,2025-06-19,Virement,144.4,Paid,TX759609185
PAY0002964,O002964,2025-05-28,Mobile Money,0.0,Pending,TX228953508
PAY0002965,O002965,2025-11-12,Mobile Money,0.0,Pending,TX499543367
PAY0002966,O002966,2025-07-06,Mobile Money,858.55,Paid,TX914534171
PAY0002967,O002967,2025-01-11,Carte bancaire,54.85,Paid,TX688732543
PAY0002968,O002968,2026-03-23,Virement,288.87,Paid,TX668589948
PAY0002969,O002969,2025-02-22,Virement,545.38,Paid,TX742531148
PAY0002970,O002970,2025-04-20,Virement,28.5,Paid,TX781907653
PAY0002971,O002971,2026-06-05,Mobile Money,308.08,Paid,TX391720408
PAY0002972,O002972,2026-02-10,Mobile Money,75.19,Paid,TX329487382
PAY0002973,O002973,2025-12-21,Mobile Money,466.94,Paid,TX259836089
PAY0002974,O002974,2025-03-16,Mobile Money,0.0,Pending,TX893736381
PAY0002975,O002975,2025-05-21,Cash,447.45,Refunded,TX997763511
PAY0002976,O002976,2025-04-23,Mobile Money,494.48,Paid,TX367902599
PAY0002977,O002977,2025-12-22,Carte bancaire,187.67,Paid,TX330289499
PAY0002978,O002978,2025-10-02,Mobile Money,174.3,Paid,TX549598156
PAY0002979,O002979,2025-07-17,Virement,0.0,Pending,TX691157364
PAY0002980,O002980,2026-02-16,Carte bancaire,43.17,Paid,TX381879325
PAY0002981,O002981,2026-03-04,Mobile Money,72.51,Paid,TX941804417
PAY0002982,O002982,2026-02-13,Carte bancaire,155.18,Paid,TX272774001
PAY0002983,O002983,2025-03-01,Carte bancaire,0.0,Pending,TX272593535
PAY0002984,O002984,2025-12-04,Carte bancaire,162.42,Paid,TX497893201
PAY0002985,O002985,2025-04-27,Mobile Money,758.23,Paid,TX594892586
PAY0002986,O002986,2025-05-30,Carte bancaire,197.26,Paid,TX397770492
PAY0002987,O002987,2026-06-23,Carte bancaire,117.24,Paid,TX644241688
PAY0002988,O002988,2025-08-18,Mobile Money,155.7,Paid,TX983751291
PAY0002989,O002989,2026-03-09,Carte bancaire,57.36,Paid,TX493676071
PAY0002990,O002990,2025-05-16,Cash,3186.67,Paid,TX860543048
PAY0002991,O002991,2026-06-19,Mobile Money,92.53,Paid,TX746473441
PAY0002992,O002992,2025-06-05,Mobile Money,0.0,Pending,TX276637931
PAY0002993,O002993,2025-04-12,Mobile Money,467.63,Paid,TX659901959
PAY0002994,O002994,2025-06-30,Carte bancaire,0.0,Pending,TX428551551
PAY0002995,O002995,2025-04-06,Carte bancaire,96.01,Paid,TX358604964
PAY0002996,O002996,2025-11-25,Carte bancaire,496.63,Paid,TX852509527
PAY0002997,O002997,2025-03-21,Carte bancaire,0.0,Pending,TX215778061
PAY0002998,O002998,2025-04-28,Cash,0.0,Failed,TX642078018
PAY0002999,O002999,2026-01-20,Mobile Money,84.76,Paid,TX347449673
PAY0003000,O003000,2025-01-27,Virement,226.52,Paid,TX560464005
PAY0003001,O003001,2025-09-03,Virement,225.11,Paid,TX855195014
PAY0003002,O003002,2026-01-17,Mobile Money,364.14,Paid,TX758128147
PAY0003003,O003003,2025-09-05,Mobile Money,201.25,Paid,TX984682300
PAY0003004,O003004,2025-01-13,Cash,151.41,Refunded,TX820209153
PAY0003005,O003005,2025-03-28,Mobile Money,166.8,Paid,TX316919991
PAY0003006,O003006,2026-06-18,Carte bancaire,166.74,Paid,TX440788946
PAY0003007,O003007,2026-03-04,Mobile Money,666.27,Paid,TX145631739
PAY0003008,O003008,2025-07-13,Virement,85.0,Paid,TX514510843
PAY0003009,O003009,2026-04-28,Mobile Money,705.66,Paid,TX608205521
PAY0003010,O003010,2025-01-05,Carte bancaire,137.5,Paid,TX966971842
PAY0003011,O003011,2025-01-29,Mobile Money,156.5,Refunded,TX459021578
PAY0003012,O003012,2026-05-02,Mobile Money,327.46,Paid,TX989167142
PAY0003013,O003013,2026-01-05,Virement,503.76,Paid,TX483530483
PAY0003014,O003014,2025-11-25,Carte bancaire,446.49,Paid,TX499854357
PAY0003015,O003015,2025-07-11,Virement,207.12,Paid,TX973036304
PAY0003016,O003016,2026-03-24,Mobile Money,60.28,Paid,TX552612430
PAY0003017,O003017,2025-12-02,Mobile Money,157.5,Paid,TX740509014
PAY0003018,O003018,2025-08-30,Virement,621.73,Paid,TX173606701
PAY0003019,O003019,2025-08-01,Carte bancaire,162.86,Paid,TX377982001
PAY0003020,O003020,2025-07-17,Carte bancaire,1412.19,Paid,TX707557665
PAY0003021,O003021,2025-11-13,Mobile Money,0.0,Pending,TX320196747
PAY0003022,O003022,2025-12-30,Carte bancaire,756.45,Paid,TX630937297
PAY0003023,O003023,2026-03-18,Carte bancaire,0.0,Pending,TX484635387
PAY0003024,O003024,2025-08-12,Mobile Money,0.0,Pending,TX850630878
PAY0003025,O003025,2025-05-21,Mobile Money,145.5,Paid,TX153228006
PAY0003026,O003026,2025-11-03,Mobile Money,0.0,Pending,TX983474156
PAY0003027,O003027,2025-11-20,Cash,632.87,Paid,TX644379575
PAY0003028,O003028,2025-06-03,Virement,168.98,Paid,TX120113419
PAY0003029,O003029,2025-02-14,Mobile Money,0.0,Failed,TX198965379
PAY0003030,O003030,2025-07-02,Virement,67.15,Paid,TX218451781
PAY0003031,O003031,2025-02-12,Carte bancaire,0.0,Pending,TX412906263
PAY0003032,O003032,2025-02-18,Cash,41.06,Paid,TX380132539
PAY0003033,O003033,2026-06-15,Carte bancaire,176.67,Paid,TX947854932
PAY0003034,O003034,2026-03-08,Mobile Money,0.0,Pending,TX453903214
PAY0003035,O003035,2025-01-20,Virement,250.92,Paid,TX648643543
PAY0003036,O003036,2025-07-15,Cash,0.0,Pending,TX519724164
PAY0003037,O003037,2025-05-23,Carte bancaire,128.58,Paid,TX793005550
PAY0003038,O003038,2026-06-19,Mobile Money,0.0,Failed,TX239166646
PAY0003039,O003039,2025-08-31,Virement,0.0,Pending,TX681032384
PAY0003040,O003040,2025-05-27,Mobile Money,284.85,Paid,TX907170716
PAY0003041,O003041,2025-12-16,Virement,129.3,Paid,TX526535615
PAY0003042,O003042,2025-09-20,Virement,104.26,Paid,TX340297088
PAY0003043,O003043,2025-04-13,Mobile Money,150.17,Paid,TX672122655
PAY0003044,O003044,2025-06-19,Mobile Money,93.9,Paid,TX678059253
PAY0003045,O003045,2025-03-12,Mobile Money,167.92,Paid,TX802407371
PAY0003046,O003046,2026-01-17,Cash,1172.69,Refunded,TX933781992
PAY0003047,O003047,2026-06-17,Virement,256.05,Paid,TX778813367
PAY0003048,O003048,2026-03-22,Mobile Money,44.25,Paid,TX956118244
PAY0003049,O003049,2025-07-29,Virement,181.36,Refunded,TX465935815
PAY0003050,O003050,2025-09-28,Virement,45.95,Paid,TX406769223
PAY0003051,O003051,2025-02-05,Cash,56.18,Paid,TX300575480
PAY0003052,O003052,2025-07-21,Carte bancaire,0.0,Pending,TX230334975
PAY0003053,O003053,2025-01-20,Virement,36.5,Paid,TX169362415
PAY0003054,O003054,2026-02-17,Mobile Money,267.94,Paid,TX793304860
PAY0003055,O003055,2026-05-15,Mobile Money,248.28,Paid,TX907942572
PAY0003056,O003056,2025-04-17,Carte bancaire,50.93,Paid,TX925577159
PAY0003057,O003057,2026-01-05,Mobile Money,22.37,Paid,TX630028045
PAY0003058,O003058,2025-11-26,Mobile Money,169.34,Paid,TX913388408
PAY0003059,O003059,2025-08-21,Mobile Money,16.02,Paid,TX125458629
PAY0003060,O003060,2026-02-09,Carte bancaire,0.0,Failed,TX771963121
PAY0003061,O003061,2026-01-09,Carte bancaire,166.53,Paid,TX582843376
PAY0003062,O003062,2025-05-28,Cash,67.17,Paid,TX294230267
PAY0003063,O003063,2026-03-17,Mobile Money,193.51,Paid,TX579605618
PAY0003064,O003064,2025-12-29,Carte bancaire,241.24,Paid,TX368160658
PAY0003065,O003065,2025-06-21,Virement,705.92,Paid,TX488863403
PAY0003066,O003066,2026-02-11,Virement,80.36,Paid,TX220941864
PAY0003067,O003067,2025-12-22,Mobile Money,0.0,Failed,TX191541829
PAY0003068,O003068,2025-03-10,Carte bancaire,0.0,Pending,TX806480808
PAY0003069,O003069,2025-04-06,Virement,275.02,Paid,TX250400661
PAY0003070,O003070,2025-06-30,Virement,45.61,Refunded,TX967823349
PAY0003071,O003071,2025-01-29,Mobile Money,857.54,Paid,TX958000994
PAY0003072,O003072,2025-08-14,Carte bancaire,0.0,Pending,TX832205521
PAY0003073,O003073,2025-09-12,Carte bancaire,185.63,Paid,TX148757189
PAY0003074,O003074,2026-03-03,Mobile Money,49.81,Paid,TX523104945
PAY0003075,O003075,2025-04-04,Carte bancaire,44.76,Paid,TX422798343
PAY0003076,O003076,2025-11-10,Mobile Money,196.54,Paid,TX469602453
PAY0003077,O003077,2026-01-03,Mobile Money,36.99,Paid,TX550642318
PAY0003078,O003078,2025-09-04,Mobile Money,345.21,Paid,TX435397813
PAY0003079,O003079,2026-05-16,Mobile Money,17.62,Paid,TX399513782
PAY0003080,O003080,2025-06-25,Mobile Money,0.0,Pending,TX988884010
PAY0003081,O003081,2025-08-14,Cash,88.7,Paid,TX565125809
PAY0003082,O003082,2025-01-06,Mobile Money,890.68,Paid,TX739805602
PAY0003083,O003083,2025-08-14,Mobile Money,177.48,Paid,TX569420807
PAY0003084,O003084,2025-01-15,Virement,0.0,Failed,TX259730306
PAY0003085,O003085,2026-06-24,Carte bancaire,282.8,Paid,TX921023573
PAY0003086,O003086,2025-05-15,Carte bancaire,1020.44,Paid,TX489715143
PAY0003087,O003087,2026-03-25,Virement,432.89,Paid,TX712383708
PAY0003088,O003088,2025-03-05,Carte bancaire,240.12,Refunded,TX520608860
PAY0003089,O003089,2025-06-03,Carte bancaire,42.08,Paid,TX796821993
PAY0003090,O003090,2025-03-09,Carte bancaire,0.0,Pending,TX991074132
PAY0003091,O003091,2025-07-22,Carte bancaire,44.89,Refunded,TX780217675
PAY0003092,O003092,2025-12-01,Virement,0.0,Failed,TX617097492
PAY0003093,O003093,2025-08-23,Mobile Money,993.51,Paid,TX403425233
PAY0003094,O003094,2025-12-01,Mobile Money,424.25,Paid,TX536412963
PAY0003095,O003095,2026-03-20,Mobile Money,14.12,Paid,TX280624993
PAY0003096,O003096,2025-01-28,Mobile Money,63.78,Refunded,TX515157170
PAY0003097,O003097,2025-08-22,Mobile Money,185.75,Paid,TX468221589
PAY0003098,O003098,2025-11-24,Carte bancaire,810.61,Paid,TX976947765
PAY0003099,O003099,2025-10-17,Virement,28.99,Paid,TX295785021
PAY0003100,O003100,2025-03-25,Mobile Money,26.31,Refunded,TX793976866
PAY0003101,O003101,2025-04-28,Carte bancaire,107.9,Paid,TX672383518
PAY0003102,O003102,2025-07-30,Mobile Money,53.64,Paid,TX590653830
PAY0003103,O003103,2025-12-25,Carte bancaire,96.02,Paid,TX591402313
PAY0003104,O003104,2026-06-28,Mobile Money,864.3,Refunded,TX330752029
PAY0003105,O003105,2025-07-24,Cash,0.0,Failed,TX185775517
PAY0003106,O003106,2025-10-17,Mobile Money,108.71,Paid,TX137275723
PAY0003107,O003107,2025-06-19,Virement,0.0,Pending,TX813471382
PAY0003108,O003108,2025-01-23,Mobile Money,134.1,Paid,TX302852249
PAY0003109,O003109,2025-08-10,Virement,0.0,Pending,TX231890228
PAY0003110,O003110,2025-07-14,Mobile Money,74.97,Paid,TX995285486
PAY0003111,O003111,2025-03-28,Virement,1156.3,Paid,TX914042517
PAY0003112,O003112,2026-01-04,Cash,695.28,Paid,TX623724599
PAY0003113,O003113,2025-05-26,Cash,345.61,Paid,TX126065357
PAY0003114,O003114,2025-05-05,Virement,334.71,Paid,TX712668547
PAY0003115,O003115,2025-08-06,Mobile Money,182.36,Refunded,TX959754251
PAY0003116,O003116,2026-06-16,Mobile Money,176.83,Paid,TX249645328
PAY0003117,O003117,2025-12-19,Cash,72.57,Paid,TX792956018
PAY0003118,O003118,2025-08-23,Virement,35.97,Paid,TX278454213
PAY0003119,O003119,2026-03-30,Carte bancaire,249.27,Paid,TX968246769
PAY0003120,O003120,2025-01-13,Mobile Money,192.69,Paid,TX666905310
PAY0003121,O003121,2025-07-06,Mobile Money,0.0,Pending,TX430843444
PAY0003122,O003122,2025-10-28,Mobile Money,435.32,Paid,TX846955353
PAY0003123,O003123,2025-09-26,Carte bancaire,558.12,Refunded,TX366198179
PAY0003124,O003124,2026-01-10,Virement,1537.65,Paid,TX195314929
PAY0003125,O003125,2026-01-23,Mobile Money,331.62,Paid,TX352552312
PAY0003126,O003126,2025-09-09,Mobile Money,0.0,Failed,TX488028446
PAY0003127,O003127,2026-05-29,Mobile Money,25.71,Paid,TX352544985
PAY0003128,O003128,2026-05-28,Mobile Money,0.0,Pending,TX731689522
PAY0003129,O003129,2025-09-22,Virement,683.51,Paid,TX492717322
PAY0003130,O003130,2026-05-12,Mobile Money,68.44,Paid,TX256718620
PAY0003131,O003131,2025-12-21,Cash,122.18,Paid,TX155903882
PAY0003132,O003132,2025-03-21,Mobile Money,42.21,Paid,TX136945126
PAY0003133,O003133,2025-03-08,Virement,69.94,Paid,TX852553848
PAY0003134,O003134,2025-02-15,Mobile Money,115.51,Paid,TX569331902
PAY0003135,O003135,2025-04-28,Carte bancaire,504.52,Paid,TX645970282
PAY0003136,O003136,2025-06-22,Virement,72.03,Paid,TX491505692
PAY0003137,O003137,2025-02-08,Mobile Money,72.77,Paid,TX980596859
PAY0003138,O003138,2025-12-01,Carte bancaire,389.02,Paid,TX463706804
PAY0003139,O003139,2025-08-14,Virement,157.96,Paid,TX167219346
PAY0003140,O003140,2025-11-30,Mobile Money,14.97,Paid,TX470979866
PAY0003141,O003141,2025-10-03,Carte bancaire,201.53,Paid,TX530210529
PAY0003142,O003142,2025-06-02,Carte bancaire,22.09,Paid,TX338586190
PAY0003143,O003143,2025-12-04,Virement,21.53,Paid,TX610375566
PAY0003144,O003144,2026-06-08,Mobile Money,31.59,Paid,TX605699169
PAY0003145,O003145,2025-06-23,Carte bancaire,41.76,Paid,TX848169111
PAY0003146,O003146,2025-06-22,Cash,28.88,Paid,TX164358210
PAY0003147,O003147,2025-10-10,Carte bancaire,297.48,Paid,TX900546955
PAY0003148,O003148,2026-03-19,Mobile Money,40.83,Paid,TX978976696
PAY0003149,O003149,2025-10-22,Mobile Money,167.29,Paid,TX933543970
PAY0003150,O003150,2026-04-04,Mobile Money,141.81,Paid,TX684815269
PAY0003151,O003151,2025-02-10,Mobile Money,196.62,Paid,TX105351171
PAY0003152,O003152,2025-02-26,Mobile Money,723.9,Paid,TX513630074
PAY0003153,O003153,2025-08-12,Mobile Money,689.39,Paid,TX200261494
PAY0003154,O003154,2025-05-11,Cash,80.18,Paid,TX162395045
PAY0003155,O003155,2025-01-14,Virement,96.44,Paid,TX982241616
PAY0003156,O003156,2025-04-28,Mobile Money,0.0,Pending,TX931487298
PAY0003157,O003157,2025-05-30,Mobile Money,159.5,Paid,TX103526363
PAY0003158,O003158,2026-05-21,Carte bancaire,661.69,Refunded,TX542562830
PAY0003159,O003159,2026-03-09,Mobile Money,348.28,Paid,TX518888833
PAY0003160,O003160,2025-07-15,Mobile Money,101.63,Paid,TX817563950
PAY0003161,O003161,2026-06-12,Cash,639.2,Paid,TX711180341
PAY0003162,O003162,2026-04-08,Virement,504.28,Paid,TX349498908
PAY0003163,O003163,2025-05-20,Virement,1806.5,Paid,TX879801781
PAY0003164,O003164,2025-09-19,Virement,320.59,Paid,TX400326659
PAY0003165,O003165,2026-05-22,Carte bancaire,0.0,Pending,TX114381923
PAY0003166,O003166,2025-09-09,Virement,18.87,Paid,TX726801220
PAY0003167,O003167,2025-07-27,Carte bancaire,779.55,Paid,TX680153728
PAY0003168,O003168,2026-05-14,Mobile Money,156.9,Paid,TX786630670
PAY0003169,O003169,2026-01-01,Mobile Money,410.1,Paid,TX123124446
PAY0003170,O003170,2025-08-31,Carte bancaire,132.68,Paid,TX280676439
PAY0003171,O003171,2026-04-23,Mobile Money,162.92,Paid,TX142999220
PAY0003172,O003172,2026-02-17,Virement,231.05,Paid,TX473089194
PAY0003173,O003173,2025-07-14,Carte bancaire,146.82,Refunded,TX876623657
PAY0003174,O003174,2025-08-23,Cash,329.09,Paid,TX140594282
PAY0003175,O003175,2025-01-27,Mobile Money,0.0,Pending,TX394271972
PAY0003176,O003176,2025-02-28,Mobile Money,0.0,Pending,TX172855065
PAY0003177,O003177,2026-06-10,Mobile Money,83.61,Paid,TX741900048
PAY0003178,O003178,2025-01-31,Mobile Money,746.6,Paid,TX743432166
PAY0003179,O003179,2026-04-05,Carte bancaire,253.17,Paid,TX659409824
PAY0003180,O003180,2025-04-27,Mobile Money,34.97,Paid,TX695084662
PAY0003181,O003181,2025-10-24,Virement,567.4,Paid,TX558793178
PAY0003182,O003182,2026-02-03,Mobile Money,52.48,Paid,TX242928472
PAY0003183,O003183,2026-06-28,Cash,306.84,Paid,TX610957359
PAY0003184,O003184,2025-07-24,Mobile Money,0.0,Pending,TX854451620
PAY0003185,O003185,2026-05-23,Carte bancaire,0.0,Pending,TX533786258
PAY0003186,O003186,2025-09-06,Cash,23.65,Paid,TX361243100
PAY0003187,O003187,2026-04-25,Carte bancaire,0.0,Failed,TX684386475
PAY0003188,O003188,2025-02-25,Mobile Money,60.4,Paid,TX197560935
PAY0003189,O003189,2025-05-30,Mobile Money,822.64,Paid,TX123039057
PAY0003190,O003190,2025-12-11,Mobile Money,23.73,Paid,TX695360969
PAY0003191,O003191,2026-01-22,Carte bancaire,31.58,Paid,TX416396385
PAY0003192,O003192,2026-03-19,Carte bancaire,256.83,Refunded,TX443606873
PAY0003193,O003193,2025-07-19,Virement,1211.12,Paid,TX269737845
PAY0003194,O003194,2025-12-11,Mobile Money,77.93,Paid,TX223598626
PAY0003195,O003195,2025-12-08,Mobile Money,777.89,Paid,TX725045828
PAY0003196,O003196,2026-06-24,Mobile Money,1219.66,Paid,TX253339736
PAY0003197,O003197,2025-03-07,Cash,31.32,Refunded,TX333885609
PAY0003198,O003198,2025-01-11,Cash,229.93,Paid,TX671498927
PAY0003199,O003199,2025-11-14,Mobile Money,93.67,Refunded,TX163513383
PAY0003200,O003200,2025-01-13,Carte bancaire,0.0,Pending,TX685215244
PAY0003201,O003201,2025-04-21,Virement,51.29,Paid,TX177140360
PAY0003202,O003202,2025-10-03,Carte bancaire,145.86,Pending,TX898264340
PAY0003203,O003203,2025-05-29,Cash,91.61,Refunded,TX716040818
PAY0003204,O003204,2025-05-28,Virement,81.65,Paid,TX230594904
PAY0003205,O003205,2025-07-13,Carte bancaire,19.74,Refunded,TX348855062
PAY0003206,O003206,2026-01-15,Carte bancaire,0.0,Pending,TX110104625
PAY0003207,O003207,2025-07-20,Mobile Money,0.0,Pending,TX804684066
PAY0003208,O003208,2026-03-11,Mobile Money,0.0,Pending,TX521866290
PAY0003209,O003209,2025-04-01,Virement,62.5,Paid,TX203913698
PAY0003210,O003210,2025-03-01,Mobile Money,166.98,Paid,TX271674426
PAY0003211,O003211,2025-04-03,Mobile Money,67.23,Paid,TX165209315
PAY0003212,O003212,2026-05-18,Virement,29.77,Paid,TX797568047
PAY0003213,O003213,2025-06-02,Mobile Money,434.53,Paid,TX125177202
PAY0003214,O003214,2025-01-20,Carte bancaire,118.41,Paid,TX478481616
PAY0003215,O003215,2025-06-22,Carte bancaire,2600.86,Paid,TX857512771
PAY0003216,O003216,2026-01-17,Mobile Money,1712.03,Paid,TX813583341
PAY0003217,O003217,2025-07-20,Mobile Money,385.34,Paid,TX663974583
PAY0003218,O003218,2025-07-30,Mobile Money,1693.55,Paid,TX532564869
PAY0003219,O003219,2025-02-21,Mobile Money,20.39,Paid,TX484565253
PAY0003220,O003220,2026-01-04,Mobile Money,732.3,Paid,TX355754917
PAY0003221,O003221,2025-05-01,Virement,953.72,Paid,TX592371002
PAY0003222,O003222,2025-02-24,Cash,118.83,Pending,TX761281102
PAY0003223,O003223,2026-01-30,Mobile Money,392.72,Paid,TX950008843
PAY0003224,O003224,2026-05-29,Carte bancaire,171.1,Paid,TX406953926
PAY0003225,O003225,2025-12-03,Mobile Money,76.08,Refunded,TX356847821
PAY0003226,O003226,2026-05-29,Mobile Money,605.24,Paid,TX600203686
PAY0003227,O003227,2025-08-13,Cash,1202.27,Paid,TX719105590
PAY0003228,O003228,2025-10-15,Mobile Money,241.65,Paid,TX324251111
PAY0003229,O003229,2025-07-16,Cash,59.45,Paid,TX978578798
PAY0003230,O003230,2025-10-07,Mobile Money,357.67,Paid,TX837063556
PAY0003231,O003231,2026-05-08,Carte bancaire,0.0,Pending,TX476546282
PAY0003232,O003232,2025-12-14,Cash,24.03,Paid,TX409342396
PAY0003233,O003233,2025-01-18,Carte bancaire,993.9,Refunded,TX106753304
PAY0003234,O003234,2025-11-16,Virement,282.32,Paid,TX725787702
PAY0003235,O003235,2025-07-28,Mobile Money,146.14,Refunded,TX580738732
PAY0003236,O003236,2025-10-28,Carte bancaire,143.22,Paid,TX272188376
PAY0003237,O003237,2025-11-05,Mobile Money,1332.63,Paid,TX220841508
PAY0003238,O003238,2025-11-22,Mobile Money,0.0,Failed,TX306103511
PAY0003239,O003239,2026-04-23,Mobile Money,496.59,Paid,TX567169252
PAY0003240,O003240,2026-04-20,Carte bancaire,169.5,Paid,TX669747616
PAY0003241,O003241,2026-06-20,Carte bancaire,0.0,Failed,TX372636469
PAY0003242,O003242,2025-12-05,Mobile Money,0.0,Failed,TX165391786
PAY0003243,O003243,2025-06-08,Carte bancaire,0.0,Failed,TX161895851
PAY0003244,O003244,2025-04-20,Mobile Money,411.97,Paid,TX180081480
PAY0003245,O003245,2026-04-14,Carte bancaire,129.8,Paid,TX957522705
PAY0003246,O003246,2026-05-18,Virement,409.01,Paid,TX668320719
PAY0003247,O003247,2025-01-24,Mobile Money,518.1,Paid,TX344069569
PAY0003248,O003248,2025-04-29,Carte bancaire,218.98,Paid,TX530842523
PAY0003249,O003249,2026-01-12,Virement,163.37,Paid,TX261684217
PAY0003250,O003250,2025-04-01,Carte bancaire,0.0,Failed,TX962670968
PAY0003251,O003251,2025-01-31,Cash,104.99,Paid,TX798216051
PAY0003252,O003252,2026-07-02,Mobile Money,206.58,Paid,TX627393503
PAY0003253,O003253,2025-02-26,Mobile Money,892.31,Paid,TX595331863
PAY0003254,O003254,2025-04-29,Carte bancaire,284.36,Paid,TX877763346
PAY0003255,O003255,2026-06-30,Carte bancaire,121.21,Paid,TX214196585
PAY0003256,O003256,2025-02-27,Mobile Money,145.37,Paid,TX247320149
PAY0003257,O003257,2026-03-19,Mobile Money,2882.83,Paid,TX229691367
PAY0003258,O003258,2025-11-07,Carte bancaire,0.0,Pending,TX196143273
PAY0003259,O003259,2025-10-23,Virement,49.5,Refunded,TX979145122
PAY0003260,O003260,2026-04-03,Carte bancaire,193.76,Paid,TX930401738
PAY0003261,O003261,2025-01-12,Virement,171.55,Paid,TX825607340
PAY0003262,O003262,2025-02-07,Carte bancaire,1837.62,Paid,TX762333681
PAY0003263,O003263,2025-04-22,Virement,241.59,Paid,TX772688902
PAY0003264,O003264,2025-09-28,Mobile Money,0.0,Failed,TX267492271
PAY0003265,O003265,2026-06-16,Cash,124.68,Paid,TX871381459
PAY0003266,O003266,2025-02-07,Virement,43.07,Paid,TX130024992
PAY0003267,O003267,2025-08-22,Virement,197.8,Paid,TX782723958
PAY0003268,O003268,2025-08-23,Virement,138.17,Refunded,TX632891815
PAY0003269,O003269,2025-04-18,Virement,0.0,Failed,TX789484709
PAY0003270,O003270,2025-07-08,Mobile Money,50.17,Paid,TX711401074
PAY0003271,O003271,2025-04-23,Cash,71.77,Paid,TX911507959
PAY0003272,O003272,2025-03-21,Mobile Money,633.59,Paid,TX720870014
PAY0003273,O003273,2025-10-17,Virement,87.06,Paid,TX398428482
PAY0003274,O003274,2026-05-26,Carte bancaire,486.87,Paid,TX382275730
PAY0003275,O003275,2025-08-14,Mobile Money,73.87,Paid,TX157370509
PAY0003276,O003276,2025-12-18,Mobile Money,300.83,Paid,TX222473933
PAY0003277,O003277,2026-01-05,Mobile Money,513.53,Paid,TX679040543
PAY0003278,O003278,2026-04-07,Carte bancaire,286.21,Paid,TX836039800
PAY0003279,O003279,2026-03-30,Carte bancaire,685.07,Paid,TX563921874
PAY0003280,O003280,2026-05-15,Mobile Money,115.89,Refunded,TX940133436
PAY0003281,O003281,2026-03-23,Mobile Money,0.0,Pending,TX497602748
PAY0003282,O003282,2026-05-27,Mobile Money,0.0,Pending,TX869643449
PAY0003283,O003283,2026-06-14,Mobile Money,38.54,Paid,TX842876296
PAY0003284,O003284,2026-02-15,Carte bancaire,74.76,Paid,TX327696200
PAY0003285,O003285,2025-09-30,Carte bancaire,502.38,Refunded,TX696148546
PAY0003286,O003286,2025-06-19,Mobile Money,125.28,Paid,TX870071298
PAY0003287,O003287,2025-11-12,Carte bancaire,1223.74,Paid,TX129145292
PAY0003288,O003288,2026-04-04,Cash,182.03,Paid,TX245526290
PAY0003289,O003289,2026-02-17,Virement,1974.82,Paid,TX142568870
PAY0003290,O003290,2025-10-17,Mobile Money,43.5,Refunded,TX780146577
PAY0003291,O003291,2025-02-12,Virement,149.94,Paid,TX739817069
PAY0003292,O003292,2025-05-31,Mobile Money,78.7,Paid,TX744155744
PAY0003293,O003293,2025-11-17,Mobile Money,40.96,Pending,TX511707908
PAY0003294,O003294,2025-08-01,Mobile Money,84.76,Paid,TX872415623
PAY0003295,O003295,2025-09-09,Carte bancaire,69.92,Paid,TX793317974
PAY0003296,O003296,2025-06-17,Virement,0.0,Pending,TX953352371
PAY0003297,O003297,2025-02-12,Virement,465.37,Paid,TX846715869
PAY0003298,O003298,2025-09-17,Mobile Money,0.0,Pending,TX174581370
PAY0003299,O003299,2025-09-05,Carte bancaire,190.2,Paid,TX457864028
PAY0003300,O003300,2026-03-06,Mobile Money,243.37,Paid,TX416508843
PAY0003301,O003301,2025-03-04,Cash,913.8,Paid,TX214299124
PAY0003302,O003302,2025-09-23,Mobile Money,194.28,Paid,TX600623584
PAY0003303,O003303,2026-04-17,Mobile Money,67.46,Paid,TX404483489
PAY0003304,O003304,2025-05-28,Cash,69.6,Paid,TX127789681
PAY0003305,O003305,2025-06-26,Mobile Money,100.98,Paid,TX628864933
PAY0003306,O003306,2025-02-18,Mobile Money,0.0,Pending,TX944648593
PAY0003307,O003307,2025-11-13,Cash,0.0,Pending,TX868054529
PAY0003308,O003308,2026-04-14,Mobile Money,76.2,Paid,TX311682706
PAY0003309,O003309,2025-09-22,Mobile Money,62.84,Paid,TX306189395
PAY0003310,O003310,2025-08-21,Carte bancaire,136.08,Refunded,TX223289278
PAY0003311,O003311,2026-02-19,Mobile Money,1310.61,Paid,TX559602546
PAY0003312,O003312,2025-09-01,Virement,0.0,Pending,TX344532321
PAY0003313,O003313,2025-08-08,Carte bancaire,72.1,Paid,TX395937204
PAY0003314,O003314,2026-02-26,Carte bancaire,0.0,Pending,TX926420988
PAY0003315,O003315,2025-06-06,Mobile Money,0.0,Pending,TX875997814
PAY0003316,O003316,2026-04-12,Mobile Money,591.33,Paid,TX775225637
PAY0003317,O003317,2025-05-29,Virement,3330.05,Paid,TX101415316
PAY0003318,O003318,2025-10-12,Mobile Money,144.31,Paid,TX437928609
PAY0003319,O003319,2025-05-21,Mobile Money,0.0,Failed,TX120903581
PAY0003320,O003320,2025-12-17,Mobile Money,247.43,Paid,TX421144587
PAY0003321,O003321,2025-08-28,Virement,70.46,Paid,TX970623792
PAY0003322,O003322,2025-05-13,Virement,0.0,Pending,TX225227081
PAY0003323,O003323,2026-02-14,Mobile Money,79.28,Paid,TX765172857
PAY0003324,O003324,2026-05-31,Mobile Money,43.78,Paid,TX658055687
PAY0003325,O003325,2025-01-20,Virement,0.0,Failed,TX260179290
PAY0003326,O003326,2025-11-10,Mobile Money,0.0,Pending,TX321734791
PAY0003327,O003327,2026-01-31,Mobile Money,0.0,Pending,TX396121378
PAY0003328,O003328,2026-01-30,Mobile Money,287.08,Paid,TX943676219
PAY0003329,O003329,2025-05-01,Mobile Money,497.37,Paid,TX330918068
PAY0003330,O003330,2025-03-04,Mobile Money,37.26,Paid,TX643037598
PAY0003331,O003331,2025-10-13,Virement,216.26,Refunded,TX182506990
PAY0003332,O003332,2025-12-18,Mobile Money,271.62,Paid,TX354537812
PAY0003333,O003333,2025-06-08,Mobile Money,28.63,Refunded,TX597544383
PAY0003334,O003334,2025-07-23,Carte bancaire,36.68,Paid,TX176926488
PAY0003335,O003335,2025-10-23,Virement,619.25,Paid,TX918149507
PAY0003336,O003336,2025-09-08,Carte bancaire,172.94,Paid,TX418378508
PAY0003337,O003337,2025-09-26,Mobile Money,333.91,Paid,TX292185939
PAY0003338,O003338,2026-01-09,Mobile Money,16.49,Paid,TX373720795
PAY0003339,O003339,2026-06-25,Carte bancaire,84.95,Paid,TX844567783
PAY0003340,O003340,2026-03-15,Carte bancaire,188.01,Paid,TX428275889
PAY0003341,O003341,2025-01-06,Mobile Money,765.82,Paid,TX481922992
PAY0003342,O003342,2025-07-11,Carte bancaire,0.0,Pending,TX872846397
PAY0003343,O003343,2025-01-09,Virement,277.5,Paid,TX322895839
PAY0003344,O003344,2026-04-24,Mobile Money,119.46,Paid,TX547656070
PAY0003345,O003345,2025-12-20,Virement,715.91,Paid,TX613653872
PAY0003346,O003346,2025-05-04,Carte bancaire,129.98,Paid,TX254586327
PAY0003347,O003347,2026-04-06,Mobile Money,175.13,Paid,TX939849689
PAY0003348,O003348,2025-11-07,Carte bancaire,0.0,Failed,TX503548045
PAY0003349,O003349,2025-01-29,Carte bancaire,168.03,Paid,TX582330162
PAY0003350,O003350,2025-03-24,Virement,102.48,Refunded,TX800347248
PAY0003351,O003351,2026-03-22,Mobile Money,43.9,Paid,TX535031353
PAY0003352,O003352,2025-06-08,Carte bancaire,520.0,Paid,TX454753880
PAY0003353,O003353,2025-10-15,Carte bancaire,175.25,Paid,TX759464359
PAY0003354,O003354,2026-05-10,Mobile Money,155.61,Paid,TX132585676
PAY0003355,O003355,2025-06-08,Mobile Money,245.79,Paid,TX711885273
PAY0003356,O003356,2025-01-07,Cash,69.27,Paid,TX403738015
PAY0003357,O003357,2025-02-18,Mobile Money,276.52,Paid,TX997612810
PAY0003358,O003358,2026-05-18,Carte bancaire,0.0,Pending,TX250761806
PAY0003359,O003359,2025-11-28,Mobile Money,78.98,Paid,TX710008766
PAY0003360,O003360,2025-06-30,Virement,23.56,Paid,TX614378276
PAY0003361,O003361,2025-02-14,Carte bancaire,0.0,Pending,TX406872918
PAY0003362,O003362,2026-01-17,Mobile Money,130.7,Paid,TX785458395
PAY0003363,O003363,2025-01-25,Mobile Money,43.0,Paid,TX221040316
PAY0003364,O003364,2025-02-24,Mobile Money,105.08,Paid,TX446848231
PAY0003365,O003365,2025-11-22,Carte bancaire,96.11,Paid,TX875107717
PAY0003366,O003366,2025-12-20,Carte bancaire,1398.3,Paid,TX965408254
PAY0003367,O003367,2025-11-13,Virement,203.23,Refunded,TX525761049
PAY0003368,O003368,2026-05-16,Mobile Money,77.12,Paid,TX545670030
PAY0003369,O003369,2025-06-01,Virement,76.55,Paid,TX896657604
PAY0003370,O003370,2025-11-02,Mobile Money,52.02,Paid,TX455245014
PAY0003371,O003371,2025-06-17,Virement,919.2,Paid,TX652952185
PAY0003372,O003372,2025-07-20,Mobile Money,49.78,Paid,TX115343305
PAY0003373,O003373,2025-03-26,Virement,0.0,Pending,TX773953852
PAY0003374,O003374,2026-03-13,Mobile Money,138.4,Paid,TX134713676
PAY0003375,O003375,2026-01-24,Carte bancaire,145.91,Paid,TX678812843
PAY0003376,O003376,2026-01-30,Carte bancaire,593.65,Paid,TX219877469
PAY0003377,O003377,2025-03-20,Carte bancaire,0.0,Pending,TX739407684
PAY0003378,O003378,2025-03-09,Cash,71.65,Paid,TX338947734
PAY0003379,O003379,2026-03-07,Carte bancaire,249.56,Paid,TX523106311
PAY0003380,O003380,2026-01-04,Mobile Money,74.79,Paid,TX463579866
PAY0003381,O003381,2025-01-17,Mobile Money,75.98,Paid,TX956415522
PAY0003382,O003382,2026-01-02,Mobile Money,15.8,Paid,TX783081484
PAY0003383,O003383,2026-06-22,Mobile Money,196.73,Paid,TX353707042
PAY0003384,O003384,2026-02-18,Mobile Money,19.73,Paid,TX692627426
PAY0003385,O003385,2025-06-06,Carte bancaire,81.17,Paid,TX897739866
PAY0003386,O003386,2025-06-26,Cash,69.17,Paid,TX308379045
PAY0003387,O003387,2026-02-21,Mobile Money,67.7,Paid,TX492125122
PAY0003388,O003388,2025-08-08,Virement,105.82,Paid,TX380994939
PAY0003389,O003389,2026-02-09,Virement,93.65,Paid,TX424216193
PAY0003390,O003390,2026-06-12,Carte bancaire,0.0,Pending,TX328584151
PAY0003391,O003391,2025-08-14,Carte bancaire,230.43,Paid,TX369468861
PAY0003392,O003392,2025-11-13,Virement,156.97,Paid,TX324873042
PAY0003393,O003393,2025-09-30,Mobile Money,24.02,Paid,TX368860698
PAY0003394,O003394,2025-10-08,Cash,0.0,Failed,TX917256687
PAY0003395,O003395,2025-02-12,Mobile Money,126.05,Paid,TX388367126
PAY0003396,O003396,2026-06-26,Mobile Money,61.76,Paid,TX790843287
PAY0003397,O003397,2025-10-26,Carte bancaire,73.59,Paid,TX466390411
PAY0003398,O003398,2025-05-07,Mobile Money,0.0,Failed,TX508092493
PAY0003399,O003399,2025-11-11,Mobile Money,26.2,Paid,TX735520174
PAY0003400,O003400,2025-08-10,Mobile Money,202.82,Paid,TX199064262
PAY0003401,O003401,2026-03-28,Mobile Money,596.41,Paid,TX648883903
PAY0003402,O003402,2026-02-21,Mobile Money,0.0,Failed,TX808581101
PAY0003403,O003403,2025-08-01,Mobile Money,0.0,Pending,TX324735575
PAY0003404,O003404,2026-01-30,Mobile Money,35.75,Paid,TX975435617
PAY0003405,O003405,2025-01-20,Carte bancaire,100.55,Refunded,TX731703921
PAY0003406,O003406,2026-06-18,Mobile Money,618.68,Paid,TX825816611
PAY0003407,O003407,2025-10-11,Virement,990.69,Paid,TX526150214
PAY0003408,O003408,2025-12-28,Virement,111.93,Paid,TX945021946
PAY0003409,O003409,2025-12-22,Carte bancaire,189.56,Paid,TX143261810
PAY0003410,O003410,2025-06-23,Mobile Money,166.18,Paid,TX384130805
PAY0003411,O003411,2026-01-15,Carte bancaire,136.55,Paid,TX443408806
PAY0003412,O003412,2025-08-09,Mobile Money,349.79,Paid,TX886461210
PAY0003413,O003413,2026-01-09,Cash,79.5,Paid,TX667491067
PAY0003414,O003414,2025-02-20,Mobile Money,106.57,Paid,TX934234061
PAY0003415,O003415,2025-03-26,Mobile Money,0.0,Failed,TX953142750
PAY0003416,O003416,2026-05-25,Mobile Money,248.03,Paid,TX759700386
PAY0003417,O003417,2026-02-10,Cash,133.95,Paid,TX678627958
PAY0003418,O003418,2025-03-12,Mobile Money,440.27,Paid,TX418589493
PAY0003419,O003419,2025-04-29,Mobile Money,636.02,Paid,TX209532668
PAY0003420,O003420,2025-10-29,Mobile Money,32.2,Paid,TX685818713
PAY0003421,O003421,2025-01-08,Virement,0.0,Pending,TX860204175
PAY0003422,O003422,2025-08-12,Mobile Money,115.5,Paid,TX468396004
PAY0003423,O003423,2025-07-02,Cash,72.36,Paid,TX363845561
PAY0003424,O003424,2025-03-15,Cash,991.63,Refunded,TX602212720
PAY0003425,O003425,2025-06-18,Carte bancaire,0.0,Pending,TX814034855
PAY0003426,O003426,2025-06-11,Mobile Money,135.5,Paid,TX641061991
PAY0003427,O003427,2025-02-10,Cash,0.0,Failed,TX669283148
PAY0003428,O003428,2025-12-15,Mobile Money,168.17,Paid,TX384707154
PAY0003429,O003429,2025-06-02,Carte bancaire,365.75,Refunded,TX929709627
PAY0003430,O003430,2025-01-18,Carte bancaire,141.93,Paid,TX979419130
PAY0003431,O003431,2025-01-14,Carte bancaire,1981.75,Paid,TX669001042
PAY0003432,O003432,2026-06-17,Cash,0.0,Failed,TX231807674
PAY0003433,O003433,2025-03-07,Cash,124.39,Paid,TX215109642
PAY0003434,O003434,2026-05-18,Mobile Money,0.0,Pending,TX513658103
PAY0003435,O003435,2025-04-04,Mobile Money,0.0,Pending,TX283326100
PAY0003436,O003436,2025-02-16,Cash,0.0,Pending,TX320240166
PAY0003437,O003437,2025-10-29,Mobile Money,0.0,Pending,TX962367133
PAY0003438,O003438,2026-04-24,Carte bancaire,235.37,Paid,TX814621961
PAY0003439,O003439,2025-02-11,Mobile Money,185.62,Paid,TX817440415
PAY0003440,O003440,2025-07-04,Mobile Money,42.88,Paid,TX159468319
PAY0003441,O003441,2026-02-17,Carte bancaire,0.0,Pending,TX219070663
PAY0003442,O003442,2025-02-09,Carte bancaire,188.27,Paid,TX399473413
PAY0003443,O003443,2025-04-04,Cash,0.0,Pending,TX897926457
PAY0003444,O003444,2025-06-19,Cash,39.48,Paid,TX635330426
PAY0003445,O003445,2026-03-23,Carte bancaire,0.0,Pending,TX799604191
PAY0003446,O003446,2026-03-23,Mobile Money,242.71,Paid,TX302791195
PAY0003447,O003447,2026-01-27,Carte bancaire,169.05,Paid,TX452329336
PAY0003448,O003448,2026-01-03,Mobile Money,3547.71,Paid,TX367764018
PAY0003449,O003449,2025-01-19,Carte bancaire,223.54,Paid,TX982054462
PAY0003450,O003450,2025-05-11,Cash,293.14,Paid,TX214780291
PAY0003451,O003451,2026-05-24,Carte bancaire,165.58,Paid,TX499219048
PAY0003452,O003452,2026-02-03,Mobile Money,526.4,Paid,TX702664187
PAY0003453,O003453,2025-05-15,Carte bancaire,0.0,Pending,TX463973747
PAY0003454,O003454,2026-01-26,Mobile Money,188.6,Refunded,TX439619929
PAY0003455,O003455,2026-02-04,Mobile Money,330.1,Paid,TX666097537
PAY0003456,O003456,2026-02-15,Virement,59.0,Paid,TX941827759
PAY0003457,O003457,2026-06-24,Mobile Money,18.12,Paid,TX115294700
PAY0003458,O003458,2025-10-27,Carte bancaire,0.0,Pending,TX907951097
PAY0003459,O003459,2025-02-02,Virement,0.0,Pending,TX568970007
PAY0003460,O003460,2026-03-27,Mobile Money,71.03,Paid,TX192807878
PAY0003461,O003461,2025-01-09,Carte bancaire,524.92,Paid,TX232876779
PAY0003462,O003462,2025-12-18,Carte bancaire,0.0,Failed,TX996832588
PAY0003463,O003463,2026-03-14,Carte bancaire,352.91,Paid,TX952119811
PAY0003464,O003464,2025-03-14,Cash,234.8,Paid,TX476067622
PAY0003465,O003465,2026-03-15,Virement,0.0,Failed,TX566301231
PAY0003466,O003466,2026-03-22,Mobile Money,0.0,Pending,TX459260595
PAY0003467,O003467,2025-12-28,Carte bancaire,577.86,Paid,TX313304989
PAY0003468,O003468,2025-06-27,Mobile Money,139.09,Paid,TX518827634
PAY0003469,O003469,2025-04-25,Mobile Money,0.0,Failed,TX742722657
PAY0003470,O003470,2026-01-25,Mobile Money,0.0,Pending,TX936501947
PAY0003471,O003471,2025-04-01,Mobile Money,189.25,Paid,TX474148157
PAY0003472,O003472,2026-01-09,Carte bancaire,24.79,Paid,TX727993130
PAY0003473,O003473,2025-04-04,Carte bancaire,767.18,Paid,TX189090958
PAY0003474,O003474,2025-07-04,Mobile Money,462.9,Paid,TX337050968
PAY0003475,O003475,2025-10-08,Virement,0.0,Pending,TX418304255
PAY0003476,O003476,2025-04-02,Virement,60.97,Paid,TX817083504
PAY0003477,O003477,2026-03-13,Carte bancaire,168.66,Paid,TX276569281
PAY0003478,O003478,2026-01-16,Mobile Money,0.0,Failed,TX190882328
PAY0003479,O003479,2025-01-09,Mobile Money,43.02,Paid,TX614651965
PAY0003480,O003480,2026-04-11,Mobile Money,0.0,Failed,TX844934211
PAY0003481,O003481,2026-01-30,Mobile Money,2882.56,Paid,TX358394448
PAY0003482,O003482,2026-04-05,Cash,199.37,Paid,TX130611215
PAY0003483,O003483,2025-11-29,Mobile Money,217.0,Paid,TX314447286
PAY0003484,O003484,2025-12-13,Mobile Money,882.15,Paid,TX783880489
PAY0003485,O003485,2025-08-03,Carte bancaire,2195.03,Paid,TX375523072
PAY0003486,O003486,2025-05-08,Carte bancaire,79.07,Paid,TX856372609
PAY0003487,O003487,2025-05-10,Cash,294.26,Paid,TX853711139
PAY0003488,O003488,2025-06-23,Mobile Money,171.99,Paid,TX187585039
PAY0003489,O003489,2025-06-12,Virement,50.77,Paid,TX129279730
PAY0003490,O003490,2026-02-19,Mobile Money,149.66,Paid,TX169943632
PAY0003491,O003491,2025-10-15,Mobile Money,53.13,Paid,TX183920623
PAY0003492,O003492,2025-08-14,Carte bancaire,71.83,Pending,TX693049933
PAY0003493,O003493,2026-02-03,Carte bancaire,95.15,Paid,TX196856642
PAY0003494,O003494,2026-02-07,Mobile Money,381.5,Paid,TX102404930
PAY0003495,O003495,2026-05-28,Mobile Money,132.9,Paid,TX961122985
PAY0003496,O003496,2025-06-20,Carte bancaire,704.11,Paid,TX330247720
PAY0003497,O003497,2025-05-14,Carte bancaire,153.35,Paid,TX967562219
PAY0003498,O003498,2025-01-05,Carte bancaire,175.14,Paid,TX505242451
PAY0003499,O003499,2025-04-02,Mobile Money,170.49,Paid,TX492338174
PAY0003500,O003500,2025-11-28,Carte bancaire,90.32,Paid,TX245479922
PAY0003501,O003501,2026-03-21,Cash,179.93,Paid,TX918881684
PAY0003502,O003502,2025-11-28,Cash,0.0,Pending,TX388332485
PAY0003503,O003503,2026-07-02,Mobile Money,80.19,Paid,TX971688394
PAY0003504,O003504,2025-12-10,Mobile Money,236.62,Paid,TX691528277
PAY0003505,O003505,2026-05-02,Carte bancaire,171.1,Paid,TX661728630
PAY0003506,O003506,2025-05-29,Mobile Money,203.63,Paid,TX579579280
PAY0003507,O003507,2025-06-27,Virement,0.0,Pending,TX840535354
PAY0003508,O003508,2026-03-25,Mobile Money,33.96,Paid,TX347421436
PAY0003509,O003509,2025-12-31,Mobile Money,226.83,Paid,TX720498364
PAY0003510,O003510,2025-09-28,Virement,69.91,Paid,TX788720546
PAY0003511,O003511,2026-06-09,Mobile Money,71.44,Paid,TX908583340
PAY0003512,O003512,2026-02-26,Mobile Money,341.57,Paid,TX754987232
PAY0003513,O003513,2025-06-13,Virement,834.3,Paid,TX380667541
PAY0003514,O003514,2025-12-03,Mobile Money,19.49,Paid,TX602745542
PAY0003515,O003515,2025-08-09,Mobile Money,384.81,Paid,TX582540920
PAY0003516,O003516,2025-08-18,Mobile Money,1159.91,Paid,TX408318951
PAY0003517,O003517,2026-03-19,Mobile Money,426.4,Refunded,TX787698820
PAY0003518,O003518,2026-01-10,Mobile Money,60.03,Paid,TX134402777
PAY0003519,O003519,2025-01-07,Mobile Money,374.58,Paid,TX347100519
PAY0003520,O003520,2025-11-16,Mobile Money,227.76,Paid,TX930679663
PAY0003521,O003521,2025-12-24,Cash,0.0,Failed,TX625327263
PAY0003522,O003522,2025-10-08,Carte bancaire,420.86,Paid,TX755988945
PAY0003523,O003523,2025-06-16,Carte bancaire,1869.69,Paid,TX867066123
PAY0003524,O003524,2025-12-25,Carte bancaire,74.0,Paid,TX338047255
PAY0003525,O003525,2026-06-05,Virement,127.81,Paid,TX943840471
PAY0003526,O003526,2025-02-21,Carte bancaire,470.93,Paid,TX220403476
PAY0003527,O003527,2025-11-27,Cash,88.55,Paid,TX212956981
PAY0003528,O003528,2026-05-14,Carte bancaire,110.38,Paid,TX199711166
PAY0003529,O003529,2025-08-08,Carte bancaire,100.2,Paid,TX312390776
PAY0003530,O003530,2025-07-04,Mobile Money,531.27,Paid,TX205324493
PAY0003531,O003531,2025-05-18,Virement,21.43,Paid,TX359053255
PAY0003532,O003532,2025-05-04,Mobile Money,252.69,Paid,TX518647242
PAY0003533,O003533,2025-08-06,Virement,252.58,Paid,TX685409841
PAY0003534,O003534,2026-03-02,Virement,250.06,Paid,TX193000571
PAY0003535,O003535,2025-04-14,Mobile Money,170.32,Paid,TX636434319
PAY0003536,O003536,2025-05-09,Mobile Money,37.22,Paid,TX412659363
PAY0003537,O003537,2026-07-02,Cash,50.19,Paid,TX256596477
PAY0003538,O003538,2026-06-30,Mobile Money,56.7,Paid,TX160453770
PAY0003539,O003539,2025-05-07,Carte bancaire,137.5,Paid,TX907911431
PAY0003540,O003540,2025-08-20,Mobile Money,378.7,Paid,TX937771160
PAY0003541,O003541,2025-08-11,Carte bancaire,147.65,Pending,TX379447719
PAY0003542,O003542,2025-06-15,Cash,0.0,Pending,TX535629134
PAY0003543,O003543,2025-03-29,Carte bancaire,0.0,Pending,TX213244447
PAY0003544,O003544,2025-02-04,Mobile Money,170.06,Paid,TX224233030
PAY0003545,O003545,2025-12-07,Carte bancaire,232.42,Refunded,TX169547085
PAY0003546,O003546,2025-01-25,Mobile Money,0.0,Pending,TX565230289
PAY0003547,O003547,2025-12-08,Mobile Money,232.75,Paid,TX418676142
PAY0003548,O003548,2025-02-25,Carte bancaire,194.68,Paid,TX202432046
PAY0003549,O003549,2025-03-29,Virement,110.96,Paid,TX913904624
PAY0003550,O003550,2025-01-04,Carte bancaire,70.74,Paid,TX463327350
PAY0003551,O003551,2025-08-09,Carte bancaire,144.11,Paid,TX410803340
PAY0003552,O003552,2025-07-03,Mobile Money,0.0,Pending,TX802996841
PAY0003553,O003553,2025-07-04,Mobile Money,37.18,Paid,TX392952470
PAY0003554,O003554,2025-06-23,Mobile Money,581.5,Paid,TX696582556
PAY0003555,O003555,2026-05-31,Cash,41.45,Paid,TX576491355
PAY0003556,O003556,2025-08-27,Carte bancaire,609.85,Paid,TX277745804
PAY0003557,O003557,2026-03-22,Virement,0.0,Pending,TX921611942
PAY0003558,O003558,2025-05-08,Mobile Money,48.25,Refunded,TX865650381
PAY0003559,O003559,2025-09-26,Carte bancaire,43.19,Paid,TX594236275
PAY0003560,O003560,2025-02-07,Mobile Money,90.47,Paid,TX570896579
PAY0003561,O003561,2025-05-24,Cash,200.2,Paid,TX784228196
PAY0003562,O003562,2025-02-08,Mobile Money,1565.82,Paid,TX824750883
PAY0003563,O003563,2025-01-16,Mobile Money,2390.75,Paid,TX408694952
PAY0003564,O003564,2025-04-12,Mobile Money,1108.02,Paid,TX128157766
PAY0003565,O003565,2025-04-01,Mobile Money,0.0,Pending,TX715450201
PAY0003566,O003566,2025-06-25,Mobile Money,87.99,Paid,TX835222593
PAY0003567,O003567,2026-02-15,Cash,268.96,Paid,TX172823573
PAY0003568,O003568,2025-03-27,Cash,61.27,Paid,TX789024019
PAY0003569,O003569,2025-12-01,Carte bancaire,38.08,Paid,TX564257833
PAY0003570,O003570,2025-07-20,Virement,0.0,Pending,TX586617107
PAY0003571,O003571,2025-08-11,Mobile Money,586.79,Paid,TX442647538
PAY0003572,O003572,2026-05-24,Virement,80.74,Paid,TX894133311
PAY0003573,O003573,2025-09-12,Mobile Money,0.0,Failed,TX187734307
PAY0003574,O003574,2025-05-24,Mobile Money,79.21,Paid,TX639506809
PAY0003575,O003575,2025-05-13,Mobile Money,1549.2,Refunded,TX170149066
PAY0003576,O003576,2025-04-06,Cash,71.77,Paid,TX580183103
PAY0003577,O003577,2026-03-18,Mobile Money,0.0,Failed,TX622644735
PAY0003578,O003578,2026-01-03,Mobile Money,203.59,Paid,TX563632226
PAY0003579,O003579,2025-05-27,Mobile Money,0.0,Pending,TX754168767
PAY0003580,O003580,2025-09-28,Carte bancaire,411.73,Paid,TX563060012
PAY0003581,O003581,2025-10-04,Carte bancaire,87.48,Paid,TX353113080
PAY0003582,O003582,2025-01-28,Carte bancaire,526.77,Paid,TX427533813
PAY0003583,O003583,2026-05-17,Virement,762.89,Paid,TX736497136
PAY0003584,O003584,2026-03-09,Carte bancaire,619.64,Paid,TX669137687
PAY0003585,O003585,2025-10-23,Carte bancaire,148.92,Paid,TX178556494
PAY0003586,O003586,2026-01-29,Carte bancaire,717.84,Paid,TX222748272
PAY0003587,O003587,2025-03-04,Cash,0.0,Pending,TX882994643
PAY0003588,O003588,2026-06-21,Mobile Money,316.26,Paid,TX868008792
PAY0003589,O003589,2025-12-19,Mobile Money,77.79,Paid,TX372265048
PAY0003590,O003590,2026-05-31,Carte bancaire,214.86,Paid,TX972743217
PAY0003591,O003591,2026-04-23,Carte bancaire,468.89,Paid,TX312086656
PAY0003592,O003592,2025-11-20,Cash,962.13,Paid,TX126127689
PAY0003593,O003593,2025-06-10,Mobile Money,595.0,Paid,TX851734471
PAY0003594,O003594,2026-01-12,Carte bancaire,109.01,Paid,TX450715600
PAY0003595,O003595,2025-10-09,Carte bancaire,102.46,Refunded,TX835430055
PAY0003596,O003596,2025-08-15,Carte bancaire,107.11,Paid,TX967411408
PAY0003597,O003597,2026-01-27,Mobile Money,40.5,Paid,TX452871900
PAY0003598,O003598,2026-05-02,Cash,0.0,Pending,TX453860431
PAY0003599,O003599,2025-04-06,Mobile Money,60.88,Refunded,TX186906727
PAY0003600,O003600,2025-11-01,Mobile Money,0.0,Pending,TX679124321
PAY0003601,O003601,2026-03-05,Carte bancaire,52.08,Paid,TX547273414
PAY0003602,O003602,2025-07-02,Mobile Money,980.6,Paid,TX597987068
PAY0003603,O003603,2025-07-11,Mobile Money,83.34,Paid,TX475519165
PAY0003604,O003604,2025-01-10,Cash,170.15,Paid,TX868798166
PAY0003605,O003605,2025-06-27,Carte bancaire,78.13,Paid,TX861688664
PAY0003606,O003606,2025-11-22,Cash,0.0,Failed,TX492497821
PAY0003607,O003607,2026-06-18,Mobile Money,0.0,Pending,TX707135672
PAY0003608,O003608,2025-10-18,Mobile Money,129.1,Paid,TX102373634
PAY0003609,O003609,2025-06-12,Mobile Money,106.47,Paid,TX494886638
PAY0003610,O003610,2026-03-23,Mobile Money,0.0,Failed,TX373605196
PAY0003611,O003611,2025-04-16,Mobile Money,516.83,Paid,TX486672430
PAY0003612,O003612,2025-04-15,Cash,42.09,Paid,TX565258765
PAY0003613,O003613,2025-10-13,Mobile Money,49.66,Paid,TX473876542
PAY0003614,O003614,2026-03-26,Carte bancaire,285.46,Paid,TX929547712
PAY0003615,O003615,2025-05-01,Carte bancaire,32.77,Paid,TX282614552
PAY0003616,O003616,2025-01-10,Mobile Money,137.68,Paid,TX577715963
PAY0003617,O003617,2026-02-05,Mobile Money,0.0,Pending,TX525606357
PAY0003618,O003618,2025-11-19,Carte bancaire,190.42,Paid,TX777602674
PAY0003619,O003619,2026-01-15,Mobile Money,368.81,Refunded,TX528505897
PAY0003620,O003620,2025-08-08,Carte bancaire,0.0,Pending,TX682030415
PAY0003621,O003621,2025-03-08,Carte bancaire,434.06,Refunded,TX866335333
PAY0003622,O003622,2025-07-03,Mobile Money,316.02,Paid,TX957254961
PAY0003623,O003623,2025-09-15,Mobile Money,1402.88,Paid,TX158373449
PAY0003624,O003624,2025-08-28,Carte bancaire,169.11,Paid,TX937282249
PAY0003625,O003625,2026-05-06,Mobile Money,27.54,Paid,TX875617682
PAY0003626,O003626,2025-05-03,Carte bancaire,0.0,Failed,TX744689994
PAY0003627,O003627,2025-06-24,Mobile Money,0.0,Failed,TX633646014
PAY0003628,O003628,2025-04-13,Virement,188.29,Paid,TX692139727
PAY0003629,O003629,2025-11-11,Carte bancaire,81.91,Paid,TX377922889
PAY0003630,O003630,2026-03-21,Cash,14.64,Paid,TX654629745
PAY0003631,O003631,2026-05-01,Virement,159.34,Paid,TX159694354
PAY0003632,O003632,2025-05-09,Carte bancaire,69.45,Refunded,TX525704365
PAY0003633,O003633,2025-08-27,Carte bancaire,573.5,Paid,TX133470589
PAY0003634,O003634,2026-02-09,Mobile Money,0.0,Pending,TX873870043
PAY0003635,O003635,2025-01-28,Mobile Money,235.61,Pending,TX380871912
PAY0003636,O003636,2026-01-27,Carte bancaire,0.0,Pending,TX544254010
PAY0003637,O003637,2025-03-15,Carte bancaire,62.6,Paid,TX961556860
PAY0003638,O003638,2025-01-20,Cash,50.64,Paid,TX359908101
PAY0003639,O003639,2025-03-05,Carte bancaire,0.0,Pending,TX865870288
PAY0003640,O003640,2026-04-30,Mobile Money,0.0,Pending,TX618230504
PAY0003641,O003641,2026-01-12,Mobile Money,1240.14,Paid,TX370670201
PAY0003642,O003642,2026-03-09,Mobile Money,737.43,Paid,TX985330285
PAY0003643,O003643,2026-01-18,Cash,177.57,Paid,TX398049517
PAY0003644,O003644,2026-03-16,Mobile Money,249.08,Paid,TX290251875
PAY0003645,O003645,2025-10-04,Virement,41.8,Refunded,TX756762745
PAY0003646,O003646,2026-03-21,Mobile Money,203.78,Paid,TX470379456
PAY0003647,O003647,2025-02-02,Cash,416.5,Paid,TX638178763
PAY0003648,O003648,2025-11-19,Carte bancaire,192.01,Paid,TX495387732
PAY0003649,O003649,2026-02-18,Virement,0.0,Pending,TX785176202
PAY0003650,O003650,2026-07-01,Carte bancaire,0.0,Pending,TX313491363
PAY0003651,O003651,2025-07-19,Mobile Money,149.76,Paid,TX311554854
PAY0003652,O003652,2025-04-12,Carte bancaire,170.15,Paid,TX670113189
PAY0003653,O003653,2026-01-31,Mobile Money,556.31,Paid,TX955557162
PAY0003654,O003654,2025-02-10,Mobile Money,34.85,Paid,TX631570036
PAY0003655,O003655,2026-03-02,Mobile Money,113.93,Paid,TX439742440
PAY0003656,O003656,2026-01-23,Mobile Money,0.0,Pending,TX368863148
PAY0003657,O003657,2026-01-17,Carte bancaire,256.8,Paid,TX435425582
PAY0003658,O003658,2025-06-13,Carte bancaire,273.35,Paid,TX396256142
PAY0003659,O003659,2025-03-09,Cash,0.0,Pending,TX371675341
PAY0003660,O003660,2025-12-02,Carte bancaire,23.31,Paid,TX732272012
PAY0003661,O003661,2025-07-21,Virement,62.31,Paid,TX883743340
PAY0003662,O003662,2025-08-07,Carte bancaire,3213.64,Paid,TX461764252
PAY0003663,O003663,2025-04-14,Mobile Money,388.49,Paid,TX205251069
PAY0003664,O003664,2025-07-03,Mobile Money,2603.03,Paid,TX958326295
PAY0003665,O003665,2026-04-05,Virement,1106.79,Paid,TX976305614
PAY0003666,O003666,2026-05-06,Mobile Money,85.93,Paid,TX616686806
PAY0003667,O003667,2025-07-14,Mobile Money,501.87,Paid,TX757212547
PAY0003668,O003668,2025-03-19,Carte bancaire,411.58,Paid,TX285032778
PAY0003669,O003669,2025-01-23,Mobile Money,1482.6,Paid,TX491259617
PAY0003670,O003670,2025-04-18,Mobile Money,607.73,Paid,TX364069218
PAY0003671,O003671,2025-01-06,Mobile Money,90.19,Paid,TX849885392
PAY0003672,O003672,2026-01-04,Mobile Money,41.26,Refunded,TX947873348
PAY0003673,O003673,2025-12-22,Mobile Money,0.0,Failed,TX925378379
PAY0003674,O003674,2026-03-06,Mobile Money,0.0,Pending,TX766156386
PAY0003675,O003675,2025-07-02,Cash,1250.75,Paid,TX206759567
PAY0003676,O003676,2026-04-04,Virement,532.1,Paid,TX510772622
PAY0003677,O003677,2025-04-03,Mobile Money,202.38,Paid,TX699709733
PAY0003678,O003678,2025-05-07,Mobile Money,432.12,Paid,TX903323628
PAY0003679,O003679,2026-05-21,Cash,542.07,Paid,TX965425238
PAY0003680,O003680,2026-05-03,Carte bancaire,0.0,Pending,TX978387199
PAY0003681,O003681,2025-11-28,Carte bancaire,199.63,Paid,TX918365249
PAY0003682,O003682,2025-12-04,Carte bancaire,44.4,Paid,TX543517956
PAY0003683,O003683,2026-01-20,Mobile Money,183.52,Paid,TX747592626
PAY0003684,O003684,2026-03-28,Mobile Money,0.0,Pending,TX320167205
PAY0003685,O003685,2025-05-09,Mobile Money,259.37,Refunded,TX959124377
PAY0003686,O003686,2025-02-10,Mobile Money,86.87,Paid,TX992411261
PAY0003687,O003687,2025-04-12,Cash,157.31,Paid,TX415320013
PAY0003688,O003688,2025-07-16,Mobile Money,745.78,Paid,TX577263655
PAY0003689,O003689,2025-05-11,Mobile Money,303.05,Paid,TX841283471
PAY0003690,O003690,2025-10-15,Cash,1246.52,Refunded,TX670536846
PAY0003691,O003691,2025-03-19,Virement,819.98,Paid,TX276607802
PAY0003692,O003692,2025-11-14,Mobile Money,0.0,Pending,TX208053178
PAY0003693,O003693,2026-01-28,Mobile Money,21.27,Paid,TX260121481
PAY0003694,O003694,2025-02-26,Carte bancaire,1412.44,Paid,TX561053938
PAY0003695,O003695,2025-06-07,Mobile Money,81.82,Paid,TX313697377
PAY0003696,O003696,2025-10-26,Virement,0.0,Pending,TX807563340
PAY0003697,O003697,2025-02-06,Mobile Money,88.9,Paid,TX319432292
PAY0003698,O003698,2026-01-03,Mobile Money,104.58,Paid,TX373146687
PAY0003699,O003699,2026-02-19,Carte bancaire,87.15,Paid,TX838799314
PAY0003700,O003700,2025-07-22,Carte bancaire,0.0,Pending,TX190570762
PAY0003701,O003701,2025-01-06,Cash,0.0,Pending,TX820573150
PAY0003702,O003702,2025-10-04,Carte bancaire,0.0,Failed,TX491832731
PAY0003703,O003703,2026-04-26,Mobile Money,295.66,Paid,TX993602258
PAY0003704,O003704,2025-06-14,Carte bancaire,106.75,Paid,TX602793085
PAY0003705,O003705,2026-04-13,Mobile Money,53.54,Paid,TX284178963
PAY0003706,O003706,2026-04-25,Mobile Money,41.1,Paid,TX624852077
PAY0003707,O003707,2025-06-06,Mobile Money,127.99,Paid,TX518802083
PAY0003708,O003708,2025-11-29,Mobile Money,66.4,Paid,TX630104957
PAY0003709,O003709,2025-01-26,Mobile Money,37.99,Paid,TX102107578
PAY0003710,O003710,2025-11-03,Virement,0.0,Pending,TX684323111
PAY0003711,O003711,2026-04-29,Mobile Money,283.87,Paid,TX808938179
PAY0003712,O003712,2026-06-03,Carte bancaire,0.0,Pending,TX220961537
PAY0003713,O003713,2025-04-23,Mobile Money,235.98,Paid,TX324888727
PAY0003714,O003714,2025-12-31,Carte bancaire,0.0,Failed,TX570013436
PAY0003715,O003715,2025-02-07,Carte bancaire,633.46,Refunded,TX468570241
PAY0003716,O003716,2025-06-04,Mobile Money,988.07,Paid,TX615558796
PAY0003717,O003717,2026-04-04,Virement,34.15,Paid,TX393713483
PAY0003718,O003718,2025-12-20,Carte bancaire,132.01,Paid,TX632530516
PAY0003719,O003719,2025-08-03,Cash,0.0,Pending,TX699390358
PAY0003720,O003720,2026-06-11,Cash,1859.14,Paid,TX345158605
PAY0003721,O003721,2026-02-22,Mobile Money,65.64,Paid,TX819083884
PAY0003722,O003722,2025-01-13,Virement,0.0,Failed,TX989610601
PAY0003723,O003723,2025-02-13,Carte bancaire,0.0,Failed,TX249534966
PAY0003724,O003724,2025-12-12,Mobile Money,188.99,Paid,TX252316479
PAY0003725,O003725,2026-04-26,Virement,34.77,Paid,TX758659980
PAY0003726,O003726,2025-03-29,Mobile Money,1557.42,Paid,TX631840031
PAY0003727,O003727,2025-10-26,Carte bancaire,454.19,Paid,TX650263573
PAY0003728,O003728,2026-03-27,Mobile Money,210.81,Paid,TX226883015
PAY0003729,O003729,2026-04-21,Virement,145.92,Paid,TX736686820
PAY0003730,O003730,2025-12-18,Cash,512.7,Paid,TX178519821
PAY0003731,O003731,2026-07-06,Mobile Money,0.0,Pending,TX659595710
PAY0003732,O003732,2026-06-01,Carte bancaire,196.72,Paid,TX783695488
PAY0003733,O003733,2026-04-06,Mobile Money,348.69,Paid,TX584943469
PAY0003734,O003734,2026-01-04,Virement,246.5,Paid,TX342540162
PAY0003735,O003735,2026-06-29,Mobile Money,257.72,Paid,TX591639946
PAY0003736,O003736,2025-01-11,Mobile Money,493.12,Paid,TX527720573
PAY0003737,O003737,2025-02-23,Carte bancaire,989.34,Paid,TX423766782
PAY0003738,O003738,2025-10-10,Carte bancaire,689.95,Paid,TX743838002
PAY0003739,O003739,2026-01-04,Mobile Money,314.99,Paid,TX669402650
PAY0003740,O003740,2026-05-12,Carte bancaire,205.07,Paid,TX608882611
PAY0003741,O003741,2026-01-10,Virement,250.64,Paid,TX190878894
PAY0003742,O003742,2025-05-08,Mobile Money,0.0,Failed,TX504205088
PAY0003743,O003743,2026-05-16,Mobile Money,303.91,Paid,TX110074968
PAY0003744,O003744,2025-02-16,Carte bancaire,1923.31,Paid,TX196861782
PAY0003745,O003745,2025-02-24,Carte bancaire,0.0,Failed,TX786052946
PAY0003746,O003746,2026-02-01,Carte bancaire,38.06,Paid,TX735860846
PAY0003747,O003747,2026-06-16,Carte bancaire,0.0,Pending,TX171789768
PAY0003748,O003748,2025-10-05,Carte bancaire,614.61,Paid,TX393106976
PAY0003749,O003749,2025-03-15,Mobile Money,30.38,Paid,TX484588944
PAY0003750,O003750,2025-01-27,Mobile Money,0.0,Pending,TX883268928
PAY0003751,O003751,2026-06-21,Carte bancaire,420.0,Paid,TX961514395
PAY0003752,O003752,2025-06-07,Mobile Money,700.26,Paid,TX408328103
PAY0003753,O003753,2025-12-17,Cash,123.0,Paid,TX549408225
PAY0003754,O003754,2025-06-29,Cash,615.05,Paid,TX962391990
PAY0003755,O003755,2025-05-01,Mobile Money,480.5,Paid,TX109224365
PAY0003756,O003756,2026-01-05,Mobile Money,196.28,Paid,TX290481096
PAY0003757,O003757,2026-02-14,Mobile Money,418.12,Paid,TX701256341
PAY0003758,O003758,2025-09-16,Mobile Money,123.4,Paid,TX586694583
PAY0003759,O003759,2025-10-07,Cash,196.18,Refunded,TX462532816
PAY0003760,O003760,2025-09-27,Mobile Money,1234.48,Refunded,TX168492270
PAY0003761,O003761,2025-11-25,Mobile Money,140.66,Paid,TX267139301
PAY0003762,O003762,2026-03-19,Carte bancaire,97.97,Paid,TX117828067
PAY0003763,O003763,2026-01-27,Carte bancaire,114.1,Paid,TX185271062
PAY0003764,O003764,2025-06-02,Carte bancaire,236.41,Paid,TX359889318
PAY0003765,O003765,2025-05-17,Carte bancaire,1012.04,Paid,TX350778456
PAY0003766,O003766,2026-01-06,Virement,0.0,Pending,TX368159815
PAY0003767,O003767,2025-12-21,Carte bancaire,28.82,Paid,TX467842670
PAY0003768,O003768,2025-07-25,Mobile Money,0.0,Pending,TX413456529
PAY0003769,O003769,2026-04-09,Carte bancaire,0.0,Failed,TX227777209
PAY0003770,O003770,2025-08-22,Carte bancaire,29.58,Paid,TX639305847
PAY0003771,O003771,2025-07-08,Mobile Money,0.0,Pending,TX465223689
PAY0003772,O003772,2025-11-05,Virement,401.55,Paid,TX730944244
PAY0003773,O003773,2025-04-19,Carte bancaire,412.13,Refunded,TX154181142
PAY0003774,O003774,2026-01-20,Mobile Money,149.9,Refunded,TX792350197
PAY0003775,O003775,2026-05-10,Cash,0.0,Pending,TX413583252
PAY0003776,O003776,2026-06-02,Carte bancaire,382.92,Paid,TX914111160
PAY0003777,O003777,2025-09-04,Cash,321.51,Paid,TX224772064
PAY0003778,O003778,2025-05-28,Carte bancaire,104.49,Paid,TX531847248
PAY0003779,O003779,2025-09-24,Carte bancaire,147.18,Paid,TX181330418
PAY0003780,O003780,2025-02-28,Mobile Money,2080.96,Paid,TX195508064
PAY0003781,O003781,2026-01-02,Mobile Money,24.91,Paid,TX797899144
PAY0003782,O003782,2025-08-27,Carte bancaire,77.99,Paid,TX997256427
PAY0003783,O003783,2025-03-12,Virement,274.69,Paid,TX656711098
PAY0003784,O003784,2025-10-29,Cash,60.9,Paid,TX775285877
PAY0003785,O003785,2026-01-31,Mobile Money,180.37,Paid,TX584889837
PAY0003786,O003786,2025-05-07,Carte bancaire,498.56,Paid,TX110288587
PAY0003787,O003787,2025-08-14,Mobile Money,0.0,Pending,TX236597525
PAY0003788,O003788,2026-05-07,Carte bancaire,40.27,Paid,TX906646073
PAY0003789,O003789,2026-01-28,Mobile Money,726.99,Paid,TX964212850
PAY0003790,O003790,2026-03-17,Carte bancaire,599.96,Paid,TX124302914
PAY0003791,O003791,2025-09-06,Carte bancaire,23.01,Paid,TX756135131
PAY0003792,O003792,2025-09-30,Virement,191.5,Paid,TX297881980
PAY0003793,O003793,2025-09-30,Carte bancaire,118.0,Paid,TX284382732
PAY0003794,O003794,2025-09-05,Mobile Money,191.35,Paid,TX243367470
PAY0003795,O003795,2025-03-25,Carte bancaire,57.3,Paid,TX638061511
PAY0003796,O003796,2025-01-25,Carte bancaire,66.29,Refunded,TX619633971
PAY0003797,O003797,2026-04-03,Mobile Money,0.0,Pending,TX590533701
PAY0003798,O003798,2025-10-24,Mobile Money,53.59,Paid,TX218163630
PAY0003799,O003799,2025-10-19,Cash,49.49,Paid,TX521327244
PAY0003800,O003800,2025-11-26,Mobile Money,38.94,Paid,TX107237123
PAY0003801,O003801,2025-08-15,Mobile Money,62.97,Paid,TX123275119
PAY0003802,O003802,2026-05-04,Carte bancaire,152.9,Paid,TX659868731
PAY0003803,O003803,2025-09-18,Mobile Money,177.27,Paid,TX561194643
PAY0003804,O003804,2025-10-02,Carte bancaire,387.41,Paid,TX602197691
PAY0003805,O003805,2025-10-19,Mobile Money,206.91,Paid,TX165573297
PAY0003806,O003806,2025-04-01,Mobile Money,767.22,Paid,TX330493532
PAY0003807,O003807,2025-04-06,Mobile Money,107.42,Paid,TX591473710
PAY0003808,O003808,2025-04-11,Carte bancaire,0.0,Pending,TX291070954
PAY0003809,O003809,2025-05-21,Mobile Money,206.4,Paid,TX422707123
PAY0003810,O003810,2025-04-02,Mobile Money,1226.48,Paid,TX791705608
PAY0003811,O003811,2025-05-06,Carte bancaire,14.64,Paid,TX805375246
PAY0003812,O003812,2026-06-02,Carte bancaire,988.74,Refunded,TX608848703
PAY0003813,O003813,2025-07-21,Mobile Money,0.0,Pending,TX608106948
PAY0003814,O003814,2026-03-14,Carte bancaire,389.87,Paid,TX429776825
PAY0003815,O003815,2025-08-08,Mobile Money,112.41,Paid,TX354982895
PAY0003816,O003816,2026-03-31,Mobile Money,100.08,Paid,TX254254266
PAY0003817,O003817,2026-02-20,Mobile Money,0.0,Pending,TX708660630
PAY0003818,O003818,2026-04-10,Carte bancaire,236.35,Paid,TX829890821
PAY0003819,O003819,2025-06-08,Cash,2011.42,Paid,TX689006963
PAY0003820,O003820,2025-02-25,Mobile Money,202.66,Paid,TX879549866
PAY0003821,O003821,2025-06-19,Mobile Money,0.0,Pending,TX723633267
PAY0003822,O003822,2026-01-22,Cash,0.0,Failed,TX407329808
PAY0003823,O003823,2025-12-25,Carte bancaire,250.99,Paid,TX974431878
PAY0003824,O003824,2026-01-22,Virement,0.0,Pending,TX403830237
PAY0003825,O003825,2026-06-29,Carte bancaire,72.76,Paid,TX483417757
PAY0003826,O003826,2025-05-04,Virement,69.31,Paid,TX255524818
PAY0003827,O003827,2025-09-04,Virement,290.4,Paid,TX445976134
PAY0003828,O003828,2025-09-26,Mobile Money,268.3,Paid,TX605227701
PAY0003829,O003829,2025-03-24,Virement,356.99,Paid,TX876243473
PAY0003830,O003830,2026-01-01,Mobile Money,0.0,Pending,TX727899362
PAY0003831,O003831,2025-01-27,Carte bancaire,40.86,Paid,TX870544787
PAY0003832,O003832,2026-05-10,Mobile Money,23.34,Paid,TX476465331
PAY0003833,O003833,2025-02-18,Carte bancaire,0.0,Failed,TX556243199
PAY0003834,O003834,2025-03-02,Mobile Money,43.69,Paid,TX363511218
PAY0003835,O003835,2025-04-06,Mobile Money,0.0,Pending,TX578705461
PAY0003836,O003836,2026-05-06,Mobile Money,649.37,Paid,TX314325012
PAY0003837,O003837,2026-04-18,Mobile Money,122.35,Paid,TX654278545
PAY0003838,O003838,2026-05-23,Mobile Money,0.0,Pending,TX448304973
PAY0003839,O003839,2026-04-02,Mobile Money,480.99,Paid,TX189756733
PAY0003840,O003840,2026-05-26,Virement,987.91,Paid,TX677159098
PAY0003841,O003841,2025-09-16,Virement,38.99,Paid,TX962412302
PAY0003842,O003842,2025-01-03,Carte bancaire,0.0,Pending,TX168681594
PAY0003843,O003843,2025-08-31,Carte bancaire,358.56,Paid,TX901651324
PAY0003844,O003844,2025-05-05,Mobile Money,577.69,Paid,TX829072503
PAY0003845,O003845,2025-05-19,Carte bancaire,225.52,Paid,TX565826541
PAY0003846,O003846,2026-01-17,Carte bancaire,45.81,Paid,TX781558379
PAY0003847,O003847,2025-04-05,Mobile Money,48.43,Paid,TX303620306
PAY0003848,O003848,2025-06-27,Carte bancaire,387.2,Paid,TX262404927
PAY0003849,O003849,2025-08-04,Cash,399.67,Paid,TX350028297
PAY0003850,O003850,2025-02-03,Mobile Money,325.22,Paid,TX724731900
PAY0003851,O003851,2026-01-24,Mobile Money,179.74,Paid,TX867000875
PAY0003852,O003852,2026-02-23,Virement,0.0,Failed,TX445085121
PAY0003853,O003853,2025-11-06,Mobile Money,1649.39,Paid,TX550211177
PAY0003854,O003854,2025-01-19,Mobile Money,384.69,Paid,TX951421379
PAY0003855,O003855,2026-03-10,Mobile Money,0.0,Failed,TX988844279
PAY0003856,O003856,2025-09-04,Mobile Money,0.0,Pending,TX982271247
PAY0003857,O003857,2025-05-28,Carte bancaire,1603.51,Paid,TX922299532
PAY0003858,O003858,2026-06-04,Cash,75.22,Paid,TX931305856
PAY0003859,O003859,2026-04-16,Carte bancaire,92.59,Paid,TX327856168
PAY0003860,O003860,2025-08-30,Virement,0.0,Failed,TX736498929
PAY0003861,O003861,2025-09-03,Mobile Money,52.01,Paid,TX421640160
PAY0003862,O003862,2026-05-18,Mobile Money,281.09,Paid,TX638630552
PAY0003863,O003863,2025-04-19,Mobile Money,210.33,Paid,TX998671537
PAY0003864,O003864,2025-08-17,Mobile Money,186.0,Paid,TX949225018
PAY0003865,O003865,2025-11-11,Carte bancaire,87.28,Paid,TX230346730
PAY0003866,O003866,2025-07-13,Cash,22.23,Paid,TX791622842
PAY0003867,O003867,2025-06-23,Mobile Money,2242.6,Paid,TX618289044
PAY0003868,O003868,2025-03-02,Cash,137.48,Paid,TX174757331
PAY0003869,O003869,2025-05-28,Carte bancaire,881.49,Paid,TX941215309
PAY0003870,O003870,2025-07-19,Mobile Money,87.0,Paid,TX644679175
PAY0003871,O003871,2026-04-08,Carte bancaire,88.13,Paid,TX652841380
PAY0003872,O003872,2025-07-08,Carte bancaire,0.0,Pending,TX787170563
PAY0003873,O003873,2025-03-30,Carte bancaire,191.91,Refunded,TX169964488
PAY0003874,O003874,2026-04-09,Carte bancaire,88.2,Paid,TX302042319
PAY0003875,O003875,2025-07-14,Carte bancaire,95.52,Paid,TX478952122
PAY0003876,O003876,2026-05-20,Carte bancaire,1020.44,Paid,TX925639592
PAY0003877,O003877,2025-03-04,Carte bancaire,90.94,Paid,TX141589468
PAY0003878,O003878,2025-01-17,Mobile Money,72.69,Paid,TX755620769
PAY0003879,O003879,2026-05-24,Cash,22.64,Paid,TX943647118
PAY0003880,O003880,2025-02-27,Mobile Money,573.07,Refunded,TX365988581
PAY0003881,O003881,2025-01-09,Carte bancaire,1987.61,Paid,TX248515012
PAY0003882,O003882,2025-12-20,Virement,0.0,Pending,TX413986023
PAY0003883,O003883,2025-06-24,Mobile Money,0.0,Pending,TX407696542
PAY0003884,O003884,2025-09-23,Carte bancaire,337.99,Paid,TX177467289
PAY0003885,O003885,2025-08-12,Mobile Money,0.0,Pending,TX504242925
PAY0003886,O003886,2025-06-13,Mobile Money,251.48,Paid,TX554456141
PAY0003887,O003887,2025-09-24,Carte bancaire,1134.6,Paid,TX236460945
PAY0003888,O003888,2025-05-23,Cash,90.2,Paid,TX467895665
PAY0003889,O003889,2025-05-06,Mobile Money,362.17,Paid,TX684427620
PAY0003890,O003890,2025-05-06,Virement,728.56,Paid,TX118493896
PAY0003891,O003891,2025-03-06,Carte bancaire,0.0,Pending,TX178069234
PAY0003892,O003892,2025-10-18,Virement,70.18,Paid,TX202701384
PAY0003893,O003893,2025-10-31,Virement,420.02,Paid,TX333335628
PAY0003894,O003894,2025-01-14,Carte bancaire,631.31,Refunded,TX103499285
PAY0003895,O003895,2025-09-10,Mobile Money,157.5,Paid,TX586716899
PAY0003896,O003896,2026-02-12,Carte bancaire,335.02,Paid,TX992755235
PAY0003897,O003897,2025-01-05,Carte bancaire,43.53,Paid,TX144119078
PAY0003898,O003898,2025-06-14,Virement,37.57,Paid,TX799625342
PAY0003899,O003899,2026-06-15,Carte bancaire,163.0,Paid,TX210385789
PAY0003900,O003900,2025-08-25,Virement,378.87,Paid,TX600263911
PAY0003901,O003901,2025-01-12,Mobile Money,131.08,Paid,TX712375443
PAY0003902,O003902,2025-10-20,Virement,174.58,Paid,TX233776722
PAY0003903,O003903,2025-08-14,Carte bancaire,217.72,Paid,TX615012856
PAY0003904,O003904,2025-04-29,Mobile Money,47.32,Paid,TX939587731
PAY0003905,O003905,2025-02-12,Carte bancaire,0.0,Pending,TX857359067
PAY0003906,O003906,2026-05-04,Virement,0.0,Failed,TX955302752
PAY0003907,O003907,2026-03-24,Carte bancaire,166.63,Refunded,TX262903205
PAY0003908,O003908,2026-01-10,Carte bancaire,0.0,Failed,TX427778906
PAY0003909,O003909,2025-01-10,Virement,136.41,Paid,TX194973970
PAY0003910,O003910,2026-04-26,Cash,83.58,Paid,TX849898093
PAY0003911,O003911,2025-09-20,Mobile Money,3230.45,Paid,TX175102942
PAY0003912,O003912,2025-09-20,Mobile Money,0.0,Failed,TX844898643
PAY0003913,O003913,2026-04-30,Cash,0.0,Pending,TX755062984
PAY0003914,O003914,2025-08-28,Mobile Money,486.71,Paid,TX417878287
PAY0003915,O003915,2025-05-13,Virement,255.87,Paid,TX418006165
PAY0003916,O003916,2025-05-12,Carte bancaire,365.53,Paid,TX192451096
PAY0003917,O003917,2026-05-26,Mobile Money,0.0,Failed,TX953979017
PAY0003918,O003918,2025-10-27,Carte bancaire,75.18,Refunded,TX398595799
PAY0003919,O003919,2025-11-16,Virement,0.0,Pending,TX401686229
PAY0003920,O003920,2025-11-25,Mobile Money,2409.85,Paid,TX928348298
PAY0003921,O003921,2025-05-04,Mobile Money,503.18,Paid,TX479011684
PAY0003922,O003922,2025-08-21,Virement,97.54,Paid,TX345566912
PAY0003923,O003923,2026-06-07,Carte bancaire,0.0,Pending,TX728225183
PAY0003924,O003924,2025-03-22,Mobile Money,97.78,Refunded,TX607186719
PAY0003925,O003925,2026-06-09,Mobile Money,599.3,Paid,TX669746986
PAY0003926,O003926,2025-05-30,Carte bancaire,795.84,Paid,TX850682799
PAY0003927,O003927,2025-06-16,Carte bancaire,0.0,Pending,TX535689558
PAY0003928,O003928,2025-01-08,Virement,41.73,Paid,TX611337428
PAY0003929,O003929,2026-01-03,Virement,21.5,Paid,TX961739078
PAY0003930,O003930,2025-06-25,Carte bancaire,87.9,Paid,TX834432269
PAY0003931,O003931,2025-09-09,Carte bancaire,70.35,Paid,TX629815561
PAY0003932,O003932,2025-11-15,Carte bancaire,1832.26,Paid,TX512653313
PAY0003933,O003933,2025-12-18,Carte bancaire,0.0,Failed,TX347904443
PAY0003934,O003934,2026-06-11,Cash,203.53,Paid,TX197731153
PAY0003935,O003935,2025-11-03,Mobile Money,115.5,Refunded,TX152066816
PAY0003936,O003936,2025-04-09,Carte bancaire,307.69,Paid,TX104558537
PAY0003937,O003937,2026-01-21,Mobile Money,49.66,Paid,TX703634286
PAY0003938,O003938,2025-02-03,Carte bancaire,100.55,Paid,TX250305495
PAY0003939,O003939,2026-04-09,Carte bancaire,2295.61,Paid,TX807101808
PAY0003940,O003940,2025-06-13,Mobile Money,20.51,Paid,TX483295981
PAY0003941,O003941,2026-02-04,Virement,0.0,Failed,TX711265045
PAY0003942,O003942,2025-03-30,Carte bancaire,113.77,Paid,TX207081144
PAY0003943,O003943,2025-08-12,Cash,469.75,Paid,TX319200466
PAY0003944,O003944,2026-01-20,Virement,48.88,Paid,TX217157032
PAY0003945,O003945,2025-12-08,Virement,87.19,Paid,TX324467580
PAY0003946,O003946,2025-01-06,Mobile Money,0.0,Pending,TX416756311
PAY0003947,O003947,2025-01-19,Cash,175.89,Paid,TX766809327
PAY0003948,O003948,2026-06-26,Virement,26.93,Paid,TX571285648
PAY0003949,O003949,2025-10-19,Virement,29.43,Paid,TX749785659
PAY0003950,O003950,2026-04-16,Virement,288.0,Paid,TX265429928
PAY0003951,O003951,2025-02-12,Virement,0.0,Failed,TX390126418
PAY0003952,O003952,2025-09-29,Carte bancaire,45.31,Paid,TX355891719
PAY0003953,O003953,2025-11-15,Mobile Money,346.8,Paid,TX116443410
PAY0003954,O003954,2026-05-22,Carte bancaire,0.0,Pending,TX497643585
PAY0003955,O003955,2026-01-26,Mobile Money,0.0,Pending,TX593093138
PAY0003956,O003956,2025-12-12,Mobile Money,2418.66,Refunded,TX592766780
PAY0003957,O003957,2025-06-12,Mobile Money,649.52,Paid,TX537067990
PAY0003958,O003958,2026-06-30,Carte bancaire,768.31,Paid,TX378112843
PAY0003959,O003959,2025-06-30,Virement,0.0,Pending,TX837678128
PAY0003960,O003960,2025-06-04,Virement,0.0,Failed,TX418890429
PAY0003961,O003961,2026-02-01,Virement,174.31,Paid,TX663730271
PAY0003962,O003962,2026-07-05,Mobile Money,174.0,Paid,TX304126041
PAY0003963,O003963,2026-04-18,Virement,0.0,Failed,TX680285021
PAY0003964,O003964,2025-04-12,Cash,110.06,Paid,TX314468657
PAY0003965,O003965,2026-03-23,Virement,291.75,Paid,TX206748969
PAY0003966,O003966,2025-07-17,Mobile Money,783.37,Paid,TX505612088
PAY0003967,O003967,2025-05-06,Cash,170.28,Paid,TX377763578
PAY0003968,O003968,2026-06-01,Carte bancaire,627.55,Paid,TX768852100
PAY0003969,O003969,2026-06-07,Carte bancaire,43.95,Paid,TX962562755
PAY0003970,O003970,2025-07-24,Mobile Money,0.0,Pending,TX187206929
PAY0003971,O003971,2025-01-16,Virement,25.15,Paid,TX980261460
PAY0003972,O003972,2025-04-28,Virement,114.69,Paid,TX939185855
PAY0003973,O003973,2025-10-24,Virement,73.4,Paid,TX865375718
PAY0003974,O003974,2025-02-04,Mobile Money,118.78,Paid,TX127016596
PAY0003975,O003975,2025-05-07,Mobile Money,44.7,Paid,TX193216484
PAY0003976,O003976,2025-03-26,Cash,181.33,Paid,TX246960919
PAY0003977,O003977,2026-06-07,Virement,615.8,Paid,TX336584910
PAY0003978,O003978,2025-07-17,Virement,194.23,Paid,TX209772139
PAY0003979,O003979,2025-07-31,Virement,470.47,Paid,TX448961138
PAY0003980,O003980,2025-08-22,Mobile Money,129.4,Paid,TX758491390
PAY0003981,O003981,2025-01-11,Carte bancaire,295.87,Paid,TX413754820
PAY0003982,O003982,2025-10-27,Mobile Money,282.11,Paid,TX758419036
PAY0003983,O003983,2026-05-16,Mobile Money,75.58,Paid,TX849801996
PAY0003984,O003984,2026-03-24,Mobile Money,19.34,Paid,TX599381263
PAY0003985,O003985,2025-05-20,Carte bancaire,71.84,Paid,TX594543098
PAY0003986,O003986,2025-01-08,Carte bancaire,446.5,Refunded,TX174118504
PAY0003987,O003987,2026-03-02,Virement,195.06,Paid,TX298223719
PAY0003988,O003988,2026-04-06,Mobile Money,23.78,Paid,TX611463334
PAY0003989,O003989,2026-05-25,Virement,74.7,Refunded,TX906341406
PAY0003990,O003990,2025-11-17,Mobile Money,141.7,Paid,TX334781814
PAY0003991,O003991,2025-09-20,Cash,50.7,Paid,TX737959309
PAY0003992,O003992,2026-02-23,Carte bancaire,1108.15,Paid,TX427058440
PAY0003993,O003993,2026-01-14,Mobile Money,718.41,Paid,TX822307103
PAY0003994,O003994,2026-02-23,Virement,116.53,Refunded,TX743995465
PAY0003995,O003995,2025-06-06,Mobile Money,196.14,Refunded,TX210184427
PAY0003996,O003996,2026-05-10,Carte bancaire,247.45,Paid,TX815832969
PAY0003997,O003997,2025-01-24,Virement,0.0,Pending,TX551509179
PAY0003998,O003998,2025-02-24,Carte bancaire,0.0,Pending,TX400636001
PAY0003999,O003999,2025-12-27,Carte bancaire,0.0,Pending,TX407433510
PAY0004000,O004000,2025-11-14,Carte bancaire,0.0,Pending,TX916454587
PAY0004001,O004001,2025-11-02,Mobile Money,289.22,Paid,TX669286074
PAY0004002,O004002,2026-05-15,Carte bancaire,141.5,Refunded,TX458290936
PAY0004003,O004003,2026-04-24,Cash,669.23,Paid,TX212969379
PAY0004004,O004004,2026-02-03,Mobile Money,649.94,Paid,TX798772410
PAY0004005,O004005,2025-04-02,Mobile Money,1528.12,Paid,TX684808406
PAY0004006,O004006,2025-02-24,Mobile Money,457.19,Pending,TX720710394
PAY0004007,O004007,2025-03-18,Carte bancaire,1824.65,Paid,TX616054569
PAY0004008,O004008,2025-12-06,Cash,377.57,Paid,TX352681528
PAY0004009,O004009,2026-01-30,Virement,313.21,Paid,TX475336516
PAY0004010,O004010,2026-03-16,Virement,104.77,Paid,TX467026114
PAY0004011,O004011,2025-02-28,Mobile Money,126.46,Paid,TX922030246
PAY0004012,O004012,2025-06-04,Carte bancaire,155.33,Paid,TX389293364
PAY0004013,O004013,2025-07-07,Mobile Money,56.5,Refunded,TX523617826
PAY0004014,O004014,2025-12-17,Mobile Money,558.13,Paid,TX364810338
PAY0004015,O004015,2025-01-27,Carte bancaire,0.0,Pending,TX188505922
PAY0004016,O004016,2026-04-10,Carte bancaire,163.94,Paid,TX644860888
PAY0004017,O004017,2025-02-16,Virement,48.56,Paid,TX230617071
PAY0004018,O004018,2025-10-17,Virement,946.61,Paid,TX599092967
PAY0004019,O004019,2026-05-28,Carte bancaire,39.3,Paid,TX324022003
PAY0004020,O004020,2025-04-17,Carte bancaire,0.0,Pending,TX942493640
PAY0004021,O004021,2026-01-13,Virement,70.86,Paid,TX207780039
PAY0004022,O004022,2025-10-30,Mobile Money,410.06,Refunded,TX345060173
PAY0004023,O004023,2026-03-28,Mobile Money,0.0,Failed,TX837533552
PAY0004024,O004024,2025-11-23,Cash,43.65,Paid,TX477394081
PAY0004025,O004025,2026-04-14,Virement,64.01,Refunded,TX561649661
PAY0004026,O004026,2025-08-12,Cash,215.55,Paid,TX643017639
PAY0004027,O004027,2025-04-01,Virement,609.8,Paid,TX564849184
PAY0004028,O004028,2026-01-08,Virement,1378.4,Paid,TX270544285
PAY0004029,O004029,2026-06-19,Mobile Money,251.31,Paid,TX507982904
PAY0004030,O004030,2025-08-28,Carte bancaire,40.23,Paid,TX688446266
PAY0004031,O004031,2026-03-28,Mobile Money,227.5,Paid,TX385484027
PAY0004032,O004032,2026-04-28,Mobile Money,721.96,Paid,TX818931773
PAY0004033,O004033,2025-12-21,Virement,745.25,Paid,TX324652438
PAY0004034,O004034,2026-03-10,Mobile Money,63.35,Paid,TX197201506
PAY0004035,O004035,2025-11-08,Mobile Money,1398.98,Paid,TX880399177
PAY0004036,O004036,2026-03-21,Mobile Money,60.27,Paid,TX144666295
PAY0004037,O004037,2025-07-07,Virement,96.48,Paid,TX947642405
PAY0004038,O004038,2025-10-16,Carte bancaire,840.88,Paid,TX825280283
PAY0004039,O004039,2025-02-14,Mobile Money,2084.05,Paid,TX275032697
PAY0004040,O004040,2025-04-19,Carte bancaire,277.5,Paid,TX313975956
PAY0004041,O004041,2025-11-14,Mobile Money,381.76,Refunded,TX629970925
PAY0004042,O004042,2026-02-02,Mobile Money,44.65,Refunded,TX245539451
PAY0004043,O004043,2025-01-17,Mobile Money,27.78,Refunded,TX333892519
PAY0004044,O004044,2025-02-10,Virement,50.22,Paid,TX524840823
PAY0004045,O004045,2025-01-07,Mobile Money,117.62,Paid,TX118031404
PAY0004046,O004046,2025-10-15,Mobile Money,172.66,Paid,TX445569114
PAY0004047,O004047,2025-07-06,Mobile Money,55.29,Paid,TX169887652
PAY0004048,O004048,2025-01-31,Virement,175.46,Paid,TX618496633
PAY0004049,O004049,2026-03-14,Mobile Money,115.12,Paid,TX403604223
PAY0004050,O004050,2025-10-21,Carte bancaire,40.86,Paid,TX264583982
PAY0004051,O004051,2025-01-06,Mobile Money,226.41,Paid,TX275363984
PAY0004052,O004052,2026-01-14,Virement,1919.5,Paid,TX875511760
PAY0004053,O004053,2026-05-19,Mobile Money,0.0,Failed,TX957413080
PAY0004054,O004054,2025-08-21,Carte bancaire,105.9,Paid,TX407805965
PAY0004055,O004055,2026-06-06,Mobile Money,152.35,Paid,TX375245789
PAY0004056,O004056,2025-08-20,Carte bancaire,743.89,Paid,TX118010550
PAY0004057,O004057,2025-02-12,Mobile Money,67.09,Paid,TX312748008
PAY0004058,O004058,2025-03-11,Mobile Money,0.0,Failed,TX705638207
PAY0004059,O004059,2025-02-09,Carte bancaire,62.57,Paid,TX881328044
PAY0004060,O004060,2025-06-17,Cash,0.0,Pending,TX553916162
PAY0004061,O004061,2025-08-03,Virement,56.86,Paid,TX704186662
PAY0004062,O004062,2025-09-01,Cash,0.0,Pending,TX111747533
PAY0004063,O004063,2025-09-25,Mobile Money,19.27,Paid,TX182427429
PAY0004064,O004064,2026-04-23,Carte bancaire,2086.87,Paid,TX970505403
PAY0004065,O004065,2025-01-10,Virement,75.38,Paid,TX122273451
PAY0004066,O004066,2026-05-09,Mobile Money,51.88,Paid,TX292441489
PAY0004067,O004067,2025-05-11,Mobile Money,41.81,Paid,TX316380300
PAY0004068,O004068,2026-06-10,Mobile Money,142.99,Paid,TX406023646
PAY0004069,O004069,2025-03-19,Cash,997.08,Paid,TX957508872
PAY0004070,O004070,2025-02-25,Virement,28.39,Paid,TX649730249
PAY0004071,O004071,2025-03-11,Mobile Money,108.4,Paid,TX490509249
PAY0004072,O004072,2025-06-12,Virement,190.72,Paid,TX499757047
PAY0004073,O004073,2026-06-02,Carte bancaire,79.47,Refunded,TX731193264
PAY0004074,O004074,2025-09-14,Carte bancaire,0.0,Failed,TX908657878
PAY0004075,O004075,2025-04-02,Mobile Money,0.0,Failed,TX100933656
PAY0004076,O004076,2025-12-18,Carte bancaire,224.09,Paid,TX325995741
PAY0004077,O004077,2025-10-07,Mobile Money,67.78,Paid,TX365340231
PAY0004078,O004078,2026-01-24,Mobile Money,742.39,Paid,TX873354420
PAY0004079,O004079,2026-02-11,Carte bancaire,0.0,Pending,TX989527634
PAY0004080,O004080,2026-03-10,Mobile Money,23.5,Paid,TX310185277
PAY0004081,O004081,2025-03-25,Carte bancaire,39.12,Paid,TX733760819
PAY0004082,O004082,2025-09-29,Mobile Money,0.0,Pending,TX301215370
PAY0004083,O004083,2025-12-13,Virement,921.87,Paid,TX682795364
PAY0004084,O004084,2025-11-03,Mobile Money,40.72,Paid,TX608878452
PAY0004085,O004085,2026-06-21,Carte bancaire,761.63,Paid,TX289284201
PAY0004086,O004086,2026-06-14,Mobile Money,177.03,Paid,TX434599944
PAY0004087,O004087,2026-03-22,Mobile Money,174.7,Paid,TX696991388
PAY0004088,O004088,2025-05-13,Mobile Money,265.76,Paid,TX788679797
PAY0004089,O004089,2025-10-21,Mobile Money,315.49,Paid,TX638328844
PAY0004090,O004090,2026-03-18,Mobile Money,36.75,Paid,TX282477900
PAY0004091,O004091,2025-05-30,Carte bancaire,82.79,Paid,TX193871846
PAY0004092,O004092,2026-01-27,Carte bancaire,0.0,Pending,TX626065409
PAY0004093,O004093,2025-05-18,Virement,0.0,Pending,TX261468637
PAY0004094,O004094,2025-03-20,Carte bancaire,0.0,Pending,TX561029200
PAY0004095,O004095,2025-05-13,Mobile Money,1117.06,Pending,TX521120886
PAY0004096,O004096,2026-05-26,Cash,332.3,Paid,TX960304380
PAY0004097,O004097,2026-07-03,Mobile Money,46.24,Paid,TX999027589
PAY0004098,O004098,2026-04-15,Mobile Money,281.98,Paid,TX607428625
PAY0004099,O004099,2025-05-31,Mobile Money,200.83,Paid,TX156364494
PAY0004100,O004100,2026-03-04,Mobile Money,0.0,Failed,TX416404798
PAY0004101,O004101,2025-05-04,Carte bancaire,71.63,Paid,TX947665488
PAY0004102,O004102,2025-03-15,Mobile Money,158.35,Paid,TX347813853
PAY0004103,O004103,2025-05-22,Mobile Money,44.99,Paid,TX747168488
PAY0004104,O004104,2025-03-19,Mobile Money,38.36,Paid,TX163378433
PAY0004105,O004105,2025-12-18,Mobile Money,428.79,Paid,TX350745365
PAY0004106,O004106,2026-01-11,Carte bancaire,0.0,Pending,TX979366955
PAY0004107,O004107,2025-01-24,Mobile Money,179.17,Paid,TX849325220
PAY0004108,O004108,2025-03-02,Mobile Money,1067.29,Paid,TX508224457
PAY0004109,O004109,2025-09-21,Virement,1561.96,Refunded,TX250679522
PAY0004110,O004110,2025-03-07,Carte bancaire,45.85,Paid,TX658349906
PAY0004111,O004111,2026-04-02,Cash,0.0,Pending,TX867265042
PAY0004112,O004112,2025-08-09,Mobile Money,84.55,Paid,TX812630280
PAY0004113,O004113,2025-08-18,Carte bancaire,1841.21,Paid,TX155489928
PAY0004114,O004114,2025-01-07,Mobile Money,53.03,Paid,TX257901862
PAY0004115,O004115,2026-01-23,Carte bancaire,420.67,Paid,TX511918444
PAY0004116,O004116,2026-02-01,Carte bancaire,1719.31,Paid,TX938865276
PAY0004117,O004117,2026-02-23,Mobile Money,155.78,Paid,TX192137435
PAY0004118,O004118,2025-10-27,Carte bancaire,239.15,Paid,TX265652438
PAY0004119,O004119,2025-05-28,Mobile Money,18.12,Paid,TX695811952
PAY0004120,O004120,2025-02-14,Mobile Money,231.04,Paid,TX242179674
PAY0004121,O004121,2025-06-23,Carte bancaire,74.45,Paid,TX435747989
PAY0004122,O004122,2025-10-27,Mobile Money,132.87,Refunded,TX145063490
PAY0004123,O004123,2025-03-07,Carte bancaire,0.0,Pending,TX920484464
PAY0004124,O004124,2025-01-30,Carte bancaire,71.82,Paid,TX617842462
PAY0004125,O004125,2025-05-01,Mobile Money,0.0,Failed,TX395557273
PAY0004126,O004126,2025-02-11,Mobile Money,75.54,Paid,TX184713924
PAY0004127,O004127,2025-01-12,Mobile Money,121.21,Refunded,TX722180058
PAY0004128,O004128,2025-09-25,Mobile Money,0.0,Failed,TX362142444
PAY0004129,O004129,2026-02-13,Cash,576.71,Paid,TX635883400
PAY0004130,O004130,2025-10-01,Cash,31.04,Paid,TX310465521
PAY0004131,O004131,2025-02-22,Mobile Money,0.0,Failed,TX548974822
PAY0004132,O004132,2025-07-08,Mobile Money,318.16,Paid,TX834107019
PAY0004133,O004133,2025-01-20,Carte bancaire,1255.9,Paid,TX821820047
PAY0004134,O004134,2025-12-09,Virement,267.9,Paid,TX371375750
PAY0004135,O004135,2025-05-09,Carte bancaire,44.63,Paid,TX428342100
PAY0004136,O004136,2025-08-04,Carte bancaire,371.72,Paid,TX292513030
PAY0004137,O004137,2026-05-14,Mobile Money,142.22,Paid,TX182731059
PAY0004138,O004138,2025-11-20,Virement,561.68,Paid,TX365886194
PAY0004139,O004139,2026-02-28,Carte bancaire,64.9,Paid,TX257557117
PAY0004140,O004140,2025-07-15,Carte bancaire,526.99,Paid,TX713419596
PAY0004141,O004141,2026-05-27,Mobile Money,944.84,Paid,TX846604005
PAY0004142,O004142,2026-01-28,Mobile Money,37.71,Paid,TX317749580
PAY0004143,O004143,2025-10-11,Mobile Money,189.51,Paid,TX204496481
PAY0004144,O004144,2025-11-16,Cash,0.0,Failed,TX323408198
PAY0004145,O004145,2025-12-08,Carte bancaire,0.0,Failed,TX589627125
PAY0004146,O004146,2025-04-02,Mobile Money,101.78,Paid,TX430846018
PAY0004147,O004147,2025-05-18,Mobile Money,449.21,Paid,TX813661283
PAY0004148,O004148,2026-01-12,Mobile Money,219.85,Paid,TX902627791
PAY0004149,O004149,2025-08-31,Carte bancaire,514.61,Paid,TX415213642
PAY0004150,O004150,2026-03-06,Cash,78.01,Paid,TX700541639
PAY0004151,O004151,2025-10-17,Mobile Money,163.11,Paid,TX124948495
PAY0004152,O004152,2025-02-06,Mobile Money,186.66,Paid,TX451956266
PAY0004153,O004153,2026-01-03,Mobile Money,141.95,Paid,TX909421222
PAY0004154,O004154,2025-12-02,Carte bancaire,445.16,Paid,TX595507173
PAY0004155,O004155,2025-07-20,Virement,630.12,Paid,TX324934342
PAY0004156,O004156,2026-03-12,Carte bancaire,56.27,Paid,TX733941371
PAY0004157,O004157,2025-07-16,Cash,375.99,Paid,TX476586647
PAY0004158,O004158,2025-03-05,Carte bancaire,206.08,Paid,TX276596402
PAY0004159,O004159,2025-03-12,Mobile Money,757.87,Paid,TX945208318
PAY0004160,O004160,2026-05-13,Mobile Money,63.29,Paid,TX378499964
PAY0004161,O004161,2025-07-28,Carte bancaire,101.36,Paid,TX140679030
PAY0004162,O004162,2025-08-20,Virement,231.43,Paid,TX270350812
PAY0004163,O004163,2025-06-17,Carte bancaire,987.03,Paid,TX260054856
PAY0004164,O004164,2026-02-11,Virement,1280.82,Paid,TX932622318
PAY0004165,O004165,2025-11-30,Mobile Money,273.82,Paid,TX471929145
PAY0004166,O004166,2026-05-08,Mobile Money,636.0,Paid,TX401934016
PAY0004167,O004167,2026-05-09,Mobile Money,26.05,Refunded,TX102919016
PAY0004168,O004168,2026-06-27,Mobile Money,110.13,Paid,TX654313837
PAY0004169,O004169,2025-07-01,Carte bancaire,0.0,Failed,TX341181441
PAY0004170,O004170,2025-11-16,Cash,211.12,Paid,TX677712743
PAY0004171,O004171,2025-07-13,Carte bancaire,41.18,Paid,TX720515932
PAY0004172,O004172,2026-01-22,Mobile Money,156.03,Paid,TX479119461
PAY0004173,O004173,2026-02-18,Carte bancaire,143.74,Paid,TX979995719
PAY0004174,O004174,2025-05-22,Carte bancaire,111.94,Paid,TX256723197
PAY0004175,O004175,2026-04-21,Mobile Money,131.19,Paid,TX215376820
PAY0004176,O004176,2025-06-11,Carte bancaire,94.67,Paid,TX371762281
PAY0004177,O004177,2026-06-23,Carte bancaire,137.99,Paid,TX944005226
PAY0004178,O004178,2026-04-16,Carte bancaire,85.56,Paid,TX255357179
PAY0004179,O004179,2025-01-12,Cash,112.0,Paid,TX542140390
PAY0004180,O004180,2025-08-07,Virement,0.0,Pending,TX401532137
PAY0004181,O004181,2025-08-05,Virement,312.19,Paid,TX820233811
PAY0004182,O004182,2026-03-28,Virement,19.22,Paid,TX155999517
PAY0004183,O004183,2026-02-03,Carte bancaire,470.49,Paid,TX343115860
PAY0004184,O004184,2025-01-31,Mobile Money,77.31,Paid,TX329131495
PAY0004185,O004185,2026-04-10,Mobile Money,218.87,Paid,TX449808835
PAY0004186,O004186,2025-05-04,Virement,243.22,Paid,TX572292374
PAY0004187,O004187,2025-07-26,Mobile Money,111.33,Paid,TX768584839
PAY0004188,O004188,2025-04-05,Cash,83.1,Paid,TX200715064
PAY0004189,O004189,2025-03-29,Mobile Money,577.73,Paid,TX387202921
PAY0004190,O004190,2025-10-19,Carte bancaire,191.5,Paid,TX119247927
PAY0004191,O004191,2025-02-17,Mobile Money,119.37,Paid,TX857185114
PAY0004192,O004192,2025-02-14,Virement,24.16,Paid,TX870177272
PAY0004193,O004193,2026-03-07,Carte bancaire,24.18,Paid,TX742590720
PAY0004194,O004194,2025-07-09,Mobile Money,59.12,Paid,TX115906491
PAY0004195,O004195,2025-12-26,Mobile Money,891.87,Paid,TX799667473
PAY0004196,O004196,2026-06-27,Carte bancaire,330.5,Paid,TX557697712
PAY0004197,O004197,2025-02-01,Mobile Money,163.87,Paid,TX909793514
PAY0004198,O004198,2026-03-14,Mobile Money,394.91,Paid,TX223662341
PAY0004199,O004199,2025-03-02,Mobile Money,2674.62,Paid,TX170530155
PAY0004200,O004200,2026-02-22,Virement,1857.22,Paid,TX173669216
PAY0004201,O004201,2025-06-21,Mobile Money,48.45,Paid,TX665699376
PAY0004202,O004202,2025-03-20,Mobile Money,157.64,Paid,TX880416092
PAY0004203,O004203,2025-05-09,Mobile Money,16.64,Paid,TX653017480
PAY0004204,O004204,2025-07-20,Carte bancaire,316.89,Paid,TX206744698
PAY0004205,O004205,2026-02-05,Mobile Money,293.92,Paid,TX451308748
PAY0004206,O004206,2026-01-10,Mobile Money,774.52,Paid,TX986616999
PAY0004207,O004207,2026-02-04,Mobile Money,12.9,Paid,TX423914927
PAY0004208,O004208,2025-01-16,Mobile Money,367.14,Paid,TX349740464
PAY0004209,O004209,2026-06-19,Carte bancaire,0.0,Failed,TX843648903
PAY0004210,O004210,2025-08-30,Virement,0.0,Pending,TX960559094
PAY0004211,O004211,2025-03-06,Virement,873.81,Paid,TX947858753
PAY0004212,O004212,2026-05-28,Carte bancaire,46.16,Paid,TX361880541
PAY0004213,O004213,2026-03-15,Mobile Money,215.21,Paid,TX303554748
PAY0004214,O004214,2025-02-17,Mobile Money,524.15,Refunded,TX975220785
PAY0004215,O004215,2025-08-29,Carte bancaire,0.0,Pending,TX426959774
PAY0004216,O004216,2026-05-14,Virement,765.11,Paid,TX136076812
PAY0004217,O004217,2026-01-13,Cash,0.0,Failed,TX273270956
PAY0004218,O004218,2025-04-19,Cash,53.82,Paid,TX843270358
PAY0004219,O004219,2026-01-22,Carte bancaire,101.17,Paid,TX672244961
PAY0004220,O004220,2025-04-17,Mobile Money,196.36,Paid,TX510220693
PAY0004221,O004221,2025-07-15,Cash,38.07,Paid,TX317254062
PAY0004222,O004222,2025-04-19,Mobile Money,575.08,Paid,TX767583575
PAY0004223,O004223,2026-01-16,Mobile Money,1099.5,Paid,TX209735825
PAY0004224,O004224,2026-05-26,Virement,0.0,Failed,TX234035085
PAY0004225,O004225,2025-01-25,Carte bancaire,0.0,Pending,TX513045560
PAY0004226,O004226,2025-11-28,Mobile Money,0.0,Failed,TX644511933
PAY0004227,O004227,2025-05-21,Carte bancaire,0.0,Pending,TX189105999
PAY0004228,O004228,2026-02-17,Virement,703.96,Paid,TX586307271
PAY0004229,O004229,2025-03-18,Mobile Money,0.0,Pending,TX100554909
PAY0004230,O004230,2025-07-20,Carte bancaire,25.5,Paid,TX168536437
PAY0004231,O004231,2025-04-25,Mobile Money,190.95,Refunded,TX133190473
PAY0004232,O004232,2026-04-25,Mobile Money,270.56,Paid,TX179944575
PAY0004233,O004233,2025-02-17,Mobile Money,40.67,Paid,TX748700698
PAY0004234,O004234,2025-11-17,Carte bancaire,170.99,Paid,TX247270228
PAY0004235,O004235,2025-03-09,Mobile Money,0.0,Failed,TX233059467
PAY0004236,O004236,2025-11-25,Carte bancaire,97.0,Paid,TX194560669
PAY0004237,O004237,2026-02-27,Virement,0.0,Pending,TX215348176
PAY0004238,O004238,2026-02-18,Mobile Money,0.0,Failed,TX627925452
PAY0004239,O004239,2025-01-19,Carte bancaire,47.21,Paid,TX356939750
PAY0004240,O004240,2026-03-02,Mobile Money,0.0,Pending,TX292211681
PAY0004241,O004241,2025-06-12,Carte bancaire,45.5,Paid,TX339240199
PAY0004242,O004242,2026-01-11,Carte bancaire,0.0,Pending,TX943698114
PAY0004243,O004243,2026-06-16,Cash,68.87,Paid,TX347921621
PAY0004244,O004244,2025-03-09,Virement,333.61,Paid,TX499779020
PAY0004245,O004245,2025-07-21,Cash,53.55,Paid,TX531634991
PAY0004246,O004246,2026-04-23,Mobile Money,209.26,Paid,TX441800172
PAY0004247,O004247,2025-03-19,Mobile Money,899.97,Paid,TX490324349
PAY0004248,O004248,2025-05-27,Virement,1049.78,Paid,TX715867203
PAY0004249,O004249,2025-10-31,Virement,117.5,Paid,TX245739850
PAY0004250,O004250,2026-06-30,Mobile Money,0.0,Pending,TX657652269
PAY0004251,O004251,2025-06-13,Mobile Money,1214.19,Paid,TX686249682
PAY0004252,O004252,2025-08-02,Carte bancaire,73.5,Paid,TX776201360
PAY0004253,O004253,2026-03-16,Carte bancaire,21.22,Paid,TX437033448
PAY0004254,O004254,2025-03-08,Carte bancaire,195.19,Paid,TX916348287
PAY0004255,O004255,2025-07-02,Mobile Money,69.9,Paid,TX312115819
PAY0004256,O004256,2025-06-23,Mobile Money,0.0,Pending,TX862918314
PAY0004257,O004257,2025-08-11,Virement,73.7,Paid,TX264998756
PAY0004258,O004258,2025-11-13,Mobile Money,21.3,Paid,TX993959340
PAY0004259,O004259,2025-05-03,Virement,0.0,Pending,TX472496546
PAY0004260,O004260,2025-08-07,Virement,0.0,Failed,TX995110289
PAY0004261,O004261,2026-05-18,Cash,55.15,Refunded,TX767957387
PAY0004262,O004262,2026-04-01,Mobile Money,234.32,Paid,TX461806543
PAY0004263,O004263,2026-06-09,Carte bancaire,59.22,Paid,TX360732860
PAY0004264,O004264,2026-01-10,Carte bancaire,1060.77,Paid,TX876916138
PAY0004265,O004265,2025-11-16,Mobile Money,479.87,Paid,TX259231178
PAY0004266,O004266,2025-04-30,Mobile Money,178.13,Paid,TX101024224
PAY0004267,O004267,2025-04-02,Mobile Money,244.1,Paid,TX850641396
PAY0004268,O004268,2025-10-27,Mobile Money,491.5,Paid,TX853658262
PAY0004269,O004269,2025-08-10,Mobile Money,249.75,Paid,TX827574878
PAY0004270,O004270,2026-03-11,Mobile Money,0.0,Pending,TX422899598
PAY0004271,O004271,2025-01-09,Virement,204.14,Paid,TX369716509
PAY0004272,O004272,2026-05-07,Virement,0.0,Failed,TX718601870
PAY0004273,O004273,2025-04-07,Carte bancaire,51.4,Paid,TX534766714
PAY0004274,O004274,2025-08-07,Virement,106.12,Paid,TX620562783
PAY0004275,O004275,2025-07-19,Mobile Money,0.0,Pending,TX417118836
PAY0004276,O004276,2026-05-23,Carte bancaire,64.34,Paid,TX218542293
PAY0004277,O004277,2026-01-30,Mobile Money,398.77,Paid,TX633936080
PAY0004278,O004278,2025-01-21,Mobile Money,41.54,Paid,TX175964073
PAY0004279,O004279,2026-04-17,Carte bancaire,51.72,Paid,TX554666816
PAY0004280,O004280,2026-01-06,Cash,29.31,Paid,TX404255183
PAY0004281,O004281,2025-02-07,Mobile Money,48.06,Paid,TX287281816
PAY0004282,O004282,2026-03-07,Carte bancaire,132.4,Pending,TX576533960
PAY0004283,O004283,2025-01-23,Mobile Money,26.95,Paid,TX976303692
PAY0004284,O004284,2025-08-24,Carte bancaire,289.33,Paid,TX268245334
PAY0004285,O004285,2025-04-03,Mobile Money,98.96,Paid,TX786620454
PAY0004286,O004286,2025-01-11,Carte bancaire,35.65,Paid,TX143286157
PAY0004287,O004287,2025-11-05,Mobile Money,399.5,Pending,TX313959624
PAY0004288,O004288,2026-01-13,Mobile Money,255.41,Paid,TX668149105
PAY0004289,O004289,2025-09-20,Carte bancaire,0.0,Failed,TX783619340
PAY0004290,O004290,2025-07-10,Carte bancaire,416.93,Paid,TX714746723
PAY0004291,O004291,2025-10-11,Virement,27.79,Paid,TX856349741
PAY0004292,O004292,2025-03-27,Cash,0.0,Pending,TX256202256
PAY0004293,O004293,2025-01-29,Mobile Money,64.31,Paid,TX519897021
PAY0004294,O004294,2025-04-01,Virement,0.0,Failed,TX709001454
PAY0004295,O004295,2025-01-30,Mobile Money,589.78,Paid,TX967063293
PAY0004296,O004296,2026-02-27,Mobile Money,147.2,Paid,TX911499512
PAY0004297,O004297,2025-12-01,Virement,296.99,Paid,TX226008248
PAY0004298,O004298,2025-04-16,Virement,102.0,Paid,TX950920083
PAY0004299,O004299,2025-11-13,Mobile Money,16.14,Refunded,TX860246842
PAY0004300,O004300,2025-09-26,Virement,0.0,Failed,TX649845629
PAY0004301,O004301,2025-03-04,Virement,38.44,Paid,TX354297596
PAY0004302,O004302,2026-06-19,Mobile Money,112.84,Paid,TX796156640
PAY0004303,O004303,2026-05-29,Carte bancaire,34.25,Paid,TX292341441
PAY0004304,O004304,2026-02-21,Carte bancaire,383.03,Paid,TX899316611
PAY0004305,O004305,2026-03-23,Mobile Money,793.73,Paid,TX864782426
PAY0004306,O004306,2025-10-30,Carte bancaire,603.11,Paid,TX663582003
PAY0004307,O004307,2026-03-18,Cash,48.76,Paid,TX802988203
PAY0004308,O004308,2025-10-21,Virement,141.08,Paid,TX430592507
PAY0004309,O004309,2025-04-03,Mobile Money,572.21,Paid,TX331443344
PAY0004310,O004310,2025-04-04,Mobile Money,1334.63,Paid,TX963529953
PAY0004311,O004311,2026-04-16,Mobile Money,1192.15,Paid,TX278940342
PAY0004312,O004312,2025-09-06,Mobile Money,150.04,Paid,TX316385186
PAY0004313,O004313,2026-02-06,Mobile Money,68.64,Refunded,TX951769025
PAY0004314,O004314,2025-03-23,Carte bancaire,143.53,Paid,TX405702007
PAY0004315,O004315,2025-09-06,Carte bancaire,44.34,Paid,TX586244078
PAY0004316,O004316,2025-02-15,Carte bancaire,0.0,Pending,TX917180282
PAY0004317,O004317,2025-05-04,Carte bancaire,73.58,Paid,TX562570297
PAY0004318,O004318,2025-03-01,Mobile Money,88.9,Paid,TX385894492
PAY0004319,O004319,2025-04-25,Cash,240.57,Paid,TX394430234
PAY0004320,O004320,2025-11-29,Cash,0.0,Failed,TX265194295
PAY0004321,O004321,2025-01-06,Mobile Money,37.95,Paid,TX792110836
PAY0004322,O004322,2025-04-19,Mobile Money,1300.14,Paid,TX852281159
PAY0004323,O004323,2026-01-17,Virement,38.5,Paid,TX331481170
PAY0004324,O004324,2025-03-24,Carte bancaire,1608.9,Paid,TX123933459
PAY0004325,O004325,2025-11-05,Cash,322.53,Paid,TX774394926
PAY0004326,O004326,2026-04-21,Mobile Money,68.96,Paid,TX437767575
PAY0004327,O004327,2026-03-04,Virement,123.68,Paid,TX817787029
PAY0004328,O004328,2025-03-10,Carte bancaire,361.12,Paid,TX527909451
PAY0004329,O004329,2025-03-23,Carte bancaire,66.03,Paid,TX546951682
PAY0004330,O004330,2026-01-25,Mobile Money,842.86,Paid,TX149589894
PAY0004331,O004331,2025-07-11,Carte bancaire,0.0,Pending,TX773200766
PAY0004332,O004332,2025-08-18,Mobile Money,1835.67,Paid,TX231610442
PAY0004333,O004333,2025-09-22,Mobile Money,122.38,Paid,TX949897167
PAY0004334,O004334,2025-11-15,Virement,124.55,Paid,TX660650898
PAY0004335,O004335,2025-09-08,Mobile Money,128.14,Paid,TX324774111
PAY0004336,O004336,2025-01-17,Mobile Money,876.98,Paid,TX331305899
PAY0004337,O004337,2025-02-24,Mobile Money,176.94,Refunded,TX849415706
PAY0004338,O004338,2025-01-05,Carte bancaire,114.98,Paid,TX527600730
PAY0004339,O004339,2025-05-28,Mobile Money,95.63,Paid,TX113389525
PAY0004340,O004340,2026-03-26,Cash,67.04,Paid,TX957282296
PAY0004341,O004341,2026-06-19,Carte bancaire,0.0,Pending,TX473712913
PAY0004342,O004342,2025-09-20,Cash,90.53,Paid,TX287833655
PAY0004343,O004343,2025-01-19,Mobile Money,258.98,Paid,TX585264454
PAY0004344,O004344,2025-02-11,Carte bancaire,108.64,Paid,TX908124996
PAY0004345,O004345,2026-03-23,Virement,39.7,Paid,TX386890610
PAY0004346,O004346,2025-07-12,Cash,0.0,Pending,TX926346697
PAY0004347,O004347,2026-05-03,Carte bancaire,380.0,Paid,TX204006683
PAY0004348,O004348,2025-10-06,Cash,284.93,Paid,TX824446220
PAY0004349,O004349,2026-05-01,Mobile Money,152.24,Paid,TX472979493
PAY0004350,O004350,2025-03-18,Mobile Money,84.69,Paid,TX178082756
PAY0004351,O004351,2026-04-16,Carte bancaire,0.0,Pending,TX880851184
PAY0004352,O004352,2025-10-28,Mobile Money,68.8,Paid,TX567071974
PAY0004353,O004353,2025-09-01,Cash,73.92,Paid,TX383373875
PAY0004354,O004354,2025-10-18,Mobile Money,145.44,Paid,TX182580127
PAY0004355,O004355,2025-06-29,Mobile Money,76.78,Paid,TX770391716
PAY0004356,O004356,2025-11-27,Mobile Money,111.69,Paid,TX258395301
PAY0004357,O004357,2026-02-26,Carte bancaire,0.0,Pending,TX385411454
PAY0004358,O004358,2026-03-22,Mobile Money,626.83,Paid,TX120852260
PAY0004359,O004359,2026-06-24,Virement,110.17,Refunded,TX749379389
PAY0004360,O004360,2025-08-18,Cash,69.85,Paid,TX829394340
PAY0004361,O004361,2026-03-01,Carte bancaire,1168.98,Paid,TX651244556
PAY0004362,O004362,2026-05-04,Mobile Money,0.0,Failed,TX535419797
PAY0004363,O004363,2025-01-10,Mobile Money,0.0,Pending,TX999058798
PAY0004364,O004364,2025-09-20,Mobile Money,0.0,Pending,TX942415759
PAY0004365,O004365,2026-01-23,Mobile Money,2178.44,Paid,TX232612122
PAY0004366,O004366,2025-09-08,Carte bancaire,699.24,Paid,TX174925953
PAY0004367,O004367,2025-02-24,Mobile Money,16.19,Paid,TX809981773
PAY0004368,O004368,2025-12-27,Mobile Money,39.68,Paid,TX922043392
PAY0004369,O004369,2025-08-15,Virement,51.88,Paid,TX736206538
PAY0004370,O004370,2025-12-05,Carte bancaire,0.0,Pending,TX777984239
PAY0004371,O004371,2025-01-05,Carte bancaire,78.06,Paid,TX630769454
PAY0004372,O004372,2025-01-09,Carte bancaire,269.01,Paid,TX347787813
PAY0004373,O004373,2025-11-28,Virement,240.97,Paid,TX378266666
PAY0004374,O004374,2026-06-27,Carte bancaire,261.04,Paid,TX426900161
PAY0004375,O004375,2025-12-18,Mobile Money,282.55,Paid,TX269248738
PAY0004376,O004376,2026-06-05,Mobile Money,0.0,Failed,TX674392234
PAY0004377,O004377,2026-04-11,Carte bancaire,151.96,Paid,TX845702748
PAY0004378,O004378,2025-06-05,Mobile Money,1008.81,Paid,TX286423796
PAY0004379,O004379,2025-02-27,Cash,29.93,Paid,TX477136608
PAY0004380,O004380,2025-11-03,Mobile Money,0.0,Failed,TX863357448
PAY0004381,O004381,2025-12-09,Virement,347.58,Paid,TX142019734
PAY0004382,O004382,2026-02-28,Cash,209.35,Paid,TX239849914
PAY0004383,O004383,2025-10-15,Mobile Money,0.0,Pending,TX716747732
PAY0004384,O004384,2026-05-22,Carte bancaire,239.77,Paid,TX158485626
PAY0004385,O004385,2026-04-10,Mobile Money,78.41,Paid,TX118445439
PAY0004386,O004386,2025-11-22,Virement,518.72,Paid,TX741705473
PAY0004387,O004387,2025-11-02,Virement,93.97,Refunded,TX559902507
PAY0004388,O004388,2025-01-15,Virement,131.98,Paid,TX214965994
PAY0004389,O004389,2026-03-07,Mobile Money,0.0,Pending,TX910599136
PAY0004390,O004390,2026-01-09,Carte bancaire,0.0,Failed,TX178266379
PAY0004391,O004391,2026-05-11,Carte bancaire,2099.32,Paid,TX218897038
PAY0004392,O004392,2025-02-22,Mobile Money,67.57,Paid,TX275779892
PAY0004393,O004393,2025-03-24,Virement,0.0,Pending,TX843227591
PAY0004394,O004394,2026-01-05,Virement,138.3,Paid,TX487010932
PAY0004395,O004395,2025-09-28,Carte bancaire,39.98,Paid,TX472428987
PAY0004396,O004396,2025-11-19,Mobile Money,122.23,Paid,TX494295109
PAY0004397,O004397,2025-08-29,Mobile Money,0.0,Pending,TX350365353
PAY0004398,O004398,2025-12-21,Mobile Money,2223.66,Paid,TX391518329
PAY0004399,O004399,2025-12-28,Mobile Money,0.0,Pending,TX295392802
PAY0004400,O004400,2025-04-17,Virement,15.35,Paid,TX302058619
PAY0004401,O004401,2026-02-24,Mobile Money,0.0,Pending,TX395126116
PAY0004402,O004402,2025-10-01,Mobile Money,115.26,Pending,TX452064529
PAY0004403,O004403,2025-11-13,Mobile Money,0.0,Failed,TX596807296
PAY0004404,O004404,2025-12-07,Mobile Money,0.0,Pending,TX729383636
PAY0004405,O004405,2026-02-12,Mobile Money,0.0,Pending,TX248013099
PAY0004406,O004406,2025-06-16,Mobile Money,0.0,Pending,TX935219014
PAY0004407,O004407,2025-01-07,Carte bancaire,303.42,Paid,TX772504664
PAY0004408,O004408,2025-04-12,Mobile Money,0.0,Failed,TX389651544
PAY0004409,O004409,2026-06-15,Mobile Money,43.06,Paid,TX292575509
PAY0004410,O004410,2025-05-07,Carte bancaire,43.76,Paid,TX372278455
PAY0004411,O004411,2025-05-21,Mobile Money,406.5,Paid,TX936239203
PAY0004412,O004412,2026-04-17,Mobile Money,0.0,Pending,TX283169404
PAY0004413,O004413,2025-05-14,Cash,576.08,Paid,TX628477960
PAY0004414,O004414,2025-09-12,Mobile Money,0.0,Pending,TX434739845
PAY0004415,O004415,2025-07-25,Virement,0.0,Failed,TX869139168
PAY0004416,O004416,2026-01-01,Cash,87.0,Paid,TX293759013
PAY0004417,O004417,2025-11-22,Cash,38.56,Paid,TX379666409
PAY0004418,O004418,2025-10-14,Virement,1095.51,Paid,TX321755376
PAY0004419,O004419,2025-10-06,Virement,828.89,Paid,TX359754198
PAY0004420,O004420,2026-04-03,Mobile Money,2326.57,Paid,TX682753714
PAY0004421,O004421,2025-11-16,Mobile Money,229.3,Paid,TX272523972
PAY0004422,O004422,2025-10-10,Carte bancaire,61.59,Paid,TX360163936
PAY0004423,O004423,2026-05-06,Carte bancaire,26.53,Paid,TX500206998
PAY0004424,O004424,2025-02-21,Carte bancaire,0.0,Pending,TX584213317
PAY0004425,O004425,2026-04-02,Mobile Money,1443.51,Paid,TX933728784
PAY0004426,O004426,2025-04-19,Mobile Money,448.46,Paid,TX497807009
PAY0004427,O004427,2025-07-02,Carte bancaire,493.54,Paid,TX650547264
PAY0004428,O004428,2025-01-08,Carte bancaire,142.07,Paid,TX196964631
PAY0004429,O004429,2025-11-14,Mobile Money,42.67,Refunded,TX618808416
PAY0004430,O004430,2026-04-01,Mobile Money,178.11,Paid,TX446161666
PAY0004431,O004431,2025-08-02,Virement,53.6,Paid,TX470724603
PAY0004432,O004432,2026-01-03,Virement,0.0,Failed,TX493622035
PAY0004433,O004433,2025-08-07,Mobile Money,86.06,Paid,TX656365823
PAY0004434,O004434,2026-02-25,Carte bancaire,662.12,Paid,TX948057054
PAY0004435,O004435,2026-07-04,Mobile Money,0.0,Pending,TX237249514
PAY0004436,O004436,2026-01-29,Carte bancaire,154.5,Paid,TX206536024
PAY0004437,O004437,2025-07-10,Carte bancaire,245.67,Paid,TX256422921
PAY0004438,O004438,2026-03-28,Mobile Money,57.57,Paid,TX924989139
PAY0004439,O004439,2025-01-22,Mobile Money,0.0,Failed,TX382815937
PAY0004440,O004440,2026-06-26,Carte bancaire,0.0,Pending,TX815973903
PAY0004441,O004441,2026-04-09,Carte bancaire,73.58,Paid,TX346569784
PAY0004442,O004442,2025-12-28,Mobile Money,0.0,Pending,TX487342098
PAY0004443,O004443,2025-12-10,Carte bancaire,125.37,Paid,TX681450749
PAY0004444,O004444,2025-05-22,Mobile Money,0.0,Pending,TX928431676
PAY0004445,O004445,2025-08-28,Cash,0.0,Failed,TX311521573
PAY0004446,O004446,2025-02-26,Carte bancaire,145.07,Paid,TX122812744
PAY0004447,O004447,2025-07-05,Virement,449.89,Paid,TX691759836
PAY0004448,O004448,2025-11-22,Mobile Money,1027.93,Paid,TX299786434
PAY0004449,O004449,2025-07-20,Mobile Money,1860.7,Paid,TX234147943
PAY0004450,O004450,2026-03-02,Mobile Money,216.8,Paid,TX542907970
PAY0004451,O004451,2026-04-13,Virement,933.63,Paid,TX153752922
PAY0004452,O004452,2025-11-06,Carte bancaire,1229.07,Paid,TX618057439
PAY0004453,O004453,2025-07-08,Virement,749.52,Paid,TX101822359
PAY0004454,O004454,2025-06-17,Carte bancaire,629.1,Paid,TX942729669
PAY0004455,O004455,2025-10-27,Mobile Money,348.64,Paid,TX575664653
PAY0004456,O004456,2026-02-01,Mobile Money,689.82,Paid,TX756779072
PAY0004457,O004457,2025-03-11,Mobile Money,46.5,Refunded,TX616967878
PAY0004458,O004458,2025-09-05,Mobile Money,182.89,Refunded,TX288150903
PAY0004459,O004459,2025-09-03,Carte bancaire,0.0,Pending,TX939948993
PAY0004460,O004460,2025-06-10,Carte bancaire,409.55,Paid,TX896503768
PAY0004461,O004461,2025-05-12,Carte bancaire,55.09,Paid,TX846512391
PAY0004462,O004462,2026-04-10,Mobile Money,0.0,Pending,TX978237895
PAY0004463,O004463,2025-08-25,Carte bancaire,179.22,Paid,TX910771146
PAY0004464,O004464,2025-11-12,Mobile Money,299.82,Paid,TX556266281
PAY0004465,O004465,2025-01-21,Carte bancaire,79.25,Paid,TX621201021
PAY0004466,O004466,2025-06-06,Mobile Money,1499.29,Paid,TX543490370
PAY0004467,O004467,2025-05-03,Mobile Money,491.5,Paid,TX168291935
PAY0004468,O004468,2025-07-01,Cash,151.27,Paid,TX467634743
PAY0004469,O004469,2026-04-08,Mobile Money,134.34,Paid,TX741787664
PAY0004470,O004470,2025-11-14,Carte bancaire,682.65,Paid,TX411362948
PAY0004471,O004471,2026-05-12,Carte bancaire,213.1,Paid,TX973802836
PAY0004472,O004472,2025-08-20,Carte bancaire,113.1,Paid,TX668707714
PAY0004473,O004473,2026-03-02,Carte bancaire,408.88,Paid,TX985927597
PAY0004474,O004474,2025-04-01,Carte bancaire,999.65,Paid,TX740851075
PAY0004475,O004475,2026-03-23,Virement,711.81,Paid,TX730013378
PAY0004476,O004476,2025-12-02,Mobile Money,1968.81,Paid,TX339290772
PAY0004477,O004477,2025-01-26,Mobile Money,152.07,Paid,TX527891094
PAY0004478,O004478,2026-01-14,Carte bancaire,47.1,Refunded,TX513472318
PAY0004479,O004479,2025-09-23,Mobile Money,115.11,Paid,TX959728310
PAY0004480,O004480,2025-01-01,Mobile Money,995.55,Paid,TX378780185
PAY0004481,O004481,2026-04-12,Mobile Money,187.47,Paid,TX842005082
PAY0004482,O004482,2025-10-23,Carte bancaire,168.82,Paid,TX740548583
PAY0004483,O004483,2025-11-29,Virement,28.5,Refunded,TX620368932
PAY0004484,O004484,2025-11-15,Mobile Money,244.07,Paid,TX493913283
PAY0004485,O004485,2025-02-23,Mobile Money,0.0,Pending,TX911993900
PAY0004486,O004486,2025-07-05,Mobile Money,54.05,Paid,TX955502948
PAY0004487,O004487,2026-01-24,Cash,30.4,Paid,TX350422167
PAY0004488,O004488,2025-07-08,Mobile Money,648.31,Paid,TX378254067
PAY0004489,O004489,2026-05-05,Mobile Money,464.98,Paid,TX528339497
PAY0004490,O004490,2025-06-26,Mobile Money,108.43,Paid,TX731677823
PAY0004491,O004491,2025-09-11,Mobile Money,388.41,Paid,TX274031437
PAY0004492,O004492,2025-09-06,Carte bancaire,25.52,Paid,TX691586512
PAY0004493,O004493,2025-01-12,Mobile Money,30.63,Paid,TX659850923
PAY0004494,O004494,2026-03-23,Carte bancaire,794.69,Paid,TX621738021
PAY0004495,O004495,2025-03-19,Mobile Money,270.73,Paid,TX197256254
PAY0004496,O004496,2025-09-17,Carte bancaire,30.3,Paid,TX505615305
PAY0004497,O004497,2026-05-14,Mobile Money,122.79,Paid,TX554694714
PAY0004498,O004498,2026-06-30,Mobile Money,313.96,Refunded,TX698687234
PAY0004499,O004499,2025-05-08,Virement,0.0,Pending,TX364604591
PAY0004500,O004500,2025-07-27,Cash,560.68,Refunded,TX544806869
PAY0004501,O004501,2025-11-08,Mobile Money,222.65,Paid,TX868824640
PAY0004502,O004502,2026-01-21,Carte bancaire,0.0,Failed,TX320335121
PAY0004503,O004503,2025-05-20,Carte bancaire,0.0,Pending,TX636812639
PAY0004504,O004504,2025-11-01,Virement,419.45,Paid,TX576897021
PAY0004505,O004505,2026-04-04,Carte bancaire,83.5,Paid,TX876056536
PAY0004506,O004506,2026-02-26,Carte bancaire,1451.35,Paid,TX905705397
PAY0004507,O004507,2026-03-29,Virement,0.0,Failed,TX891966757
PAY0004508,O004508,2026-05-02,Carte bancaire,0.0,Failed,TX431629888
PAY0004509,O004509,2026-04-22,Carte bancaire,775.73,Paid,TX380932312
PAY0004510,O004510,2025-10-09,Mobile Money,0.0,Failed,TX268468356
PAY0004511,O004511,2026-06-18,Virement,0.0,Pending,TX554919428
PAY0004512,O004512,2025-09-30,Mobile Money,583.82,Paid,TX817976592
PAY0004513,O004513,2026-01-28,Carte bancaire,141.59,Paid,TX655438702
PAY0004514,O004514,2026-06-05,Carte bancaire,553.02,Paid,TX958037448
PAY0004515,O004515,2025-01-25,Carte bancaire,0.0,Pending,TX331149903
PAY0004516,O004516,2026-05-30,Mobile Money,529.73,Refunded,TX472633154
PAY0004517,O004517,2026-03-30,Carte bancaire,539.07,Paid,TX841316737
PAY0004518,O004518,2026-07-04,Mobile Money,40.77,Paid,TX522242354
PAY0004519,O004519,2026-03-03,Virement,156.92,Paid,TX591604867
PAY0004520,O004520,2025-03-28,Mobile Money,632.71,Paid,TX581728798
PAY0004521,O004521,2025-06-19,Cash,240.11,Paid,TX500218817
PAY0004522,O004522,2025-01-04,Cash,409.66,Paid,TX157343780
PAY0004523,O004523,2025-12-02,Virement,559.64,Paid,TX887051289
PAY0004524,O004524,2025-08-31,Mobile Money,1192.04,Paid,TX741010283
PAY0004525,O004525,2025-09-19,Mobile Money,2452.35,Paid,TX288799275
PAY0004526,O004526,2026-02-09,Carte bancaire,147.56,Refunded,TX484983024
PAY0004527,O004527,2026-03-26,Mobile Money,225.78,Paid,TX149357310
PAY0004528,O004528,2025-02-13,Cash,331.52,Paid,TX247057771
PAY0004529,O004529,2026-05-20,Carte bancaire,22.21,Paid,TX990306634
PAY0004530,O004530,2025-07-24,Virement,17.71,Paid,TX325951775
PAY0004531,O004531,2026-02-18,Cash,1132.37,Paid,TX574175397
PAY0004532,O004532,2025-11-16,Cash,596.11,Paid,TX849341522
PAY0004533,O004533,2025-09-02,Mobile Money,1187.45,Paid,TX390066992
PAY0004534,O004534,2025-04-27,Cash,564.18,Paid,TX501156971
PAY0004535,O004535,2025-04-17,Mobile Money,139.39,Paid,TX683063878
PAY0004536,O004536,2026-02-08,Virement,19.96,Refunded,TX718044586
PAY0004537,O004537,2025-06-30,Carte bancaire,181.97,Paid,TX262165605
PAY0004538,O004538,2025-05-10,Mobile Money,52.25,Paid,TX514611227
PAY0004539,O004539,2025-01-08,Mobile Money,103.65,Paid,TX201322668
PAY0004540,O004540,2026-04-06,Carte bancaire,143.98,Paid,TX487360176
PAY0004541,O004541,2025-08-05,Carte bancaire,222.97,Paid,TX246523361
PAY0004542,O004542,2025-07-11,Carte bancaire,0.0,Pending,TX202769942
PAY0004543,O004543,2025-07-23,Mobile Money,51.69,Paid,TX745751622
PAY0004544,O004544,2025-11-29,Mobile Money,185.0,Paid,TX432782553
PAY0004545,O004545,2025-09-25,Carte bancaire,977.5,Paid,TX414211459
PAY0004546,O004546,2025-10-30,Mobile Money,49.3,Paid,TX864817394
PAY0004547,O004547,2025-06-04,Carte bancaire,3600.32,Paid,TX993563848
PAY0004548,O004548,2025-06-16,Carte bancaire,346.58,Paid,TX891717516
PAY0004549,O004549,2026-04-22,Cash,76.51,Refunded,TX499727184
PAY0004550,O004550,2025-08-30,Cash,523.38,Paid,TX627122922
PAY0004551,O004551,2026-06-19,Carte bancaire,170.2,Paid,TX643194816
PAY0004552,O004552,2026-04-13,Carte bancaire,140.59,Paid,TX624582541
PAY0004553,O004553,2026-01-29,Carte bancaire,0.0,Pending,TX405447069
PAY0004554,O004554,2025-10-31,Mobile Money,188.58,Paid,TX516204470
PAY0004555,O004555,2026-04-07,Virement,176.95,Paid,TX110524506
PAY0004556,O004556,2025-02-04,Mobile Money,362.39,Paid,TX445740792
PAY0004557,O004557,2025-10-03,Mobile Money,194.96,Paid,TX523264696
PAY0004558,O004558,2026-01-26,Mobile Money,102.1,Paid,TX291600889
PAY0004559,O004559,2025-03-01,Mobile Money,228.1,Paid,TX629634387
PAY0004560,O004560,2025-04-12,Virement,0.0,Failed,TX878051693
PAY0004561,O004561,2025-02-09,Mobile Money,96.47,Paid,TX904770989
PAY0004562,O004562,2025-09-26,Mobile Money,90.54,Paid,TX588448337
PAY0004563,O004563,2025-10-24,Mobile Money,148.88,Paid,TX296297358
PAY0004564,O004564,2025-09-16,Carte bancaire,146.73,Paid,TX485958501
PAY0004565,O004565,2025-02-03,Mobile Money,593.44,Paid,TX139502500
PAY0004566,O004566,2025-09-24,Carte bancaire,312.69,Paid,TX927358700
PAY0004567,O004567,2026-05-06,Virement,66.77,Paid,TX147919190
PAY0004568,O004568,2025-01-18,Carte bancaire,385.55,Paid,TX194983706
PAY0004569,O004569,2026-03-06,Mobile Money,158.46,Paid,TX972732908
PAY0004570,O004570,2025-06-02,Carte bancaire,167.87,Paid,TX498202186
PAY0004571,O004571,2025-02-12,Mobile Money,195.1,Refunded,TX520889422
PAY0004572,O004572,2025-01-29,Carte bancaire,46.26,Paid,TX632767697
PAY0004573,O004573,2025-01-10,Virement,708.79,Paid,TX388491654
PAY0004574,O004574,2025-08-16,Virement,112.5,Paid,TX286701649
PAY0004575,O004575,2025-10-02,Virement,0.0,Pending,TX703645955
PAY0004576,O004576,2025-12-08,Mobile Money,802.04,Paid,TX262117008
PAY0004577,O004577,2025-02-15,Virement,82.59,Paid,TX457985899
PAY0004578,O004578,2025-12-29,Mobile Money,164.17,Paid,TX588115229
PAY0004579,O004579,2026-02-14,Mobile Money,132.58,Pending,TX749649615
PAY0004580,O004580,2025-02-05,Carte bancaire,0.0,Pending,TX646490670
PAY0004581,O004581,2026-01-09,Carte bancaire,1728.79,Paid,TX123133512
PAY0004582,O004582,2025-03-08,Virement,3206.93,Paid,TX811617911
PAY0004583,O004583,2025-09-01,Virement,0.0,Failed,TX235999035
PAY0004584,O004584,2025-12-29,Virement,93.73,Paid,TX451456985
PAY0004585,O004585,2026-04-26,Carte bancaire,0.0,Failed,TX859658986
PAY0004586,O004586,2025-10-22,Carte bancaire,0.0,Pending,TX660529955
PAY0004587,O004587,2025-08-29,Mobile Money,41.26,Paid,TX848118130
PAY0004588,O004588,2026-04-03,Mobile Money,157.89,Paid,TX593231316
PAY0004589,O004589,2025-04-30,Mobile Money,0.0,Pending,TX948091112
PAY0004590,O004590,2025-04-26,Mobile Money,113.09,Paid,TX916778507
PAY0004591,O004591,2025-09-15,Virement,505.37,Paid,TX966572064
PAY0004592,O004592,2025-03-08,Carte bancaire,386.4,Paid,TX338934281
PAY0004593,O004593,2025-01-17,Carte bancaire,0.0,Pending,TX464521161
PAY0004594,O004594,2025-07-20,Mobile Money,326.52,Paid,TX737183752
PAY0004595,O004595,2025-03-26,Carte bancaire,137.62,Paid,TX775691968
PAY0004596,O004596,2025-12-19,Carte bancaire,0.0,Pending,TX572923394
PAY0004597,O004597,2025-10-28,Mobile Money,41.11,Paid,TX769363377
PAY0004598,O004598,2025-09-27,Mobile Money,228.45,Paid,TX431953811
PAY0004599,O004599,2025-09-30,Carte bancaire,0.0,Pending,TX221079608
PAY0004600,O004600,2025-02-27,Mobile Money,17.63,Paid,TX913479283
PAY0004601,O004601,2025-08-13,Carte bancaire,762.12,Paid,TX871363083
PAY0004602,O004602,2025-02-12,Cash,0.0,Failed,TX160203076
PAY0004603,O004603,2025-07-17,Mobile Money,46.84,Paid,TX423190047
PAY0004604,O004604,2026-01-10,Mobile Money,46.78,Paid,TX797503908
PAY0004605,O004605,2026-06-29,Carte bancaire,341.99,Paid,TX796028310
PAY0004606,O004606,2025-06-16,Mobile Money,144.63,Paid,TX989009313
PAY0004607,O004607,2025-05-26,Carte bancaire,0.0,Pending,TX964696048
PAY0004608,O004608,2026-01-06,Mobile Money,463.03,Paid,TX282051404
PAY0004609,O004609,2026-05-21,Mobile Money,0.0,Pending,TX600723610
PAY0004610,O004610,2025-06-15,Carte bancaire,34.48,Paid,TX712991872
PAY0004611,O004611,2026-04-09,Virement,315.34,Paid,TX460875708
PAY0004612,O004612,2025-06-22,Mobile Money,206.07,Paid,TX801513940
PAY0004613,O004613,2025-12-21,Mobile Money,209.75,Paid,TX586319272
PAY0004614,O004614,2025-04-26,Mobile Money,361.22,Paid,TX647890917
PAY0004615,O004615,2025-05-26,Mobile Money,734.72,Paid,TX169716008
PAY0004616,O004616,2026-06-25,Mobile Money,474.35,Paid,TX488141496
PAY0004617,O004617,2025-08-02,Carte bancaire,170.53,Paid,TX483570821
PAY0004618,O004618,2025-01-09,Virement,49.77,Paid,TX166951171
PAY0004619,O004619,2026-03-03,Virement,0.0,Pending,TX654627609
PAY0004620,O004620,2025-03-11,Carte bancaire,49.17,Paid,TX193933151
PAY0004621,O004621,2025-03-04,Virement,130.27,Paid,TX420659467
PAY0004622,O004622,2026-04-04,Carte bancaire,868.02,Paid,TX130659701
PAY0004623,O004623,2025-07-14,Cash,75.33,Paid,TX266790472
PAY0004624,O004624,2025-03-18,Virement,553.92,Paid,TX580815886
PAY0004625,O004625,2026-06-20,Carte bancaire,217.63,Refunded,TX131380481
PAY0004626,O004626,2025-06-07,Mobile Money,477.5,Paid,TX643459210
PAY0004627,O004627,2025-12-15,Virement,577.07,Paid,TX176735294
PAY0004628,O004628,2025-05-27,Virement,0.0,Pending,TX156111585
PAY0004629,O004629,2025-11-15,Carte bancaire,50.46,Paid,TX665025257
PAY0004630,O004630,2026-01-17,Mobile Money,113.38,Paid,TX730371518
PAY0004631,O004631,2026-02-22,Mobile Money,21.51,Refunded,TX208946621
PAY0004632,O004632,2025-08-18,Virement,108.63,Paid,TX707807580
PAY0004633,O004633,2025-12-07,Cash,338.7,Paid,TX950450270
PAY0004634,O004634,2026-04-08,Mobile Money,324.5,Paid,TX906931170
PAY0004635,O004635,2026-04-07,Mobile Money,320.29,Paid,TX204996693
PAY0004636,O004636,2026-02-18,Mobile Money,46.45,Paid,TX344752631
PAY0004637,O004637,2025-08-08,Virement,0.0,Pending,TX260022455
PAY0004638,O004638,2025-10-19,Mobile Money,47.84,Refunded,TX185684435
PAY0004639,O004639,2026-06-15,Virement,49.19,Paid,TX707149392
PAY0004640,O004640,2025-05-18,Mobile Money,1455.63,Paid,TX420443920
PAY0004641,O004641,2026-01-19,Mobile Money,48.06,Paid,TX665707155
PAY0004642,O004642,2026-03-15,Mobile Money,86.85,Paid,TX882595514
PAY0004643,O004643,2025-09-21,Mobile Money,251.31,Pending,TX764051815
PAY0004644,O004644,2026-04-21,Cash,255.67,Paid,TX219051233
PAY0004645,O004645,2025-08-23,Mobile Money,850.11,Paid,TX534721461
PAY0004646,O004646,2026-04-08,Carte bancaire,76.38,Paid,TX321471938
PAY0004647,O004647,2025-12-21,Cash,361.21,Paid,TX236801482
PAY0004648,O004648,2025-01-31,Virement,62.86,Paid,TX434077946
PAY0004649,O004649,2026-04-01,Cash,138.3,Paid,TX925896913
PAY0004650,O004650,2026-01-22,Mobile Money,782.12,Paid,TX457135394
PAY0004651,O004651,2025-05-03,Carte bancaire,48.97,Paid,TX758553437
PAY0004652,O004652,2026-01-24,Carte bancaire,160.1,Paid,TX816443033
PAY0004653,O004653,2025-10-12,Virement,171.3,Paid,TX168774947
PAY0004654,O004654,2026-06-02,Carte bancaire,133.44,Paid,TX365801422
PAY0004655,O004655,2025-06-17,Virement,579.08,Paid,TX367468019
PAY0004656,O004656,2025-05-28,Mobile Money,149.89,Paid,TX476090327
PAY0004657,O004657,2025-02-02,Carte bancaire,0.0,Pending,TX568710388
PAY0004658,O004658,2026-03-10,Virement,31.8,Paid,TX507470931
PAY0004659,O004659,2026-06-26,Mobile Money,33.91,Paid,TX231026966
PAY0004660,O004660,2026-01-13,Mobile Money,76.81,Refunded,TX909602424
PAY0004661,O004661,2025-07-22,Mobile Money,689.4,Paid,TX232403090
PAY0004662,O004662,2026-04-30,Virement,18.6,Paid,TX512538953
PAY0004663,O004663,2025-05-19,Carte bancaire,200.25,Paid,TX265448960
PAY0004664,O004664,2026-01-19,Mobile Money,0.0,Pending,TX177295202
PAY0004665,O004665,2025-11-28,Cash,673.82,Paid,TX183657869
PAY0004666,O004666,2026-04-16,Mobile Money,253.59,Paid,TX934409044
PAY0004667,O004667,2026-06-17,Virement,44.25,Paid,TX708229049
PAY0004668,O004668,2025-07-17,Virement,0.0,Pending,TX957489805
PAY0004669,O004669,2025-02-22,Carte bancaire,0.0,Pending,TX475271795
PAY0004670,O004670,2025-04-01,Mobile Money,412.28,Paid,TX829251124
PAY0004671,O004671,2026-02-10,Mobile Money,171.44,Paid,TX435694601
PAY0004672,O004672,2025-07-23,Mobile Money,113.12,Paid,TX489409172
PAY0004673,O004673,2025-03-19,Mobile Money,370.68,Paid,TX126320512
PAY0004674,O004674,2026-03-23,Carte bancaire,592.03,Paid,TX537071043
PAY0004675,O004675,2025-12-23,Mobile Money,108.2,Paid,TX827958710
PAY0004676,O004676,2025-03-15,Cash,0.0,Failed,TX308255343
PAY0004677,O004677,2026-01-27,Carte bancaire,0.0,Failed,TX530180959
PAY0004678,O004678,2025-12-16,Mobile Money,1046.87,Paid,TX365542954
PAY0004679,O004679,2026-06-25,Carte bancaire,58.68,Paid,TX564055272
PAY0004680,O004680,2026-06-29,Mobile Money,307.82,Paid,TX537843296
PAY0004681,O004681,2026-06-19,Mobile Money,240.07,Paid,TX492711986
PAY0004682,O004682,2026-05-07,Mobile Money,146.8,Paid,TX477971752
PAY0004683,O004683,2026-03-15,Mobile Money,0.0,Failed,TX315406594
PAY0004684,O004684,2026-01-04,Carte bancaire,0.0,Pending,TX250868681
PAY0004685,O004685,2025-10-27,Mobile Money,231.01,Paid,TX234321894
PAY0004686,O004686,2026-03-12,Mobile Money,53.24,Paid,TX178082639
PAY0004687,O004687,2026-06-18,Virement,106.13,Paid,TX357151603
PAY0004688,O004688,2025-03-07,Mobile Money,104.32,Paid,TX804386737
PAY0004689,O004689,2025-03-16,Mobile Money,45.07,Paid,TX637927816
PAY0004690,O004690,2025-10-03,Mobile Money,0.0,Pending,TX222195909
PAY0004691,O004691,2025-06-12,Virement,120.4,Paid,TX573054958
PAY0004692,O004692,2025-10-20,Carte bancaire,19.2,Paid,TX851068554
PAY0004693,O004693,2025-06-23,Mobile Money,273.74,Paid,TX359437071
PAY0004694,O004694,2026-03-08,Carte bancaire,255.41,Paid,TX970004031
PAY0004695,O004695,2026-05-11,Virement,0.0,Failed,TX178152696
PAY0004696,O004696,2025-06-07,Mobile Money,17.7,Paid,TX528547456
PAY0004697,O004697,2026-03-03,Mobile Money,3565.01,Paid,TX842498826
PAY0004698,O004698,2025-03-01,Carte bancaire,1081.07,Paid,TX320976991
PAY0004699,O004699,2026-03-16,Carte bancaire,593.29,Paid,TX320496631
PAY0004700,O004700,2026-01-18,Mobile Money,80.4,Paid,TX261125419
PAY0004701,O004701,2026-01-26,Carte bancaire,131.74,Paid,TX568998916
PAY0004702,O004702,2025-09-27,Mobile Money,121.5,Refunded,TX777050249
PAY0004703,O004703,2025-02-28,Mobile Money,95.16,Paid,TX932202359
PAY0004704,O004704,2026-04-10,Virement,47.31,Paid,TX176533091
PAY0004705,O004705,2025-03-02,Mobile Money,348.74,Paid,TX531955267
PAY0004706,O004706,2025-09-24,Carte bancaire,447.29,Paid,TX214745901
PAY0004707,O004707,2025-04-08,Mobile Money,0.0,Pending,TX751331814
PAY0004708,O004708,2026-04-12,Virement,84.51,Paid,TX210080592
PAY0004709,O004709,2025-11-13,Carte bancaire,0.0,Pending,TX910518777
PAY0004710,O004710,2025-10-07,Mobile Money,238.65,Paid,TX506038255
PAY0004711,O004711,2025-06-24,Carte bancaire,142.91,Paid,TX167413866
PAY0004712,O004712,2026-03-05,Carte bancaire,0.0,Pending,TX445115380
PAY0004713,O004713,2025-04-29,Cash,504.85,Paid,TX993224618
PAY0004714,O004714,2026-02-02,Carte bancaire,0.0,Failed,TX982842212
PAY0004715,O004715,2026-06-16,Carte bancaire,501.14,Paid,TX479233977
PAY0004716,O004716,2025-05-30,Cash,120.37,Paid,TX833940515
PAY0004717,O004717,2026-01-14,Mobile Money,28.02,Paid,TX626169336
PAY0004718,O004718,2025-06-19,Carte bancaire,863.83,Paid,TX631451569
PAY0004719,O004719,2026-05-28,Cash,38.12,Paid,TX829229962
PAY0004720,O004720,2026-05-11,Virement,955.27,Paid,TX788859237
PAY0004721,O004721,2025-06-24,Mobile Money,47.04,Refunded,TX425091691
PAY0004722,O004722,2025-05-09,Mobile Money,274.31,Paid,TX488309704
PAY0004723,O004723,2025-02-18,Mobile Money,3023.99,Paid,TX245073512
PAY0004724,O004724,2026-01-21,Carte bancaire,1049.04,Paid,TX891384804
PAY0004725,O004725,2026-05-21,Carte bancaire,213.25,Paid,TX737527502
PAY0004726,O004726,2025-03-21,Carte bancaire,81.23,Paid,TX911689183
PAY0004727,O004727,2026-03-26,Cash,817.7,Refunded,TX865417877
PAY0004728,O004728,2026-02-18,Mobile Money,1495.82,Paid,TX885586163
PAY0004729,O004729,2025-09-18,Cash,690.69,Paid,TX879456358
PAY0004730,O004730,2025-05-05,Carte bancaire,1833.2,Paid,TX899714868
PAY0004731,O004731,2025-12-28,Mobile Money,96.08,Paid,TX771937090
PAY0004732,O004732,2025-11-24,Cash,2166.56,Paid,TX150094982
PAY0004733,O004733,2026-03-22,Cash,0.0,Pending,TX951884066
PAY0004734,O004734,2025-11-06,Cash,39.63,Paid,TX687534735
PAY0004735,O004735,2025-01-29,Virement,70.72,Paid,TX583204523
PAY0004736,O004736,2025-04-25,Mobile Money,0.0,Failed,TX695638771
PAY0004737,O004737,2025-07-28,Mobile Money,169.25,Paid,TX360912341
PAY0004738,O004738,2025-09-28,Mobile Money,587.12,Paid,TX619121998
PAY0004739,O004739,2025-07-12,Mobile Money,0.0,Failed,TX341704819
PAY0004740,O004740,2026-04-27,Cash,120.54,Paid,TX619659978
PAY0004741,O004741,2025-06-04,Carte bancaire,53.47,Paid,TX265901799
PAY0004742,O004742,2026-01-11,Mobile Money,153.42,Paid,TX765154707
PAY0004743,O004743,2025-07-22,Virement,163.6,Paid,TX985780382
PAY0004744,O004744,2026-06-30,Carte bancaire,40.72,Paid,TX495923209
PAY0004745,O004745,2026-05-22,Mobile Money,0.0,Pending,TX671597486
PAY0004746,O004746,2026-03-10,Cash,0.0,Failed,TX139586494
PAY0004747,O004747,2026-02-25,Carte bancaire,198.04,Paid,TX963019944
PAY0004748,O004748,2025-12-19,Carte bancaire,0.0,Failed,TX505365739
PAY0004749,O004749,2025-11-18,Mobile Money,82.75,Paid,TX809639625
PAY0004750,O004750,2025-11-07,Carte bancaire,126.69,Paid,TX125772366
PAY0004751,O004751,2025-01-19,Mobile Money,23.38,Paid,TX839768237
PAY0004752,O004752,2026-06-02,Carte bancaire,0.0,Pending,TX405387129
PAY0004753,O004753,2026-06-23,Mobile Money,24.25,Paid,TX679038461
PAY0004754,O004754,2025-10-20,Mobile Money,0.0,Pending,TX364221407
PAY0004755,O004755,2026-04-25,Mobile Money,0.0,Pending,TX516256436
PAY0004756,O004756,2025-08-11,Cash,369.1,Paid,TX834555181
PAY0004757,O004757,2025-03-06,Mobile Money,39.59,Paid,TX915817447
PAY0004758,O004758,2026-04-07,Mobile Money,41.82,Paid,TX589044819
PAY0004759,O004759,2025-10-10,Carte bancaire,238.6,Paid,TX329104495
PAY0004760,O004760,2026-06-03,Virement,0.0,Failed,TX203254091
PAY0004761,O004761,2025-04-29,Virement,222.25,Paid,TX758009057
PAY0004762,O004762,2025-09-22,Virement,19.31,Paid,TX693622689
PAY0004763,O004763,2026-01-04,Virement,612.44,Paid,TX200073059
PAY0004764,O004764,2025-03-17,Cash,1332.66,Paid,TX296545151
PAY0004765,O004765,2026-07-03,Mobile Money,171.26,Paid,TX385834605
PAY0004766,O004766,2025-11-30,Mobile Money,395.62,Paid,TX543354780
PAY0004767,O004767,2025-04-06,Mobile Money,0.0,Pending,TX574044571
PAY0004768,O004768,2026-02-12,Virement,344.35,Paid,TX368789691
PAY0004769,O004769,2026-04-28,Cash,574.11,Paid,TX700699123
PAY0004770,O004770,2025-07-28,Mobile Money,977.39,Paid,TX633662202
PAY0004771,O004771,2025-12-01,Carte bancaire,693.09,Paid,TX809872623
PAY0004772,O004772,2026-02-16,Mobile Money,79.32,Paid,TX521330645
PAY0004773,O004773,2025-03-23,Virement,0.0,Failed,TX401119656
PAY0004774,O004774,2025-10-23,Mobile Money,347.98,Paid,TX954671361
PAY0004775,O004775,2025-11-05,Carte bancaire,0.0,Pending,TX243730294
PAY0004776,O004776,2025-06-16,Carte bancaire,154.71,Paid,TX867073146
PAY0004777,O004777,2025-06-16,Mobile Money,666.08,Paid,TX797336014
PAY0004778,O004778,2025-12-14,Cash,144.38,Paid,TX601333223
PAY0004779,O004779,2026-02-16,Carte bancaire,265.98,Paid,TX751768207
PAY0004780,O004780,2025-08-05,Carte bancaire,166.92,Paid,TX861392553
PAY0004781,O004781,2025-03-26,Mobile Money,476.03,Paid,TX312000242
PAY0004782,O004782,2026-03-08,Mobile Money,178.86,Paid,TX658498731
PAY0004783,O004783,2025-04-06,Mobile Money,133.79,Refunded,TX699675552
PAY0004784,O004784,2025-01-04,Carte bancaire,79.7,Paid,TX950801928
PAY0004785,O004785,2025-06-30,Carte bancaire,68.41,Paid,TX449186135
PAY0004786,O004786,2026-03-25,Mobile Money,45.24,Paid,TX175567378
PAY0004787,O004787,2026-02-21,Cash,1955.22,Paid,TX740780684
PAY0004788,O004788,2025-06-19,Mobile Money,3732.95,Refunded,TX973720624
PAY0004789,O004789,2025-10-13,Carte bancaire,73.39,Paid,TX996760991
PAY0004790,O004790,2026-06-12,Cash,89.07,Paid,TX296962716
PAY0004791,O004791,2026-02-01,Virement,0.0,Pending,TX154105892
PAY0004792,O004792,2026-02-24,Carte bancaire,70.72,Paid,TX475223396
PAY0004793,O004793,2025-02-21,Mobile Money,188.6,Paid,TX951077147
PAY0004794,O004794,2025-05-15,Carte bancaire,546.86,Paid,TX287979093
PAY0004795,O004795,2025-03-01,Virement,2691.56,Paid,TX901945998
PAY0004796,O004796,2026-06-21,Carte bancaire,222.73,Paid,TX745351802
PAY0004797,O004797,2025-07-11,Carte bancaire,56.78,Paid,TX228661778
PAY0004798,O004798,2025-10-02,Cash,181.78,Paid,TX365797903
PAY0004799,O004799,2025-11-02,Carte bancaire,2092.6,Paid,TX987778163
PAY0004800,O004800,2025-10-14,Virement,472.42,Refunded,TX218862307
PAY0004801,O004801,2025-01-29,Virement,1084.7,Paid,TX644143870
PAY0004802,O004802,2026-05-17,Virement,107.04,Paid,TX916175244
PAY0004803,O004803,2025-07-28,Mobile Money,198.7,Paid,TX352995897
PAY0004804,O004804,2026-05-20,Virement,880.95,Paid,TX720799070
PAY0004805,O004805,2026-02-26,Virement,262.13,Paid,TX730107578
PAY0004806,O004806,2026-01-19,Carte bancaire,743.88,Paid,TX127427839
PAY0004807,O004807,2026-01-21,Mobile Money,502.68,Paid,TX770590586
PAY0004808,O004808,2026-06-22,Mobile Money,154.89,Paid,TX604375192
PAY0004809,O004809,2025-06-19,Carte bancaire,106.89,Paid,TX894673106
PAY0004810,O004810,2025-07-04,Carte bancaire,65.8,Paid,TX740526679
PAY0004811,O004811,2026-01-06,Cash,107.59,Paid,TX643689042
PAY0004812,O004812,2025-05-12,Mobile Money,25.75,Paid,TX217954897
PAY0004813,O004813,2026-03-20,Mobile Money,142.83,Paid,TX246627365
PAY0004814,O004814,2025-01-20,Carte bancaire,51.84,Paid,TX780858527
PAY0004815,O004815,2026-05-09,Cash,874.3,Paid,TX306930912
PAY0004816,O004816,2025-07-12,Mobile Money,41.42,Paid,TX172074905
PAY0004817,O004817,2025-01-06,Mobile Money,0.0,Failed,TX252182913
PAY0004818,O004818,2025-11-27,Virement,214.47,Paid,TX680635909
PAY0004819,O004819,2025-06-01,Mobile Money,32.24,Paid,TX497217176
PAY0004820,O004820,2025-06-18,Mobile Money,0.0,Pending,TX440046772
PAY0004821,O004821,2025-09-22,Cash,153.74,Paid,TX950364316
PAY0004822,O004822,2025-11-14,Virement,75.86,Paid,TX745514247
PAY0004823,O004823,2025-03-18,Mobile Money,1518.53,Paid,TX476532890
PAY0004824,O004824,2025-01-27,Cash,1698.7,Paid,TX361331016
PAY0004825,O004825,2025-09-13,Virement,85.14,Paid,TX257083270
PAY0004826,O004826,2025-07-17,Cash,61.16,Paid,TX435013012
PAY0004827,O004827,2025-11-20,Mobile Money,145.4,Paid,TX353985054
PAY0004828,O004828,2026-02-14,Carte bancaire,40.99,Paid,TX358540726
PAY0004829,O004829,2025-12-03,Mobile Money,416.11,Paid,TX701709907
PAY0004830,O004830,2025-02-28,Mobile Money,0.0,Pending,TX321777233
PAY0004831,O004831,2026-06-30,Carte bancaire,519.1,Paid,TX371509978
PAY0004832,O004832,2026-01-29,Mobile Money,871.5,Paid,TX735414433
PAY0004833,O004833,2025-01-28,Mobile Money,0.0,Pending,TX166956962
PAY0004834,O004834,2026-02-24,Carte bancaire,143.54,Paid,TX264332096
PAY0004835,O004835,2026-04-29,Mobile Money,76.59,Paid,TX511945064
PAY0004836,O004836,2025-11-11,Cash,0.0,Pending,TX772698333
PAY0004837,O004837,2026-04-03,Virement,201.8,Paid,TX563839526
PAY0004838,O004838,2026-05-03,Carte bancaire,896.15,Refunded,TX423836112
PAY0004839,O004839,2026-06-13,Virement,300.13,Paid,TX139502087
PAY0004840,O004840,2026-06-12,Cash,49.14,Refunded,TX735371144
PAY0004841,O004841,2025-04-18,Carte bancaire,0.0,Pending,TX758888848
PAY0004842,O004842,2025-01-23,Carte bancaire,0.0,Pending,TX787965771
PAY0004843,O004843,2025-12-24,Mobile Money,123.74,Paid,TX561846699
PAY0004844,O004844,2026-01-12,Cash,27.01,Paid,TX760407689
PAY0004845,O004845,2025-11-08,Mobile Money,50.28,Paid,TX403992407
PAY0004846,O004846,2025-05-10,Virement,47.18,Paid,TX883306090
PAY0004847,O004847,2026-06-04,Carte bancaire,0.0,Pending,TX487819926
PAY0004848,O004848,2025-08-16,Carte bancaire,124.67,Paid,TX779047290
PAY0004849,O004849,2026-02-15,Carte bancaire,0.0,Pending,TX870942355
PAY0004850,O004850,2025-12-10,Mobile Money,389.83,Refunded,TX190283252
PAY0004851,O004851,2026-05-06,Cash,334.93,Paid,TX455612908
PAY0004852,O004852,2026-01-28,Mobile Money,0.0,Pending,TX473313893
PAY0004853,O004853,2025-12-17,Mobile Money,47.13,Paid,TX427373370
PAY0004854,O004854,2026-04-07,Virement,75.48,Paid,TX914833425
PAY0004855,O004855,2025-02-03,Mobile Money,29.57,Paid,TX200622830
PAY0004856,O004856,2026-01-22,Mobile Money,1784.96,Paid,TX970781335
PAY0004857,O004857,2025-11-18,Mobile Money,240.34,Paid,TX279927950
PAY0004858,O004858,2026-03-07,Mobile Money,537.34,Paid,TX755605431
PAY0004859,O004859,2025-05-04,Virement,197.05,Paid,TX755270687
PAY0004860,O004860,2025-11-26,Carte bancaire,3713.58,Paid,TX147284671
PAY0004861,O004861,2025-06-07,Mobile Money,70.68,Paid,TX710558948
PAY0004862,O004862,2025-03-09,Carte bancaire,190.87,Paid,TX454315640
PAY0004863,O004863,2025-11-14,Carte bancaire,190.98,Paid,TX706305563
PAY0004864,O004864,2025-01-12,Virement,99.31,Refunded,TX738520269
PAY0004865,O004865,2025-02-21,Carte bancaire,18.96,Refunded,TX437502726
PAY0004866,O004866,2025-10-20,Mobile Money,325.54,Paid,TX764495104
PAY0004867,O004867,2026-05-08,Cash,82.75,Paid,TX998774673
PAY0004868,O004868,2026-01-29,Mobile Money,501.42,Refunded,TX894953001
PAY0004869,O004869,2025-01-12,Cash,0.0,Failed,TX544994358
PAY0004870,O004870,2025-03-02,Mobile Money,81.75,Paid,TX500365228
PAY0004871,O004871,2025-08-28,Carte bancaire,97.62,Paid,TX880512115
PAY0004872,O004872,2025-08-27,Mobile Money,238.68,Paid,TX407168485
PAY0004873,O004873,2025-01-25,Virement,120.58,Paid,TX422558237
PAY0004874,O004874,2025-05-25,Carte bancaire,212.94,Paid,TX127444571
PAY0004875,O004875,2025-03-11,Virement,494.66,Paid,TX634410253
PAY0004876,O004876,2025-11-11,Virement,324.77,Paid,TX481584392
PAY0004877,O004877,2025-12-28,Mobile Money,0.0,Pending,TX485019285
PAY0004878,O004878,2025-08-03,Mobile Money,72.69,Paid,TX191751994
PAY0004879,O004879,2025-11-13,Cash,31.38,Paid,TX957628466
PAY0004880,O004880,2025-04-25,Carte bancaire,0.0,Pending,TX837543412
PAY0004881,O004881,2026-04-14,Virement,457.71,Refunded,TX884089116
PAY0004882,O004882,2025-01-04,Carte bancaire,2086.92,Paid,TX110783028
PAY0004883,O004883,2025-10-04,Virement,395.09,Paid,TX639214492
PAY0004884,O004884,2025-06-30,Carte bancaire,172.16,Paid,TX479296441
PAY0004885,O004885,2025-09-08,Carte bancaire,416.86,Paid,TX945378030
PAY0004886,O004886,2025-10-11,Cash,2026.09,Paid,TX901202630
PAY0004887,O004887,2025-12-21,Carte bancaire,608.62,Paid,TX527574256
PAY0004888,O004888,2026-05-29,Cash,142.93,Paid,TX538830453
PAY0004889,O004889,2025-11-04,Mobile Money,272.09,Paid,TX779723391
PAY0004890,O004890,2025-05-07,Virement,0.0,Pending,TX526295653
PAY0004891,O004891,2025-10-17,Carte bancaire,82.94,Paid,TX292682244
PAY0004892,O004892,2025-10-12,Mobile Money,44.59,Paid,TX304234019
PAY0004893,O004893,2026-04-21,Carte bancaire,0.0,Pending,TX360340527
PAY0004894,O004894,2025-11-08,Carte bancaire,227.61,Paid,TX124357581
PAY0004895,O004895,2026-04-25,Cash,44.7,Paid,TX144155208
PAY0004896,O004896,2025-12-26,Carte bancaire,92.0,Paid,TX663677419
PAY0004897,O004897,2025-11-10,Mobile Money,0.0,Pending,TX852097868
PAY0004898,O004898,2025-06-30,Cash,884.73,Paid,TX755947019
PAY0004899,O004899,2025-05-23,Mobile Money,359.13,Paid,TX167378726
PAY0004900,O004900,2025-02-28,Carte bancaire,874.22,Paid,TX779045587
PAY0004901,O004901,2025-10-29,Carte bancaire,555.65,Paid,TX237376984
PAY0004902,O004902,2026-05-21,Mobile Money,0.0,Failed,TX319094443
PAY0004903,O004903,2025-01-11,Mobile Money,120.31,Paid,TX262610100
PAY0004904,O004904,2026-06-11,Carte bancaire,367.84,Refunded,TX190198584
PAY0004905,O004905,2026-04-19,Virement,32.35,Paid,TX714317517
PAY0004906,O004906,2025-09-01,Cash,755.5,Refunded,TX510464716
PAY0004907,O004907,2025-06-22,Cash,578.19,Paid,TX449166945
PAY0004908,O004908,2025-11-16,Mobile Money,180.47,Paid,TX744244988
PAY0004909,O004909,2026-04-18,Mobile Money,29.16,Paid,TX399742821
PAY0004910,O004910,2025-01-18,Mobile Money,3578.81,Pending,TX969007872
PAY0004911,O004911,2025-09-04,Cash,502.14,Paid,TX627753263
PAY0004912,O004912,2025-01-28,Mobile Money,84.28,Paid,TX899166017
PAY0004913,O004913,2025-12-21,Carte bancaire,0.0,Pending,TX358494837
PAY0004914,O004914,2025-02-15,Cash,42.77,Paid,TX941102553
PAY0004915,O004915,2025-06-27,Carte bancaire,66.65,Paid,TX747110217
PAY0004916,O004916,2026-02-12,Mobile Money,46.45,Paid,TX979340040
PAY0004917,O004917,2026-02-18,Mobile Money,205.85,Paid,TX476707205
PAY0004918,O004918,2025-05-08,Carte bancaire,21.67,Paid,TX116367111
PAY0004919,O004919,2025-10-11,Mobile Money,0.0,Pending,TX476346961
PAY0004920,O004920,2025-04-12,Carte bancaire,349.78,Paid,TX347850068
PAY0004921,O004921,2025-11-25,Mobile Money,39.75,Paid,TX550187573
PAY0004922,O004922,2025-01-05,Virement,299.37,Paid,TX340590128
PAY0004923,O004923,2026-03-26,Cash,22.85,Paid,TX174530004
PAY0004924,O004924,2025-01-15,Carte bancaire,889.38,Paid,TX640338917
PAY0004925,O004925,2025-12-03,Carte bancaire,0.0,Pending,TX946327891
PAY0004926,O004926,2025-08-15,Mobile Money,0.0,Failed,TX590860104
PAY0004927,O004927,2025-05-03,Mobile Money,600.73,Paid,TX911231857
PAY0004928,O004928,2025-10-26,Cash,1043.52,Paid,TX761104608
PAY0004929,O004929,2025-03-23,Carte bancaire,0.0,Pending,TX436609499
PAY0004930,O004930,2025-11-14,Mobile Money,681.14,Paid,TX203598626
PAY0004931,O004931,2025-12-22,Virement,327.14,Paid,TX112630472
PAY0004932,O004932,2025-09-12,Cash,142.3,Paid,TX426277882
PAY0004933,O004933,2025-07-19,Mobile Money,959.28,Paid,TX931421465
PAY0004934,O004934,2025-09-13,Carte bancaire,306.01,Paid,TX634155808
PAY0004935,O004935,2026-06-13,Cash,606.68,Paid,TX953031159
PAY0004936,O004936,2026-02-18,Mobile Money,524.8,Paid,TX139353927
PAY0004937,O004937,2025-01-08,Virement,353.95,Paid,TX410690110
PAY0004938,O004938,2025-06-09,Carte bancaire,2711.6,Paid,TX153577727
PAY0004939,O004939,2025-01-14,Carte bancaire,235.86,Paid,TX517368323
PAY0004940,O004940,2025-05-14,Mobile Money,262.78,Paid,TX351755244
PAY0004941,O004941,2026-03-04,Mobile Money,28.18,Paid,TX170403596
PAY0004942,O004942,2026-04-14,Carte bancaire,0.0,Pending,TX254907537
PAY0004943,O004943,2025-09-10,Mobile Money,0.0,Pending,TX944722561
PAY0004944,O004944,2026-01-13,Carte bancaire,0.0,Pending,TX993047904
PAY0004945,O004945,2025-07-25,Mobile Money,0.0,Failed,TX269725232
PAY0004946,O004946,2025-09-23,Virement,0.0,Failed,TX543068106
PAY0004947,O004947,2026-03-31,Mobile Money,123.97,Refunded,TX481695641
PAY0004948,O004948,2025-06-02,Carte bancaire,963.15,Paid,TX256967014
PAY0004949,O004949,2025-06-24,Mobile Money,40.27,Paid,TX436323805
PAY0004950,O004950,2025-03-20,Virement,119.61,Paid,TX879341615
PAY0004951,O004951,2025-05-02,Mobile Money,92.95,Paid,TX978126946
PAY0004952,O004952,2025-01-23,Mobile Money,836.8,Paid,TX354869100
PAY0004953,O004953,2026-03-25,Mobile Money,2235.07,Paid,TX823292153
PAY0004954,O004954,2026-04-15,Virement,189.4,Paid,TX446523838
PAY0004955,O004955,2025-08-20,Mobile Money,213.35,Refunded,TX187662361
PAY0004956,O004956,2025-11-26,Carte bancaire,58.43,Paid,TX925377415
PAY0004957,O004957,2025-05-18,Mobile Money,979.39,Paid,TX324025888
PAY0004958,O004958,2025-01-28,Cash,770.6,Refunded,TX252392637
PAY0004959,O004959,2025-10-14,Mobile Money,54.96,Paid,TX984487637
PAY0004960,O004960,2025-03-31,Mobile Money,111.9,Paid,TX780390639
PAY0004961,O004961,2026-04-12,Carte bancaire,324.32,Paid,TX745866784
PAY0004962,O004962,2025-06-06,Mobile Money,131.28,Paid,TX700168345
PAY0004963,O004963,2026-02-09,Carte bancaire,754.2,Paid,TX173783805
PAY0004964,O004964,2025-05-29,Virement,947.67,Paid,TX204418923
PAY0004965,O004965,2025-03-15,Virement,817.55,Paid,TX431118659
PAY0004966,O004966,2025-10-31,Mobile Money,160.09,Refunded,TX257127647
PAY0004967,O004967,2025-04-13,Mobile Money,286.1,Paid,TX422821915
PAY0004968,O004968,2025-08-11,Mobile Money,864.95,Paid,TX347954721
PAY0004969,O004969,2025-06-10,Mobile Money,149.05,Paid,TX333480463
PAY0004970,O004970,2026-04-30,Carte bancaire,119.07,Paid,TX667677413
PAY0004971,O004971,2025-10-03,Carte bancaire,41.67,Refunded,TX832201158
PAY0004972,O004972,2026-02-01,Virement,19.5,Paid,TX187557770
PAY0004973,O004973,2025-11-21,Carte bancaire,54.87,Paid,TX711350012
PAY0004974,O004974,2026-05-19,Carte bancaire,147.48,Paid,TX480959883
PAY0004975,O004975,2025-09-01,Carte bancaire,0.0,Pending,TX591812692
PAY0004976,O004976,2026-04-22,Mobile Money,0.0,Failed,TX656430865
PAY0004977,O004977,2026-05-09,Mobile Money,134.36,Paid,TX836920724
PAY0004978,O004978,2026-05-20,Mobile Money,33.72,Paid,TX862907583
PAY0004979,O004979,2026-01-19,Mobile Money,64.3,Paid,TX717295235
PAY0004980,O004980,2026-06-26,Cash,0.0,Failed,TX380710620
PAY0004981,O004981,2026-02-17,Virement,2426.81,Paid,TX519566417
PAY0004982,O004982,2025-06-20,Mobile Money,1759.56,Paid,TX386265918
PAY0004983,O004983,2025-03-30,Mobile Money,2361.5,Refunded,TX934244300
PAY0004984,O004984,2025-04-28,Virement,304.22,Paid,TX504542059
PAY0004985,O004985,2025-11-13,Carte bancaire,171.53,Paid,TX438688383
PAY0004986,O004986,2025-04-03,Mobile Money,237.56,Paid,TX813297672
PAY0004987,O004987,2025-05-11,Virement,662.7,Refunded,TX919114797
PAY0004988,O004988,2025-12-14,Virement,253.81,Refunded,TX322532519
PAY0004989,O004989,2025-07-02,Mobile Money,46.91,Paid,TX822392005
PAY0004990,O004990,2026-01-09,Carte bancaire,0.0,Failed,TX581509183
PAY0004991,O004991,2026-07-01,Virement,39.25,Paid,TX890850398
PAY0004992,O004992,2025-02-20,Carte bancaire,868.68,Paid,TX597113228
PAY0004993,O004993,2025-12-21,Carte bancaire,54.75,Paid,TX918521478
PAY0004994,O004994,2026-03-27,Mobile Money,0.0,Pending,TX335318311
PAY0004995,O004995,2025-03-18,Carte bancaire,81.79,Paid,TX243750983
PAY0004996,O004996,2026-03-06,Virement,0.0,Failed,TX813815405
PAY0004997,O004997,2025-10-06,Carte bancaire,91.83,Paid,TX796374861
PAY0004998,O004998,2025-12-13,Mobile Money,0.0,Failed,TX144034065
PAY0004999,O004999,2025-01-31,Carte bancaire,88.33,Paid,TX310874698
PAY0005000,O005000,2025-08-29,Carte bancaire,0.0,Failed,TX455997189
PAY0005001,O005001,2025-07-21,Virement,496.37,Paid,TX532206122
PAY0005002,O005002,2025-03-26,Virement,205.86,Refunded,TX519355818
PAY0005003,O005003,2026-02-23,Carte bancaire,213.53,Paid,TX314244816
PAY0005004,O005004,2025-10-05,Cash,58.64,Paid,TX727281999
PAY0005005,O005005,2026-04-29,Carte bancaire,89.17,Paid,TX620950464
PAY0005006,O005006,2025-04-02,Mobile Money,76.21,Paid,TX331042925
PAY0005007,O005007,2026-02-07,Mobile Money,93.76,Paid,TX904826268
PAY0005008,O005008,2025-12-02,Mobile Money,269.27,Paid,TX201930670
PAY0005009,O005009,2025-12-23,Mobile Money,743.97,Paid,TX708677668
PAY0005010,O005010,2025-06-21,Mobile Money,561.79,Paid,TX802506614
PAY0005011,O005011,2026-01-18,Carte bancaire,98.76,Paid,TX804166562
PAY0005012,O005012,2025-05-16,Cash,217.98,Paid,TX443014029
PAY0005013,O005013,2026-02-24,Virement,77.13,Paid,TX230708403
PAY0005014,O005014,2025-09-03,Virement,768.03,Paid,TX829505657
PAY0005015,O005015,2025-09-21,Mobile Money,248.74,Paid,TX897851590
PAY0005016,O005016,2025-11-18,Mobile Money,0.0,Failed,TX499354576
PAY0005017,O005017,2025-02-19,Mobile Money,132.98,Refunded,TX512897100
PAY0005018,O005018,2025-07-23,Carte bancaire,181.35,Paid,TX705612789
PAY0005019,O005019,2025-04-23,Mobile Money,55.96,Paid,TX848958175
PAY0005020,O005020,2026-06-15,Mobile Money,174.84,Paid,TX726663856
PAY0005021,O005021,2025-08-21,Mobile Money,39.98,Paid,TX742857903
PAY0005022,O005022,2025-01-08,Carte bancaire,417.64,Refunded,TX789956290
PAY0005023,O005023,2025-01-15,Cash,53.6,Paid,TX191389018
PAY0005024,O005024,2026-05-18,Mobile Money,2493.27,Paid,TX854474853
PAY0005025,O005025,2025-03-30,Mobile Money,27.51,Paid,TX262056356
PAY0005026,O005026,2025-01-02,Mobile Money,235.93,Paid,TX672362403
PAY0005027,O005027,2025-04-27,Carte bancaire,137.5,Paid,TX927363328
PAY0005028,O005028,2025-05-01,Mobile Money,230.35,Paid,TX136463528
PAY0005029,O005029,2025-02-14,Mobile Money,34.65,Paid,TX478750643
PAY0005030,O005030,2026-07-01,Mobile Money,277.03,Paid,TX337474085
PAY0005031,O005031,2025-02-06,Carte bancaire,187.71,Paid,TX427527431
PAY0005032,O005032,2026-02-03,Mobile Money,321.7,Paid,TX952402618
PAY0005033,O005033,2026-04-05,Carte bancaire,429.12,Paid,TX485818833
PAY0005034,O005034,2025-12-20,Virement,0.0,Pending,TX412959039
PAY0005035,O005035,2025-03-18,Cash,0.0,Pending,TX394157084
PAY0005036,O005036,2026-02-02,Mobile Money,192.62,Paid,TX744986123
PAY0005037,O005037,2025-07-01,Virement,19.7,Paid,TX217116834
PAY0005038,O005038,2025-08-15,Carte bancaire,4573.14,Paid,TX771882910
PAY0005039,O005039,2025-05-18,Mobile Money,172.57,Paid,TX187896052
PAY0005040,O005040,2026-03-07,Mobile Money,330.04,Refunded,TX985786558
PAY0005041,O005041,2025-11-16,Mobile Money,73.5,Paid,TX769155697
PAY0005042,O005042,2025-03-30,Virement,658.3,Paid,TX591993615
PAY0005043,O005043,2025-08-12,Cash,115.94,Refunded,TX634114555
PAY0005044,O005044,2026-03-13,Carte bancaire,92.8,Paid,TX688702765
PAY0005045,O005045,2026-05-29,Virement,83.42,Paid,TX746069489
PAY0005046,O005046,2026-06-02,Mobile Money,0.0,Pending,TX684392187
PAY0005047,O005047,2025-03-18,Carte bancaire,0.0,Pending,TX145608903
PAY0005048,O005048,2026-04-18,Mobile Money,0.0,Pending,TX899702099
PAY0005049,O005049,2025-11-07,Mobile Money,252.15,Paid,TX883028173
PAY0005050,O005050,2026-02-12,Virement,69.33,Paid,TX433156884
PAY0005051,O005051,2025-08-04,Mobile Money,0.0,Failed,TX767609666
PAY0005052,O005052,2025-12-23,Mobile Money,24.45,Paid,TX344377280
PAY0005053,O005053,2025-05-25,Cash,1108.33,Paid,TX746046366
PAY0005054,O005054,2025-10-15,Mobile Money,111.46,Paid,TX934517315
PAY0005055,O005055,2025-05-06,Mobile Money,20.77,Paid,TX578204235
PAY0005056,O005056,2025-08-08,Mobile Money,34.69,Paid,TX521542832
PAY0005057,O005057,2025-08-14,Carte bancaire,101.54,Paid,TX181820031
PAY0005058,O005058,2026-04-24,Mobile Money,814.44,Paid,TX584429284
PAY0005059,O005059,2025-12-11,Cash,696.17,Refunded,TX150077747
PAY0005060,O005060,2025-12-25,Mobile Money,55.84,Paid,TX281950329
PAY0005061,O005061,2025-06-05,Carte bancaire,113.55,Paid,TX543136313
PAY0005062,O005062,2025-08-28,Mobile Money,385.03,Paid,TX181248459
PAY0005063,O005063,2025-09-20,Mobile Money,726.78,Paid,TX241008189
PAY0005064,O005064,2026-03-11,Mobile Money,240.18,Paid,TX217604248
PAY0005065,O005065,2025-04-12,Mobile Money,71.83,Paid,TX778102564
PAY0005066,O005066,2025-02-03,Carte bancaire,231.63,Paid,TX106246293
PAY0005067,O005067,2025-10-06,Virement,0.0,Failed,TX970882013
PAY0005068,O005068,2026-03-26,Virement,89.77,Paid,TX109415833
PAY0005069,O005069,2026-02-09,Carte bancaire,48.25,Paid,TX349145404
PAY0005070,O005070,2026-03-21,Mobile Money,565.03,Paid,TX346418266
PAY0005071,O005071,2025-08-08,Mobile Money,0.0,Failed,TX708778157
PAY0005072,O005072,2025-05-09,Mobile Money,1781.5,Paid,TX831181771
PAY0005073,O005073,2025-12-28,Carte bancaire,0.0,Pending,TX235511407
PAY0005074,O005074,2025-01-21,Carte bancaire,0.0,Pending,TX409698793
PAY0005075,O005075,2026-05-06,Carte bancaire,629.12,Paid,TX137157033
PAY0005076,O005076,2026-01-29,Virement,0.0,Pending,TX573288074
PAY0005077,O005077,2025-10-08,Mobile Money,23.63,Paid,TX161933170
PAY0005078,O005078,2025-04-22,Mobile Money,632.04,Paid,TX823089849
PAY0005079,O005079,2025-05-22,Cash,148.73,Paid,TX382441375
PAY0005080,O005080,2026-07-02,Mobile Money,182.12,Paid,TX688828684
PAY0005081,O005081,2025-01-11,Cash,16.7,Refunded,TX991776627
PAY0005082,O005082,2025-01-09,Mobile Money,126.63,Paid,TX584219414
PAY0005083,O005083,2025-07-11,Mobile Money,81.53,Paid,TX668883379
PAY0005084,O005084,2025-05-07,Carte bancaire,0.0,Pending,TX455642776
PAY0005085,O005085,2026-01-06,Mobile Money,49.28,Paid,TX806367761
PAY0005086,O005086,2025-01-25,Virement,2593.15,Paid,TX339229751
PAY0005087,O005087,2026-03-07,Mobile Money,0.0,Pending,TX536964777
PAY0005088,O005088,2026-03-08,Mobile Money,1225.37,Paid,TX410850859
PAY0005089,O005089,2025-05-10,Mobile Money,816.77,Pending,TX888297323
PAY0005090,O005090,2025-11-16,Mobile Money,1336.76,Paid,TX364552852
PAY0005091,O005091,2026-01-07,Carte bancaire,0.0,Failed,TX253971480
PAY0005092,O005092,2026-04-14,Mobile Money,120.07,Paid,TX642379947
PAY0005093,O005093,2026-02-08,Carte bancaire,73.45,Paid,TX900993392
PAY0005094,O005094,2026-06-13,Mobile Money,0.0,Pending,TX326824863
PAY0005095,O005095,2025-03-05,Virement,266.7,Paid,TX517099821
PAY0005096,O005096,2025-12-02,Carte bancaire,75.36,Paid,TX368220398
PAY0005097,O005097,2026-02-28,Virement,133.9,Paid,TX116354497
PAY0005098,O005098,2025-05-11,Mobile Money,0.0,Pending,TX703449568
PAY0005099,O005099,2025-05-01,Carte bancaire,0.0,Pending,TX449124294
PAY0005100,O005100,2025-02-24,Carte bancaire,143.42,Refunded,TX362387819
PAY0005101,O005101,2026-06-25,Mobile Money,240.8,Paid,TX653206854
PAY0005102,O005102,2026-04-23,Mobile Money,184.83,Paid,TX941815842
PAY0005103,O005103,2025-03-09,Carte bancaire,39.36,Paid,TX324677443
PAY0005104,O005104,2025-05-18,Mobile Money,41.56,Paid,TX849379965
PAY0005105,O005105,2025-09-11,Mobile Money,0.0,Pending,TX989122451
PAY0005106,O005106,2026-05-08,Carte bancaire,557.14,Paid,TX667746345
PAY0005107,O005107,2026-04-02,Mobile Money,23.5,Paid,TX964459645
PAY0005108,O005108,2026-04-29,Mobile Money,845.13,Paid,TX698908766
PAY0005109,O005109,2026-03-30,Mobile Money,0.0,Pending,TX570437197
PAY0005110,O005110,2025-12-14,Mobile Money,282.29,Paid,TX384269139
PAY0005111,O005111,2025-06-09,Cash,200.04,Paid,TX149842834
PAY0005112,O005112,2025-11-27,Virement,434.67,Paid,TX922572460
PAY0005113,O005113,2025-10-02,Mobile Money,147.97,Paid,TX511019458
PAY0005114,O005114,2026-06-07,Mobile Money,497.77,Paid,TX787960728
PAY0005115,O005115,2025-09-06,Virement,294.88,Paid,TX432366697
PAY0005116,O005116,2026-02-19,Carte bancaire,145.07,Paid,TX244359253
PAY0005117,O005117,2025-04-10,Mobile Money,263.36,Paid,TX279423162
PAY0005118,O005118,2026-01-14,Virement,17.49,Paid,TX349322247
PAY0005119,O005119,2025-09-07,Cash,0.0,Failed,TX297557593
PAY0005120,O005120,2025-08-30,Mobile Money,237.93,Paid,TX291478225
PAY0005121,O005121,2026-02-19,Virement,525.68,Paid,TX988228310
PAY0005122,O005122,2025-09-25,Carte bancaire,796.47,Paid,TX370415967
PAY0005123,O005123,2025-02-02,Virement,475.47,Paid,TX921463440
PAY0005124,O005124,2025-08-06,Mobile Money,887.38,Paid,TX680616630
PAY0005125,O005125,2026-06-16,Mobile Money,1339.39,Paid,TX951563525
PAY0005126,O005126,2026-06-05,Carte bancaire,0.0,Pending,TX345001971
PAY0005127,O005127,2025-12-03,Mobile Money,0.0,Failed,TX618628365
PAY0005128,O005128,2025-12-19,Carte bancaire,47.57,Paid,TX668101471
PAY0005129,O005129,2025-05-26,Carte bancaire,153.5,Paid,TX622656464
PAY0005130,O005130,2026-03-07,Mobile Money,53.12,Paid,TX267921746
PAY0005131,O005131,2025-11-27,Virement,48.72,Paid,TX460644346
PAY0005132,O005132,2025-01-25,Mobile Money,214.3,Paid,TX875398705
PAY0005133,O005133,2026-06-07,Virement,90.9,Paid,TX948342129
PAY0005134,O005134,2026-04-16,Carte bancaire,318.06,Paid,TX480912105
PAY0005135,O005135,2025-02-15,Carte bancaire,0.0,Pending,TX944912313
PAY0005136,O005136,2025-08-18,Virement,79.06,Paid,TX638313603
PAY0005137,O005137,2026-02-15,Carte bancaire,81.25,Paid,TX339247150
PAY0005138,O005138,2026-02-09,Mobile Money,58.74,Paid,TX679663558
PAY0005139,O005139,2025-04-06,Mobile Money,79.64,Paid,TX582629040
PAY0005140,O005140,2025-01-23,Carte bancaire,116.73,Paid,TX888778523
PAY0005141,O005141,2026-06-25,Virement,147.17,Paid,TX771130001
PAY0005142,O005142,2026-05-09,Carte bancaire,33.8,Paid,TX238631732
PAY0005143,O005143,2026-02-10,Mobile Money,558.08,Paid,TX419930560
PAY0005144,O005144,2025-12-28,Cash,0.0,Pending,TX395657264
PAY0005145,O005145,2026-01-16,Carte bancaire,1336.97,Paid,TX266952525
PAY0005146,O005146,2025-09-09,Carte bancaire,82.54,Paid,TX737133491
PAY0005147,O005147,2026-01-11,Virement,0.0,Failed,TX878572360
PAY0005148,O005148,2025-06-19,Mobile Money,0.0,Failed,TX287285675
PAY0005149,O005149,2025-02-16,Carte bancaire,0.0,Pending,TX245646042
PAY0005150,O005150,2025-06-21,Mobile Money,26.57,Paid,TX966285906
PAY0005151,O005151,2025-06-15,Mobile Money,0.0,Pending,TX409589732
PAY0005152,O005152,2025-06-19,Mobile Money,37.75,Paid,TX901961133
PAY0005153,O005153,2025-09-17,Virement,0.0,Failed,TX238093099
PAY0005154,O005154,2025-03-16,Virement,132.98,Refunded,TX945330332
PAY0005155,O005155,2025-08-12,Mobile Money,194.91,Paid,TX343327106
PAY0005156,O005156,2025-09-14,Mobile Money,632.33,Paid,TX948836242
PAY0005157,O005157,2025-04-18,Mobile Money,558.63,Paid,TX782989040
PAY0005158,O005158,2025-09-08,Mobile Money,41.72,Paid,TX985456976
PAY0005159,O005159,2026-01-06,Carte bancaire,348.87,Paid,TX454242118
PAY0005160,O005160,2025-08-16,Carte bancaire,132.6,Paid,TX726591383
PAY0005161,O005161,2025-01-03,Mobile Money,170.31,Paid,TX920334525
PAY0005162,O005162,2026-01-22,Carte bancaire,358.69,Paid,TX211417683
PAY0005163,O005163,2025-11-17,Carte bancaire,74.26,Paid,TX147065524
PAY0005164,O005164,2025-08-20,Mobile Money,0.0,Pending,TX743946071
PAY0005165,O005165,2025-01-13,Carte bancaire,60.5,Paid,TX871511576
PAY0005166,O005166,2025-02-22,Carte bancaire,36.08,Paid,TX918875089
PAY0005167,O005167,2025-02-14,Carte bancaire,184.89,Paid,TX393797960
PAY0005168,O005168,2026-04-15,Carte bancaire,0.0,Pending,TX643852736
PAY0005169,O005169,2025-06-23,Virement,20.65,Refunded,TX114660696
PAY0005170,O005170,2025-08-24,Carte bancaire,20.18,Paid,TX646388281
PAY0005171,O005171,2026-01-18,Virement,148.09,Paid,TX243325433
PAY0005172,O005172,2025-12-26,Carte bancaire,0.0,Pending,TX703054333
PAY0005173,O005173,2025-02-08,Mobile Money,0.0,Pending,TX613931530
PAY0005174,O005174,2026-05-28,Mobile Money,247.96,Paid,TX310870422
PAY0005175,O005175,2025-05-28,Carte bancaire,38.81,Paid,TX611911129
PAY0005176,O005176,2026-03-01,Virement,1048.73,Paid,TX894150047
PAY0005177,O005177,2026-04-04,Carte bancaire,21.07,Paid,TX299172894
PAY0005178,O005178,2025-10-27,Mobile Money,53.38,Paid,TX498460001
PAY0005179,O005179,2025-03-31,Mobile Money,120.21,Paid,TX653548172
PAY0005180,O005180,2025-10-29,Mobile Money,3400.5,Paid,TX761148346
PAY0005181,O005181,2025-05-16,Mobile Money,378.06,Paid,TX984088465
PAY0005182,O005182,2026-04-14,Carte bancaire,188.18,Paid,TX417902038
PAY0005183,O005183,2026-02-19,Mobile Money,67.75,Paid,TX748852314
PAY0005184,O005184,2026-03-29,Mobile Money,131.54,Paid,TX777531907
PAY0005185,O005185,2026-03-31,Carte bancaire,178.96,Paid,TX285955020
PAY0005186,O005186,2025-04-08,Cash,715.28,Paid,TX122185708
PAY0005187,O005187,2025-01-18,Cash,0.0,Failed,TX119036317
PAY0005188,O005188,2025-12-11,Mobile Money,550.15,Paid,TX243183495
PAY0005189,O005189,2025-12-03,Mobile Money,76.13,Paid,TX380539085
PAY0005190,O005190,2026-04-20,Cash,0.0,Pending,TX956045410
PAY0005191,O005191,2025-12-18,Virement,706.33,Paid,TX181969877
PAY0005192,O005192,2026-03-21,Carte bancaire,181.13,Paid,TX624065408
PAY0005193,O005193,2025-07-11,Carte bancaire,19.89,Paid,TX350331257
PAY0005194,O005194,2025-03-11,Carte bancaire,959.75,Paid,TX972001320
PAY0005195,O005195,2025-01-23,Carte bancaire,119.08,Paid,TX154942767
PAY0005196,O005196,2025-08-30,Virement,51.2,Refunded,TX146719016
PAY0005197,O005197,2025-01-03,Carte bancaire,45.73,Paid,TX771081853
PAY0005198,O005198,2025-10-11,Carte bancaire,272.93,Paid,TX579156932
PAY0005199,O005199,2025-08-12,Cash,176.46,Pending,TX360184873
PAY0005200,O005200,2025-05-25,Cash,277.55,Paid,TX247307902
PAY0005201,O005201,2025-11-24,Mobile Money,469.69,Paid,TX130957381
PAY0005202,O005202,2026-01-11,Cash,42.2,Refunded,TX887766451
PAY0005203,O005203,2025-01-23,Mobile Money,0.0,Failed,TX952745524
PAY0005204,O005204,2025-09-18,Mobile Money,129.27,Paid,TX220974121
PAY0005205,O005205,2026-06-01,Mobile Money,1482.5,Paid,TX519768697
PAY0005206,O005206,2025-06-15,Mobile Money,331.74,Paid,TX836424509
PAY0005207,O005207,2026-03-08,Mobile Money,0.0,Failed,TX343929782
PAY0005208,O005208,2025-07-06,Cash,271.22,Paid,TX523473169
PAY0005209,O005209,2025-05-30,Mobile Money,441.24,Paid,TX308984940
PAY0005210,O005210,2026-04-19,Cash,0.0,Pending,TX558110095
PAY0005211,O005211,2025-07-17,Mobile Money,249.44,Paid,TX187137180
PAY0005212,O005212,2026-04-21,Mobile Money,0.0,Pending,TX292215228
PAY0005213,O005213,2025-12-27,Mobile Money,0.0,Failed,TX895755880
PAY0005214,O005214,2026-03-25,Carte bancaire,0.0,Pending,TX921821378
PAY0005215,O005215,2026-03-25,Cash,81.84,Paid,TX171472073
PAY0005216,O005216,2026-05-18,Mobile Money,136.17,Paid,TX763733966
PAY0005217,O005217,2025-11-01,Mobile Money,3196.98,Paid,TX451257949
PAY0005218,O005218,2026-06-07,Virement,185.1,Paid,TX403336189
PAY0005219,O005219,2025-02-06,Carte bancaire,0.0,Failed,TX374471004
PAY0005220,O005220,2025-10-01,Mobile Money,152.44,Refunded,TX521424562
PAY0005221,O005221,2025-08-08,Mobile Money,0.0,Pending,TX778705388
PAY0005222,O005222,2025-02-25,Carte bancaire,59.27,Paid,TX421227044
PAY0005223,O005223,2026-04-25,Mobile Money,23.76,Pending,TX910243127
PAY0005224,O005224,2026-03-17,Carte bancaire,226.81,Paid,TX505543038
PAY0005225,O005225,2026-02-17,Virement,263.67,Paid,TX673084033
PAY0005226,O005226,2025-12-14,Mobile Money,28.88,Paid,TX223196260
PAY0005227,O005227,2025-11-30,Carte bancaire,0.0,Pending,TX360554289
PAY0005228,O005228,2025-07-29,Cash,0.0,Failed,TX898152323
PAY0005229,O005229,2026-01-10,Mobile Money,883.76,Paid,TX519029502
PAY0005230,O005230,2026-06-21,Mobile Money,25.32,Paid,TX814852205
PAY0005231,O005231,2025-05-19,Carte bancaire,632.64,Paid,TX609897331
PAY0005232,O005232,2025-07-07,Carte bancaire,902.76,Paid,TX830678058
PAY0005233,O005233,2025-03-03,Carte bancaire,328.24,Refunded,TX861744254
PAY0005234,O005234,2026-05-15,Cash,0.0,Pending,TX936281328
PAY0005235,O005235,2025-10-20,Mobile Money,43.85,Paid,TX784059338
PAY0005236,O005236,2025-11-25,Mobile Money,0.0,Failed,TX613347613
PAY0005237,O005237,2025-05-27,Mobile Money,318.41,Paid,TX663335286
PAY0005238,O005238,2025-01-24,Virement,217.06,Paid,TX621354503
PAY0005239,O005239,2026-03-21,Mobile Money,489.03,Paid,TX951854925
PAY0005240,O005240,2026-04-17,Carte bancaire,168.72,Paid,TX919191942
PAY0005241,O005241,2025-07-07,Cash,50.84,Paid,TX379908156
PAY0005242,O005242,2026-02-24,Mobile Money,0.0,Failed,TX524180773
PAY0005243,O005243,2025-11-13,Mobile Money,235.89,Paid,TX951935879
PAY0005244,O005244,2025-12-22,Virement,191.18,Paid,TX434298105
PAY0005245,O005245,2025-04-07,Mobile Money,115.04,Refunded,TX398696268
PAY0005246,O005246,2025-12-05,Mobile Money,138.3,Paid,TX336247678
PAY0005247,O005247,2025-04-01,Carte bancaire,197.04,Paid,TX136939612
PAY0005248,O005248,2025-05-02,Carte bancaire,41.54,Paid,TX232258799
PAY0005249,O005249,2025-07-19,Mobile Money,53.32,Paid,TX863577117
PAY0005250,O005250,2025-04-30,Virement,88.85,Paid,TX607417680
PAY0005251,O005251,2026-05-14,Virement,210.79,Paid,TX436613869
PAY0005252,O005252,2025-01-18,Mobile Money,0.0,Failed,TX313208691
PAY0005253,O005253,2026-05-13,Mobile Money,552.33,Paid,TX465527180
PAY0005254,O005254,2025-03-26,Carte bancaire,233.48,Paid,TX881430049
PAY0005255,O005255,2026-04-25,Carte bancaire,244.81,Paid,TX948410491
PAY0005256,O005256,2025-07-06,Carte bancaire,32.71,Paid,TX701598602
PAY0005257,O005257,2026-05-20,Mobile Money,0.0,Pending,TX171683220
PAY0005258,O005258,2025-10-24,Carte bancaire,225.86,Paid,TX717669016
PAY0005259,O005259,2025-09-29,Mobile Money,479.7,Paid,TX861626968
PAY0005260,O005260,2025-03-16,Mobile Money,27.6,Paid,TX845117137
PAY0005261,O005261,2025-08-28,Carte bancaire,144.55,Paid,TX619121974
PAY0005262,O005262,2025-11-03,Cash,27.79,Paid,TX691492325
PAY0005263,O005263,2026-06-23,Mobile Money,48.36,Paid,TX805364468
PAY0005264,O005264,2025-05-26,Carte bancaire,316.23,Paid,TX189194599
PAY0005265,O005265,2025-02-17,Mobile Money,2236.94,Paid,TX901571240
PAY0005266,O005266,2025-05-20,Mobile Money,949.68,Paid,TX245764389
PAY0005267,O005267,2025-05-14,Mobile Money,0.0,Failed,TX152196205
PAY0005268,O005268,2026-06-07,Virement,238.57,Paid,TX813808455
PAY0005269,O005269,2025-03-25,Mobile Money,238.5,Paid,TX988136667
PAY0005270,O005270,2026-07-01,Virement,174.14,Paid,TX406154306
PAY0005271,O005271,2025-03-07,Mobile Money,139.04,Paid,TX504288219
PAY0005272,O005272,2026-03-23,Carte bancaire,77.37,Paid,TX974722677
PAY0005273,O005273,2025-08-16,Carte bancaire,39.98,Paid,TX725209674
PAY0005274,O005274,2025-02-03,Carte bancaire,42.28,Paid,TX114855493
PAY0005275,O005275,2025-12-07,Cash,55.81,Paid,TX739556382
PAY0005276,O005276,2026-02-08,Cash,631.89,Paid,TX490000280
PAY0005277,O005277,2026-04-05,Virement,0.0,Failed,TX573151948
PAY0005278,O005278,2025-04-12,Mobile Money,87.38,Paid,TX944794527
PAY0005279,O005279,2025-12-05,Virement,42.03,Paid,TX590194820
PAY0005280,O005280,2025-11-11,Cash,92.25,Paid,TX233713582
PAY0005281,O005281,2025-09-04,Mobile Money,0.0,Failed,TX993898782
PAY0005282,O005282,2026-05-08,Mobile Money,80.25,Paid,TX167381415
PAY0005283,O005283,2025-08-23,Carte bancaire,85.17,Paid,TX830455567
PAY0005284,O005284,2025-07-30,Carte bancaire,85.58,Paid,TX218661928
PAY0005285,O005285,2025-10-16,Mobile Money,85.65,Paid,TX414835413
PAY0005286,O005286,2026-05-26,Mobile Money,552.47,Paid,TX128584430
PAY0005287,O005287,2026-04-22,Mobile Money,171.63,Refunded,TX640560329
PAY0005288,O005288,2026-01-26,Carte bancaire,602.35,Paid,TX779378758
PAY0005289,O005289,2025-02-15,Mobile Money,342.57,Paid,TX135544350
PAY0005290,O005290,2025-06-18,Cash,344.49,Paid,TX342510440
PAY0005291,O005291,2025-01-09,Carte bancaire,43.49,Paid,TX259969894
PAY0005292,O005292,2025-02-24,Mobile Money,258.11,Paid,TX806776090
PAY0005293,O005293,2026-04-03,Carte bancaire,178.76,Paid,TX506884500
PAY0005294,O005294,2026-03-24,Mobile Money,147.57,Paid,TX645062090
PAY0005295,O005295,2025-03-02,Virement,73.99,Paid,TX373161015
PAY0005296,O005296,2025-09-12,Virement,33.26,Paid,TX166765311
PAY0005297,O005297,2025-06-07,Carte bancaire,56.51,Paid,TX513151440
PAY0005298,O005298,2025-02-12,Mobile Money,142.88,Paid,TX332848163
PAY0005299,O005299,2025-07-29,Carte bancaire,0.0,Failed,TX611207967
PAY0005300,O005300,2025-02-28,Carte bancaire,2248.55,Paid,TX741396021
PAY0005301,O005301,2026-02-08,Mobile Money,180.49,Refunded,TX828493727
PAY0005302,O005302,2026-06-15,Virement,891.77,Paid,TX852196581
PAY0005303,O005303,2025-08-22,Mobile Money,145.84,Paid,TX890418991
PAY0005304,O005304,2025-05-18,Virement,170.7,Paid,TX858291961
PAY0005305,O005305,2025-10-05,Mobile Money,39.69,Paid,TX660465422
PAY0005306,O005306,2026-06-18,Carte bancaire,71.88,Paid,TX624425405
PAY0005307,O005307,2025-04-01,Mobile Money,13.45,Paid,TX155106776
PAY0005308,O005308,2026-01-09,Mobile Money,127.89,Paid,TX696786268
PAY0005309,O005309,2025-02-24,Mobile Money,42.1,Paid,TX980998377
PAY0005310,O005310,2025-06-18,Carte bancaire,896.06,Paid,TX508623095
PAY0005311,O005311,2025-09-01,Cash,35.43,Paid,TX891748926
PAY0005312,O005312,2025-08-02,Mobile Money,0.0,Pending,TX640330263
PAY0005313,O005313,2025-04-12,Cash,495.68,Paid,TX841151893
PAY0005314,O005314,2026-03-06,Mobile Money,731.02,Paid,TX276225173
PAY0005315,O005315,2026-01-08,Cash,278.44,Paid,TX194940867
PAY0005316,O005316,2025-08-30,Mobile Money,40.35,Paid,TX779131879
PAY0005317,O005317,2025-08-18,Carte bancaire,38.49,Paid,TX649057898
PAY0005318,O005318,2025-02-13,Virement,19.86,Pending,TX562862870
PAY0005319,O005319,2025-12-28,Mobile Money,0.0,Pending,TX333655773
PAY0005320,O005320,2025-05-09,Cash,70.61,Paid,TX271373273
PAY0005321,O005321,2025-06-16,Cash,709.6,Paid,TX787648521
PAY0005322,O005322,2026-04-20,Mobile Money,189.9,Paid,TX148358200
PAY0005323,O005323,2025-12-20,Mobile Money,253.97,Paid,TX294388402
PAY0005324,O005324,2026-01-20,Mobile Money,557.71,Refunded,TX625992847
PAY0005325,O005325,2025-05-26,Mobile Money,74.25,Paid,TX372589094
PAY0005326,O005326,2025-10-02,Carte bancaire,45.01,Paid,TX995005524
PAY0005327,O005327,2025-01-09,Mobile Money,0.0,Pending,TX353133391
PAY0005328,O005328,2025-05-19,Carte bancaire,73.11,Paid,TX405360484
PAY0005329,O005329,2026-03-15,Mobile Money,658.16,Paid,TX532175333
PAY0005330,O005330,2025-09-20,Virement,23.87,Refunded,TX433259250
PAY0005331,O005331,2025-12-15,Mobile Money,0.0,Pending,TX461320688
PAY0005332,O005332,2026-03-12,Carte bancaire,81.23,Paid,TX974267285
PAY0005333,O005333,2026-06-01,Carte bancaire,38.97,Paid,TX267833969
PAY0005334,O005334,2025-02-14,Mobile Money,0.0,Failed,TX429465417
PAY0005335,O005335,2025-11-16,Virement,0.0,Pending,TX975216832
PAY0005336,O005336,2026-06-30,Mobile Money,0.0,Failed,TX786604537
PAY0005337,O005337,2025-04-23,Carte bancaire,142.01,Paid,TX669760164
PAY0005338,O005338,2026-04-20,Mobile Money,324.67,Paid,TX664000146
PAY0005339,O005339,2025-11-18,Mobile Money,51.96,Paid,TX711543087
PAY0005340,O005340,2025-06-26,Cash,120.77,Paid,TX956829446
PAY0005341,O005341,2026-03-10,Mobile Money,44.14,Paid,TX324248558
PAY0005342,O005342,2026-04-27,Mobile Money,42.82,Paid,TX216815171
PAY0005343,O005343,2025-03-24,Mobile Money,0.0,Failed,TX202564848
PAY0005344,O005344,2026-01-12,Carte bancaire,2271.94,Paid,TX764571595
PAY0005345,O005345,2026-05-29,Virement,58.23,Paid,TX397363282
PAY0005346,O005346,2026-01-05,Mobile Money,387.94,Paid,TX230127134
PAY0005347,O005347,2025-10-30,Carte bancaire,41.0,Paid,TX404128994
PAY0005348,O005348,2025-03-19,Virement,526.47,Paid,TX396013120
PAY0005349,O005349,2025-09-08,Virement,26.71,Paid,TX316865872
PAY0005350,O005350,2026-05-12,Virement,0.0,Failed,TX884015794
PAY0005351,O005351,2026-03-14,Mobile Money,353.22,Paid,TX518088805
PAY0005352,O005352,2025-09-08,Mobile Money,47.28,Paid,TX303098169
PAY0005353,O005353,2025-06-23,Carte bancaire,248.0,Paid,TX751673741
PAY0005354,O005354,2026-03-21,Carte bancaire,78.87,Paid,TX632420338
PAY0005355,O005355,2026-06-19,Virement,216.74,Paid,TX294874615
PAY0005356,O005356,2025-06-14,Cash,1111.14,Paid,TX942269380
PAY0005357,O005357,2026-03-21,Carte bancaire,329.06,Paid,TX458886228
PAY0005358,O005358,2025-06-18,Carte bancaire,42.78,Paid,TX402482498
PAY0005359,O005359,2026-04-03,Carte bancaire,385.94,Paid,TX139548558
PAY0005360,O005360,2026-06-14,Mobile Money,1325.76,Paid,TX209171121
PAY0005361,O005361,2026-01-01,Carte bancaire,0.0,Pending,TX937196232
PAY0005362,O005362,2025-10-03,Mobile Money,67.17,Refunded,TX565514653
PAY0005363,O005363,2025-06-23,Carte bancaire,240.99,Paid,TX522017747
PAY0005364,O005364,2025-02-06,Virement,74.92,Paid,TX643391262
PAY0005365,O005365,2025-02-01,Cash,50.12,Paid,TX833497169
PAY0005366,O005366,2026-04-03,Carte bancaire,345.1,Paid,TX711284669
PAY0005367,O005367,2025-12-29,Mobile Money,70.11,Paid,TX776986862
PAY0005368,O005368,2025-05-08,Mobile Money,39.61,Paid,TX151435873
PAY0005369,O005369,2025-10-31,Cash,27.14,Paid,TX162165267
PAY0005370,O005370,2026-05-01,Mobile Money,812.92,Paid,TX246676233
PAY0005371,O005371,2025-12-22,Mobile Money,245.24,Paid,TX555236448
PAY0005372,O005372,2026-05-18,Mobile Money,744.46,Paid,TX177652434
PAY0005373,O005373,2025-03-07,Virement,42.6,Paid,TX899243596
PAY0005374,O005374,2025-02-09,Mobile Money,1203.15,Paid,TX686286441
PAY0005375,O005375,2026-01-05,Mobile Money,567.01,Paid,TX831636771
PAY0005376,O005376,2025-11-20,Carte bancaire,1047.45,Paid,TX303367904
PAY0005377,O005377,2026-01-15,Carte bancaire,196.51,Paid,TX221998421
PAY0005378,O005378,2026-06-23,Carte bancaire,72.86,Paid,TX324929272
PAY0005379,O005379,2025-03-04,Mobile Money,316.06,Paid,TX923958815
PAY0005380,O005380,2026-05-29,Mobile Money,288.74,Paid,TX548864667
PAY0005381,O005381,2025-02-05,Mobile Money,183.45,Paid,TX573221014
PAY0005382,O005382,2025-10-15,Cash,1011.12,Paid,TX156355508
PAY0005383,O005383,2026-04-02,Mobile Money,243.57,Paid,TX385955548
PAY0005384,O005384,2026-01-12,Mobile Money,0.0,Pending,TX964412856
PAY0005385,O005385,2025-05-05,Mobile Money,1426.82,Paid,TX189809436
PAY0005386,O005386,2025-11-30,Carte bancaire,31.25,Refunded,TX406350956
PAY0005387,O005387,2026-05-11,Mobile Money,77.16,Refunded,TX956925920
PAY0005388,O005388,2025-04-26,Virement,225.16,Paid,TX648760747
PAY0005389,O005389,2026-05-29,Virement,152.89,Paid,TX591571352
PAY0005390,O005390,2025-12-28,Carte bancaire,45.18,Paid,TX641019991
PAY0005391,O005391,2025-02-19,Virement,547.56,Paid,TX303387561
PAY0005392,O005392,2025-07-05,Mobile Money,182.6,Paid,TX183663178
PAY0005393,O005393,2026-04-18,Mobile Money,195.28,Paid,TX588822886
PAY0005394,O005394,2025-07-07,Mobile Money,163.51,Paid,TX908139905
PAY0005395,O005395,2026-06-07,Mobile Money,1003.71,Paid,TX946089023
PAY0005396,O005396,2025-08-20,Mobile Money,0.0,Pending,TX660099360
PAY0005397,O005397,2025-07-10,Carte bancaire,439.71,Refunded,TX571494436
PAY0005398,O005398,2026-04-15,Virement,248.44,Paid,TX386057708
PAY0005399,O005399,2026-03-08,Cash,874.13,Paid,TX642137680
PAY0005400,O005400,2025-05-11,Mobile Money,187.97,Paid,TX553305012
PAY0005401,O005401,2026-03-07,Carte bancaire,450.51,Paid,TX753525295
PAY0005402,O005402,2025-05-22,Virement,0.0,Failed,TX133503961
PAY0005403,O005403,2026-05-09,Mobile Money,0.0,Pending,TX255301066
PAY0005404,O005404,2025-01-07,Carte bancaire,184.3,Paid,TX841925178
PAY0005405,O005405,2026-01-01,Carte bancaire,45.5,Paid,TX977142807
PAY0005406,O005406,2025-03-30,Mobile Money,134.5,Paid,TX174047194
PAY0005407,O005407,2026-01-09,Carte bancaire,685.77,Paid,TX814022654
PAY0005408,O005408,2026-06-23,Carte bancaire,765.08,Paid,TX137844923
PAY0005409,O005409,2026-01-01,Mobile Money,85.4,Paid,TX672865245
PAY0005410,O005410,2025-08-27,Cash,0.0,Pending,TX719141642
PAY0005411,O005411,2026-03-31,Mobile Money,337.87,Paid,TX464993465
PAY0005412,O005412,2025-04-18,Cash,582.97,Paid,TX548297226
PAY0005413,O005413,2025-10-27,Carte bancaire,527.57,Paid,TX791001113
PAY0005414,O005414,2026-06-17,Mobile Money,186.5,Paid,TX987223396
PAY0005415,O005415,2025-07-18,Mobile Money,83.47,Paid,TX765788736
PAY0005416,O005416,2025-01-18,Virement,556.88,Paid,TX837432259
PAY0005417,O005417,2025-08-31,Mobile Money,0.0,Pending,TX980310794
PAY0005418,O005418,2025-09-24,Mobile Money,23.5,Paid,TX693730867
PAY0005419,O005419,2026-03-22,Carte bancaire,290.04,Paid,TX581731397
PAY0005420,O005420,2026-03-21,Cash,175.7,Paid,TX157871399
PAY0005421,O005421,2025-07-08,Mobile Money,348.36,Paid,TX249966152
PAY0005422,O005422,2026-03-02,Mobile Money,927.67,Paid,TX315805317
PAY0005423,O005423,2025-03-24,Virement,171.25,Paid,TX758199055
PAY0005424,O005424,2025-04-17,Carte bancaire,184.22,Paid,TX794838458
PAY0005425,O005425,2025-12-02,Mobile Money,321.48,Paid,TX950395337
PAY0005426,O005426,2026-01-25,Carte bancaire,0.0,Failed,TX688578132
PAY0005427,O005427,2026-03-23,Carte bancaire,110.46,Paid,TX311034254
PAY0005428,O005428,2025-12-09,Mobile Money,50.4,Paid,TX988827432
PAY0005429,O005429,2025-03-13,Mobile Money,312.9,Paid,TX411162709
PAY0005430,O005430,2026-01-08,Carte bancaire,0.0,Pending,TX755036498
PAY0005431,O005431,2025-08-26,Mobile Money,120.5,Paid,TX438245231
PAY0005432,O005432,2025-05-30,Virement,90.82,Paid,TX508884426
PAY0005433,O005433,2025-07-07,Carte bancaire,70.54,Paid,TX335853943
PAY0005434,O005434,2026-03-24,Mobile Money,92.46,Paid,TX296375786
PAY0005435,O005435,2025-04-08,Cash,672.87,Paid,TX189065233
PAY0005436,O005436,2025-11-03,Virement,659.24,Refunded,TX768772622
PAY0005437,O005437,2025-02-19,Carte bancaire,21.89,Paid,TX499650498
PAY0005438,O005438,2026-02-04,Carte bancaire,228.47,Paid,TX704331504
PAY0005439,O005439,2025-03-25,Carte bancaire,899.01,Paid,TX104113072
PAY0005440,O005440,2026-06-01,Mobile Money,0.0,Failed,TX114517082
PAY0005441,O005441,2026-04-30,Carte bancaire,357.02,Paid,TX683771308
PAY0005442,O005442,2026-04-16,Mobile Money,174.7,Paid,TX301541916
PAY0005443,O005443,2025-07-15,Cash,41.64,Paid,TX781221098
PAY0005444,O005444,2026-03-08,Mobile Money,166.32,Paid,TX908765559
PAY0005445,O005445,2025-03-18,Carte bancaire,636.5,Paid,TX578069740
PAY0005446,O005446,2025-06-09,Mobile Money,302.82,Paid,TX582804538
PAY0005447,O005447,2025-03-14,Carte bancaire,0.0,Pending,TX276286490
PAY0005448,O005448,2025-02-03,Mobile Money,364.4,Paid,TX260879085
PAY0005449,O005449,2025-07-24,Mobile Money,1200.68,Paid,TX578396310
PAY0005450,O005450,2025-11-12,Carte bancaire,236.0,Paid,TX765596808
PAY0005451,O005451,2026-04-18,Carte bancaire,0.0,Failed,TX103879039
PAY0005452,O005452,2025-01-20,Mobile Money,245.87,Paid,TX370289022
PAY0005453,O005453,2025-08-15,Mobile Money,256.56,Refunded,TX484862317
PAY0005454,O005454,2026-01-30,Carte bancaire,0.0,Pending,TX813345863
PAY0005455,O005455,2025-04-24,Mobile Money,71.05,Paid,TX504765237
PAY0005456,O005456,2026-02-11,Virement,67.27,Paid,TX969598165
PAY0005457,O005457,2025-11-09,Carte bancaire,173.59,Paid,TX516456155
PAY0005458,O005458,2025-11-07,Virement,0.0,Failed,TX104530592
PAY0005459,O005459,2025-03-10,Cash,100.99,Paid,TX995867083
PAY0005460,O005460,2025-04-07,Mobile Money,219.66,Pending,TX851389376
PAY0005461,O005461,2026-04-30,Carte bancaire,712.02,Refunded,TX560000059
PAY0005462,O005462,2026-04-29,Carte bancaire,349.4,Paid,TX438028030
PAY0005463,O005463,2025-09-08,Carte bancaire,187.17,Paid,TX282068589
PAY0005464,O005464,2025-11-27,Carte bancaire,104.16,Paid,TX295469363
PAY0005465,O005465,2025-10-26,Cash,35.4,Paid,TX733509771
PAY0005466,O005466,2025-10-12,Carte bancaire,0.0,Failed,TX213520299
PAY0005467,O005467,2026-01-27,Virement,0.0,Failed,TX436155673
PAY0005468,O005468,2025-11-11,Carte bancaire,0.0,Pending,TX263916057
PAY0005469,O005469,2025-03-11,Virement,0.0,Pending,TX417973922
PAY0005470,O005470,2025-02-15,Mobile Money,61.98,Paid,TX339615377
PAY0005471,O005471,2026-04-14,Mobile Money,0.0,Pending,TX471531740
PAY0005472,O005472,2026-02-13,Cash,235.82,Paid,TX620042509
PAY0005473,O005473,2025-04-21,Virement,28.8,Paid,TX341518453
PAY0005474,O005474,2025-02-07,Carte bancaire,585.92,Paid,TX485816789
PAY0005475,O005475,2025-05-05,Carte bancaire,55.94,Paid,TX384155310
PAY0005476,O005476,2025-11-15,Mobile Money,129.45,Paid,TX580311008
PAY0005477,O005477,2025-11-16,Mobile Money,88.8,Paid,TX803630213
PAY0005478,O005478,2025-04-03,Mobile Money,0.0,Failed,TX831796348
PAY0005479,O005479,2025-04-07,Cash,430.44,Paid,TX793257958
PAY0005480,O005480,2025-04-24,Mobile Money,2740.25,Paid,TX319196566
PAY0005481,O005481,2025-09-04,Mobile Money,0.0,Failed,TX386743463
PAY0005482,O005482,2025-05-09,Carte bancaire,197.07,Paid,TX894405694
PAY0005483,O005483,2025-09-08,Carte bancaire,242.99,Paid,TX610605421
PAY0005484,O005484,2025-01-11,Virement,75.68,Paid,TX999387200
PAY0005485,O005485,2026-05-28,Mobile Money,0.0,Pending,TX688092833
PAY0005486,O005486,2026-05-06,Mobile Money,0.0,Pending,TX261820596
PAY0005487,O005487,2025-07-09,Carte bancaire,202.67,Paid,TX104714414
PAY0005488,O005488,2026-03-18,Carte bancaire,148.33,Paid,TX977466695
PAY0005489,O005489,2025-10-21,Cash,0.0,Pending,TX509929252
PAY0005490,O005490,2025-01-18,Carte bancaire,191.94,Paid,TX966919388
PAY0005491,O005491,2025-06-07,Virement,0.0,Failed,TX225960436
PAY0005492,O005492,2025-02-01,Cash,106.26,Paid,TX491632791
PAY0005493,O005493,2026-01-23,Mobile Money,449.65,Paid,TX881802109
PAY0005494,O005494,2026-03-09,Mobile Money,257.66,Paid,TX261241402
PAY0005495,O005495,2025-12-09,Mobile Money,248.17,Paid,TX739238737
PAY0005496,O005496,2025-01-06,Cash,26.48,Paid,TX916787108
PAY0005497,O005497,2025-05-11,Mobile Money,237.42,Paid,TX912077185
PAY0005498,O005498,2025-09-19,Carte bancaire,66.98,Paid,TX960232851
PAY0005499,O005499,2025-03-25,Carte bancaire,865.56,Paid,TX926048130
PAY0005500,O005500,2025-02-28,Virement,22.81,Paid,TX334151533
PAY0005501,O005501,2025-06-19,Mobile Money,845.96,Paid,TX935135491
PAY0005502,O005502,2025-11-23,Mobile Money,775.11,Paid,TX632142765
PAY0005503,O005503,2025-02-19,Mobile Money,491.97,Paid,TX526608839
PAY0005504,O005504,2026-07-06,Carte bancaire,118.54,Paid,TX782132339
PAY0005505,O005505,2025-09-13,Mobile Money,0.0,Pending,TX242348735
PAY0005506,O005506,2025-04-06,Mobile Money,477.97,Paid,TX565364527
PAY0005507,O005507,2025-01-13,Mobile Money,159.13,Paid,TX850608768
PAY0005508,O005508,2026-06-09,Mobile Money,37.98,Paid,TX831879364
PAY0005509,O005509,2025-11-25,Cash,618.65,Paid,TX100830770
PAY0005510,O005510,2026-04-22,Mobile Money,83.33,Paid,TX718936589
PAY0005511,O005511,2026-03-06,Mobile Money,110.19,Paid,TX222723432
PAY0005512,O005512,2026-06-26,Mobile Money,20.04,Paid,TX294922973
PAY0005513,O005513,2026-05-06,Mobile Money,126.72,Paid,TX995502978
PAY0005514,O005514,2026-02-24,Carte bancaire,969.37,Paid,TX975966595
PAY0005515,O005515,2026-04-16,Cash,337.67,Paid,TX259394302
PAY0005516,O005516,2026-04-15,Mobile Money,22.14,Paid,TX814743729
PAY0005517,O005517,2025-05-24,Carte bancaire,302.67,Paid,TX155550872
PAY0005518,O005518,2025-11-22,Virement,95.87,Paid,TX342101181
PAY0005519,O005519,2026-06-28,Carte bancaire,122.97,Paid,TX170916568
PAY0005520,O005520,2026-04-21,Virement,0.0,Pending,TX381089035
PAY0005521,O005521,2025-02-27,Mobile Money,1369.58,Paid,TX810272537
PAY0005522,O005522,2025-03-06,Mobile Money,2699.46,Paid,TX211832281
PAY0005523,O005523,2025-04-22,Carte bancaire,267.49,Paid,TX766475413
PAY0005524,O005524,2026-02-13,Carte bancaire,699.08,Paid,TX603760637
PAY0005525,O005525,2025-08-04,Mobile Money,25.16,Refunded,TX100635400
PAY0005526,O005526,2025-12-13,Cash,66.95,Paid,TX874326074
PAY0005527,O005527,2025-03-21,Mobile Money,43.78,Paid,TX680612559
PAY0005528,O005528,2025-02-02,Cash,0.0,Pending,TX544514231
PAY0005529,O005529,2026-02-28,Mobile Money,713.89,Paid,TX399696635
PAY0005530,O005530,2025-06-10,Virement,922.04,Paid,TX114104380
PAY0005531,O005531,2025-01-27,Mobile Money,462.75,Paid,TX364972210
PAY0005532,O005532,2025-05-01,Carte bancaire,0.0,Pending,TX589990312
PAY0005533,O005533,2025-06-30,Carte bancaire,75.46,Paid,TX423900013
PAY0005534,O005534,2025-08-11,Carte bancaire,212.21,Paid,TX707044682
PAY0005535,O005535,2026-05-09,Virement,77.14,Paid,TX450475395
PAY0005536,O005536,2025-04-23,Carte bancaire,161.1,Paid,TX654531109
PAY0005537,O005537,2025-11-29,Mobile Money,321.87,Paid,TX479095310
PAY0005538,O005538,2025-06-03,Virement,12.99,Paid,TX768983471
PAY0005539,O005539,2025-10-05,Carte bancaire,23.04,Paid,TX959241435
PAY0005540,O005540,2025-06-12,Carte bancaire,0.0,Pending,TX759615141
PAY0005541,O005541,2025-07-09,Mobile Money,38.69,Refunded,TX767892442
PAY0005542,O005542,2025-11-26,Carte bancaire,193.55,Paid,TX338862798
PAY0005543,O005543,2025-11-20,Carte bancaire,1633.01,Paid,TX280497068
PAY0005544,O005544,2025-03-19,Cash,0.0,Failed,TX788795968
PAY0005545,O005545,2025-03-31,Mobile Money,13.3,Paid,TX485134276
PAY0005546,O005546,2025-05-13,Mobile Money,735.22,Paid,TX452207508
PAY0005547,O005547,2026-05-09,Carte bancaire,2204.03,Pending,TX593466483
PAY0005548,O005548,2025-06-25,Carte bancaire,131.42,Paid,TX942054862
PAY0005549,O005549,2025-11-16,Carte bancaire,0.0,Pending,TX658364950
PAY0005550,O005550,2025-09-07,Virement,31.84,Paid,TX976647820
PAY0005551,O005551,2025-07-18,Cash,33.32,Paid,TX933243043
PAY0005552,O005552,2025-01-25,Cash,88.93,Paid,TX326411090
PAY0005553,O005553,2025-08-31,Mobile Money,0.0,Pending,TX689934214
PAY0005554,O005554,2026-07-05,Mobile Money,270.05,Paid,TX384397573
PAY0005555,O005555,2026-06-02,Mobile Money,182.16,Paid,TX526425765
PAY0005556,O005556,2025-06-18,Cash,216.61,Refunded,TX961874609
PAY0005557,O005557,2025-10-22,Virement,61.95,Paid,TX519091517
PAY0005558,O005558,2025-06-10,Mobile Money,377.7,Paid,TX358012870
PAY0005559,O005559,2026-05-23,Mobile Money,189.2,Paid,TX856731857
PAY0005560,O005560,2025-11-03,Cash,551.78,Paid,TX331066072
PAY0005561,O005561,2026-05-24,Mobile Money,108.54,Paid,TX930737928
PAY0005562,O005562,2026-04-15,Carte bancaire,44.44,Paid,TX524396158
PAY0005563,O005563,2025-06-29,Carte bancaire,4017.48,Paid,TX215500809
PAY0005564,O005564,2025-09-12,Mobile Money,651.85,Paid,TX408365881
PAY0005565,O005565,2025-11-10,Mobile Money,0.0,Pending,TX691809913
PAY0005566,O005566,2025-05-19,Cash,82.76,Paid,TX783044623
PAY0005567,O005567,2026-04-05,Mobile Money,67.77,Paid,TX918802490
PAY0005568,O005568,2025-11-09,Carte bancaire,64.5,Paid,TX855834466
PAY0005569,O005569,2025-04-24,Virement,74.74,Paid,TX817749198
PAY0005570,O005570,2025-09-23,Mobile Money,91.26,Paid,TX644253114
PAY0005571,O005571,2026-03-28,Mobile Money,0.0,Pending,TX408192944
PAY0005572,O005572,2025-08-22,Carte bancaire,562.26,Paid,TX410991075
PAY0005573,O005573,2026-01-28,Mobile Money,0.0,Failed,TX881306652
PAY0005574,O005574,2026-06-26,Mobile Money,0.0,Failed,TX842029458
PAY0005575,O005575,2025-07-03,Mobile Money,79.23,Paid,TX490987386
PAY0005576,O005576,2026-07-02,Cash,273.06,Paid,TX808347653
PAY0005577,O005577,2025-08-17,Carte bancaire,1518.15,Paid,TX475537928
PAY0005578,O005578,2025-11-06,Mobile Money,943.09,Paid,TX601770424
PAY0005579,O005579,2026-03-04,Mobile Money,397.9,Paid,TX295239743
PAY0005580,O005580,2025-02-10,Virement,19.01,Paid,TX550568102
PAY0005581,O005581,2026-01-24,Virement,454.49,Paid,TX775825401
PAY0005582,O005582,2025-11-09,Mobile Money,34.38,Paid,TX741550492
PAY0005583,O005583,2025-12-26,Carte bancaire,25.21,Paid,TX695091289
PAY0005584,O005584,2026-06-09,Mobile Money,885.39,Paid,TX717913784
PAY0005585,O005585,2025-09-23,Mobile Money,661.25,Paid,TX116804617
PAY0005586,O005586,2026-05-23,Cash,135.52,Paid,TX897403449
PAY0005587,O005587,2025-11-10,Carte bancaire,100.95,Paid,TX757024759
PAY0005588,O005588,2025-05-03,Mobile Money,143.18,Paid,TX264968707
PAY0005589,O005589,2025-12-24,Carte bancaire,210.38,Paid,TX379499035
PAY0005590,O005590,2025-04-15,Carte bancaire,21.2,Paid,TX283991260
PAY0005591,O005591,2026-05-11,Cash,237.16,Paid,TX161625464
PAY0005592,O005592,2025-03-28,Mobile Money,1797.5,Paid,TX417569485
PAY0005593,O005593,2025-10-01,Carte bancaire,240.44,Paid,TX401338859
PAY0005594,O005594,2026-03-28,Virement,845.24,Paid,TX766265410
PAY0005595,O005595,2025-01-09,Virement,26.17,Paid,TX489367835
PAY0005596,O005596,2025-09-28,Virement,268.59,Paid,TX134035647
PAY0005597,O005597,2025-10-07,Carte bancaire,87.74,Paid,TX525552195
PAY0005598,O005598,2025-07-07,Mobile Money,168.62,Paid,TX389590427
PAY0005599,O005599,2026-01-05,Mobile Money,75.44,Paid,TX314172893
PAY0005600,O005600,2025-07-01,Cash,3556.29,Paid,TX136137870
PAY0005601,O005601,2025-07-28,Mobile Money,277.7,Paid,TX962442235
PAY0005602,O005602,2025-05-31,Mobile Money,251.33,Paid,TX550650878
PAY0005603,O005603,2025-12-12,Mobile Money,227.78,Paid,TX207822923
PAY0005604,O005604,2026-05-02,Mobile Money,53.26,Paid,TX245605361
PAY0005605,O005605,2025-04-11,Mobile Money,2801.5,Paid,TX995536068
PAY0005606,O005606,2025-08-16,Mobile Money,255.52,Paid,TX756815562
PAY0005607,O005607,2025-05-04,Mobile Money,47.82,Paid,TX386998994
PAY0005608,O005608,2025-05-15,Carte bancaire,0.0,Pending,TX188478393
PAY0005609,O005609,2026-06-21,Cash,934.13,Paid,TX513363179
PAY0005610,O005610,2026-01-27,Carte bancaire,250.46,Paid,TX854668316
PAY0005611,O005611,2026-06-03,Cash,77.17,Paid,TX130257955
PAY0005612,O005612,2025-12-18,Mobile Money,0.0,Pending,TX238952093
PAY0005613,O005613,2026-01-04,Mobile Money,79.21,Paid,TX935352743
PAY0005614,O005614,2026-01-30,Mobile Money,109.18,Paid,TX919050175
PAY0005615,O005615,2025-12-27,Carte bancaire,38.31,Paid,TX357039830
PAY0005616,O005616,2026-03-27,Cash,590.01,Paid,TX707145200
PAY0005617,O005617,2025-07-01,Mobile Money,0.0,Failed,TX874884773
PAY0005618,O005618,2025-02-28,Carte bancaire,410.38,Paid,TX381631961
PAY0005619,O005619,2025-09-29,Virement,18.44,Paid,TX528080700
PAY0005620,O005620,2025-01-03,Mobile Money,145.8,Paid,TX490650159
PAY0005621,O005621,2025-01-30,Mobile Money,130.53,Paid,TX900706134
PAY0005622,O005622,2025-01-30,Mobile Money,126.02,Refunded,TX478025628
PAY0005623,O005623,2025-02-13,Mobile Money,79.3,Paid,TX342864029
PAY0005624,O005624,2026-01-24,Virement,146.54,Paid,TX904757154
PAY0005625,O005625,2025-11-27,Mobile Money,67.5,Paid,TX104590388
PAY0005626,O005626,2026-05-28,Cash,0.0,Pending,TX874848440
PAY0005627,O005627,2025-06-12,Virement,0.0,Pending,TX200620406
PAY0005628,O005628,2025-07-05,Mobile Money,65.26,Paid,TX376076598
PAY0005629,O005629,2025-09-27,Mobile Money,0.0,Pending,TX597453448
PAY0005630,O005630,2026-03-08,Carte bancaire,0.0,Failed,TX889684098
PAY0005631,O005631,2026-05-30,Carte bancaire,113.66,Paid,TX834297039
PAY0005632,O005632,2026-02-07,Carte bancaire,71.43,Paid,TX252156751
PAY0005633,O005633,2025-10-08,Mobile Money,0.0,Failed,TX360028214
PAY0005634,O005634,2026-06-22,Cash,92.19,Paid,TX188423792
PAY0005635,O005635,2025-04-13,Mobile Money,43.17,Paid,TX551678869
PAY0005636,O005636,2025-09-18,Carte bancaire,62.31,Paid,TX258530822
PAY0005637,O005637,2025-05-16,Mobile Money,167.86,Paid,TX424478987
PAY0005638,O005638,2025-04-04,Carte bancaire,77.9,Paid,TX770424985
PAY0005639,O005639,2025-08-09,Mobile Money,1688.25,Paid,TX523275128
PAY0005640,O005640,2026-02-26,Mobile Money,248.71,Paid,TX230775267
PAY0005641,O005641,2025-06-29,Mobile Money,100.51,Paid,TX478408398
PAY0005642,O005642,2026-03-28,Cash,30.11,Paid,TX436823139
PAY0005643,O005643,2025-12-01,Mobile Money,42.43,Paid,TX812840618
PAY0005644,O005644,2026-01-25,Mobile Money,95.26,Paid,TX802298460
PAY0005645,O005645,2025-05-15,Carte bancaire,1453.39,Paid,TX904361399
PAY0005646,O005646,2026-04-22,Mobile Money,137.64,Paid,TX931467498
PAY0005647,O005647,2025-04-26,Cash,655.93,Refunded,TX283921335
PAY0005648,O005648,2025-07-25,Mobile Money,0.0,Pending,TX330196345
PAY0005649,O005649,2026-03-08,Cash,79.74,Paid,TX533943253
PAY0005650,O005650,2026-01-18,Mobile Money,0.0,Failed,TX131020230
PAY0005651,O005651,2025-06-16,Mobile Money,2090.27,Paid,TX328155951
PAY0005652,O005652,2025-05-26,Virement,0.0,Failed,TX679436542
PAY0005653,O005653,2025-08-26,Mobile Money,396.21,Paid,TX981768389
PAY0005654,O005654,2025-09-02,Virement,0.0,Failed,TX843097986
PAY0005655,O005655,2025-02-05,Carte bancaire,77.61,Paid,TX905010484
PAY0005656,O005656,2025-05-13,Carte bancaire,399.18,Refunded,TX742197530
PAY0005657,O005657,2025-03-27,Mobile Money,0.0,Failed,TX100090517
PAY0005658,O005658,2025-03-30,Mobile Money,130.65,Paid,TX106810885
PAY0005659,O005659,2025-07-14,Virement,56.43,Paid,TX783922369
PAY0005660,O005660,2025-01-22,Mobile Money,1283.65,Paid,TX281889522
PAY0005661,O005661,2026-01-08,Mobile Money,42.6,Paid,TX587314045
PAY0005662,O005662,2026-01-07,Mobile Money,349.5,Paid,TX230496416
PAY0005663,O005663,2025-05-02,Mobile Money,95.24,Paid,TX145401178
PAY0005664,O005664,2026-04-29,Mobile Money,2181.3,Paid,TX257710399
PAY0005665,O005665,2025-11-25,Mobile Money,112.75,Paid,TX768585053
PAY0005666,O005666,2025-06-23,Mobile Money,14.8,Paid,TX818360315
PAY0005667,O005667,2025-04-20,Carte bancaire,161.68,Paid,TX629999137
PAY0005668,O005668,2025-08-28,Carte bancaire,87.64,Refunded,TX113795854
PAY0005669,O005669,2026-06-12,Cash,195.84,Paid,TX349620066
PAY0005670,O005670,2025-01-05,Carte bancaire,0.0,Pending,TX820142108
PAY0005671,O005671,2025-01-12,Mobile Money,73.58,Paid,TX768415183
PAY0005672,O005672,2025-08-18,Mobile Money,168.61,Paid,TX153689560
PAY0005673,O005673,2026-05-23,Carte bancaire,1144.46,Paid,TX807592623
PAY0005674,O005674,2025-06-06,Mobile Money,308.09,Paid,TX748903763
PAY0005675,O005675,2026-02-17,Virement,142.8,Refunded,TX119740033
PAY0005676,O005676,2025-11-11,Mobile Money,54.36,Paid,TX704718435
PAY0005677,O005677,2025-04-22,Carte bancaire,81.13,Paid,TX901864939
PAY0005678,O005678,2026-05-17,Carte bancaire,163.18,Paid,TX350232287
PAY0005679,O005679,2025-04-04,Mobile Money,324.44,Paid,TX512891135
PAY0005680,O005680,2025-10-07,Carte bancaire,90.39,Paid,TX664262019
PAY0005681,O005681,2025-12-30,Mobile Money,0.0,Pending,TX818308864
PAY0005682,O005682,2026-01-06,Mobile Money,0.0,Pending,TX685173901
PAY0005683,O005683,2026-04-14,Mobile Money,643.13,Paid,TX532342233
PAY0005684,O005684,2026-01-22,Mobile Money,231.43,Paid,TX927547942
PAY0005685,O005685,2025-12-31,Mobile Money,86.87,Paid,TX893671481
PAY0005686,O005686,2025-03-27,Virement,24.76,Paid,TX743807082
PAY0005687,O005687,2025-06-18,Carte bancaire,84.88,Paid,TX697843741
PAY0005688,O005688,2025-07-12,Virement,116.4,Paid,TX882923515
PAY0005689,O005689,2025-07-26,Cash,177.86,Paid,TX382722045
PAY0005690,O005690,2025-03-07,Carte bancaire,370.96,Paid,TX609024910
PAY0005691,O005691,2025-02-22,Carte bancaire,0.0,Pending,TX325976703
PAY0005692,O005692,2025-08-31,Carte bancaire,0.0,Failed,TX730992666
PAY0005693,O005693,2026-02-03,Virement,247.81,Paid,TX702677363
PAY0005694,O005694,2026-05-03,Carte bancaire,85.01,Paid,TX418812033
PAY0005695,O005695,2026-06-02,Carte bancaire,0.0,Pending,TX948986944
PAY0005696,O005696,2025-09-22,Mobile Money,43.74,Paid,TX178455372
PAY0005697,O005697,2026-05-09,Carte bancaire,186.38,Paid,TX656952540
PAY0005698,O005698,2025-09-08,Carte bancaire,142.08,Paid,TX831960808
PAY0005699,O005699,2025-09-21,Mobile Money,296.3,Paid,TX388685128
PAY0005700,O005700,2025-04-26,Carte bancaire,69.68,Paid,TX771051905
PAY0005701,O005701,2025-12-15,Mobile Money,65.53,Paid,TX462243376
PAY0005702,O005702,2025-06-20,Carte bancaire,37.5,Paid,TX580667917
PAY0005703,O005703,2025-09-25,Carte bancaire,126.56,Paid,TX935432914
PAY0005704,O005704,2026-05-29,Carte bancaire,886.88,Paid,TX265130018
PAY0005705,O005705,2025-10-28,Carte bancaire,0.0,Pending,TX491373360
PAY0005706,O005706,2025-06-19,Mobile Money,22.66,Paid,TX114349922
PAY0005707,O005707,2026-01-06,Carte bancaire,126.01,Paid,TX135652767
PAY0005708,O005708,2026-02-05,Cash,71.33,Paid,TX253057787
PAY0005709,O005709,2025-11-30,Mobile Money,1101.01,Paid,TX687342667
PAY0005710,O005710,2025-01-28,Virement,334.61,Paid,TX861334041
PAY0005711,O005711,2025-05-05,Mobile Money,0.0,Pending,TX111411442
PAY0005712,O005712,2025-03-12,Carte bancaire,0.0,Failed,TX336800237
PAY0005713,O005713,2026-06-08,Mobile Money,4726.34,Refunded,TX468946652
PAY0005714,O005714,2025-06-21,Virement,155.14,Paid,TX597010092
PAY0005715,O005715,2025-09-19,Mobile Money,63.95,Paid,TX564716707
PAY0005716,O005716,2026-05-13,Carte bancaire,155.37,Paid,TX762765230
PAY0005717,O005717,2026-06-30,Mobile Money,28.94,Paid,TX363229479
PAY0005718,O005718,2025-05-04,Mobile Money,41.83,Paid,TX563105487
PAY0005719,O005719,2026-04-19,Cash,941.0,Paid,TX722515502
PAY0005720,O005720,2026-02-04,Mobile Money,323.04,Refunded,TX589623539
PAY0005721,O005721,2025-12-05,Mobile Money,113.27,Paid,TX211658512
PAY0005722,O005722,2025-04-02,Mobile Money,338.16,Paid,TX726594631
PAY0005723,O005723,2026-01-16,Mobile Money,448.65,Paid,TX506258445
PAY0005724,O005724,2025-12-03,Carte bancaire,200.09,Paid,TX239114138
PAY0005725,O005725,2025-09-05,Mobile Money,131.22,Paid,TX325328680
PAY0005726,O005726,2025-11-18,Carte bancaire,162.69,Paid,TX289540917
PAY0005727,O005727,2025-04-29,Mobile Money,223.85,Paid,TX756133772
PAY0005728,O005728,2025-12-08,Virement,95.12,Refunded,TX535476959
PAY0005729,O005729,2025-03-25,Mobile Money,220.99,Paid,TX825725576
PAY0005730,O005730,2025-06-08,Mobile Money,180.29,Paid,TX362117890
PAY0005731,O005731,2025-09-30,Virement,338.33,Refunded,TX517259187
PAY0005732,O005732,2025-04-01,Mobile Money,495.09,Paid,TX300078784
PAY0005733,O005733,2026-05-16,Carte bancaire,539.72,Paid,TX545898314
PAY0005734,O005734,2026-05-04,Virement,0.0,Failed,TX158826129
PAY0005735,O005735,2025-09-21,Cash,73.27,Paid,TX727912990
PAY0005736,O005736,2025-11-13,Mobile Money,163.45,Paid,TX446208682
PAY0005737,O005737,2025-06-11,Virement,35.33,Paid,TX988848458
PAY0005738,O005738,2025-04-27,Virement,66.39,Paid,TX277969185
PAY0005739,O005739,2026-06-14,Cash,175.76,Paid,TX252458653
PAY0005740,O005740,2025-08-19,Virement,102.76,Paid,TX892161120
PAY0005741,O005741,2026-06-07,Mobile Money,80.99,Paid,TX571731823
PAY0005742,O005742,2025-02-10,Cash,904.69,Paid,TX658326998
PAY0005743,O005743,2025-03-01,Mobile Money,339.44,Paid,TX615320243
PAY0005744,O005744,2025-09-19,Mobile Money,176.72,Paid,TX339429369
PAY0005745,O005745,2026-03-08,Mobile Money,0.0,Pending,TX253142659
PAY0005746,O005746,2025-08-22,Carte bancaire,598.37,Paid,TX868325380
PAY0005747,O005747,2026-04-09,Mobile Money,0.0,Pending,TX939060455
PAY0005748,O005748,2025-03-16,Mobile Money,23.64,Paid,TX210958492
PAY0005749,O005749,2026-04-17,Virement,134.45,Refunded,TX619325046
PAY0005750,O005750,2025-09-02,Carte bancaire,360.17,Paid,TX683715441
PAY0005751,O005751,2025-06-10,Carte bancaire,161.88,Paid,TX505185993
PAY0005752,O005752,2025-12-21,Virement,67.5,Paid,TX249408571
PAY0005753,O005753,2026-03-04,Cash,160.95,Paid,TX620889795
PAY0005754,O005754,2026-05-26,Mobile Money,138.63,Paid,TX281134847
PAY0005755,O005755,2025-02-17,Mobile Money,85.69,Paid,TX962258697
PAY0005756,O005756,2026-01-21,Cash,0.0,Pending,TX689716279
PAY0005757,O005757,2025-06-24,Carte bancaire,186.74,Refunded,TX191253582
PAY0005758,O005758,2025-10-05,Mobile Money,70.92,Paid,TX210312454
PAY0005759,O005759,2025-09-12,Mobile Money,0.0,Pending,TX873829343
PAY0005760,O005760,2026-02-26,Cash,0.0,Pending,TX568718917
PAY0005761,O005761,2025-08-10,Carte bancaire,263.21,Paid,TX387123703
PAY0005762,O005762,2025-06-06,Virement,83.5,Paid,TX650319840
PAY0005763,O005763,2025-09-28,Carte bancaire,249.91,Paid,TX342789999
PAY0005764,O005764,2026-01-03,Mobile Money,612.21,Paid,TX621447354
PAY0005765,O005765,2026-04-13,Virement,225.47,Paid,TX273574503
PAY0005766,O005766,2025-01-06,Mobile Money,53.34,Paid,TX646139777
PAY0005767,O005767,2025-11-11,Virement,61.01,Paid,TX464962745
PAY0005768,O005768,2025-02-09,Carte bancaire,199.71,Paid,TX503763446
PAY0005769,O005769,2025-12-07,Virement,443.51,Paid,TX498915870
PAY0005770,O005770,2025-12-13,Carte bancaire,674.64,Paid,TX215717389
PAY0005771,O005771,2026-04-17,Mobile Money,0.0,Pending,TX352487414
PAY0005772,O005772,2025-04-19,Carte bancaire,2750.45,Paid,TX524053448
PAY0005773,O005773,2026-03-15,Virement,0.0,Pending,TX582830244
PAY0005774,O005774,2026-01-15,Virement,38.52,Paid,TX286685805
PAY0005775,O005775,2025-12-31,Carte bancaire,44.99,Paid,TX422356783
PAY0005776,O005776,2025-12-17,Mobile Money,42.26,Paid,TX304385570
PAY0005777,O005777,2025-10-30,Mobile Money,73.23,Paid,TX934067028
PAY0005778,O005778,2025-02-08,Mobile Money,148.35,Paid,TX191342454
PAY0005779,O005779,2026-03-23,Cash,0.0,Pending,TX893765060
PAY0005780,O005780,2025-08-07,Carte bancaire,220.27,Paid,TX382382969
PAY0005781,O005781,2025-02-27,Carte bancaire,46.31,Paid,TX652910014
PAY0005782,O005782,2025-12-05,Carte bancaire,67.64,Paid,TX739662968
PAY0005783,O005783,2026-06-07,Mobile Money,201.84,Paid,TX565572666
PAY0005784,O005784,2026-01-28,Carte bancaire,138.63,Paid,TX483919308
PAY0005785,O005785,2025-05-15,Cash,198.55,Paid,TX514817144
PAY0005786,O005786,2026-03-24,Carte bancaire,0.0,Pending,TX463086046
PAY0005787,O005787,2026-04-13,Carte bancaire,143.85,Paid,TX884334556
PAY0005788,O005788,2025-07-01,Mobile Money,223.41,Paid,TX672089454
PAY0005789,O005789,2025-10-17,Mobile Money,482.0,Paid,TX588436236
PAY0005790,O005790,2026-04-07,Mobile Money,18.0,Paid,TX239020850
PAY0005791,O005791,2025-03-30,Mobile Money,757.38,Paid,TX466998534
PAY0005792,O005792,2025-07-15,Carte bancaire,115.48,Paid,TX877573843
PAY0005793,O005793,2025-09-09,Cash,122.5,Paid,TX920558354
PAY0005794,O005794,2025-01-04,Mobile Money,51.76,Paid,TX635637370
PAY0005795,O005795,2025-04-03,Virement,145.15,Paid,TX194487675
PAY0005796,O005796,2025-12-04,Mobile Money,117.52,Paid,TX857966217
PAY0005797,O005797,2025-05-26,Carte bancaire,43.42,Paid,TX599718760
PAY0005798,O005798,2025-05-16,Carte bancaire,211.54,Paid,TX868167548
PAY0005799,O005799,2025-06-16,Mobile Money,775.66,Paid,TX942387401
PAY0005800,O005800,2025-03-10,Mobile Money,0.0,Failed,TX646024742
PAY0005801,O005801,2025-12-17,Mobile Money,56.38,Refunded,TX443868537
PAY0005802,O005802,2025-05-25,Mobile Money,160.68,Paid,TX970952492
PAY0005803,O005803,2025-12-24,Virement,280.86,Paid,TX455604136
PAY0005804,O005804,2026-03-31,Mobile Money,1613.45,Paid,TX110652737
PAY0005805,O005805,2025-09-23,Mobile Money,760.17,Paid,TX662397464
PAY0005806,O005806,2026-05-19,Virement,17.73,Paid,TX513515574
PAY0005807,O005807,2025-04-20,Mobile Money,0.0,Failed,TX342947669
PAY0005808,O005808,2026-06-14,Mobile Money,0.0,Pending,TX833975841
PAY0005809,O005809,2025-06-27,Mobile Money,40.95,Paid,TX279406989
PAY0005810,O005810,2025-06-17,Virement,372.03,Paid,TX864506450
PAY0005811,O005811,2026-06-22,Cash,1328.53,Paid,TX890903075
PAY0005812,O005812,2025-09-11,Cash,255.69,Paid,TX571244870
PAY0005813,O005813,2026-02-17,Mobile Money,140.11,Paid,TX352049679
PAY0005814,O005814,2026-03-20,Mobile Money,0.0,Pending,TX261303726
PAY0005815,O005815,2025-09-05,Virement,815.05,Paid,TX584233324
PAY0005816,O005816,2025-06-28,Virement,0.0,Failed,TX572976155
PAY0005817,O005817,2025-10-01,Mobile Money,365.38,Paid,TX504446275
PAY0005818,O005818,2025-08-02,Carte bancaire,222.09,Paid,TX180018931
PAY0005819,O005819,2025-08-20,Mobile Money,21.2,Paid,TX780570462
PAY0005820,O005820,2025-05-13,Mobile Money,466.61,Paid,TX511975990
PAY0005821,O005821,2026-05-21,Mobile Money,0.0,Pending,TX307063108
PAY0005822,O005822,2025-11-11,Virement,101.67,Paid,TX756769278
PAY0005823,O005823,2026-03-17,Virement,108.15,Paid,TX197352077
PAY0005824,O005824,2025-12-28,Mobile Money,0.0,Pending,TX426154936
PAY0005825,O005825,2025-07-16,Mobile Money,269.13,Paid,TX318902759
PAY0005826,O005826,2025-06-26,Mobile Money,161.28,Paid,TX610150759
PAY0005827,O005827,2026-06-24,Mobile Money,948.49,Paid,TX293326009
PAY0005828,O005828,2025-01-14,Mobile Money,0.0,Failed,TX370825614
PAY0005829,O005829,2025-06-14,Mobile Money,229.69,Paid,TX142793493
PAY0005830,O005830,2026-02-08,Virement,57.68,Paid,TX397044469
PAY0005831,O005831,2025-10-27,Virement,271.44,Paid,TX155071432
PAY0005832,O005832,2025-12-08,Cash,231.62,Paid,TX588921599
PAY0005833,O005833,2025-01-12,Carte bancaire,27.91,Paid,TX247091280
PAY0005834,O005834,2025-05-02,Virement,1145.6,Paid,TX959392553
PAY0005835,O005835,2025-11-29,Virement,72.39,Paid,TX743948033
PAY0005836,O005836,2025-06-24,Carte bancaire,1179.65,Paid,TX511663751
PAY0005837,O005837,2025-09-16,Mobile Money,643.26,Paid,TX947702289
PAY0005838,O005838,2026-06-10,Mobile Money,0.0,Pending,TX445517969
PAY0005839,O005839,2025-12-16,Carte bancaire,530.23,Paid,TX464999993
PAY0005840,O005840,2025-12-15,Carte bancaire,36.73,Paid,TX996879345
PAY0005841,O005841,2025-04-22,Mobile Money,117.86,Paid,TX345082071
PAY0005842,O005842,2025-11-25,Carte bancaire,139.07,Paid,TX266026393
PAY0005843,O005843,2026-06-11,Virement,69.35,Paid,TX242888117
PAY0005844,O005844,2025-12-21,Mobile Money,541.14,Paid,TX816168658
PAY0005845,O005845,2026-03-09,Mobile Money,134.34,Refunded,TX352072951
PAY0005846,O005846,2026-06-12,Cash,42.13,Paid,TX756532519
PAY0005847,O005847,2026-05-13,Mobile Money,0.0,Pending,TX251322898
PAY0005848,O005848,2025-07-07,Mobile Money,1407.37,Paid,TX252294821
PAY0005849,O005849,2025-06-14,Carte bancaire,2673.97,Paid,TX619195859
PAY0005850,O005850,2025-06-07,Cash,191.5,Paid,TX510552122
PAY0005851,O005851,2026-03-03,Mobile Money,23.41,Paid,TX784385162
PAY0005852,O005852,2025-07-30,Mobile Money,1013.4,Paid,TX983543525
PAY0005853,O005853,2026-03-28,Mobile Money,68.71,Paid,TX550239144
PAY0005854,O005854,2026-03-19,Carte bancaire,987.74,Paid,TX972742731
PAY0005855,O005855,2026-01-02,Virement,154.48,Paid,TX758440985
PAY0005856,O005856,2025-03-11,Cash,234.88,Paid,TX420760876
PAY0005857,O005857,2026-01-29,Virement,141.9,Paid,TX217970987
PAY0005858,O005858,2025-04-24,Mobile Money,0.0,Failed,TX549882033
PAY0005859,O005859,2025-10-30,Virement,0.0,Pending,TX409745305
PAY0005860,O005860,2025-05-06,Carte bancaire,0.0,Pending,TX383639712
PAY0005861,O005861,2025-02-07,Carte bancaire,163.0,Paid,TX821428440
PAY0005862,O005862,2025-12-16,Carte bancaire,70.5,Paid,TX190058609
PAY0005863,O005863,2025-09-08,Mobile Money,185.66,Paid,TX346725067
PAY0005864,O005864,2025-12-20,Carte bancaire,30.15,Paid,TX692701101
PAY0005865,O005865,2025-09-27,Carte bancaire,93.16,Paid,TX631007063
PAY0005866,O005866,2025-07-23,Mobile Money,69.24,Paid,TX668447195
PAY0005867,O005867,2025-01-13,Carte bancaire,25.69,Refunded,TX178135903
PAY0005868,O005868,2025-06-03,Mobile Money,1047.83,Paid,TX837251999
PAY0005869,O005869,2026-05-01,Mobile Money,1589.69,Paid,TX462260011
PAY0005870,O005870,2026-02-18,Mobile Money,0.0,Failed,TX273037706
PAY0005871,O005871,2025-09-12,Cash,94.64,Paid,TX571974219
PAY0005872,O005872,2025-01-19,Mobile Money,192.03,Paid,TX249580530
PAY0005873,O005873,2026-06-25,Virement,950.23,Paid,TX453256833
PAY0005874,O005874,2026-02-13,Mobile Money,140.08,Paid,TX192149799
PAY0005875,O005875,2025-01-14,Mobile Money,118.42,Paid,TX837975551
PAY0005876,O005876,2025-04-29,Mobile Money,70.54,Paid,TX582862487
PAY0005877,O005877,2025-04-08,Mobile Money,32.7,Paid,TX343226120
PAY0005878,O005878,2026-05-10,Virement,385.61,Paid,TX247670808
PAY0005879,O005879,2026-06-10,Carte bancaire,193.67,Paid,TX308961849
PAY0005880,O005880,2025-08-17,Carte bancaire,23.91,Paid,TX282873423
PAY0005881,O005881,2025-04-11,Virement,285.8,Paid,TX135793867
PAY0005882,O005882,2025-12-19,Mobile Money,111.21,Paid,TX453245209
PAY0005883,O005883,2025-06-01,Carte bancaire,3190.96,Paid,TX842123484
PAY0005884,O005884,2025-03-09,Mobile Money,61.07,Refunded,TX214286356
PAY0005885,O005885,2025-05-22,Carte bancaire,671.41,Paid,TX513918187
PAY0005886,O005886,2025-05-24,Virement,97.23,Paid,TX881250230
PAY0005887,O005887,2025-02-03,Carte bancaire,0.0,Pending,TX398349955
PAY0005888,O005888,2026-01-22,Mobile Money,526.21,Paid,TX711290585
PAY0005889,O005889,2025-07-12,Carte bancaire,173.01,Paid,TX796005633
PAY0005890,O005890,2025-11-01,Carte bancaire,64.84,Paid,TX547218456
PAY0005891,O005891,2025-11-02,Mobile Money,314.52,Paid,TX116103485
PAY0005892,O005892,2026-02-28,Mobile Money,79.11,Paid,TX196967897
PAY0005893,O005893,2026-02-22,Carte bancaire,983.99,Paid,TX388112724
PAY0005894,O005894,2025-11-09,Virement,514.43,Paid,TX702937913
PAY0005895,O005895,2026-04-05,Carte bancaire,701.94,Paid,TX249108918
PAY0005896,O005896,2025-11-12,Carte bancaire,0.0,Failed,TX602527406
PAY0005897,O005897,2025-01-15,Virement,88.34,Paid,TX318224729
PAY0005898,O005898,2026-04-19,Virement,602.8,Paid,TX620286892
PAY0005899,O005899,2026-02-27,Mobile Money,153.97,Paid,TX361082209
PAY0005900,O005900,2025-08-23,Mobile Money,247.49,Paid,TX879301576
PAY0005901,O005901,2025-08-03,Carte bancaire,0.0,Pending,TX898069245
PAY0005902,O005902,2026-05-08,Virement,184.86,Refunded,TX271668415
PAY0005903,O005903,2025-08-23,Mobile Money,41.96,Paid,TX522825606
PAY0005904,O005904,2025-07-25,Virement,352.7,Paid,TX530249207
PAY0005905,O005905,2026-02-09,Mobile Money,96.45,Paid,TX761558324
PAY0005906,O005906,2025-06-30,Carte bancaire,75.91,Paid,TX213712124
PAY0005907,O005907,2025-08-13,Virement,804.23,Paid,TX798827577
PAY0005908,O005908,2026-03-08,Mobile Money,881.89,Refunded,TX981532360
PAY0005909,O005909,2025-05-03,Virement,68.83,Paid,TX417728858
PAY0005910,O005910,2025-01-10,Virement,0.0,Pending,TX905703584
PAY0005911,O005911,2025-07-04,Mobile Money,241.14,Paid,TX256680129
PAY0005912,O005912,2025-04-07,Mobile Money,0.0,Pending,TX290557038
PAY0005913,O005913,2025-07-22,Virement,122.9,Paid,TX922476132
PAY0005914,O005914,2025-02-11,Cash,1014.65,Refunded,TX966119085
PAY0005915,O005915,2025-11-22,Carte bancaire,71.35,Paid,TX571806235
PAY0005916,O005916,2025-10-11,Mobile Money,187.99,Paid,TX617044384
PAY0005917,O005917,2025-05-31,Mobile Money,344.59,Refunded,TX912764282
PAY0005918,O005918,2025-12-11,Mobile Money,66.5,Paid,TX996370581
PAY0005919,O005919,2025-03-25,Carte bancaire,43.5,Paid,TX441273741
PAY0005920,O005920,2025-01-07,Carte bancaire,173.36,Paid,TX454896125
PAY0005921,O005921,2025-09-23,Carte bancaire,114.27,Paid,TX614335605
PAY0005922,O005922,2025-03-31,Virement,532.04,Paid,TX754971377
PAY0005923,O005923,2026-04-19,Mobile Money,0.0,Pending,TX502104502
PAY0005924,O005924,2025-06-17,Mobile Money,109.75,Refunded,TX971623495
PAY0005925,O005925,2025-08-26,Mobile Money,89.29,Paid,TX581719872
PAY0005926,O005926,2025-06-11,Virement,0.0,Failed,TX458020135
PAY0005927,O005927,2025-08-30,Carte bancaire,35.83,Paid,TX253633697
PAY0005928,O005928,2025-02-26,Virement,218.4,Paid,TX662910249
PAY0005929,O005929,2026-05-30,Mobile Money,57.86,Paid,TX507146910
PAY0005930,O005930,2025-04-06,Virement,238.99,Paid,TX314766069
PAY0005931,O005931,2025-08-07,Carte bancaire,60.91,Paid,TX971884131
PAY0005932,O005932,2026-04-13,Mobile Money,27.8,Paid,TX449884487
PAY0005933,O005933,2025-08-26,Virement,0.0,Failed,TX799905952
PAY0005934,O005934,2026-01-19,Mobile Money,30.51,Paid,TX611357864
PAY0005935,O005935,2025-02-09,Virement,251.28,Paid,TX267335269
PAY0005936,O005936,2025-06-15,Carte bancaire,229.08,Paid,TX983563316
PAY0005937,O005937,2026-02-25,Carte bancaire,242.48,Paid,TX381571544
PAY0005938,O005938,2025-05-29,Carte bancaire,147.39,Paid,TX457255202
PAY0005939,O005939,2025-08-17,Cash,59.68,Paid,TX325451442
PAY0005940,O005940,2025-02-17,Carte bancaire,74.22,Paid,TX729914892
PAY0005941,O005941,2025-10-04,Mobile Money,41.12,Paid,TX935028997
PAY0005942,O005942,2025-07-13,Cash,820.58,Paid,TX442174480
PAY0005943,O005943,2026-04-21,Mobile Money,25.75,Paid,TX994279783
PAY0005944,O005944,2025-08-10,Carte bancaire,291.62,Paid,TX679259179
PAY0005945,O005945,2026-04-01,Virement,494.59,Paid,TX659974739
PAY0005946,O005946,2026-05-14,Mobile Money,36.22,Paid,TX362665715
PAY0005947,O005947,2026-04-07,Mobile Money,76.95,Paid,TX946062617
PAY0005948,O005948,2026-02-15,Virement,196.09,Paid,TX846108195
PAY0005949,O005949,2025-11-19,Mobile Money,49.86,Paid,TX674099329
PAY0005950,O005950,2025-09-23,Carte bancaire,106.81,Paid,TX235476028
PAY0005951,O005951,2025-02-18,Mobile Money,149.7,Paid,TX716219937
PAY0005952,O005952,2025-03-17,Mobile Money,134.67,Paid,TX956454121
PAY0005953,O005953,2025-07-31,Virement,1315.64,Paid,TX172515477
PAY0005954,O005954,2025-12-29,Cash,2404.49,Paid,TX323281518
PAY0005955,O005955,2025-01-04,Carte bancaire,2039.3,Paid,TX298642796
PAY0005956,O005956,2026-05-29,Mobile Money,34.75,Paid,TX718633586
PAY0005957,O005957,2026-07-01,Mobile Money,58.62,Paid,TX186322540
PAY0005958,O005958,2025-02-16,Mobile Money,196.8,Paid,TX592186558
PAY0005959,O005959,2025-02-25,Virement,41.15,Paid,TX693759372
PAY0005960,O005960,2026-04-11,Virement,42.78,Paid,TX257920898
PAY0005961,O005961,2025-04-21,Mobile Money,0.0,Pending,TX795735136
PAY0005962,O005962,2025-04-12,Mobile Money,24.49,Paid,TX432531041
PAY0005963,O005963,2025-04-15,Carte bancaire,491.5,Paid,TX612406136
PAY0005964,O005964,2026-01-23,Virement,87.77,Paid,TX858730321
PAY0005965,O005965,2025-03-17,Carte bancaire,55.55,Paid,TX757520914
PAY0005966,O005966,2025-04-14,Carte bancaire,262.31,Paid,TX418961132
PAY0005967,O005967,2025-08-06,Carte bancaire,833.72,Paid,TX713980293
PAY0005968,O005968,2025-11-29,Mobile Money,40.34,Paid,TX790171783
PAY0005969,O005969,2026-06-29,Carte bancaire,79.79,Paid,TX482239193
PAY0005970,O005970,2025-05-13,Mobile Money,151.27,Paid,TX153237756
PAY0005971,O005971,2025-05-24,Mobile Money,443.82,Paid,TX725937282
PAY0005972,O005972,2025-10-25,Mobile Money,122.49,Paid,TX342290646
PAY0005973,O005973,2025-08-18,Carte bancaire,305.93,Refunded,TX695794365
PAY0005974,O005974,2025-11-26,Cash,0.0,Pending,TX307829760
PAY0005975,O005975,2025-05-20,Mobile Money,297.37,Paid,TX347016565
PAY0005976,O005976,2025-12-08,Carte bancaire,0.0,Failed,TX218796408
PAY0005977,O005977,2026-05-25,Virement,143.91,Paid,TX321005988
PAY0005978,O005978,2026-01-11,Virement,109.82,Refunded,TX860495584
PAY0005979,O005979,2026-02-09,Mobile Money,83.9,Paid,TX244826092
PAY0005980,O005980,2025-02-08,Carte bancaire,94.83,Refunded,TX461658887
PAY0005981,O005981,2026-05-14,Mobile Money,174.09,Paid,TX361161487
PAY0005982,O005982,2026-01-24,Virement,0.0,Pending,TX995852603
PAY0005983,O005983,2025-12-13,Carte bancaire,1521.83,Paid,TX478119932
PAY0005984,O005984,2025-03-26,Carte bancaire,0.0,Failed,TX254485056
PAY0005985,O005985,2025-11-02,Mobile Money,0.0,Pending,TX508219923
PAY0005986,O005986,2026-01-09,Mobile Money,311.46,Paid,TX343230581
PAY0005987,O005987,2025-12-08,Mobile Money,17.17,Paid,TX151339429
PAY0005988,O005988,2025-03-10,Mobile Money,416.91,Paid,TX195013719
PAY0005989,O005989,2025-01-23,Virement,189.93,Paid,TX713636396
PAY0005990,O005990,2025-09-21,Mobile Money,0.0,Failed,TX901515722
PAY0005991,O005991,2026-02-02,Mobile Money,199.88,Paid,TX949287912
PAY0005992,O005992,2025-08-01,Carte bancaire,129.81,Paid,TX355375333
PAY0005993,O005993,2026-01-12,Mobile Money,382.93,Paid,TX873714565
PAY0005994,O005994,2026-06-18,Mobile Money,94.16,Paid,TX939270771
PAY0005995,O005995,2026-05-06,Mobile Money,728.26,Paid,TX617386793
PAY0005996,O005996,2025-12-15,Cash,48.46,Paid,TX279057083
PAY0005997,O005997,2026-02-07,Cash,1229.08,Paid,TX640972611
PAY0005998,O005998,2025-02-20,Mobile Money,224.27,Paid,TX842901811
PAY0005999,O005999,2025-02-20,Mobile Money,212.08,Paid,TX877248516
PAY0006000,O006000,2026-01-22,Carte bancaire,844.33,Paid,TX332997115
PAY0006001,O006001,2026-03-19,Virement,701.94,Paid,TX543643874
PAY0006002,O006002,2025-04-17,Mobile Money,2292.18,Paid,TX679383529
PAY0006003,O006003,2025-11-23,Carte bancaire,174.75,Paid,TX135298284
PAY0006004,O006004,2025-06-09,Mobile Money,1185.62,Refunded,TX479411643
PAY0006005,O006005,2025-03-03,Mobile Money,39.29,Paid,TX350698182
PAY0006006,O006006,2025-07-29,Carte bancaire,239.61,Paid,TX327823044
PAY0006007,O006007,2025-09-06,Mobile Money,0.0,Failed,TX438052286
PAY0006008,O006008,2026-03-05,Carte bancaire,0.0,Pending,TX501773067
PAY0006009,O006009,2026-04-22,Mobile Money,839.83,Paid,TX548426226
PAY0006010,O006010,2026-06-05,Mobile Money,47.91,Paid,TX367253797
PAY0006011,O006011,2025-03-02,Mobile Money,78.52,Paid,TX210946398
PAY0006012,O006012,2026-05-25,Mobile Money,886.93,Paid,TX292459878
PAY0006013,O006013,2025-10-14,Carte bancaire,0.0,Pending,TX481122009
PAY0006014,O006014,2025-04-07,Mobile Money,96.79,Paid,TX939184634
PAY0006015,O006015,2025-12-22,Carte bancaire,59.04,Paid,TX467850198
PAY0006016,O006016,2025-02-07,Virement,1359.47,Paid,TX322120251
PAY0006017,O006017,2025-09-12,Virement,197.12,Paid,TX732553185
PAY0006018,O006018,2026-04-02,Cash,745.48,Paid,TX245504597
PAY0006019,O006019,2026-06-17,Mobile Money,318.11,Refunded,TX162063051
PAY0006020,O006020,2025-06-10,Cash,0.0,Pending,TX381760124
PAY0006021,O006021,2025-04-10,Virement,319.46,Refunded,TX497487772
PAY0006022,O006022,2025-11-18,Mobile Money,185.42,Paid,TX339051873
PAY0006023,O006023,2025-03-29,Mobile Money,71.83,Paid,TX625143496
PAY0006024,O006024,2026-06-23,Mobile Money,109.81,Paid,TX716867194
PAY0006025,O006025,2025-07-02,Virement,0.0,Failed,TX708072584
PAY0006026,O006026,2025-04-13,Carte bancaire,122.78,Paid,TX912233308
PAY0006027,O006027,2025-05-14,Mobile Money,55.11,Paid,TX881352177
PAY0006028,O006028,2025-07-26,Virement,220.55,Paid,TX482658936
PAY0006029,O006029,2026-02-14,Virement,0.0,Pending,TX187402949
PAY0006030,O006030,2026-04-23,Carte bancaire,170.3,Paid,TX673160179
PAY0006031,O006031,2026-02-09,Mobile Money,207.85,Paid,TX880690664
PAY0006032,O006032,2025-12-25,Mobile Money,0.0,Failed,TX600217131
PAY0006033,O006033,2025-05-31,Virement,0.0,Failed,TX623274857
PAY0006034,O006034,2026-05-31,Virement,177.69,Paid,TX536458023
PAY0006035,O006035,2026-07-03,Carte bancaire,25.43,Paid,TX734854988
PAY0006036,O006036,2025-12-15,Carte bancaire,600.31,Paid,TX926873781
PAY0006037,O006037,2026-03-08,Mobile Money,992.44,Paid,TX566788334
PAY0006038,O006038,2025-06-18,Carte bancaire,217.17,Paid,TX120977568
PAY0006039,O006039,2025-09-07,Mobile Money,34.77,Refunded,TX260963937
PAY0006040,O006040,2026-03-19,Cash,0.0,Pending,TX731830977
PAY0006041,O006041,2025-08-22,Mobile Money,44.11,Paid,TX702461922
PAY0006042,O006042,2026-02-25,Mobile Money,40.96,Paid,TX868182822
PAY0006043,O006043,2026-04-17,Mobile Money,0.0,Failed,TX516983954
PAY0006044,O006044,2026-05-30,Cash,73.93,Paid,TX114993135
PAY0006045,O006045,2025-06-12,Cash,456.0,Paid,TX495991950
PAY0006046,O006046,2025-09-22,Virement,133.37,Paid,TX421235147
PAY0006047,O006047,2025-07-31,Carte bancaire,98.73,Paid,TX417798822
PAY0006048,O006048,2025-10-07,Carte bancaire,29.91,Paid,TX856478115
PAY0006049,O006049,2026-02-16,Carte bancaire,920.68,Paid,TX964919532
PAY0006050,O006050,2025-07-01,Mobile Money,130.7,Paid,TX155170051
PAY0006051,O006051,2025-05-09,Mobile Money,400.59,Paid,TX900943765
PAY0006052,O006052,2025-05-28,Mobile Money,271.32,Paid,TX948822491
PAY0006053,O006053,2026-02-28,Mobile Money,1475.12,Paid,TX883705408
PAY0006054,O006054,2026-07-05,Carte bancaire,188.44,Paid,TX179028522
PAY0006055,O006055,2025-02-28,Mobile Money,492.43,Refunded,TX429334733
PAY0006056,O006056,2026-06-24,Carte bancaire,876.2,Paid,TX635234881
PAY0006057,O006057,2025-01-21,Virement,129.1,Paid,TX241050786
PAY0006058,O006058,2025-10-19,Virement,270.15,Paid,TX311970929
PAY0006059,O006059,2025-03-16,Mobile Money,294.84,Paid,TX404069739
PAY0006060,O006060,2026-06-09,Mobile Money,63.82,Paid,TX666979475
PAY0006061,O006061,2026-02-24,Mobile Money,108.21,Paid,TX558076821
PAY0006062,O006062,2025-07-18,Carte bancaire,77.5,Refunded,TX359682630
PAY0006063,O006063,2026-01-14,Mobile Money,1451.43,Paid,TX274027546
PAY0006064,O006064,2026-04-14,Virement,133.42,Paid,TX219455560
PAY0006065,O006065,2025-05-04,Carte bancaire,1089.8,Paid,TX342853852
PAY0006066,O006066,2025-12-17,Carte bancaire,411.85,Paid,TX402826613
PAY0006067,O006067,2025-06-16,Mobile Money,83.1,Paid,TX849554584
PAY0006068,O006068,2026-01-28,Mobile Money,0.0,Pending,TX454011637
PAY0006069,O006069,2025-11-10,Virement,1082.18,Refunded,TX893475219
PAY0006070,O006070,2026-02-01,Carte bancaire,1720.15,Refunded,TX339891901
PAY0006071,O006071,2025-12-17,Mobile Money,278.12,Paid,TX835763053
PAY0006072,O006072,2025-12-16,Virement,170.85,Paid,TX497519067
PAY0006073,O006073,2025-02-18,Mobile Money,30.58,Paid,TX896842956
PAY0006074,O006074,2026-04-14,Carte bancaire,88.15,Paid,TX618730836
PAY0006075,O006075,2025-04-05,Carte bancaire,113.53,Paid,TX617554607
PAY0006076,O006076,2025-08-07,Cash,171.1,Paid,TX811932863
PAY0006077,O006077,2025-10-09,Virement,227.73,Paid,TX226231391
PAY0006078,O006078,2026-04-15,Mobile Money,0.0,Pending,TX997318309
PAY0006079,O006079,2025-12-14,Carte bancaire,378.45,Paid,TX503449840
PAY0006080,O006080,2025-04-14,Carte bancaire,771.59,Refunded,TX396732544
PAY0006081,O006081,2025-06-08,Mobile Money,83.92,Paid,TX410512121
PAY0006082,O006082,2025-04-22,Virement,193.65,Paid,TX867841000
PAY0006083,O006083,2025-11-21,Mobile Money,141.75,Paid,TX601802872
PAY0006084,O006084,2026-02-02,Carte bancaire,0.0,Failed,TX758289796
PAY0006085,O006085,2026-01-27,Mobile Money,47.92,Paid,TX244876659
PAY0006086,O006086,2026-02-18,Mobile Money,0.0,Pending,TX776847800
PAY0006087,O006087,2026-01-23,Mobile Money,168.44,Paid,TX473048173
PAY0006088,O006088,2026-05-12,Mobile Money,218.61,Paid,TX419494214
PAY0006089,O006089,2026-05-12,Cash,286.6,Paid,TX589615713
PAY0006090,O006090,2025-06-04,Carte bancaire,0.0,Failed,TX556794121
PAY0006091,O006091,2025-06-20,Mobile Money,0.0,Pending,TX703104125
PAY0006092,O006092,2025-01-31,Mobile Money,336.72,Paid,TX118114336
PAY0006093,O006093,2025-05-30,Cash,254.1,Refunded,TX807448231
PAY0006094,O006094,2025-10-10,Carte bancaire,81.19,Paid,TX743619586
PAY0006095,O006095,2025-12-29,Carte bancaire,0.0,Pending,TX131263690
PAY0006096,O006096,2026-04-27,Carte bancaire,87.12,Paid,TX692218366
PAY0006097,O006097,2025-11-25,Mobile Money,117.69,Paid,TX798572122
PAY0006098,O006098,2026-06-20,Mobile Money,67.28,Paid,TX884582438
PAY0006099,O006099,2025-10-31,Mobile Money,740.45,Paid,TX894894377
PAY0006100,O006100,2026-04-19,Carte bancaire,149.24,Paid,TX583417896
PAY0006101,O006101,2026-03-23,Mobile Money,178.27,Paid,TX423007084
PAY0006102,O006102,2025-09-30,Mobile Money,622.8,Paid,TX748522815
PAY0006103,O006103,2026-04-28,Cash,887.5,Paid,TX969480914
PAY0006104,O006104,2026-04-19,Mobile Money,47.6,Refunded,TX192767111
PAY0006105,O006105,2025-06-23,Mobile Money,0.0,Failed,TX257502537
PAY0006106,O006106,2025-04-28,Mobile Money,550.51,Paid,TX986605717
PAY0006107,O006107,2025-03-08,Mobile Money,142.5,Paid,TX873261502
PAY0006108,O006108,2026-05-20,Carte bancaire,168.02,Paid,TX686614687
PAY0006109,O006109,2025-09-03,Carte bancaire,141.65,Paid,TX101366769
PAY0006110,O006110,2025-11-09,Mobile Money,46.53,Paid,TX169761039
PAY0006111,O006111,2025-06-03,Mobile Money,60.73,Paid,TX356505521
PAY0006112,O006112,2025-08-04,Carte bancaire,1042.37,Paid,TX428708268
PAY0006113,O006113,2025-08-12,Virement,42.3,Paid,TX425582664
PAY0006114,O006114,2025-11-19,Mobile Money,73.37,Paid,TX614494339
PAY0006115,O006115,2025-04-09,Carte bancaire,0.0,Failed,TX546199771
PAY0006116,O006116,2026-03-06,Cash,927.33,Paid,TX943484663
PAY0006117,O006117,2025-08-06,Mobile Money,252.71,Paid,TX910072558
PAY0006118,O006118,2025-05-13,Carte bancaire,208.86,Paid,TX857683367
PAY0006119,O006119,2025-01-10,Carte bancaire,134.42,Paid,TX857234703
PAY0006120,O006120,2025-02-25,Mobile Money,0.0,Pending,TX190552866
PAY0006121,O006121,2025-05-29,Cash,47.8,Paid,TX329792397
PAY0006122,O006122,2026-02-07,Virement,31.13,Paid,TX772900066
PAY0006123,O006123,2026-04-15,Mobile Money,0.0,Failed,TX108453377
PAY0006124,O006124,2026-06-07,Carte bancaire,42.63,Refunded,TX718832076
PAY0006125,O006125,2025-06-15,Mobile Money,570.77,Paid,TX565173753
PAY0006126,O006126,2025-12-18,Mobile Money,0.0,Pending,TX813765095
PAY0006127,O006127,2025-05-31,Virement,55.71,Paid,TX955534295
PAY0006128,O006128,2025-03-24,Carte bancaire,329.65,Refunded,TX425022583
PAY0006129,O006129,2025-10-26,Mobile Money,198.63,Paid,TX808595798
PAY0006130,O006130,2025-12-20,Virement,278.81,Paid,TX972737353
PAY0006131,O006131,2026-02-23,Mobile Money,39.96,Paid,TX907898724
PAY0006132,O006132,2025-03-05,Mobile Money,169.64,Paid,TX179242186
PAY0006133,O006133,2026-02-18,Mobile Money,0.0,Pending,TX989870161
PAY0006134,O006134,2025-06-19,Cash,531.9,Paid,TX988418446
PAY0006135,O006135,2025-06-03,Mobile Money,405.61,Paid,TX305025173
PAY0006136,O006136,2025-01-20,Mobile Money,402.1,Paid,TX442785496
PAY0006137,O006137,2025-04-23,Carte bancaire,98.8,Paid,TX968807015
PAY0006138,O006138,2025-09-26,Carte bancaire,83.63,Paid,TX633372876
PAY0006139,O006139,2025-04-16,Mobile Money,0.0,Failed,TX536773603
PAY0006140,O006140,2025-06-27,Cash,3564.74,Paid,TX224519638
PAY0006141,O006141,2025-10-21,Mobile Money,0.0,Pending,TX247752653
PAY0006142,O006142,2025-02-24,Mobile Money,976.66,Paid,TX617698665
PAY0006143,O006143,2026-04-26,Cash,60.62,Paid,TX191356099
PAY0006144,O006144,2025-06-20,Mobile Money,358.96,Paid,TX271749154
PAY0006145,O006145,2026-02-22,Cash,60.54,Paid,TX578260662
PAY0006146,O006146,2025-12-21,Virement,228.74,Paid,TX454960043
PAY0006147,O006147,2026-02-16,Virement,144.42,Paid,TX500340376
PAY0006148,O006148,2025-06-09,Mobile Money,39.33,Paid,TX640814839
PAY0006149,O006149,2025-04-08,Mobile Money,28.68,Paid,TX893085980
PAY0006150,O006150,2025-03-21,Mobile Money,0.0,Pending,TX216593798
PAY0006151,O006151,2025-05-07,Mobile Money,586.88,Paid,TX482125077
PAY0006152,O006152,2025-10-26,Virement,303.09,Paid,TX393488942
PAY0006153,O006153,2025-12-11,Mobile Money,194.15,Paid,TX906666789
PAY0006154,O006154,2026-02-20,Mobile Money,898.77,Paid,TX643895369
PAY0006155,O006155,2026-06-14,Mobile Money,721.26,Paid,TX816670611
PAY0006156,O006156,2026-04-03,Carte bancaire,418.81,Paid,TX600621231
PAY0006157,O006157,2025-07-17,Mobile Money,78.82,Paid,TX420734288
PAY0006158,O006158,2025-09-16,Virement,1172.41,Paid,TX595685196
PAY0006159,O006159,2026-06-09,Mobile Money,168.7,Paid,TX173335436
PAY0006160,O006160,2026-01-28,Carte bancaire,0.0,Pending,TX334729164
PAY0006161,O006161,2025-08-20,Virement,171.5,Paid,TX452006620
PAY0006162,O006162,2026-04-02,Carte bancaire,97.95,Paid,TX626481794
PAY0006163,O006163,2025-03-18,Virement,35.29,Paid,TX214354120
PAY0006164,O006164,2026-01-08,Virement,193.32,Paid,TX549434685
PAY0006165,O006165,2026-06-04,Mobile Money,552.64,Paid,TX154269060
PAY0006166,O006166,2025-10-18,Mobile Money,41.81,Refunded,TX595274967
PAY0006167,O006167,2025-12-04,Virement,216.8,Refunded,TX230493491
PAY0006168,O006168,2025-02-05,Carte bancaire,664.73,Paid,TX169940365
PAY0006169,O006169,2025-11-29,Cash,585.29,Paid,TX869101769
PAY0006170,O006170,2025-06-08,Mobile Money,214.27,Paid,TX927732474
PAY0006171,O006171,2026-07-02,Cash,115.99,Paid,TX865732110
PAY0006172,O006172,2025-06-25,Cash,359.84,Paid,TX342559052
PAY0006173,O006173,2025-06-24,Mobile Money,429.71,Refunded,TX143088520
PAY0006174,O006174,2025-08-05,Mobile Money,584.38,Paid,TX118632310
PAY0006175,O006175,2026-01-20,Mobile Money,115.09,Paid,TX486647375
PAY0006176,O006176,2026-06-07,Mobile Money,198.39,Paid,TX248725824
PAY0006177,O006177,2025-07-12,Mobile Money,0.0,Failed,TX903051659
PAY0006178,O006178,2025-04-27,Mobile Money,312.95,Paid,TX659865600
PAY0006179,O006179,2026-02-24,Virement,0.0,Failed,TX107268280
PAY0006180,O006180,2025-10-27,Mobile Money,0.0,Pending,TX179305773
PAY0006181,O006181,2025-09-08,Virement,665.01,Paid,TX688574450
PAY0006182,O006182,2026-06-28,Mobile Money,107.65,Paid,TX185590375
PAY0006183,O006183,2025-10-03,Virement,361.27,Paid,TX606420391
PAY0006184,O006184,2025-12-07,Mobile Money,160.55,Paid,TX476909874
PAY0006185,O006185,2026-06-22,Mobile Money,1099.2,Paid,TX270345926
PAY0006186,O006186,2025-04-29,Virement,130.5,Paid,TX470418903
PAY0006187,O006187,2026-05-10,Mobile Money,208.64,Refunded,TX889186854
PAY0006188,O006188,2026-06-12,Mobile Money,1310.67,Paid,TX469586941
PAY0006189,O006189,2025-09-17,Mobile Money,0.0,Pending,TX937266275
PAY0006190,O006190,2025-07-07,Carte bancaire,0.0,Pending,TX497701470
PAY0006191,O006191,2025-04-02,Carte bancaire,122.32,Paid,TX672592903
PAY0006192,O006192,2025-01-31,Mobile Money,737.01,Paid,TX675875786
PAY0006193,O006193,2026-06-24,Cash,273.94,Paid,TX636322921
PAY0006194,O006194,2025-08-28,Mobile Money,0.0,Failed,TX509431289
PAY0006195,O006195,2026-01-04,Virement,62.33,Paid,TX923651947
PAY0006196,O006196,2025-05-13,Carte bancaire,140.21,Paid,TX299304506
PAY0006197,O006197,2025-06-30,Mobile Money,273.37,Paid,TX262457126
PAY0006198,O006198,2026-03-25,Carte bancaire,111.62,Paid,TX508264651
PAY0006199,O006199,2025-12-27,Carte bancaire,76.06,Pending,TX942669208
PAY0006200,O006200,2025-05-04,Carte bancaire,0.0,Pending,TX641966426
PAY0006201,O006201,2025-01-04,Carte bancaire,147.78,Paid,TX303677828
PAY0006202,O006202,2026-03-30,Carte bancaire,78.7,Paid,TX713519945
PAY0006203,O006203,2025-02-13,Carte bancaire,50.1,Paid,TX930340406
PAY0006204,O006204,2025-01-21,Mobile Money,379.14,Refunded,TX644558418
PAY0006205,O006205,2025-06-16,Carte bancaire,191.26,Paid,TX292349290
PAY0006206,O006206,2026-05-29,Mobile Money,478.24,Paid,TX367469806
PAY0006207,O006207,2025-12-20,Cash,150.53,Paid,TX272806711
PAY0006208,O006208,2025-01-27,Virement,0.0,Failed,TX400792035
PAY0006209,O006209,2026-05-21,Mobile Money,806.39,Paid,TX650516969
PAY0006210,O006210,2026-06-03,Virement,118.67,Paid,TX597758798
PAY0006211,O006211,2026-01-21,Carte bancaire,230.35,Paid,TX292118346
PAY0006212,O006212,2025-02-13,Carte bancaire,411.4,Paid,TX177832666
PAY0006213,O006213,2025-01-09,Mobile Money,83.43,Paid,TX677081846
PAY0006214,O006214,2026-04-24,Virement,0.0,Pending,TX311245665
PAY0006215,O006215,2026-03-31,Mobile Money,0.0,Pending,TX134419282
PAY0006216,O006216,2026-04-03,Virement,582.69,Refunded,TX717765348
PAY0006217,O006217,2025-09-27,Mobile Money,44.1,Paid,TX278165903
PAY0006218,O006218,2025-11-24,Mobile Money,0.0,Pending,TX951154943
PAY0006219,O006219,2025-04-08,Carte bancaire,17.39,Paid,TX886493044
PAY0006220,O006220,2025-01-23,Mobile Money,1129.35,Paid,TX856687216
PAY0006221,O006221,2025-05-02,Mobile Money,153.99,Paid,TX783326261
PAY0006222,O006222,2025-12-11,Carte bancaire,70.72,Paid,TX561640356
PAY0006223,O006223,2025-08-10,Mobile Money,59.07,Paid,TX273518697
PAY0006224,O006224,2025-12-05,Mobile Money,96.0,Paid,TX541174023
PAY0006225,O006225,2025-09-01,Carte bancaire,109.75,Paid,TX420519571
PAY0006226,O006226,2025-11-04,Mobile Money,876.91,Paid,TX536024469
PAY0006227,O006227,2026-06-09,Mobile Money,116.25,Paid,TX373820053
PAY0006228,O006228,2025-12-15,Mobile Money,125.61,Paid,TX607565823
PAY0006229,O006229,2026-06-10,Carte bancaire,127.02,Paid,TX747738378
PAY0006230,O006230,2026-06-18,Carte bancaire,20.32,Paid,TX434614438
PAY0006231,O006231,2025-12-05,Carte bancaire,0.0,Pending,TX571716631
PAY0006232,O006232,2026-07-01,Cash,456.8,Paid,TX696481622
PAY0006233,O006233,2025-05-19,Mobile Money,0.0,Pending,TX421680392
PAY0006234,O006234,2025-10-17,Virement,0.0,Pending,TX320963888
PAY0006235,O006235,2025-02-14,Carte bancaire,555.8,Paid,TX203802604
PAY0006236,O006236,2025-02-21,Carte bancaire,632.44,Paid,TX448577573
PAY0006237,O006237,2025-03-14,Carte bancaire,0.0,Pending,TX860939556
PAY0006238,O006238,2025-03-17,Mobile Money,1075.05,Refunded,TX591213892
PAY0006239,O006239,2025-08-14,Mobile Money,188.38,Paid,TX895271327
PAY0006240,O006240,2026-02-03,Carte bancaire,303.8,Pending,TX935446168
PAY0006241,O006241,2026-06-29,Mobile Money,451.33,Paid,TX157168155
PAY0006242,O006242,2026-06-25,Mobile Money,164.41,Refunded,TX598199018
PAY0006243,O006243,2025-04-12,Carte bancaire,1703.93,Refunded,TX728037245
PAY0006244,O006244,2025-08-28,Carte bancaire,548.2,Paid,TX642655664
PAY0006245,O006245,2025-08-27,Carte bancaire,538.38,Refunded,TX206525527
PAY0006246,O006246,2025-02-27,Carte bancaire,758.0,Paid,TX548364984
PAY0006247,O006247,2025-01-26,Virement,1140.95,Paid,TX262361745
PAY0006248,O006248,2025-07-14,Carte bancaire,0.0,Pending,TX647981436
PAY0006249,O006249,2026-04-17,Carte bancaire,65.06,Paid,TX515538708
PAY0006250,O006250,2025-07-30,Mobile Money,2107.25,Paid,TX701907130
PAY0006251,O006251,2025-07-31,Mobile Money,197.25,Paid,TX997258530
PAY0006252,O006252,2026-07-05,Carte bancaire,184.08,Paid,TX204159393
PAY0006253,O006253,2025-07-29,Carte bancaire,338.27,Paid,TX111812982
PAY0006254,O006254,2026-01-16,Mobile Money,0.0,Pending,TX314500726
PAY0006255,O006255,2026-06-24,Carte bancaire,0.0,Failed,TX314952324
PAY0006256,O006256,2025-03-10,Mobile Money,0.0,Pending,TX207847851
PAY0006257,O006257,2025-10-11,Virement,764.89,Paid,TX581340167
PAY0006258,O006258,2025-07-08,Mobile Money,0.0,Failed,TX506021593
PAY0006259,O006259,2025-03-08,Carte bancaire,315.71,Paid,TX322319641
PAY0006260,O006260,2025-01-28,Cash,172.26,Paid,TX917541984
PAY0006261,O006261,2025-12-25,Carte bancaire,82.05,Paid,TX725813253
PAY0006262,O006262,2025-12-26,Carte bancaire,0.0,Pending,TX684943956
PAY0006263,O006263,2025-11-08,Mobile Money,0.0,Pending,TX275270519
PAY0006264,O006264,2026-01-08,Mobile Money,179.11,Paid,TX953787127
PAY0006265,O006265,2026-01-30,Cash,370.64,Refunded,TX528266914
PAY0006266,O006266,2025-02-05,Virement,41.74,Paid,TX889598865
PAY0006267,O006267,2025-01-22,Virement,0.0,Failed,TX388473511
PAY0006268,O006268,2025-07-04,Cash,76.41,Paid,TX388793972
PAY0006269,O006269,2025-11-09,Mobile Money,42.95,Paid,TX791594647
PAY0006270,O006270,2026-05-13,Virement,162.78,Paid,TX789669105
PAY0006271,O006271,2026-06-22,Mobile Money,90.66,Refunded,TX764034809
PAY0006272,O006272,2026-03-31,Carte bancaire,47.7,Paid,TX886279878
PAY0006273,O006273,2025-06-11,Carte bancaire,391.14,Paid,TX678115641
PAY0006274,O006274,2025-11-12,Carte bancaire,554.1,Refunded,TX179302542
PAY0006275,O006275,2025-03-08,Mobile Money,0.0,Pending,TX357673963
PAY0006276,O006276,2025-09-25,Virement,529.68,Paid,TX139665599
PAY0006277,O006277,2025-02-24,Carte bancaire,157.39,Paid,TX108949169
PAY0006278,O006278,2026-07-03,Cash,33.44,Paid,TX560481522
PAY0006279,O006279,2025-09-08,Mobile Money,0.0,Failed,TX774703452
PAY0006280,O006280,2026-01-31,Mobile Money,1563.96,Paid,TX683702852
PAY0006281,O006281,2025-03-01,Virement,1631.02,Paid,TX701541817
PAY0006282,O006282,2026-06-10,Virement,74.88,Paid,TX951383262
PAY0006283,O006283,2025-10-16,Mobile Money,318.11,Refunded,TX949460892
PAY0006284,O006284,2025-02-09,Mobile Money,86.3,Paid,TX280001112
PAY0006285,O006285,2025-07-23,Mobile Money,0.0,Pending,TX927897907
PAY0006286,O006286,2025-04-29,Virement,108.5,Paid,TX164274596
PAY0006287,O006287,2025-02-10,Carte bancaire,95.6,Paid,TX149286957
PAY0006288,O006288,2025-01-18,Mobile Money,47.75,Paid,TX975333939
PAY0006289,O006289,2026-01-30,Mobile Money,159.5,Paid,TX719190407
PAY0006290,O006290,2026-04-23,Mobile Money,316.83,Paid,TX510275858
PAY0006291,O006291,2025-12-28,Mobile Money,0.0,Failed,TX998412363
PAY0006292,O006292,2026-01-19,Cash,322.58,Paid,TX318082240
PAY0006293,O006293,2025-01-22,Cash,247.08,Paid,TX694037798
PAY0006294,O006294,2025-04-10,Carte bancaire,206.75,Paid,TX987537512
PAY0006295,O006295,2025-01-22,Cash,544.36,Paid,TX599780484
PAY0006296,O006296,2026-06-21,Virement,158.42,Paid,TX592154884
PAY0006297,O006297,2026-02-09,Virement,321.4,Paid,TX664238446
PAY0006298,O006298,2026-06-09,Mobile Money,28.03,Paid,TX319584477
PAY0006299,O006299,2026-05-13,Carte bancaire,40.6,Paid,TX932667174
PAY0006300,O006300,2025-05-08,Cash,0.0,Pending,TX264029175
PAY0006301,O006301,2025-10-11,Virement,63.26,Paid,TX911088015
PAY0006302,O006302,2025-12-22,Carte bancaire,143.13,Paid,TX796115023
PAY0006303,O006303,2026-02-12,Mobile Money,194.15,Paid,TX303351565
PAY0006304,O006304,2026-01-06,Mobile Money,139.87,Paid,TX811482748
PAY0006305,O006305,2025-09-07,Carte bancaire,145.5,Paid,TX313780036
PAY0006306,O006306,2025-01-06,Mobile Money,3246.95,Paid,TX356966024
PAY0006307,O006307,2026-06-03,Mobile Money,532.77,Refunded,TX184569431
PAY0006308,O006308,2026-01-13,Carte bancaire,73.12,Paid,TX177131625
PAY0006309,O006309,2026-04-07,Virement,0.0,Failed,TX520683136
PAY0006310,O006310,2025-05-04,Carte bancaire,134.84,Paid,TX387070118
PAY0006311,O006311,2025-03-04,Carte bancaire,697.63,Paid,TX435315452
PAY0006312,O006312,2026-05-12,Mobile Money,373.06,Paid,TX478530631
PAY0006313,O006313,2026-03-21,Carte bancaire,369.07,Paid,TX486202460
PAY0006314,O006314,2026-04-05,Virement,326.51,Paid,TX583316812
PAY0006315,O006315,2025-08-30,Mobile Money,0.0,Pending,TX164918939
PAY0006316,O006316,2026-05-12,Virement,0.0,Failed,TX562954393
PAY0006317,O006317,2025-05-04,Mobile Money,0.0,Failed,TX255024683
PAY0006318,O006318,2026-02-24,Carte bancaire,58.55,Paid,TX809970224
PAY0006319,O006319,2025-10-01,Virement,0.0,Pending,TX994148486
PAY0006320,O006320,2025-04-01,Virement,0.0,Failed,TX727917167
PAY0006321,O006321,2026-01-30,Carte bancaire,364.79,Paid,TX383284029
PAY0006322,O006322,2025-07-20,Carte bancaire,114.89,Paid,TX264231628
PAY0006323,O006323,2025-03-30,Cash,0.0,Failed,TX738725063
PAY0006324,O006324,2026-01-25,Carte bancaire,184.49,Paid,TX230852903
PAY0006325,O006325,2026-03-02,Mobile Money,91.54,Paid,TX561905817
PAY0006326,O006326,2025-06-28,Carte bancaire,297.72,Refunded,TX765130227
PAY0006327,O006327,2026-06-17,Carte bancaire,29.36,Refunded,TX908527091
PAY0006328,O006328,2026-01-26,Carte bancaire,63.01,Refunded,TX283163024
PAY0006329,O006329,2025-01-17,Mobile Money,37.53,Paid,TX875422720
PAY0006330,O006330,2025-07-07,Carte bancaire,349.66,Paid,TX857025938
PAY0006331,O006331,2026-06-18,Carte bancaire,0.0,Pending,TX139852667
PAY0006332,O006332,2025-04-12,Carte bancaire,98.71,Paid,TX579174216
PAY0006333,O006333,2026-06-07,Mobile Money,234.74,Paid,TX285019094
PAY0006334,O006334,2025-10-12,Virement,43.22,Refunded,TX534561809
PAY0006335,O006335,2026-01-10,Virement,244.05,Paid,TX462727654
PAY0006336,O006336,2026-01-16,Mobile Money,0.0,Pending,TX581822434
PAY0006337,O006337,2025-10-10,Virement,369.2,Paid,TX212711956
PAY0006338,O006338,2025-10-15,Carte bancaire,39.32,Paid,TX455012020
PAY0006339,O006339,2025-11-07,Mobile Money,0.0,Pending,TX607369902
PAY0006340,O006340,2025-12-22,Virement,63.34,Paid,TX765380254
PAY0006341,O006341,2026-02-09,Mobile Money,0.0,Failed,TX769711755
PAY0006342,O006342,2025-09-02,Mobile Money,838.06,Paid,TX889757602
PAY0006343,O006343,2025-08-27,Virement,37.06,Paid,TX351520924
PAY0006344,O006344,2026-03-07,Mobile Money,0.0,Failed,TX289643947
PAY0006345,O006345,2026-02-22,Cash,0.0,Pending,TX198714348
PAY0006346,O006346,2025-12-25,Carte bancaire,50.49,Paid,TX119156984
PAY0006347,O006347,2025-09-11,Mobile Money,420.2,Refunded,TX845632022
PAY0006348,O006348,2025-11-14,Mobile Money,284.16,Paid,TX919078340
PAY0006349,O006349,2025-11-09,Mobile Money,47.0,Paid,TX261709335
PAY0006350,O006350,2025-08-30,Virement,222.9,Paid,TX957973906
PAY0006351,O006351,2025-04-12,Mobile Money,400.95,Paid,TX751338328
PAY0006352,O006352,2025-10-24,Carte bancaire,684.49,Paid,TX860864974
PAY0006353,O006353,2025-09-02,Virement,468.32,Paid,TX233354976
PAY0006354,O006354,2025-01-29,Cash,44.35,Paid,TX868624901
PAY0006355,O006355,2026-06-12,Virement,323.72,Paid,TX197827739
PAY0006356,O006356,2026-01-03,Carte bancaire,809.91,Paid,TX488839436
PAY0006357,O006357,2025-03-04,Mobile Money,31.2,Paid,TX849425707
PAY0006358,O006358,2025-04-23,Mobile Money,72.7,Paid,TX588274655
PAY0006359,O006359,2025-11-11,Mobile Money,0.0,Failed,TX381187107
PAY0006360,O006360,2026-04-20,Cash,24.79,Refunded,TX909991773
PAY0006361,O006361,2025-09-27,Virement,59.11,Paid,TX387660554
PAY0006362,O006362,2026-03-25,Mobile Money,92.64,Paid,TX160035469
PAY0006363,O006363,2025-03-12,Mobile Money,268.83,Paid,TX604344099
PAY0006364,O006364,2025-10-20,Mobile Money,1170.77,Paid,TX461847062
PAY0006365,O006365,2026-03-31,Mobile Money,0.0,Pending,TX208207913
PAY0006366,O006366,2026-04-13,Mobile Money,763.66,Paid,TX133123051
PAY0006367,O006367,2025-05-15,Virement,42.32,Paid,TX899821104
PAY0006368,O006368,2026-01-05,Carte bancaire,369.33,Paid,TX791415662
PAY0006369,O006369,2025-01-23,Carte bancaire,2668.23,Paid,TX336371123
PAY0006370,O006370,2025-03-21,Mobile Money,101.03,Paid,TX321944286
PAY0006371,O006371,2026-05-09,Carte bancaire,84.45,Paid,TX780256384
PAY0006372,O006372,2026-02-13,Carte bancaire,54.38,Paid,TX286535130
PAY0006373,O006373,2025-04-28,Mobile Money,194.85,Paid,TX963182515
PAY0006374,O006374,2026-07-02,Mobile Money,277.03,Paid,TX801183122
PAY0006375,O006375,2026-06-28,Carte bancaire,0.0,Failed,TX916267565
PAY0006376,O006376,2025-01-27,Carte bancaire,229.03,Paid,TX763138025
PAY0006377,O006377,2025-01-16,Carte bancaire,40.98,Paid,TX144744373
PAY0006378,O006378,2025-05-18,Virement,0.0,Pending,TX590646443
PAY0006379,O006379,2026-03-15,Cash,130.27,Paid,TX110553156
PAY0006380,O006380,2025-11-24,Virement,22.13,Paid,TX285447832
PAY0006381,O006381,2025-10-10,Mobile Money,148.82,Refunded,TX478974887
PAY0006382,O006382,2025-08-16,Mobile Money,616.93,Paid,TX832338941
PAY0006383,O006383,2025-09-20,Virement,926.13,Paid,TX767624726
PAY0006384,O006384,2025-12-16,Cash,0.0,Failed,TX625215707
PAY0006385,O006385,2025-02-07,Cash,651.95,Paid,TX766944546
PAY0006386,O006386,2025-11-18,Carte bancaire,557.95,Paid,TX916694465
PAY0006387,O006387,2025-05-05,Virement,0.0,Failed,TX412822957
PAY0006388,O006388,2026-03-12,Mobile Money,152.56,Paid,TX907638966
PAY0006389,O006389,2025-04-19,Mobile Money,108.81,Paid,TX684872230
PAY0006390,O006390,2025-02-11,Mobile Money,0.0,Failed,TX247980479
PAY0006391,O006391,2025-08-29,Mobile Money,251.32,Paid,TX406065779
PAY0006392,O006392,2025-09-02,Virement,954.54,Paid,TX958782790
PAY0006393,O006393,2025-10-15,Mobile Money,165.51,Paid,TX363274467
PAY0006394,O006394,2026-04-17,Carte bancaire,68.36,Paid,TX568131533
PAY0006395,O006395,2026-01-22,Virement,340.31,Paid,TX349667588
PAY0006396,O006396,2025-07-18,Virement,293.84,Paid,TX631526635
PAY0006397,O006397,2026-02-04,Cash,195.1,Paid,TX835410465
PAY0006398,O006398,2025-10-05,Carte bancaire,22.39,Paid,TX985438561
PAY0006399,O006399,2025-05-04,Carte bancaire,608.65,Paid,TX564709754
PAY0006400,O006400,2025-01-12,Virement,663.48,Paid,TX739117208
PAY0006401,O006401,2025-01-06,Mobile Money,57.44,Paid,TX882174404
PAY0006402,O006402,2025-05-04,Carte bancaire,35.91,Refunded,TX305780981
PAY0006403,O006403,2026-03-26,Cash,566.3,Paid,TX908608500
PAY0006404,O006404,2025-09-13,Carte bancaire,171.93,Paid,TX867573817
PAY0006405,O006405,2025-09-06,Mobile Money,404.34,Paid,TX210312958
PAY0006406,O006406,2025-08-09,Mobile Money,124.76,Paid,TX519533903
PAY0006407,O006407,2025-05-23,Mobile Money,247.04,Paid,TX275715498
PAY0006408,O006408,2026-01-29,Carte bancaire,128.69,Paid,TX255508043
PAY0006409,O006409,2025-01-10,Virement,95.27,Pending,TX419410167
PAY0006410,O006410,2025-12-04,Mobile Money,0.0,Pending,TX357933252
PAY0006411,O006411,2026-06-01,Mobile Money,0.0,Pending,TX305309192
PAY0006412,O006412,2026-04-29,Carte bancaire,2851.12,Paid,TX641321007
PAY0006413,O006413,2025-07-24,Cash,24.8,Paid,TX927535112
PAY0006414,O006414,2026-04-14,Mobile Money,44.23,Paid,TX936002609
PAY0006415,O006415,2025-05-14,Carte bancaire,0.0,Pending,TX101244507
PAY0006416,O006416,2025-05-15,Mobile Money,81.39,Paid,TX239516493
PAY0006417,O006417,2025-07-08,Mobile Money,58.97,Paid,TX610292074
PAY0006418,O006418,2025-01-10,Mobile Money,137.3,Paid,TX341428667
PAY0006419,O006419,2025-05-27,Mobile Money,46.31,Paid,TX385075162
PAY0006420,O006420,2026-04-16,Mobile Money,45.05,Paid,TX523045589
PAY0006421,O006421,2026-02-25,Mobile Money,952.19,Paid,TX422883755
PAY0006422,O006422,2025-06-30,Mobile Money,2274.63,Paid,TX725687799
PAY0006423,O006423,2025-06-23,Cash,533.96,Paid,TX104249464
PAY0006424,O006424,2025-07-14,Cash,0.0,Failed,TX538475310
PAY0006425,O006425,2025-03-08,Virement,85.92,Paid,TX646187479
PAY0006426,O006426,2025-03-28,Mobile Money,155.18,Paid,TX756670744
PAY0006427,O006427,2026-06-29,Mobile Money,511.24,Paid,TX223571532
PAY0006428,O006428,2026-01-18,Mobile Money,167.54,Paid,TX624478642
PAY0006429,O006429,2026-01-10,Mobile Money,175.82,Paid,TX763114259
PAY0006430,O006430,2025-06-03,Virement,246.63,Paid,TX347418497
PAY0006431,O006431,2026-04-19,Carte bancaire,166.79,Paid,TX564866086
PAY0006432,O006432,2025-04-07,Mobile Money,214.76,Paid,TX933562296
PAY0006433,O006433,2026-06-16,Mobile Money,256.53,Paid,TX852428705
PAY0006434,O006434,2025-10-05,Carte bancaire,0.0,Pending,TX418460542
PAY0006435,O006435,2025-07-05,Virement,128.65,Paid,TX917636555
PAY0006436,O006436,2026-02-19,Carte bancaire,41.99,Paid,TX732037035
PAY0006437,O006437,2025-08-21,Mobile Money,0.0,Pending,TX356313426
PAY0006438,O006438,2025-06-01,Carte bancaire,0.0,Pending,TX890367486
PAY0006439,O006439,2026-01-14,Carte bancaire,0.0,Failed,TX634964577
PAY0006440,O006440,2026-01-31,Virement,0.0,Pending,TX787526810
PAY0006441,O006441,2025-12-01,Mobile Money,0.0,Pending,TX547751908
PAY0006442,O006442,2025-09-14,Carte bancaire,173.04,Pending,TX893302024
PAY0006443,O006443,2025-07-01,Mobile Money,1775.79,Paid,TX137094595
PAY0006444,O006444,2025-08-11,Mobile Money,88.62,Paid,TX763762987
PAY0006445,O006445,2026-04-28,Virement,0.0,Pending,TX448278716
PAY0006446,O006446,2025-07-17,Cash,91.93,Paid,TX517833347
PAY0006447,O006447,2026-06-18,Cash,1024.24,Paid,TX896286473
PAY0006448,O006448,2025-03-23,Virement,0.0,Failed,TX928427669
PAY0006449,O006449,2025-04-03,Carte bancaire,1020.36,Paid,TX259491701
PAY0006450,O006450,2025-07-03,Mobile Money,377.38,Paid,TX851279208
PAY0006451,O006451,2025-01-05,Cash,96.5,Paid,TX848024561
PAY0006452,O006452,2026-04-28,Carte bancaire,70.83,Paid,TX632817810
PAY0006453,O006453,2025-07-09,Carte bancaire,383.04,Paid,TX316354623
PAY0006454,O006454,2025-02-27,Carte bancaire,3575.87,Paid,TX362430327
PAY0006455,O006455,2025-12-06,Virement,327.36,Paid,TX156093268
PAY0006456,O006456,2026-06-11,Carte bancaire,1707.23,Paid,TX478690604
PAY0006457,O006457,2026-06-30,Mobile Money,105.9,Paid,TX602645294
PAY0006458,O006458,2025-03-02,Cash,175.81,Paid,TX976964672
PAY0006459,O006459,2026-03-12,Mobile Money,98.8,Refunded,TX812967944
PAY0006460,O006460,2025-07-22,Mobile Money,568.89,Paid,TX394478264
PAY0006461,O006461,2026-04-08,Mobile Money,33.43,Paid,TX812547825
PAY0006462,O006462,2025-12-01,Mobile Money,0.0,Pending,TX889611737
PAY0006463,O006463,2026-02-09,Virement,0.0,Pending,TX393877739
PAY0006464,O006464,2026-04-09,Mobile Money,290.17,Paid,TX351498538
PAY0006465,O006465,2026-05-09,Virement,1039.04,Paid,TX164793908
PAY0006466,O006466,2025-03-21,Mobile Money,0.0,Pending,TX818094804
PAY0006467,O006467,2026-02-02,Mobile Money,81.89,Paid,TX157631758
PAY0006468,O006468,2025-03-19,Virement,39.7,Paid,TX220799123
PAY0006469,O006469,2026-06-03,Mobile Money,190.01,Paid,TX680643563
PAY0006470,O006470,2025-12-15,Mobile Money,0.0,Failed,TX308729409
PAY0006471,O006471,2025-04-16,Mobile Money,0.0,Failed,TX497168899
PAY0006472,O006472,2025-06-12,Mobile Money,98.19,Paid,TX218945928
PAY0006473,O006473,2026-05-06,Carte bancaire,0.0,Failed,TX334459424
PAY0006474,O006474,2025-12-24,Mobile Money,40.5,Paid,TX247914161
PAY0006475,O006475,2025-05-09,Carte bancaire,292.95,Paid,TX213708496
PAY0006476,O006476,2026-03-28,Virement,447.37,Paid,TX410567339
PAY0006477,O006477,2026-02-01,Carte bancaire,64.16,Paid,TX867914174
PAY0006478,O006478,2025-02-14,Carte bancaire,439.51,Paid,TX118045783
PAY0006479,O006479,2025-06-08,Mobile Money,211.44,Paid,TX367470741
PAY0006480,O006480,2026-04-12,Cash,109.49,Paid,TX287853079
PAY0006481,O006481,2025-07-12,Mobile Money,0.0,Pending,TX194611399
PAY0006482,O006482,2025-01-22,Virement,47.78,Paid,TX738770448
PAY0006483,O006483,2025-12-01,Mobile Money,0.0,Failed,TX710866829
PAY0006484,O006484,2026-05-08,Virement,177.99,Paid,TX223438527
PAY0006485,O006485,2025-11-04,Carte bancaire,0.0,Pending,TX703972893
PAY0006486,O006486,2026-06-22,Mobile Money,217.84,Paid,TX697416632
PAY0006487,O006487,2025-03-04,Virement,119.62,Paid,TX426910689
PAY0006488,O006488,2026-01-01,Mobile Money,62.9,Refunded,TX411785430
PAY0006489,O006489,2025-12-23,Virement,258.78,Paid,TX855644987
PAY0006490,O006490,2026-06-26,Carte bancaire,23.94,Paid,TX719505655
PAY0006491,O006491,2025-10-15,Mobile Money,418.0,Refunded,TX104258623
PAY0006492,O006492,2026-03-29,Carte bancaire,0.0,Failed,TX196819445
PAY0006493,O006493,2025-03-21,Carte bancaire,4937.12,Paid,TX711742867
PAY0006494,O006494,2025-01-29,Mobile Money,125.34,Paid,TX714874672
PAY0006495,O006495,2026-01-28,Virement,223.47,Paid,TX751849184
PAY0006496,O006496,2025-01-03,Mobile Money,852.07,Paid,TX492817835
PAY0006497,O006497,2026-04-29,Mobile Money,638.31,Paid,TX888408966
PAY0006498,O006498,2025-01-14,Mobile Money,115.67,Paid,TX199955366
PAY0006499,O006499,2026-01-13,Virement,19.64,Paid,TX392008858
PAY0006500,O006500,2025-09-09,Mobile Money,154.5,Paid,TX299454876
PAY0006501,O006501,2025-12-20,Virement,2042.94,Paid,TX143869935
PAY0006502,O006502,2025-12-09,Virement,15.89,Paid,TX159159974
PAY0006503,O006503,2025-09-04,Carte bancaire,99.21,Refunded,TX356604901
PAY0006504,O006504,2025-09-25,Carte bancaire,68.02,Paid,TX664060176
PAY0006505,O006505,2025-10-06,Mobile Money,1050.09,Paid,TX299454277
PAY0006506,O006506,2026-01-11,Mobile Money,0.0,Pending,TX747806796
PAY0006507,O006507,2026-01-27,Carte bancaire,0.0,Pending,TX884736897
PAY0006508,O006508,2025-09-07,Carte bancaire,321.52,Paid,TX613768291
PAY0006509,O006509,2025-07-13,Mobile Money,248.63,Paid,TX326169338
PAY0006510,O006510,2025-01-24,Mobile Money,152.32,Paid,TX610712935
PAY0006511,O006511,2026-03-06,Mobile Money,0.0,Pending,TX384397504
PAY0006512,O006512,2025-05-08,Mobile Money,99.82,Refunded,TX296895311
PAY0006513,O006513,2025-08-28,Mobile Money,318.6,Paid,TX682259460
PAY0006514,O006514,2026-06-29,Cash,42.57,Paid,TX362376026
PAY0006515,O006515,2026-03-08,Cash,88.4,Paid,TX953955342
PAY0006516,O006516,2025-07-09,Mobile Money,730.85,Refunded,TX275261038
PAY0006517,O006517,2025-09-21,Carte bancaire,80.14,Paid,TX692558355
PAY0006518,O006518,2025-06-29,Mobile Money,139.56,Paid,TX282130384
PAY0006519,O006519,2025-12-11,Carte bancaire,0.0,Pending,TX695564446
PAY0006520,O006520,2025-03-25,Mobile Money,0.0,Failed,TX754518926
PAY0006521,O006521,2026-06-08,Carte bancaire,66.56,Paid,TX488660018
PAY0006522,O006522,2026-06-26,Carte bancaire,54.85,Paid,TX746398849
PAY0006523,O006523,2025-06-16,Carte bancaire,74.0,Paid,TX856845112
PAY0006524,O006524,2025-05-08,Mobile Money,84.38,Refunded,TX735094492
PAY0006525,O006525,2025-10-26,Carte bancaire,82.88,Paid,TX890720095
PAY0006526,O006526,2025-12-22,Mobile Money,100.55,Paid,TX436244838
PAY0006527,O006527,2025-12-20,Carte bancaire,217.03,Paid,TX375018696
PAY0006528,O006528,2025-01-25,Virement,0.0,Pending,TX424563184
PAY0006529,O006529,2026-01-25,Mobile Money,171.65,Paid,TX429989260
PAY0006530,O006530,2025-02-10,Mobile Money,38.62,Paid,TX324480795
PAY0006531,O006531,2025-07-11,Carte bancaire,0.0,Pending,TX268428734
PAY0006532,O006532,2026-01-30,Mobile Money,40.73,Paid,TX861361792
PAY0006533,O006533,2026-05-05,Carte bancaire,993.8,Paid,TX634951512
PAY0006534,O006534,2025-12-16,Carte bancaire,0.0,Pending,TX436388810
PAY0006535,O006535,2025-03-29,Carte bancaire,0.0,Failed,TX447561143
PAY0006536,O006536,2026-01-12,Carte bancaire,119.75,Paid,TX786827001
PAY0006537,O006537,2025-01-22,Mobile Money,57.16,Paid,TX603888899
PAY0006538,O006538,2025-05-08,Mobile Money,0.0,Failed,TX550539364
PAY0006539,O006539,2025-03-13,Virement,0.0,Pending,TX528069442
PAY0006540,O006540,2026-06-24,Carte bancaire,63.83,Paid,TX747421559
PAY0006541,O006541,2025-07-24,Mobile Money,77.64,Paid,TX184017315
PAY0006542,O006542,2025-11-05,Carte bancaire,129.61,Paid,TX226873726
PAY0006543,O006543,2026-03-13,Carte bancaire,17.68,Paid,TX494988832
PAY0006544,O006544,2026-06-18,Mobile Money,301.02,Paid,TX800888858
PAY0006545,O006545,2026-07-01,Mobile Money,0.0,Failed,TX362611510
PAY0006546,O006546,2025-04-02,Cash,500.92,Paid,TX541874337
PAY0006547,O006547,2025-08-04,Virement,45.61,Paid,TX630399914
PAY0006548,O006548,2025-08-14,Virement,0.0,Pending,TX740864191
PAY0006549,O006549,2026-03-15,Mobile Money,0.0,Failed,TX914110254
PAY0006550,O006550,2025-07-07,Carte bancaire,165.27,Paid,TX968968230
PAY0006551,O006551,2025-05-08,Cash,23.5,Paid,TX216886369
PAY0006552,O006552,2026-02-19,Cash,203.11,Paid,TX251309216
PAY0006553,O006553,2025-09-30,Mobile Money,33.52,Refunded,TX581350064
PAY0006554,O006554,2026-02-15,Mobile Money,163.33,Paid,TX184716290
PAY0006555,O006555,2025-07-28,Carte bancaire,28.13,Paid,TX417370101
PAY0006556,O006556,2025-09-27,Mobile Money,0.0,Failed,TX701602409
PAY0006557,O006557,2025-01-08,Mobile Money,76.36,Paid,TX624657883
PAY0006558,O006558,2025-01-10,Carte bancaire,1652.48,Paid,TX651152003
PAY0006559,O006559,2025-01-04,Mobile Money,0.0,Failed,TX510427952
PAY0006560,O006560,2025-04-11,Carte bancaire,95.31,Paid,TX265174111
PAY0006561,O006561,2025-07-10,Mobile Money,339.71,Paid,TX489020213
PAY0006562,O006562,2025-02-01,Mobile Money,371.5,Paid,TX880119416
PAY0006563,O006563,2025-04-01,Virement,235.13,Paid,TX457949245
PAY0006564,O006564,2026-04-13,Carte bancaire,0.0,Failed,TX520136316
PAY0006565,O006565,2026-04-14,Cash,65.57,Paid,TX983617088
PAY0006566,O006566,2025-06-10,Mobile Money,211.67,Paid,TX507832911
PAY0006567,O006567,2026-06-04,Carte bancaire,1790.84,Paid,TX173606525
PAY0006568,O006568,2025-03-09,Carte bancaire,981.5,Paid,TX198697326
PAY0006569,O006569,2025-01-18,Cash,186.72,Refunded,TX774161468
PAY0006570,O006570,2025-07-15,Mobile Money,75.99,Paid,TX657523873
PAY0006571,O006571,2025-05-27,Carte bancaire,384.65,Paid,TX501849222
PAY0006572,O006572,2025-02-14,Mobile Money,0.0,Failed,TX608610777
PAY0006573,O006573,2026-04-13,Virement,139.73,Paid,TX241125644
PAY0006574,O006574,2026-06-21,Mobile Money,280.26,Paid,TX736076818
PAY0006575,O006575,2025-05-31,Carte bancaire,1213.5,Paid,TX537893035
PAY0006576,O006576,2025-06-23,Carte bancaire,0.0,Failed,TX725113793
PAY0006577,O006577,2026-01-29,Mobile Money,187.8,Paid,TX460729048
PAY0006578,O006578,2026-05-30,Mobile Money,130.28,Paid,TX187474086
PAY0006579,O006579,2025-06-09,Mobile Money,304.72,Paid,TX844087580
PAY0006580,O006580,2026-01-14,Mobile Money,0.0,Pending,TX971040204
PAY0006581,O006581,2025-01-14,Mobile Money,69.93,Paid,TX588624308
PAY0006582,O006582,2025-11-10,Mobile Money,28.3,Paid,TX955921727
PAY0006583,O006583,2026-06-25,Virement,0.0,Pending,TX866628642
PAY0006584,O006584,2025-09-22,Carte bancaire,0.0,Pending,TX285539669
PAY0006585,O006585,2025-12-22,Carte bancaire,1222.34,Paid,TX294723281
PAY0006586,O006586,2026-01-14,Mobile Money,227.37,Paid,TX700565723
PAY0006587,O006587,2025-12-16,Carte bancaire,0.0,Pending,TX255927891
PAY0006588,O006588,2026-01-15,Carte bancaire,102.22,Paid,TX197871108
PAY0006589,O006589,2026-05-05,Cash,50.27,Paid,TX227473701
PAY0006590,O006590,2025-01-07,Mobile Money,153.1,Paid,TX785333847
PAY0006591,O006591,2026-04-30,Carte bancaire,205.82,Paid,TX437261379
PAY0006592,O006592,2026-05-13,Carte bancaire,1156.84,Paid,TX218356945
PAY0006593,O006593,2026-05-15,Carte bancaire,0.0,Pending,TX830979535
PAY0006594,O006594,2025-07-23,Mobile Money,0.0,Failed,TX810882487
PAY0006595,O006595,2025-11-16,Virement,37.86,Paid,TX599824652
PAY0006596,O006596,2025-07-15,Mobile Money,1004.68,Paid,TX666016432
PAY0006597,O006597,2026-04-09,Mobile Money,158.75,Refunded,TX262576515
PAY0006598,O006598,2025-08-11,Mobile Money,82.06,Paid,TX480719768
PAY0006599,O006599,2025-06-25,Virement,3135.17,Paid,TX621162368
PAY0006600,O006600,2026-01-15,Carte bancaire,0.0,Failed,TX544708628
PAY0006601,O006601,2025-01-30,Mobile Money,120.67,Paid,TX946587151
PAY0006602,O006602,2025-07-28,Mobile Money,565.6,Paid,TX306730881
PAY0006603,O006603,2025-04-24,Carte bancaire,142.12,Paid,TX375640601
PAY0006604,O006604,2025-07-26,Virement,54.35,Paid,TX257172362
PAY0006605,O006605,2025-09-06,Carte bancaire,264.01,Paid,TX721791828
PAY0006606,O006606,2025-02-08,Carte bancaire,0.0,Pending,TX946533369
PAY0006607,O006607,2026-04-20,Mobile Money,0.0,Pending,TX490145414
PAY0006608,O006608,2025-08-21,Mobile Money,175.17,Paid,TX160809624
PAY0006609,O006609,2025-07-19,Mobile Money,0.0,Failed,TX278447476
PAY0006610,O006610,2025-03-26,Carte bancaire,51.68,Paid,TX917691244
PAY0006611,O006611,2026-06-30,Carte bancaire,687.07,Paid,TX172591370
PAY0006612,O006612,2026-04-14,Mobile Money,0.0,Pending,TX617382284
PAY0006613,O006613,2025-09-22,Mobile Money,49.4,Paid,TX142076128
PAY0006614,O006614,2025-07-03,Mobile Money,51.3,Paid,TX182476753
PAY0006615,O006615,2025-09-18,Virement,143.54,Pending,TX284506594
PAY0006616,O006616,2026-06-15,Mobile Money,750.2,Paid,TX600035192
PAY0006617,O006617,2025-05-03,Carte bancaire,1008.47,Paid,TX170915953
PAY0006618,O006618,2026-01-12,Mobile Money,73.02,Refunded,TX763399375
PAY0006619,O006619,2026-05-14,Mobile Money,940.88,Paid,TX115673066
PAY0006620,O006620,2026-02-20,Mobile Money,61.32,Paid,TX825755624
PAY0006621,O006621,2026-04-23,Mobile Money,44.49,Paid,TX981925039
PAY0006622,O006622,2026-06-06,Mobile Money,1049.83,Paid,TX871374245
PAY0006623,O006623,2025-02-05,Mobile Money,78.04,Paid,TX756218795
PAY0006624,O006624,2025-05-14,Carte bancaire,44.09,Paid,TX936742857
PAY0006625,O006625,2025-03-21,Virement,0.0,Pending,TX870994045
PAY0006626,O006626,2025-11-07,Virement,0.0,Failed,TX904339166
PAY0006627,O006627,2025-08-13,Mobile Money,251.07,Paid,TX233610865
PAY0006628,O006628,2025-01-27,Mobile Money,0.0,Pending,TX745178148
PAY0006629,O006629,2025-11-04,Carte bancaire,182.61,Paid,TX294351541
PAY0006630,O006630,2025-02-26,Mobile Money,391.35,Refunded,TX715991579
PAY0006631,O006631,2025-08-15,Virement,381.19,Paid,TX815215506
PAY0006632,O006632,2025-07-22,Virement,1104.27,Paid,TX603461363
PAY0006633,O006633,2026-05-05,Mobile Money,53.23,Paid,TX255595976
PAY0006634,O006634,2026-01-13,Mobile Money,93.92,Paid,TX453241246
PAY0006635,O006635,2025-12-11,Mobile Money,20.96,Paid,TX870866438
PAY0006636,O006636,2026-04-01,Mobile Money,96.38,Paid,TX260169007
PAY0006637,O006637,2025-04-11,Mobile Money,193.3,Paid,TX387508634
PAY0006638,O006638,2025-05-23,Cash,0.0,Failed,TX969569219
PAY0006639,O006639,2026-02-18,Mobile Money,0.0,Failed,TX472841488
PAY0006640,O006640,2026-02-19,Mobile Money,43.43,Paid,TX226300041
PAY0006641,O006641,2025-01-15,Mobile Money,30.65,Refunded,TX594990956
PAY0006642,O006642,2025-05-05,Mobile Money,235.34,Paid,TX169297033
PAY0006643,O006643,2025-05-07,Carte bancaire,0.0,Pending,TX249725010
PAY0006644,O006644,2025-01-06,Mobile Money,2641.03,Paid,TX519582291
PAY0006645,O006645,2025-12-31,Carte bancaire,51.99,Paid,TX163127413
PAY0006646,O006646,2025-02-02,Virement,0.0,Failed,TX716563929
PAY0006647,O006647,2026-04-11,Carte bancaire,121.3,Paid,TX883831249
PAY0006648,O006648,2025-11-18,Mobile Money,47.51,Paid,TX373182954
PAY0006649,O006649,2026-02-24,Mobile Money,0.0,Pending,TX694042793
PAY0006650,O006650,2025-10-04,Virement,66.41,Paid,TX534113436
PAY0006651,O006651,2026-06-19,Mobile Money,60.85,Paid,TX652951988
PAY0006652,O006652,2025-06-02,Mobile Money,662.25,Paid,TX582510865
PAY0006653,O006653,2025-11-04,Mobile Money,82.76,Paid,TX378038631
PAY0006654,O006654,2025-01-07,Carte bancaire,49.73,Paid,TX356780246
PAY0006655,O006655,2026-04-03,Carte bancaire,0.0,Pending,TX940513171
PAY0006656,O006656,2025-11-11,Virement,0.0,Failed,TX162948235
PAY0006657,O006657,2025-04-10,Carte bancaire,0.0,Pending,TX977151093
PAY0006658,O006658,2026-03-28,Cash,37.17,Paid,TX343074421
PAY0006659,O006659,2026-07-01,Cash,1484.04,Paid,TX720468953
PAY0006660,O006660,2025-02-11,Mobile Money,665.75,Paid,TX657376663
PAY0006661,O006661,2026-04-13,Mobile Money,597.22,Paid,TX433175497
PAY0006662,O006662,2026-02-11,Virement,0.0,Failed,TX619105472
PAY0006663,O006663,2025-07-15,Cash,185.83,Paid,TX854482314
PAY0006664,O006664,2025-12-15,Carte bancaire,1398.3,Paid,TX195639377
PAY0006665,O006665,2026-03-07,Mobile Money,290.91,Paid,TX815998390
PAY0006666,O006666,2025-09-20,Mobile Money,151.03,Paid,TX473835020
PAY0006667,O006667,2026-01-04,Cash,497.12,Paid,TX852162381
PAY0006668,O006668,2025-01-29,Mobile Money,0.0,Pending,TX661602776
PAY0006669,O006669,2026-05-23,Cash,36.37,Paid,TX766563838
PAY0006670,O006670,2026-05-23,Mobile Money,0.0,Failed,TX876846193
PAY0006671,O006671,2025-04-30,Cash,24.53,Paid,TX171750845
PAY0006672,O006672,2025-09-20,Mobile Money,1199.96,Paid,TX493006935
PAY0006673,O006673,2025-05-13,Cash,537.71,Paid,TX634275926
PAY0006674,O006674,2025-08-11,Carte bancaire,321.82,Paid,TX364391759
PAY0006675,O006675,2025-06-03,Virement,151.8,Paid,TX874550323
PAY0006676,O006676,2026-04-18,Mobile Money,27.75,Paid,TX847553203
PAY0006677,O006677,2026-01-17,Mobile Money,27.98,Paid,TX175885348
PAY0006678,O006678,2026-04-12,Mobile Money,239.5,Paid,TX796755320
PAY0006679,O006679,2026-03-15,Carte bancaire,98.4,Paid,TX329758729
PAY0006680,O006680,2026-02-05,Mobile Money,500.79,Paid,TX957346743
PAY0006681,O006681,2025-04-05,Carte bancaire,143.84,Paid,TX775663664
PAY0006682,O006682,2026-04-03,Mobile Money,883.9,Paid,TX796540853
PAY0006683,O006683,2026-03-10,Carte bancaire,25.44,Paid,TX630111355
PAY0006684,O006684,2025-03-12,Mobile Money,279.03,Refunded,TX805175883
PAY0006685,O006685,2025-02-18,Cash,123.26,Paid,TX409463076
PAY0006686,O006686,2026-02-24,Mobile Money,136.34,Paid,TX964666547
PAY0006687,O006687,2025-08-06,Cash,476.82,Paid,TX626827269
PAY0006688,O006688,2025-07-02,Carte bancaire,147.32,Paid,TX829603458
PAY0006689,O006689,2025-08-06,Mobile Money,74.33,Paid,TX438048940
PAY0006690,O006690,2026-04-25,Virement,40.6,Paid,TX463466866
PAY0006691,O006691,2025-07-22,Mobile Money,0.0,Pending,TX565245787
PAY0006692,O006692,2025-07-25,Carte bancaire,0.0,Failed,TX417487969
PAY0006693,O006693,2025-08-11,Carte bancaire,44.47,Paid,TX211224719
PAY0006694,O006694,2025-01-30,Virement,83.86,Paid,TX638438085
PAY0006695,O006695,2025-01-21,Mobile Money,45.31,Paid,TX159847418
PAY0006696,O006696,2025-08-18,Mobile Money,18.41,Paid,TX296099098
PAY0006697,O006697,2025-01-10,Cash,1024.0,Paid,TX940681837
PAY0006698,O006698,2026-02-21,Mobile Money,185.5,Paid,TX341416314
PAY0006699,O006699,2025-08-25,Carte bancaire,2377.58,Paid,TX958188659
PAY0006700,O006700,2025-10-05,Virement,207.85,Paid,TX694926233
PAY0006701,O006701,2025-07-06,Mobile Money,39.48,Paid,TX482663476
PAY0006702,O006702,2026-02-25,Mobile Money,19.5,Paid,TX545441786
PAY0006703,O006703,2025-08-24,Mobile Money,0.0,Pending,TX876179436
PAY0006704,O006704,2025-01-21,Cash,198.78,Paid,TX275541532
PAY0006705,O006705,2025-09-28,Cash,69.85,Paid,TX171486630
PAY0006706,O006706,2025-04-08,Cash,183.41,Paid,TX615386022
PAY0006707,O006707,2025-11-25,Mobile Money,137.73,Paid,TX749558731
PAY0006708,O006708,2025-11-07,Carte bancaire,47.38,Paid,TX793809662
PAY0006709,O006709,2025-09-21,Cash,189.32,Paid,TX642919899
PAY0006710,O006710,2025-08-04,Virement,1506.5,Paid,TX316085886
PAY0006711,O006711,2025-11-27,Mobile Money,500.72,Paid,TX875092660
PAY0006712,O006712,2026-01-11,Mobile Money,4580.2,Paid,TX668104502
PAY0006713,O006713,2026-04-27,Mobile Money,162.35,Paid,TX458602112
PAY0006714,O006714,2026-06-12,Virement,141.82,Paid,TX885592841
PAY0006715,O006715,2025-02-18,Mobile Money,0.0,Pending,TX642440225
PAY0006716,O006716,2025-12-29,Mobile Money,192.56,Paid,TX931445298
PAY0006717,O006717,2025-02-16,Virement,142.01,Paid,TX956540986
PAY0006718,O006718,2025-08-20,Mobile Money,355.43,Paid,TX860459593
PAY0006719,O006719,2026-02-15,Mobile Money,1774.0,Refunded,TX533646230
PAY0006720,O006720,2025-10-28,Carte bancaire,286.68,Paid,TX221288990
PAY0006721,O006721,2026-03-22,Virement,508.1,Paid,TX883302892
PAY0006722,O006722,2026-05-19,Carte bancaire,214.84,Paid,TX151778987
PAY0006723,O006723,2026-06-18,Cash,0.0,Failed,TX745895169
PAY0006724,O006724,2026-01-05,Virement,169.89,Paid,TX952281212
PAY0006725,O006725,2026-01-07,Mobile Money,0.0,Failed,TX334246457
PAY0006726,O006726,2026-03-18,Mobile Money,154.65,Paid,TX836213657
PAY0006727,O006727,2025-05-10,Mobile Money,117.5,Paid,TX874681978
PAY0006728,O006728,2025-06-16,Carte bancaire,133.36,Refunded,TX446990861
PAY0006729,O006729,2025-07-10,Carte bancaire,100.21,Paid,TX347358229
PAY0006730,O006730,2026-02-16,Carte bancaire,593.62,Paid,TX337013624
PAY0006731,O006731,2025-07-16,Carte bancaire,286.84,Refunded,TX641308752
PAY0006732,O006732,2025-03-21,Mobile Money,328.22,Paid,TX167618406
PAY0006733,O006733,2026-03-15,Mobile Money,0.0,Pending,TX652861593
PAY0006734,O006734,2026-02-15,Carte bancaire,164.63,Paid,TX382219549
PAY0006735,O006735,2025-11-22,Mobile Money,38.3,Paid,TX847767740
PAY0006736,O006736,2026-04-29,Mobile Money,39.75,Paid,TX694969295
PAY0006737,O006737,2026-03-12,Virement,396.87,Paid,TX503525329
PAY0006738,O006738,2026-05-11,Carte bancaire,0.0,Pending,TX664400653
PAY0006739,O006739,2025-05-23,Carte bancaire,0.0,Pending,TX412623439
PAY0006740,O006740,2025-03-06,Mobile Money,26.3,Paid,TX730130241
PAY0006741,O006741,2025-07-09,Cash,284.71,Paid,TX795624573
PAY0006742,O006742,2026-03-31,Virement,44.67,Paid,TX455649373
PAY0006743,O006743,2026-05-22,Mobile Money,55.81,Paid,TX614820899
PAY0006744,O006744,2025-03-02,Mobile Money,331.97,Paid,TX819137812
PAY0006745,O006745,2026-04-14,Virement,27.41,Paid,TX193858465
PAY0006746,O006746,2025-09-20,Carte bancaire,271.01,Paid,TX334780776
PAY0006747,O006747,2026-03-27,Virement,78.33,Refunded,TX880471735
PAY0006748,O006748,2026-01-13,Carte bancaire,584.47,Refunded,TX832381729
PAY0006749,O006749,2025-02-03,Virement,728.26,Paid,TX902647919
PAY0006750,O006750,2025-09-24,Carte bancaire,76.26,Paid,TX430116882
PAY0006751,O006751,2025-02-18,Mobile Money,937.77,Paid,TX287483213
PAY0006752,O006752,2025-07-07,Virement,156.12,Paid,TX473517152
PAY0006753,O006753,2026-02-20,Mobile Money,108.23,Paid,TX358176654
PAY0006754,O006754,2026-01-11,Mobile Money,95.99,Refunded,TX994844098
PAY0006755,O006755,2026-01-23,Mobile Money,48.57,Paid,TX947117412
PAY0006756,O006756,2025-12-30,Mobile Money,197.71,Paid,TX430172402
PAY0006757,O006757,2025-01-09,Carte bancaire,0.0,Failed,TX655146219
PAY0006758,O006758,2025-11-19,Mobile Money,172.27,Paid,TX532020217
PAY0006759,O006759,2025-09-25,Mobile Money,98.63,Paid,TX147765988
PAY0006760,O006760,2025-10-21,Carte bancaire,300.63,Paid,TX176101171
PAY0006761,O006761,2025-05-01,Mobile Money,420.86,Paid,TX915847457
PAY0006762,O006762,2026-01-23,Mobile Money,0.0,Pending,TX520901228
PAY0006763,O006763,2025-11-29,Carte bancaire,133.47,Paid,TX935688929
PAY0006764,O006764,2025-08-13,Carte bancaire,57.98,Paid,TX693071575
PAY0006765,O006765,2025-01-31,Cash,0.0,Pending,TX177409285
PAY0006766,O006766,2025-02-07,Carte bancaire,0.0,Pending,TX773106563
PAY0006767,O006767,2025-07-17,Carte bancaire,234.59,Paid,TX299443299
PAY0006768,O006768,2025-10-25,Mobile Money,180.13,Paid,TX827403397
PAY0006769,O006769,2026-07-04,Mobile Money,571.5,Paid,TX215621629
PAY0006770,O006770,2026-02-05,Carte bancaire,180.15,Paid,TX279192243
PAY0006771,O006771,2025-09-24,Carte bancaire,2625.69,Paid,TX233757837
PAY0006772,O006772,2025-06-14,Mobile Money,370.65,Paid,TX771550143
PAY0006773,O006773,2025-04-04,Mobile Money,380.53,Paid,TX539080258
PAY0006774,O006774,2025-03-23,Mobile Money,906.08,Paid,TX606004353
PAY0006775,O006775,2025-02-12,Mobile Money,467.28,Paid,TX437031611
PAY0006776,O006776,2026-05-18,Mobile Money,671.61,Paid,TX768895931
PAY0006777,O006777,2025-01-09,Carte bancaire,367.15,Paid,TX326518893
PAY0006778,O006778,2026-04-20,Carte bancaire,180.96,Paid,TX675200968
PAY0006779,O006779,2025-11-17,Carte bancaire,1851.15,Refunded,TX837834334
PAY0006780,O006780,2025-12-09,Carte bancaire,573.68,Paid,TX452211573
PAY0006781,O006781,2026-06-12,Carte bancaire,61.42,Paid,TX168932355
PAY0006782,O006782,2026-03-12,Virement,51.72,Paid,TX579627490
PAY0006783,O006783,2025-03-24,Mobile Money,112.8,Paid,TX143264606
PAY0006784,O006784,2026-06-19,Virement,66.63,Paid,TX716200290
PAY0006785,O006785,2025-04-08,Mobile Money,0.0,Pending,TX180335535
PAY0006786,O006786,2025-11-11,Carte bancaire,854.87,Paid,TX756249370
PAY0006787,O006787,2025-12-22,Mobile Money,43.56,Paid,TX785231764
PAY0006788,O006788,2025-05-17,Mobile Money,29.49,Paid,TX329031176
PAY0006789,O006789,2025-12-13,Cash,462.5,Paid,TX472150692
PAY0006790,O006790,2025-12-21,Mobile Money,88.09,Paid,TX921899345
PAY0006791,O006791,2026-06-25,Carte bancaire,33.36,Paid,TX801837042
PAY0006792,O006792,2026-05-19,Mobile Money,113.75,Paid,TX941494311
PAY0006793,O006793,2025-08-10,Mobile Money,75.3,Paid,TX762270334
PAY0006794,O006794,2026-01-17,Cash,277.9,Paid,TX173926202
PAY0006795,O006795,2026-03-29,Carte bancaire,0.0,Pending,TX861425460
PAY0006796,O006796,2025-01-16,Carte bancaire,237.73,Paid,TX940558297
PAY0006797,O006797,2026-01-15,Mobile Money,0.0,Failed,TX907127834
PAY0006798,O006798,2026-05-21,Mobile Money,562.1,Paid,TX160566801
PAY0006799,O006799,2025-03-10,Carte bancaire,288.68,Paid,TX951747639
PAY0006800,O006800,2026-02-18,Mobile Money,123.7,Paid,TX767393957
PAY0006801,O006801,2025-02-05,Mobile Money,0.0,Pending,TX227219858
PAY0006802,O006802,2025-08-13,Mobile Money,0.0,Pending,TX509487395
PAY0006803,O006803,2026-03-29,Mobile Money,0.0,Pending,TX367824747
PAY0006804,O006804,2026-06-26,Cash,187.15,Paid,TX303410177
PAY0006805,O006805,2026-02-06,Carte bancaire,0.0,Failed,TX149351050
PAY0006806,O006806,2026-02-03,Mobile Money,1273.75,Paid,TX285299448
PAY0006807,O006807,2025-05-25,Carte bancaire,0.0,Pending,TX453511126
PAY0006808,O006808,2026-03-29,Carte bancaire,0.0,Pending,TX836780091
PAY0006809,O006809,2025-12-30,Mobile Money,81.17,Paid,TX903495507
PAY0006810,O006810,2026-06-03,Virement,0.0,Pending,TX651180858
PAY0006811,O006811,2025-12-01,Carte bancaire,0.0,Pending,TX983722625
PAY0006812,O006812,2025-01-26,Mobile Money,19.69,Paid,TX679365663
PAY0006813,O006813,2025-10-12,Carte bancaire,0.0,Failed,TX695147007
PAY0006814,O006814,2026-03-01,Carte bancaire,0.0,Pending,TX100703297
PAY0006815,O006815,2026-03-08,Mobile Money,1179.38,Paid,TX374189771
PAY0006816,O006816,2025-08-02,Virement,247.48,Paid,TX107669258
PAY0006817,O006817,2025-04-07,Mobile Money,268.24,Paid,TX802575875
PAY0006818,O006818,2026-04-22,Mobile Money,65.29,Paid,TX659962782
PAY0006819,O006819,2026-03-31,Cash,136.5,Paid,TX481004481
PAY0006820,O006820,2026-04-29,Mobile Money,0.0,Pending,TX355846547
PAY0006821,O006821,2026-01-03,Mobile Money,18.81,Paid,TX780261830
PAY0006822,O006822,2026-03-31,Mobile Money,71.34,Paid,TX525690855
PAY0006823,O006823,2025-08-10,Virement,523.46,Paid,TX685169799
PAY0006824,O006824,2026-03-08,Mobile Money,461.37,Paid,TX965986738
PAY0006825,O006825,2025-09-26,Virement,151.14,Paid,TX535059240
PAY0006826,O006826,2026-03-13,Carte bancaire,282.5,Paid,TX696325172
PAY0006827,O006827,2025-03-22,Virement,0.0,Pending,TX676763161
PAY0006828,O006828,2025-06-13,Cash,16.85,Paid,TX497383748
PAY0006829,O006829,2025-04-29,Virement,300.19,Paid,TX482115125
PAY0006830,O006830,2025-08-15,Mobile Money,271.99,Paid,TX107286910
PAY0006831,O006831,2026-03-25,Cash,247.61,Paid,TX709200799
PAY0006832,O006832,2025-03-07,Mobile Money,189.96,Paid,TX491099184
PAY0006833,O006833,2026-02-05,Virement,0.0,Pending,TX777113048
PAY0006834,O006834,2026-04-03,Carte bancaire,55.27,Paid,TX824957568
PAY0006835,O006835,2026-01-06,Mobile Money,0.0,Failed,TX102114698
PAY0006836,O006836,2025-12-25,Carte bancaire,581.5,Paid,TX437567451
PAY0006837,O006837,2025-03-19,Carte bancaire,0.0,Pending,TX631585730
PAY0006838,O006838,2025-12-06,Cash,60.73,Paid,TX513340622
PAY0006839,O006839,2025-05-09,Mobile Money,388.93,Paid,TX944099548
PAY0006840,O006840,2025-05-19,Carte bancaire,239.15,Paid,TX790984155
PAY0006841,O006841,2026-04-21,Carte bancaire,369.31,Paid,TX539922341
PAY0006842,O006842,2025-12-04,Carte bancaire,64.55,Paid,TX616218342
PAY0006843,O006843,2026-07-01,Mobile Money,275.5,Pending,TX876772500
PAY0006844,O006844,2025-09-08,Mobile Money,25.19,Paid,TX110873141
PAY0006845,O006845,2025-07-20,Virement,64.85,Paid,TX915373781
PAY0006846,O006846,2026-07-03,Carte bancaire,0.0,Pending,TX898502151
PAY0006847,O006847,2025-12-12,Carte bancaire,585.36,Refunded,TX383824804
PAY0006848,O006848,2026-04-20,Cash,0.0,Pending,TX172273405
PAY0006849,O006849,2025-01-27,Carte bancaire,378.25,Paid,TX113835493
PAY0006850,O006850,2025-10-17,Carte bancaire,51.1,Refunded,TX892427287
PAY0006851,O006851,2026-03-28,Virement,384.84,Paid,TX673023531
PAY0006852,O006852,2026-03-22,Mobile Money,0.0,Pending,TX318378020
PAY0006853,O006853,2026-01-29,Carte bancaire,104.46,Paid,TX422151585
PAY0006854,O006854,2025-04-04,Cash,63.49,Paid,TX141314704
PAY0006855,O006855,2025-10-28,Carte bancaire,179.63,Paid,TX978470215
PAY0006856,O006856,2025-03-01,Mobile Money,200.23,Paid,TX777238473
PAY0006857,O006857,2026-03-20,Mobile Money,228.44,Paid,TX189934243
PAY0006858,O006858,2025-12-13,Mobile Money,0.0,Failed,TX549493947
PAY0006859,O006859,2025-04-20,Virement,76.62,Paid,TX134734438
PAY0006860,O006860,2026-02-04,Cash,50.06,Paid,TX525976848
PAY0006861,O006861,2026-02-01,Virement,575.92,Paid,TX377528585
PAY0006862,O006862,2025-01-30,Virement,214.06,Paid,TX839281456
PAY0006863,O006863,2025-02-21,Virement,25.74,Paid,TX648415996
PAY0006864,O006864,2025-04-21,Mobile Money,67.03,Paid,TX826554263
PAY0006865,O006865,2025-02-12,Mobile Money,230.71,Paid,TX243868176
PAY0006866,O006866,2025-10-24,Carte bancaire,361.83,Paid,TX754078740
PAY0006867,O006867,2026-04-29,Cash,0.0,Failed,TX654761878
PAY0006868,O006868,2025-02-07,Mobile Money,115.22,Paid,TX318354373
PAY0006869,O006869,2025-12-03,Virement,339.52,Paid,TX595773299
PAY0006870,O006870,2025-08-22,Virement,0.0,Failed,TX222579632
PAY0006871,O006871,2026-04-07,Mobile Money,194.61,Paid,TX636744554
PAY0006872,O006872,2025-09-23,Mobile Money,468.2,Refunded,TX675272070
PAY0006873,O006873,2026-01-03,Carte bancaire,79.74,Paid,TX895987420
PAY0006874,O006874,2026-05-23,Mobile Money,0.0,Pending,TX182805933
PAY0006875,O006875,2025-03-17,Mobile Money,0.0,Pending,TX224226370
PAY0006876,O006876,2025-06-23,Carte bancaire,40.34,Paid,TX255635848
PAY0006877,O006877,2025-05-30,Carte bancaire,106.6,Paid,TX791228093
PAY0006878,O006878,2025-04-04,Carte bancaire,175.85,Paid,TX353488475
PAY0006879,O006879,2025-12-24,Cash,1727.11,Paid,TX577717067
PAY0006880,O006880,2025-01-08,Carte bancaire,2132.98,Paid,TX435409901
PAY0006881,O006881,2025-08-04,Virement,572.71,Paid,TX532651462
PAY0006882,O006882,2025-03-10,Mobile Money,53.9,Refunded,TX896202273
PAY0006883,O006883,2025-12-08,Mobile Money,0.0,Failed,TX932197817
PAY0006884,O006884,2026-02-16,Carte bancaire,441.1,Paid,TX516980287
PAY0006885,O006885,2025-09-13,Virement,566.31,Paid,TX627660266
PAY0006886,O006886,2025-09-01,Mobile Money,44.83,Refunded,TX900855441
PAY0006887,O006887,2025-09-07,Virement,141.7,Paid,TX999378764
PAY0006888,O006888,2025-04-22,Carte bancaire,671.94,Paid,TX687840453
PAY0006889,O006889,2025-07-25,Mobile Money,109.48,Paid,TX944648572
PAY0006890,O006890,2026-05-30,Mobile Money,737.67,Paid,TX332634916
PAY0006891,O006891,2025-01-25,Carte bancaire,0.0,Pending,TX131163663
PAY0006892,O006892,2026-03-10,Carte bancaire,0.0,Pending,TX412763860
PAY0006893,O006893,2025-04-02,Mobile Money,1666.18,Paid,TX646592494
PAY0006894,O006894,2025-03-08,Carte bancaire,0.0,Pending,TX856950416
PAY0006895,O006895,2025-06-10,Mobile Money,0.0,Pending,TX578941137
PAY0006896,O006896,2025-05-30,Carte bancaire,344.14,Paid,TX152747256
PAY0006897,O006897,2025-06-24,Cash,360.4,Refunded,TX923172053
PAY0006898,O006898,2026-04-13,Mobile Money,187.91,Paid,TX537300989
PAY0006899,O006899,2026-05-12,Carte bancaire,1248.3,Paid,TX494834031
PAY0006900,O006900,2026-01-16,Virement,1985.16,Paid,TX583381022
PAY0006901,O006901,2025-03-23,Mobile Money,33.42,Paid,TX158128849
PAY0006902,O006902,2026-06-07,Mobile Money,49.61,Paid,TX280501165
PAY0006903,O006903,2026-04-11,Carte bancaire,53.79,Paid,TX423494083
PAY0006904,O006904,2025-02-13,Virement,251.52,Paid,TX517803582
PAY0006905,O006905,2025-08-01,Virement,58.64,Paid,TX689846438
PAY0006906,O006906,2026-03-02,Mobile Money,58.16,Paid,TX500917963
PAY0006907,O006907,2025-02-21,Cash,186.37,Paid,TX581365496
PAY0006908,O006908,2025-02-13,Mobile Money,84.29,Paid,TX335500814
PAY0006909,O006909,2025-12-02,Mobile Money,0.0,Failed,TX372889869
PAY0006910,O006910,2025-07-06,Carte bancaire,68.7,Paid,TX143622256
PAY0006911,O006911,2025-09-04,Virement,1186.9,Paid,TX612795072
PAY0006912,O006912,2026-02-18,Mobile Money,615.53,Paid,TX519096997
PAY0006913,O006913,2025-10-26,Mobile Money,43.52,Paid,TX560982210
PAY0006914,O006914,2026-01-28,Mobile Money,875.59,Paid,TX236312965
PAY0006915,O006915,2025-03-13,Carte bancaire,51.2,Paid,TX706796152
PAY0006916,O006916,2025-01-04,Carte bancaire,866.07,Pending,TX152692380
PAY0006917,O006917,2025-05-19,Carte bancaire,0.0,Failed,TX140521453
PAY0006918,O006918,2025-04-25,Mobile Money,0.0,Pending,TX356147490
PAY0006919,O006919,2025-06-28,Mobile Money,245.35,Paid,TX718464848
PAY0006920,O006920,2026-03-03,Virement,393.77,Paid,TX509450899
PAY0006921,O006921,2025-03-28,Mobile Money,153.95,Paid,TX642401559
PAY0006922,O006922,2025-03-11,Mobile Money,88.1,Paid,TX463258133
PAY0006923,O006923,2025-04-21,Mobile Money,68.96,Paid,TX957916448
PAY0006924,O006924,2025-06-30,Carte bancaire,98.44,Paid,TX585114746
PAY0006925,O006925,2025-04-19,Virement,579.26,Paid,TX794427066
PAY0006926,O006926,2025-04-13,Mobile Money,79.95,Paid,TX251399910
PAY0006927,O006927,2025-11-14,Mobile Money,1603.18,Paid,TX673931216
PAY0006928,O006928,2025-03-03,Virement,0.0,Pending,TX504151467
PAY0006929,O006929,2025-03-30,Carte bancaire,39.1,Paid,TX197806121
PAY0006930,O006930,2026-04-04,Carte bancaire,48.43,Paid,TX178326357
PAY0006931,O006931,2025-01-13,Mobile Money,65.76,Paid,TX721471728
PAY0006932,O006932,2025-02-04,Carte bancaire,0.0,Failed,TX446986431
PAY0006933,O006933,2025-02-12,Cash,687.9,Paid,TX130178894
PAY0006934,O006934,2025-10-23,Carte bancaire,600.71,Paid,TX916657884
PAY0006935,O006935,2026-01-16,Virement,117.5,Paid,TX745339589
PAY0006936,O006936,2026-01-18,Carte bancaire,46.41,Refunded,TX803772490
PAY0006937,O006937,2026-01-18,Mobile Money,190.07,Paid,TX351178631
PAY0006938,O006938,2025-02-02,Mobile Money,121.73,Paid,TX533629501
PAY0006939,O006939,2025-07-11,Virement,0.0,Failed,TX237040866
PAY0006940,O006940,2025-12-18,Carte bancaire,42.2,Paid,TX698564609
PAY0006941,O006941,2026-01-10,Mobile Money,39.06,Paid,TX575641172
PAY0006942,O006942,2025-07-03,Carte bancaire,121.12,Paid,TX914990751
PAY0006943,O006943,2026-04-13,Cash,304.41,Refunded,TX250648106
PAY0006944,O006944,2026-04-04,Mobile Money,62.15,Paid,TX955680053
PAY0006945,O006945,2026-02-25,Mobile Money,528.88,Paid,TX641559997
PAY0006946,O006946,2026-03-17,Carte bancaire,28.03,Paid,TX841673808
PAY0006947,O006947,2026-06-19,Mobile Money,87.67,Paid,TX901533146
PAY0006948,O006948,2026-03-14,Carte bancaire,1258.34,Paid,TX937176635
PAY0006949,O006949,2025-11-21,Cash,129.53,Paid,TX810016770
PAY0006950,O006950,2025-08-09,Carte bancaire,198.49,Paid,TX795045190
PAY0006951,O006951,2025-07-19,Mobile Money,1757.18,Paid,TX685430999
PAY0006952,O006952,2026-03-27,Cash,0.0,Pending,TX215006014
PAY0006953,O006953,2025-06-13,Carte bancaire,620.78,Paid,TX723837351
PAY0006954,O006954,2025-12-14,Mobile Money,24.43,Paid,TX620433075
PAY0006955,O006955,2025-10-03,Mobile Money,155.44,Refunded,TX641357401
PAY0006956,O006956,2025-07-31,Carte bancaire,0.0,Pending,TX250087576
PAY0006957,O006957,2025-09-05,Mobile Money,0.0,Pending,TX173591889
PAY0006958,O006958,2025-02-17,Virement,0.0,Failed,TX794101758
PAY0006959,O006959,2026-01-28,Mobile Money,216.9,Paid,TX436596763
PAY0006960,O006960,2025-02-10,Mobile Money,1272.65,Paid,TX857406915
PAY0006961,O006961,2025-02-11,Mobile Money,77.65,Pending,TX711429051
PAY0006962,O006962,2025-05-20,Virement,69.16,Paid,TX734356394
PAY0006963,O006963,2025-10-20,Mobile Money,1961.14,Paid,TX399930821
PAY0006964,O006964,2025-06-17,Carte bancaire,78.37,Paid,TX602297596
PAY0006965,O006965,2026-05-02,Virement,151.29,Paid,TX730950214
PAY0006966,O006966,2026-05-26,Mobile Money,0.0,Failed,TX354898904
PAY0006967,O006967,2025-08-05,Cash,0.0,Failed,TX698664785
PAY0006968,O006968,2026-07-02,Carte bancaire,1265.57,Paid,TX805779230
PAY0006969,O006969,2025-02-22,Mobile Money,246.3,Paid,TX496111660
PAY0006970,O006970,2025-03-20,Cash,2562.1,Paid,TX650714652
PAY0006971,O006971,2025-07-12,Virement,1196.09,Paid,TX302993371
PAY0006972,O006972,2026-06-04,Mobile Money,226.37,Paid,TX396160707
PAY0006973,O006973,2025-10-03,Virement,135.17,Paid,TX943733103
PAY0006974,O006974,2026-01-27,Carte bancaire,0.0,Pending,TX147527661
PAY0006975,O006975,2025-12-24,Virement,661.6,Paid,TX136354702
PAY0006976,O006976,2025-10-03,Carte bancaire,109.72,Paid,TX582355847
PAY0006977,O006977,2026-05-26,Virement,195.53,Paid,TX972598399
PAY0006978,O006978,2026-06-08,Virement,150.57,Refunded,TX785404878
PAY0006979,O006979,2025-09-07,Virement,1181.58,Paid,TX549716558
PAY0006980,O006980,2026-01-28,Mobile Money,113.18,Paid,TX508744149
PAY0006981,O006981,2025-12-08,Carte bancaire,140.84,Refunded,TX374257681
PAY0006982,O006982,2025-11-25,Virement,215.37,Paid,TX309458056
PAY0006983,O006983,2025-02-28,Cash,80.9,Paid,TX775509040
PAY0006984,O006984,2025-04-26,Virement,221.29,Paid,TX947257860
PAY0006985,O006985,2026-06-29,Mobile Money,991.79,Paid,TX723331449
PAY0006986,O006986,2025-05-16,Virement,130.4,Paid,TX501465577
PAY0006987,O006987,2025-12-26,Mobile Money,50.59,Paid,TX912219806
PAY0006988,O006988,2026-05-15,Virement,133.73,Paid,TX774390147
PAY0006989,O006989,2025-12-01,Carte bancaire,1911.26,Paid,TX517979446
PAY0006990,O006990,2025-04-29,Virement,48.37,Paid,TX861129311
PAY0006991,O006991,2026-04-17,Carte bancaire,81.03,Paid,TX754537590
PAY0006992,O006992,2025-01-22,Mobile Money,0.0,Pending,TX736695216
PAY0006993,O006993,2026-02-04,Virement,0.0,Failed,TX281239353
PAY0006994,O006994,2025-05-30,Mobile Money,142.33,Paid,TX580736861
PAY0006995,O006995,2025-12-21,Carte bancaire,49.75,Paid,TX217889962
PAY0006996,O006996,2025-09-25,Virement,254.45,Paid,TX190025263
PAY0006997,O006997,2025-11-09,Mobile Money,0.0,Pending,TX662161392
PAY0006998,O006998,2025-07-31,Mobile Money,254.57,Refunded,TX265552056
PAY0006999,O006999,2025-10-21,Virement,134.62,Paid,TX496546582
PAY0007000,O007000,2026-05-31,Virement,420.15,Paid,TX379040487
PAY0007001,O007001,2026-03-29,Mobile Money,75.63,Paid,TX780038950
PAY0007002,O007002,2025-08-21,Mobile Money,0.0,Pending,TX125423584
PAY0007003,O007003,2026-06-04,Mobile Money,70.48,Paid,TX287126608
PAY0007004,O007004,2026-05-05,Cash,1107.01,Paid,TX218306929
PAY0007005,O007005,2025-12-10,Carte bancaire,45.16,Paid,TX917620189
PAY0007006,O007006,2025-11-24,Mobile Money,46.59,Paid,TX161263726
PAY0007007,O007007,2025-01-20,Virement,0.0,Pending,TX765981722
PAY0007008,O007008,2025-10-19,Carte bancaire,289.9,Paid,TX241956088
PAY0007009,O007009,2025-04-27,Carte bancaire,373.29,Paid,TX214805000
PAY0007010,O007010,2025-03-31,Carte bancaire,0.0,Pending,TX889131766
PAY0007011,O007011,2026-04-19,Mobile Money,933.58,Paid,TX881884944
PAY0007012,O007012,2025-05-30,Mobile Money,0.0,Pending,TX126455577
PAY0007013,O007013,2025-12-04,Carte bancaire,135.46,Paid,TX936309381
PAY0007014,O007014,2026-04-22,Mobile Money,0.0,Pending,TX998829227
PAY0007015,O007015,2025-11-27,Carte bancaire,814.01,Paid,TX480606756
PAY0007016,O007016,2026-03-05,Cash,77.8,Paid,TX821394468
PAY0007017,O007017,2026-03-05,Carte bancaire,276.29,Refunded,TX669865512
PAY0007018,O007018,2025-09-04,Virement,0.0,Failed,TX573478294
PAY0007019,O007019,2026-05-24,Virement,51.38,Paid,TX304812829
PAY0007020,O007020,2026-05-18,Mobile Money,0.0,Pending,TX777443985
PAY0007021,O007021,2025-07-07,Carte bancaire,661.5,Paid,TX913726133
PAY0007022,O007022,2026-03-29,Carte bancaire,297.57,Paid,TX931394719
PAY0007023,O007023,2025-04-11,Mobile Money,0.0,Pending,TX201381050
PAY0007024,O007024,2025-03-05,Carte bancaire,174.62,Paid,TX226737760
PAY0007025,O007025,2025-10-18,Mobile Money,230.38,Paid,TX151026430
PAY0007026,O007026,2025-11-30,Mobile Money,336.18,Paid,TX848197708
PAY0007027,O007027,2025-11-19,Cash,185.57,Paid,TX483969763
PAY0007028,O007028,2026-03-15,Mobile Money,302.39,Paid,TX193947920
PAY0007029,O007029,2025-08-07,Mobile Money,0.0,Failed,TX709880642
PAY0007030,O007030,2026-03-22,Carte bancaire,0.0,Pending,TX737596478
PAY0007031,O007031,2026-05-11,Carte bancaire,343.02,Paid,TX350718471
PAY0007032,O007032,2025-02-20,Cash,304.94,Paid,TX955508810
PAY0007033,O007033,2025-09-04,Mobile Money,80.81,Paid,TX209643178
PAY0007034,O007034,2025-05-05,Virement,0.0,Pending,TX697705959
PAY0007035,O007035,2025-12-27,Mobile Money,63.62,Paid,TX506698269
PAY0007036,O007036,2025-08-19,Mobile Money,1224.58,Paid,TX545313622
PAY0007037,O007037,2025-06-05,Mobile Money,160.26,Paid,TX757479363
PAY0007038,O007038,2025-05-20,Mobile Money,333.56,Paid,TX952256658
PAY0007039,O007039,2025-07-14,Virement,258.33,Paid,TX652336549
PAY0007040,O007040,2025-03-02,Mobile Money,684.19,Paid,TX574135535
PAY0007041,O007041,2025-02-28,Carte bancaire,69.01,Paid,TX345423657
PAY0007042,O007042,2025-12-13,Carte bancaire,185.55,Paid,TX320497416
PAY0007043,O007043,2026-06-03,Mobile Money,380.65,Paid,TX245054613
PAY0007044,O007044,2025-10-07,Carte bancaire,54.68,Paid,TX379579986
PAY0007045,O007045,2026-05-24,Virement,138.28,Paid,TX971172875
PAY0007046,O007046,2025-03-29,Carte bancaire,634.48,Paid,TX400681685
PAY0007047,O007047,2026-06-21,Mobile Money,53.92,Refunded,TX217764100
PAY0007048,O007048,2025-11-20,Mobile Money,0.0,Failed,TX697164321
PAY0007049,O007049,2026-02-14,Carte bancaire,0.0,Pending,TX650132265
PAY0007050,O007050,2025-02-04,Mobile Money,166.5,Paid,TX567403389
PAY0007051,O007051,2025-11-29,Mobile Money,44.75,Paid,TX797181958
PAY0007052,O007052,2025-07-31,Mobile Money,0.0,Pending,TX121101735
PAY0007053,O007053,2026-05-11,Mobile Money,1007.61,Paid,TX920734639
PAY0007054,O007054,2026-03-13,Cash,37.47,Refunded,TX667300567
PAY0007055,O007055,2026-04-23,Mobile Money,1014.91,Paid,TX990698616
PAY0007056,O007056,2026-05-07,Mobile Money,0.0,Failed,TX535745387
PAY0007057,O007057,2026-02-02,Carte bancaire,0.0,Pending,TX565340137
PAY0007058,O007058,2025-05-16,Carte bancaire,226.45,Paid,TX164304286
PAY0007059,O007059,2025-06-06,Carte bancaire,552.85,Paid,TX530112669
PAY0007060,O007060,2026-04-19,Carte bancaire,49.07,Paid,TX809314415
PAY0007061,O007061,2025-11-28,Mobile Money,214.45,Paid,TX123739535
PAY0007062,O007062,2026-05-05,Carte bancaire,1032.1,Paid,TX109685106
PAY0007063,O007063,2026-03-15,Mobile Money,38.09,Pending,TX876531289
PAY0007064,O007064,2025-12-03,Cash,0.0,Failed,TX796158540
PAY0007065,O007065,2025-03-27,Carte bancaire,0.0,Pending,TX201846441
PAY0007066,O007066,2026-06-25,Carte bancaire,13.67,Paid,TX577779280
PAY0007067,O007067,2025-05-17,Mobile Money,51.81,Paid,TX129701380
PAY0007068,O007068,2025-05-15,Carte bancaire,311.54,Paid,TX926403339
PAY0007069,O007069,2025-03-26,Carte bancaire,68.29,Paid,TX117574594
PAY0007070,O007070,2025-02-11,Carte bancaire,0.0,Pending,TX813481411
PAY0007071,O007071,2025-07-27,Cash,42.32,Paid,TX128285342
PAY0007072,O007072,2026-04-09,Mobile Money,45.97,Paid,TX270734156
PAY0007073,O007073,2026-04-21,Mobile Money,64.05,Paid,TX191023583
PAY0007074,O007074,2025-10-01,Mobile Money,79.4,Refunded,TX384789587
PAY0007075,O007075,2025-06-22,Mobile Money,309.65,Paid,TX605221079
PAY0007076,O007076,2025-07-10,Carte bancaire,133.99,Paid,TX963120112
PAY0007077,O007077,2026-05-19,Cash,197.46,Paid,TX455357418
PAY0007078,O007078,2025-02-03,Mobile Money,0.0,Failed,TX933566786
PAY0007079,O007079,2025-02-01,Mobile Money,435.96,Paid,TX920942685
PAY0007080,O007080,2025-02-07,Mobile Money,150.89,Paid,TX763014907
PAY0007081,O007081,2026-05-03,Carte bancaire,678.65,Paid,TX518264021
PAY0007082,O007082,2025-02-23,Virement,0.0,Pending,TX739332899
PAY0007083,O007083,2026-06-02,Carte bancaire,347.0,Paid,TX271060354
PAY0007084,O007084,2025-04-12,Carte bancaire,1183.37,Paid,TX325262439
PAY0007085,O007085,2025-10-30,Virement,165.13,Paid,TX378550634
PAY0007086,O007086,2026-06-20,Virement,704.1,Paid,TX895259262
PAY0007087,O007087,2025-03-07,Mobile Money,177.91,Paid,TX208701743
PAY0007088,O007088,2025-06-08,Carte bancaire,165.46,Paid,TX275914745
PAY0007089,O007089,2026-02-03,Carte bancaire,221.43,Paid,TX839276186
PAY0007090,O007090,2026-03-27,Mobile Money,48.65,Paid,TX641163541
PAY0007091,O007091,2026-05-17,Carte bancaire,95.36,Paid,TX609555397
PAY0007092,O007092,2025-01-11,Carte bancaire,158.63,Paid,TX196614621
PAY0007093,O007093,2026-03-03,Mobile Money,224.0,Paid,TX400063126
PAY0007094,O007094,2025-06-27,Mobile Money,133.97,Pending,TX466728071
PAY0007095,O007095,2025-11-05,Carte bancaire,1360.1,Paid,TX825769078
PAY0007096,O007096,2026-05-13,Mobile Money,1153.15,Paid,TX869089393
PAY0007097,O007097,2026-05-10,Carte bancaire,1851.33,Refunded,TX396653392
PAY0007098,O007098,2025-04-16,Mobile Money,377.56,Paid,TX923349988
PAY0007099,O007099,2025-09-17,Virement,93.74,Paid,TX594428482
PAY0007100,O007100,2025-06-05,Carte bancaire,25.94,Paid,TX896118653
PAY0007101,O007101,2025-12-06,Mobile Money,626.69,Paid,TX124766458
PAY0007102,O007102,2026-03-30,Virement,175.05,Paid,TX375042005
PAY0007103,O007103,2025-06-25,Mobile Money,82.29,Paid,TX920809168
PAY0007104,O007104,2025-03-08,Cash,183.27,Refunded,TX903794153
PAY0007105,O007105,2025-02-06,Cash,102.57,Refunded,TX431795015
PAY0007106,O007106,2025-02-02,Carte bancaire,0.0,Pending,TX732693356
PAY0007107,O007107,2025-07-21,Virement,23.19,Refunded,TX121800143
PAY0007108,O007108,2026-06-17,Virement,112.0,Paid,TX200674037
PAY0007109,O007109,2025-05-22,Carte bancaire,26.79,Refunded,TX114144702
PAY0007110,O007110,2025-08-11,Mobile Money,0.0,Failed,TX393452866
PAY0007111,O007111,2026-01-06,Mobile Money,210.35,Paid,TX171566926
PAY0007112,O007112,2025-12-28,Mobile Money,1220.11,Paid,TX500092994
PAY0007113,O007113,2025-05-28,Carte bancaire,139.92,Paid,TX484328147
PAY0007114,O007114,2025-03-13,Mobile Money,0.0,Pending,TX234258201
PAY0007115,O007115,2025-03-28,Carte bancaire,528.26,Paid,TX341736175
PAY0007116,O007116,2025-05-01,Mobile Money,19.54,Paid,TX730486559
PAY0007117,O007117,2025-02-19,Virement,319.05,Pending,TX480804045
PAY0007118,O007118,2025-09-13,Mobile Money,36.98,Paid,TX712137083
PAY0007119,O007119,2025-12-23,Carte bancaire,0.0,Failed,TX960382023
PAY0007120,O007120,2026-01-05,Mobile Money,91.22,Refunded,TX140798307
PAY0007121,O007121,2026-05-14,Carte bancaire,299.02,Paid,TX236129595
PAY0007122,O007122,2025-06-14,Mobile Money,207.61,Paid,TX354275895
PAY0007123,O007123,2025-12-29,Carte bancaire,483.5,Paid,TX241288030
PAY0007124,O007124,2026-05-02,Mobile Money,81.49,Paid,TX699711883
PAY0007125,O007125,2025-01-19,Carte bancaire,75.38,Paid,TX841566223
PAY0007126,O007126,2026-03-07,Carte bancaire,186.5,Paid,TX718823424
PAY0007127,O007127,2025-02-19,Virement,0.0,Pending,TX614775606
PAY0007128,O007128,2025-11-02,Mobile Money,0.0,Pending,TX245788682
PAY0007129,O007129,2026-04-02,Mobile Money,38.13,Paid,TX265914643
PAY0007130,O007130,2025-09-13,Cash,335.07,Paid,TX381831616
PAY0007131,O007131,2025-11-05,Carte bancaire,2829.7,Paid,TX192432519
PAY0007132,O007132,2025-12-10,Carte bancaire,25.24,Paid,TX378649914
PAY0007133,O007133,2025-11-15,Mobile Money,39.15,Paid,TX642107771
PAY0007134,O007134,2026-02-08,Carte bancaire,27.42,Paid,TX510820197
PAY0007135,O007135,2026-04-17,Mobile Money,0.0,Pending,TX804335030
PAY0007136,O007136,2025-03-17,Virement,0.0,Pending,TX368742546
PAY0007137,O007137,2025-08-17,Mobile Money,337.66,Paid,TX525245661
PAY0007138,O007138,2026-04-17,Carte bancaire,413.22,Paid,TX291101590
PAY0007139,O007139,2025-07-31,Mobile Money,4369.31,Paid,TX647804017
PAY0007140,O007140,2025-09-27,Mobile Money,0.0,Pending,TX106291425
PAY0007141,O007141,2026-02-12,Mobile Money,346.55,Paid,TX143904642
PAY0007142,O007142,2026-06-01,Carte bancaire,151.85,Paid,TX785756561
PAY0007143,O007143,2025-05-22,Carte bancaire,490.4,Paid,TX557190228
PAY0007144,O007144,2026-06-09,Carte bancaire,45.68,Paid,TX272327815
PAY0007145,O007145,2026-01-28,Virement,0.0,Failed,TX475075845
PAY0007146,O007146,2025-01-18,Mobile Money,101.34,Pending,TX317021191
PAY0007147,O007147,2026-04-19,Virement,57.38,Paid,TX558117061
PAY0007148,O007148,2025-08-01,Virement,418.7,Paid,TX471950064
PAY0007149,O007149,2025-06-04,Carte bancaire,153.05,Paid,TX485052067
PAY0007150,O007150,2025-10-16,Carte bancaire,124.24,Paid,TX837265553
PAY0007151,O007151,2025-11-13,Cash,0.0,Pending,TX894782820
PAY0007152,O007152,2025-10-27,Virement,0.0,Pending,TX527456062
PAY0007153,O007153,2025-02-04,Mobile Money,78.61,Paid,TX423791285
PAY0007154,O007154,2026-03-31,Carte bancaire,16.8,Paid,TX557500708
PAY0007155,O007155,2025-07-11,Carte bancaire,0.0,Failed,TX777766110
PAY0007156,O007156,2025-03-20,Mobile Money,0.0,Failed,TX511698510
PAY0007157,O007157,2025-11-09,Mobile Money,53.4,Paid,TX350882291
PAY0007158,O007158,2025-12-08,Carte bancaire,1349.67,Paid,TX460331898
PAY0007159,O007159,2025-03-02,Carte bancaire,0.0,Failed,TX355759756
PAY0007160,O007160,2026-06-02,Carte bancaire,0.0,Pending,TX200838219
PAY0007161,O007161,2025-11-26,Virement,293.8,Paid,TX583023985
PAY0007162,O007162,2026-07-02,Virement,82.21,Paid,TX562699028
PAY0007163,O007163,2026-01-07,Mobile Money,27.06,Paid,TX138980988
PAY0007164,O007164,2025-01-08,Mobile Money,2864.11,Paid,TX812680750
PAY0007165,O007165,2025-04-25,Carte bancaire,537.44,Paid,TX944679749
PAY0007166,O007166,2026-06-18,Mobile Money,0.0,Pending,TX993465686
PAY0007167,O007167,2025-11-06,Cash,0.0,Pending,TX731797272
PAY0007168,O007168,2025-03-12,Carte bancaire,47.18,Paid,TX520941900
PAY0007169,O007169,2025-02-11,Mobile Money,52.97,Paid,TX253336352
PAY0007170,O007170,2025-10-22,Mobile Money,113.55,Refunded,TX265405915
PAY0007171,O007171,2025-11-22,Carte bancaire,139.79,Refunded,TX686708533
PAY0007172,O007172,2025-05-19,Mobile Money,1750.31,Paid,TX154780888
PAY0007173,O007173,2025-04-19,Mobile Money,381.32,Paid,TX352298210
PAY0007174,O007174,2025-12-03,Mobile Money,606.13,Paid,TX939021249
PAY0007175,O007175,2025-08-30,Carte bancaire,2134.6,Refunded,TX787585773
PAY0007176,O007176,2025-01-21,Carte bancaire,0.0,Failed,TX575452084
PAY0007177,O007177,2025-02-02,Mobile Money,513.6,Paid,TX137489100
PAY0007178,O007178,2025-05-15,Carte bancaire,115.68,Paid,TX994194215
PAY0007179,O007179,2025-11-08,Carte bancaire,47.48,Paid,TX311905697
PAY0007180,O007180,2025-06-15,Virement,139.53,Paid,TX797124265
PAY0007181,O007181,2025-01-12,Mobile Money,271.56,Paid,TX927651841
PAY0007182,O007182,2026-05-17,Mobile Money,1441.7,Paid,TX168588863
PAY0007183,O007183,2026-01-18,Virement,80.27,Paid,TX633138274
PAY0007184,O007184,2025-11-17,Mobile Money,669.4,Paid,TX150654534
PAY0007185,O007185,2025-05-18,Cash,37.46,Paid,TX256138749
PAY0007186,O007186,2026-01-24,Carte bancaire,63.72,Paid,TX296393171
PAY0007187,O007187,2026-06-03,Mobile Money,62.61,Paid,TX832679060
PAY0007188,O007188,2026-01-10,Carte bancaire,164.27,Paid,TX112481840
PAY0007189,O007189,2025-06-12,Mobile Money,259.02,Paid,TX109030173
PAY0007190,O007190,2025-08-07,Virement,206.36,Paid,TX860557379
PAY0007191,O007191,2026-05-25,Mobile Money,77.14,Refunded,TX391534789
PAY0007192,O007192,2025-01-08,Virement,177.3,Paid,TX597621720
PAY0007193,O007193,2025-05-06,Carte bancaire,94.02,Paid,TX493369306
PAY0007194,O007194,2025-02-28,Carte bancaire,106.99,Paid,TX712195673
PAY0007195,O007195,2025-12-19,Carte bancaire,0.0,Pending,TX638017533
PAY0007196,O007196,2025-09-13,Cash,116.89,Paid,TX685224029
PAY0007197,O007197,2025-03-15,Virement,26.26,Paid,TX541013180
PAY0007198,O007198,2026-06-03,Cash,366.72,Paid,TX761412891
PAY0007199,O007199,2025-10-30,Virement,284.52,Paid,TX958844492
PAY0007200,O007200,2025-05-21,Mobile Money,0.0,Pending,TX739590605
PAY0007201,O007201,2026-06-07,Mobile Money,67.24,Paid,TX865504917
PAY0007202,O007202,2026-01-21,Mobile Money,137.74,Paid,TX413521916
PAY0007203,O007203,2025-03-13,Cash,369.81,Paid,TX177616318
PAY0007204,O007204,2026-04-01,Cash,35.9,Paid,TX202205538
PAY0007205,O007205,2025-02-04,Mobile Money,171.69,Paid,TX333046757
PAY0007206,O007206,2026-05-16,Mobile Money,75.56,Refunded,TX492594483
PAY0007207,O007207,2025-08-07,Carte bancaire,335.04,Paid,TX745018819
PAY0007208,O007208,2025-06-11,Carte bancaire,71.71,Paid,TX860218363
PAY0007209,O007209,2025-02-03,Carte bancaire,288.49,Paid,TX277100700
PAY0007210,O007210,2026-05-28,Cash,131.47,Paid,TX176015768
PAY0007211,O007211,2025-11-07,Carte bancaire,2201.05,Paid,TX494412495
PAY0007212,O007212,2025-11-30,Carte bancaire,364.41,Refunded,TX175525734
PAY0007213,O007213,2026-04-12,Carte bancaire,329.92,Paid,TX520619903
PAY0007214,O007214,2025-10-09,Carte bancaire,1013.14,Paid,TX113135225
PAY0007215,O007215,2025-06-11,Carte bancaire,270.9,Paid,TX202896568
PAY0007216,O007216,2026-03-07,Carte bancaire,200.72,Paid,TX654342206
PAY0007217,O007217,2025-10-21,Cash,207.05,Paid,TX881225519
PAY0007218,O007218,2025-05-15,Cash,124.55,Paid,TX486715383
PAY0007219,O007219,2026-04-10,Carte bancaire,40.87,Paid,TX267966491
PAY0007220,O007220,2026-03-24,Mobile Money,64.81,Paid,TX926654806
PAY0007221,O007221,2025-05-18,Virement,145.84,Paid,TX293901727
PAY0007222,O007222,2025-12-23,Carte bancaire,386.9,Paid,TX378097477
PAY0007223,O007223,2026-05-22,Mobile Money,148.12,Paid,TX475946285
PAY0007224,O007224,2026-03-16,Carte bancaire,995.77,Paid,TX672038292
PAY0007225,O007225,2025-04-22,Mobile Money,920.43,Paid,TX684343036
PAY0007226,O007226,2026-04-16,Virement,62.04,Paid,TX183245684
PAY0007227,O007227,2025-02-01,Mobile Money,27.74,Paid,TX911299505
PAY0007228,O007228,2025-12-06,Mobile Money,356.3,Refunded,TX530933739
PAY0007229,O007229,2025-10-12,Virement,0.0,Failed,TX532576895
PAY0007230,O007230,2025-01-24,Mobile Money,81.38,Paid,TX917245784
PAY0007231,O007231,2026-02-04,Carte bancaire,147.93,Paid,TX584364404
PAY0007232,O007232,2025-06-14,Mobile Money,18.83,Paid,TX609138495
PAY0007233,O007233,2026-04-15,Mobile Money,207.69,Paid,TX935445569
PAY0007234,O007234,2026-04-30,Mobile Money,0.0,Failed,TX644556390
PAY0007235,O007235,2025-11-24,Mobile Money,72.11,Paid,TX982635450
PAY0007236,O007236,2025-12-11,Carte bancaire,940.14,Paid,TX405192672
PAY0007237,O007237,2025-01-30,Carte bancaire,49.55,Refunded,TX548865860
PAY0007238,O007238,2026-05-05,Cash,269.32,Paid,TX283676618
PAY0007239,O007239,2026-01-11,Mobile Money,26.04,Paid,TX307814091
PAY0007240,O007240,2025-08-02,Mobile Money,113.54,Paid,TX147195034
PAY0007241,O007241,2025-02-20,Carte bancaire,459.17,Paid,TX613891491
PAY0007242,O007242,2025-10-07,Mobile Money,41.31,Paid,TX508640169
PAY0007243,O007243,2026-05-13,Mobile Money,246.15,Paid,TX511841054
PAY0007244,O007244,2026-04-22,Carte bancaire,194.91,Paid,TX753678968
PAY0007245,O007245,2025-02-24,Carte bancaire,0.0,Pending,TX444232656
PAY0007246,O007246,2026-02-23,Mobile Money,69.62,Paid,TX854589128
PAY0007247,O007247,2025-02-15,Virement,71.6,Paid,TX354868691
PAY0007248,O007248,2025-07-26,Mobile Money,21.27,Paid,TX780056134
PAY0007249,O007249,2025-09-03,Mobile Money,80.53,Paid,TX200539026
PAY0007250,O007250,2025-01-13,Mobile Money,129.44,Paid,TX731723013
PAY0007251,O007251,2025-03-21,Cash,286.69,Paid,TX667336757
PAY0007252,O007252,2026-05-02,Mobile Money,285.54,Paid,TX105314380
PAY0007253,O007253,2025-12-14,Mobile Money,987.27,Paid,TX675672123
PAY0007254,O007254,2026-03-08,Mobile Money,36.79,Paid,TX191523720
PAY0007255,O007255,2025-11-13,Carte bancaire,101.12,Paid,TX295774836
PAY0007256,O007256,2025-09-07,Mobile Money,27.29,Paid,TX222727469
PAY0007257,O007257,2025-01-10,Mobile Money,212.91,Paid,TX280225917
PAY0007258,O007258,2025-10-29,Carte bancaire,53.3,Paid,TX296245696
PAY0007259,O007259,2026-03-03,Virement,367.51,Paid,TX293145162
PAY0007260,O007260,2025-04-25,Carte bancaire,75.07,Paid,TX841701374
PAY0007261,O007261,2025-09-28,Carte bancaire,0.0,Pending,TX634118753
PAY0007262,O007262,2025-08-14,Cash,51.32,Paid,TX491019420
PAY0007263,O007263,2026-04-24,Mobile Money,1879.84,Paid,TX271367090
PAY0007264,O007264,2025-04-03,Carte bancaire,48.17,Paid,TX225479756
PAY0007265,O007265,2025-03-01,Mobile Money,71.47,Paid,TX130359943
PAY0007266,O007266,2025-04-27,Carte bancaire,187.89,Paid,TX184181232
PAY0007267,O007267,2025-03-27,Carte bancaire,0.0,Pending,TX306995502
PAY0007268,O007268,2026-04-12,Virement,940.17,Paid,TX650263406
PAY0007269,O007269,2025-05-23,Carte bancaire,172.55,Paid,TX515892616
PAY0007270,O007270,2025-07-20,Mobile Money,189.22,Paid,TX505778178
PAY0007271,O007271,2025-05-22,Cash,469.38,Paid,TX849879341
PAY0007272,O007272,2026-03-26,Mobile Money,171.63,Paid,TX570582996
PAY0007273,O007273,2025-12-31,Mobile Money,272.01,Paid,TX442424182
PAY0007274,O007274,2025-09-17,Cash,122.48,Paid,TX752365913
PAY0007275,O007275,2026-03-16,Carte bancaire,148.37,Paid,TX883355284
PAY0007276,O007276,2025-02-10,Virement,434.4,Paid,TX988518576
PAY0007277,O007277,2026-01-08,Mobile Money,1015.62,Paid,TX450735743
PAY0007278,O007278,2025-07-21,Mobile Money,2159.86,Paid,TX893465975
PAY0007279,O007279,2025-07-30,Mobile Money,392.9,Paid,TX110346668
PAY0007280,O007280,2025-03-30,Mobile Money,0.0,Pending,TX800650225
PAY0007281,O007281,2025-02-24,Carte bancaire,683.5,Paid,TX945641700
PAY0007282,O007282,2026-01-18,Mobile Money,298.52,Paid,TX845564932
PAY0007283,O007283,2026-04-15,Mobile Money,20.38,Refunded,TX869115298
PAY0007284,O007284,2026-05-17,Carte bancaire,433.08,Paid,TX359460925
PAY0007285,O007285,2025-05-14,Mobile Money,39.96,Refunded,TX809835766
PAY0007286,O007286,2026-02-25,Mobile Money,74.08,Paid,TX113650916
PAY0007287,O007287,2025-03-05,Mobile Money,295.45,Paid,TX895618373
PAY0007288,O007288,2026-03-05,Mobile Money,706.2,Paid,TX902746135
PAY0007289,O007289,2025-11-11,Mobile Money,189.27,Paid,TX824367667
PAY0007290,O007290,2026-04-21,Carte bancaire,79.41,Paid,TX701090936
PAY0007291,O007291,2025-02-09,Carte bancaire,1004.39,Paid,TX497174544
PAY0007292,O007292,2026-03-05,Carte bancaire,255.71,Paid,TX119969733
PAY0007293,O007293,2025-09-16,Mobile Money,243.73,Paid,TX527075720
PAY0007294,O007294,2025-11-08,Mobile Money,45.47,Refunded,TX223593159
PAY0007295,O007295,2025-10-26,Cash,3658.35,Refunded,TX623630811
PAY0007296,O007296,2026-01-27,Mobile Money,939.39,Paid,TX214272666
PAY0007297,O007297,2025-11-26,Virement,50.76,Paid,TX288843151
PAY0007298,O007298,2025-08-19,Mobile Money,0.0,Failed,TX576377005
PAY0007299,O007299,2025-08-30,Carte bancaire,1221.52,Paid,TX135607434
PAY0007300,O007300,2025-02-11,Carte bancaire,179.5,Refunded,TX760366269
PAY0007301,O007301,2026-02-04,Carte bancaire,422.73,Paid,TX377677938
PAY0007302,O007302,2026-01-24,Mobile Money,381.3,Paid,TX560124889
PAY0007303,O007303,2025-11-07,Virement,43.47,Paid,TX887342682
PAY0007304,O007304,2026-02-02,Carte bancaire,44.31,Paid,TX870530882
PAY0007305,O007305,2025-05-28,Carte bancaire,194.99,Refunded,TX578662852
PAY0007306,O007306,2025-05-04,Cash,849.56,Refunded,TX584899339
PAY0007307,O007307,2026-05-23,Mobile Money,191.6,Paid,TX782022447
PAY0007308,O007308,2026-06-07,Carte bancaire,210.69,Paid,TX204374129
PAY0007309,O007309,2026-04-17,Cash,2396.5,Refunded,TX148386255
PAY0007310,O007310,2025-01-31,Cash,349.78,Paid,TX399994968
PAY0007311,O007311,2025-10-29,Mobile Money,40.69,Paid,TX448299341
PAY0007312,O007312,2026-02-12,Virement,42.96,Paid,TX898681127
PAY0007313,O007313,2025-01-23,Mobile Money,1034.5,Paid,TX387897033
PAY0007314,O007314,2026-06-16,Carte bancaire,170.27,Paid,TX319073872
PAY0007315,O007315,2026-03-10,Carte bancaire,0.0,Failed,TX787337461
PAY0007316,O007316,2025-06-20,Carte bancaire,290.95,Pending,TX621939757
PAY0007317,O007317,2025-10-05,Mobile Money,168.44,Paid,TX274667128
PAY0007318,O007318,2026-05-18,Mobile Money,2363.57,Refunded,TX552525801
PAY0007319,O007319,2026-04-14,Mobile Money,208.6,Paid,TX492367428
PAY0007320,O007320,2026-03-29,Mobile Money,149.6,Paid,TX217172545
PAY0007321,O007321,2026-06-25,Mobile Money,972.77,Paid,TX455333288
PAY0007322,O007322,2026-02-16,Carte bancaire,46.95,Paid,TX601818773
PAY0007323,O007323,2026-05-30,Carte bancaire,0.0,Failed,TX963019602
PAY0007324,O007324,2026-06-09,Carte bancaire,473.44,Paid,TX342874626
PAY0007325,O007325,2025-01-13,Carte bancaire,0.0,Failed,TX183342951
PAY0007326,O007326,2025-12-28,Mobile Money,64.55,Paid,TX121945124
PAY0007327,O007327,2025-07-06,Virement,100.33,Paid,TX170878464
PAY0007328,O007328,2025-09-29,Mobile Money,91.01,Paid,TX839902971
PAY0007329,O007329,2025-04-04,Mobile Money,121.33,Paid,TX853481872
PAY0007330,O007330,2026-01-06,Mobile Money,20.45,Paid,TX111170512
PAY0007331,O007331,2026-04-04,Virement,457.96,Paid,TX563789838
PAY0007332,O007332,2025-08-16,Carte bancaire,240.55,Paid,TX831832000
PAY0007333,O007333,2026-01-18,Mobile Money,106.03,Paid,TX894618346
PAY0007334,O007334,2025-06-28,Cash,101.64,Paid,TX510136040
PAY0007335,O007335,2026-02-16,Carte bancaire,1301.12,Paid,TX636914820
PAY0007336,O007336,2025-02-15,Carte bancaire,830.3,Paid,TX106885799
PAY0007337,O007337,2026-05-01,Mobile Money,0.0,Failed,TX876305075
PAY0007338,O007338,2025-07-29,Mobile Money,38.81,Paid,TX527670059
PAY0007339,O007339,2025-10-08,Mobile Money,104.89,Paid,TX822909966
PAY0007340,O007340,2026-03-18,Mobile Money,2099.91,Paid,TX493739226
PAY0007341,O007341,2025-01-18,Virement,158.12,Paid,TX369529283
PAY0007342,O007342,2026-06-03,Mobile Money,0.0,Pending,TX537368143
PAY0007343,O007343,2025-12-03,Mobile Money,136.1,Paid,TX850867722
PAY0007344,O007344,2026-06-21,Mobile Money,414.02,Paid,TX105806956
PAY0007345,O007345,2025-11-01,Carte bancaire,358.64,Paid,TX922455566
PAY0007346,O007346,2025-04-27,Mobile Money,0.0,Pending,TX884112024
PAY0007347,O007347,2025-11-16,Mobile Money,0.0,Pending,TX575016958
PAY0007348,O007348,2025-11-11,Mobile Money,1207.69,Paid,TX889756586
PAY0007349,O007349,2026-05-22,Virement,0.0,Pending,TX622766649
PAY0007350,O007350,2025-11-16,Carte bancaire,268.04,Paid,TX158215691
PAY0007351,O007351,2025-08-12,Carte bancaire,305.66,Paid,TX387151398
PAY0007352,O007352,2025-04-08,Carte bancaire,2567.25,Paid,TX480490062
PAY0007353,O007353,2025-07-01,Virement,0.0,Failed,TX449903498
PAY0007354,O007354,2025-11-16,Mobile Money,23.67,Paid,TX695832918
PAY0007355,O007355,2025-07-24,Virement,134.0,Paid,TX418930773
PAY0007356,O007356,2025-07-21,Mobile Money,105.94,Paid,TX366841853
PAY0007357,O007357,2025-01-11,Cash,0.0,Pending,TX567103839
PAY0007358,O007358,2026-06-03,Carte bancaire,44.65,Paid,TX877546723
PAY0007359,O007359,2026-04-07,Virement,0.0,Pending,TX402508307
PAY0007360,O007360,2025-05-21,Carte bancaire,369.99,Paid,TX296636445
PAY0007361,O007361,2025-03-20,Mobile Money,131.62,Paid,TX242137890
PAY0007362,O007362,2026-04-05,Carte bancaire,383.99,Paid,TX548561055
PAY0007363,O007363,2026-04-04,Mobile Money,202.73,Paid,TX673911212
PAY0007364,O007364,2026-05-10,Carte bancaire,226.17,Paid,TX970088089
PAY0007365,O007365,2025-10-31,Mobile Money,108.11,Paid,TX401350435
PAY0007366,O007366,2026-02-09,Virement,0.0,Pending,TX582972726
PAY0007367,O007367,2026-02-07,Mobile Money,386.14,Paid,TX937102145
PAY0007368,O007368,2025-04-29,Carte bancaire,81.3,Paid,TX304812001
PAY0007369,O007369,2025-10-15,Virement,835.23,Paid,TX484784975
PAY0007370,O007370,2025-05-23,Carte bancaire,0.0,Failed,TX260193791
PAY0007371,O007371,2026-02-19,Carte bancaire,128.26,Pending,TX131524879
PAY0007372,O007372,2026-06-21,Carte bancaire,385.43,Paid,TX703732907
PAY0007373,O007373,2025-02-13,Mobile Money,37.03,Paid,TX310219887
PAY0007374,O007374,2025-02-12,Mobile Money,0.0,Failed,TX228687248
PAY0007375,O007375,2025-05-29,Virement,35.46,Paid,TX266077372
PAY0007376,O007376,2025-03-10,Cash,1788.17,Paid,TX237545258
PAY0007377,O007377,2025-01-06,Carte bancaire,83.8,Refunded,TX180719231
PAY0007378,O007378,2026-06-24,Virement,733.84,Paid,TX424762378
PAY0007379,O007379,2025-11-16,Virement,79.13,Refunded,TX623398810
PAY0007380,O007380,2026-03-06,Mobile Money,130.18,Paid,TX602028844
PAY0007381,O007381,2025-11-08,Mobile Money,750.12,Paid,TX275812555
PAY0007382,O007382,2026-02-17,Carte bancaire,21.59,Paid,TX607149406
PAY0007383,O007383,2026-01-13,Mobile Money,39.71,Paid,TX945282409
PAY0007384,O007384,2025-04-01,Mobile Money,404.38,Refunded,TX966020673
PAY0007385,O007385,2025-03-26,Mobile Money,529.72,Paid,TX792103268
PAY0007386,O007386,2025-09-26,Carte bancaire,0.0,Failed,TX535857419
PAY0007387,O007387,2025-07-26,Carte bancaire,514.1,Paid,TX316598509
PAY0007388,O007388,2026-04-08,Mobile Money,191.98,Refunded,TX480523573
PAY0007389,O007389,2025-06-19,Mobile Money,453.19,Paid,TX817869135
PAY0007390,O007390,2025-07-03,Carte bancaire,0.0,Failed,TX728643368
PAY0007391,O007391,2025-10-20,Carte bancaire,435.6,Paid,TX902953273
PAY0007392,O007392,2025-04-19,Virement,397.49,Paid,TX801733661
PAY0007393,O007393,2026-04-17,Mobile Money,140.58,Paid,TX404292942
PAY0007394,O007394,2025-01-07,Carte bancaire,0.0,Failed,TX847818538
PAY0007395,O007395,2026-04-13,Mobile Money,421.69,Refunded,TX522894882
PAY0007396,O007396,2025-12-10,Cash,0.0,Pending,TX365875787
PAY0007397,O007397,2026-05-02,Cash,218.83,Paid,TX903164143
PAY0007398,O007398,2025-06-13,Mobile Money,764.99,Paid,TX974798389
PAY0007399,O007399,2026-05-13,Mobile Money,0.0,Pending,TX182282479
PAY0007400,O007400,2026-04-19,Mobile Money,36.97,Paid,TX257762488
PAY0007401,O007401,2025-09-12,Mobile Money,196.69,Paid,TX373118219
PAY0007402,O007402,2025-06-08,Carte bancaire,72.42,Paid,TX397471267
PAY0007403,O007403,2025-04-21,Mobile Money,456.88,Refunded,TX759972961
PAY0007404,O007404,2025-03-26,Mobile Money,407.01,Paid,TX853437877
PAY0007405,O007405,2025-11-19,Mobile Money,64.55,Paid,TX784501938
PAY0007406,O007406,2026-06-11,Virement,0.0,Pending,TX882655279
PAY0007407,O007407,2025-11-09,Mobile Money,335.1,Refunded,TX811626444
PAY0007408,O007408,2026-06-14,Mobile Money,42.31,Paid,TX422113370
PAY0007409,O007409,2026-02-22,Mobile Money,787.68,Refunded,TX722808334
PAY0007410,O007410,2026-01-11,Mobile Money,73.03,Pending,TX828370262
PAY0007411,O007411,2026-02-02,Mobile Money,130.7,Paid,TX698910708
PAY0007412,O007412,2026-05-25,Virement,88.4,Paid,TX162854807
PAY0007413,O007413,2026-04-16,Cash,0.0,Pending,TX416411585
PAY0007414,O007414,2025-03-31,Mobile Money,76.98,Paid,TX848376852
PAY0007415,O007415,2025-11-18,Mobile Money,252.92,Paid,TX672812766
PAY0007416,O007416,2025-09-13,Mobile Money,613.34,Paid,TX899485024
PAY0007417,O007417,2026-05-01,Mobile Money,0.0,Pending,TX318068342
PAY0007418,O007418,2025-04-23,Virement,67.74,Paid,TX925475941
PAY0007419,O007419,2026-03-28,Carte bancaire,197.56,Paid,TX205126016
PAY0007420,O007420,2025-09-21,Mobile Money,58.2,Paid,TX623473943
PAY0007421,O007421,2026-05-30,Mobile Money,191.82,Paid,TX979370213
PAY0007422,O007422,2026-03-13,Mobile Money,613.5,Paid,TX836139639
PAY0007423,O007423,2025-07-13,Mobile Money,208.97,Paid,TX928104418
PAY0007424,O007424,2026-04-09,Carte bancaire,0.0,Pending,TX310480615
PAY0007425,O007425,2025-04-17,Carte bancaire,205.64,Refunded,TX603232633
PAY0007426,O007426,2025-01-07,Mobile Money,492.13,Paid,TX391716902
PAY0007427,O007427,2025-10-08,Mobile Money,616.44,Paid,TX697709842
PAY0007428,O007428,2025-08-02,Virement,284.3,Paid,TX934740281
PAY0007429,O007429,2025-03-10,Carte bancaire,1113.12,Paid,TX185161924
PAY0007430,O007430,2026-07-01,Mobile Money,400.46,Paid,TX438295454
PAY0007431,O007431,2025-01-22,Carte bancaire,385.24,Paid,TX786830396
PAY0007432,O007432,2025-11-22,Virement,212.14,Paid,TX213190069
PAY0007433,O007433,2025-05-26,Mobile Money,70.42,Paid,TX952112073
PAY0007434,O007434,2025-06-15,Virement,98.09,Paid,TX122218336
PAY0007435,O007435,2025-04-30,Virement,133.25,Paid,TX881101384
PAY0007436,O007436,2025-08-02,Mobile Money,237.99,Paid,TX793176050
PAY0007437,O007437,2026-01-05,Cash,58.7,Paid,TX881315851
PAY0007438,O007438,2025-06-26,Mobile Money,71.88,Paid,TX204618658
PAY0007439,O007439,2026-02-03,Mobile Money,59.81,Paid,TX287476012
PAY0007440,O007440,2025-09-04,Virement,1052.61,Paid,TX516750177
PAY0007441,O007441,2026-03-11,Mobile Money,682.62,Paid,TX667051850
PAY0007442,O007442,2025-09-01,Mobile Money,652.37,Paid,TX153889209
PAY0007443,O007443,2025-07-23,Carte bancaire,1068.66,Paid,TX736308015
PAY0007444,O007444,2025-10-06,Carte bancaire,0.0,Failed,TX853286350
PAY0007445,O007445,2026-01-13,Mobile Money,331.5,Paid,TX349858085
PAY0007446,O007446,2025-09-14,Virement,250.04,Paid,TX580317857
PAY0007447,O007447,2026-05-15,Mobile Money,70.94,Paid,TX808101618
PAY0007448,O007448,2025-10-12,Mobile Money,89.5,Paid,TX755963488
PAY0007449,O007449,2025-06-14,Carte bancaire,39.1,Paid,TX353084165
PAY0007450,O007450,2025-01-20,Virement,172.01,Paid,TX568151023
PAY0007451,O007451,2025-08-06,Carte bancaire,648.67,Paid,TX169067482
PAY0007452,O007452,2025-02-03,Carte bancaire,183.21,Paid,TX910532893
PAY0007453,O007453,2025-01-23,Cash,814.7,Paid,TX667094225
PAY0007454,O007454,2025-07-24,Mobile Money,189.91,Paid,TX960586793
PAY0007455,O007455,2025-06-11,Carte bancaire,745.43,Paid,TX839104340
PAY0007456,O007456,2026-04-30,Carte bancaire,125.56,Paid,TX953309522
PAY0007457,O007457,2026-02-08,Cash,706.47,Paid,TX119566145
PAY0007458,O007458,2026-03-11,Virement,111.46,Paid,TX761335744
PAY0007459,O007459,2025-10-27,Mobile Money,124.34,Paid,TX579487754
PAY0007460,O007460,2025-03-05,Virement,63.81,Paid,TX280102330
PAY0007461,O007461,2026-04-13,Carte bancaire,762.19,Paid,TX838325478
PAY0007462,O007462,2025-09-29,Virement,39.48,Refunded,TX877978917
PAY0007463,O007463,2025-08-27,Mobile Money,0.0,Failed,TX618771570
PAY0007464,O007464,2025-11-28,Cash,74.99,Paid,TX467907202
PAY0007465,O007465,2025-04-01,Virement,98.34,Paid,TX540659642
PAY0007466,O007466,2025-09-24,Virement,302.79,Paid,TX215022602
PAY0007467,O007467,2025-11-28,Virement,0.0,Pending,TX956342625
PAY0007468,O007468,2026-01-19,Mobile Money,159.9,Paid,TX720275199
PAY0007469,O007469,2025-10-04,Virement,684.09,Paid,TX648805297
PAY0007470,O007470,2026-07-03,Carte bancaire,988.71,Paid,TX486316304
PAY0007471,O007471,2026-06-27,Carte bancaire,48.72,Paid,TX728395973
PAY0007472,O007472,2025-02-23,Mobile Money,0.0,Pending,TX909154119
PAY0007473,O007473,2025-02-17,Mobile Money,62.7,Paid,TX820586172
PAY0007474,O007474,2025-10-12,Carte bancaire,0.0,Pending,TX226441090
PAY0007475,O007475,2026-03-31,Mobile Money,1162.92,Paid,TX383588555
PAY0007476,O007476,2025-10-09,Cash,0.0,Pending,TX634413647
PAY0007477,O007477,2025-05-03,Carte bancaire,451.67,Paid,TX858978699
PAY0007478,O007478,2025-11-09,Mobile Money,0.0,Pending,TX842646723
PAY0007479,O007479,2026-06-04,Mobile Money,91.4,Paid,TX948065645
PAY0007480,O007480,2025-04-05,Mobile Money,0.0,Pending,TX190750235
PAY0007481,O007481,2025-09-06,Mobile Money,40.01,Refunded,TX550214013
PAY0007482,O007482,2025-12-19,Mobile Money,71.5,Paid,TX199332488
PAY0007483,O007483,2025-08-05,Carte bancaire,0.0,Failed,TX153415415
PAY0007484,O007484,2025-01-28,Carte bancaire,470.32,Paid,TX797209146
PAY0007485,O007485,2026-01-03,Virement,59.42,Refunded,TX744335430
PAY0007486,O007486,2026-02-11,Carte bancaire,0.0,Failed,TX948721423
PAY0007487,O007487,2025-12-30,Carte bancaire,310.53,Paid,TX401469246
PAY0007488,O007488,2026-01-03,Mobile Money,327.03,Paid,TX285695346
PAY0007489,O007489,2025-12-30,Virement,69.96,Paid,TX965348059
PAY0007490,O007490,2025-07-02,Mobile Money,0.0,Pending,TX747376160
PAY0007491,O007491,2025-01-13,Carte bancaire,1602.28,Paid,TX728389169
PAY0007492,O007492,2026-06-27,Carte bancaire,93.68,Paid,TX618949951
PAY0007493,O007493,2025-04-27,Mobile Money,241.0,Paid,TX525048657
PAY0007494,O007494,2026-04-04,Carte bancaire,189.84,Paid,TX263769591
PAY0007495,O007495,2025-10-27,Cash,1012.83,Refunded,TX347926816
PAY0007496,O007496,2025-10-26,Carte bancaire,361.0,Paid,TX299111997
PAY0007497,O007497,2025-01-16,Carte bancaire,224.92,Paid,TX283661037
PAY0007498,O007498,2026-06-30,Mobile Money,0.0,Pending,TX638646078
PAY0007499,O007499,2025-10-20,Mobile Money,155.62,Paid,TX415954144
PAY0007500,O007500,2026-03-31,Mobile Money,0.0,Failed,TX641192325
PAY0007501,O007501,2026-03-07,Virement,677.09,Paid,TX813784309
PAY0007502,O007502,2025-03-19,Mobile Money,145.77,Refunded,TX124458442
PAY0007503,O007503,2026-06-04,Mobile Money,0.0,Pending,TX723899843
PAY0007504,O007504,2025-11-20,Mobile Money,1221.69,Paid,TX651221123
PAY0007505,O007505,2025-04-16,Mobile Money,0.0,Failed,TX589901640
PAY0007506,O007506,2025-11-18,Mobile Money,500.39,Paid,TX465461834
PAY0007507,O007507,2025-12-04,Mobile Money,1079.36,Paid,TX149030000
PAY0007508,O007508,2025-12-28,Mobile Money,218.15,Paid,TX254634796
PAY0007509,O007509,2025-06-29,Virement,508.2,Paid,TX211321725
PAY0007510,O007510,2026-06-03,Mobile Money,0.0,Pending,TX744606368
PAY0007511,O007511,2025-05-11,Mobile Money,2946.36,Refunded,TX160515970
PAY0007512,O007512,2025-09-30,Carte bancaire,345.51,Paid,TX823437368
PAY0007513,O007513,2026-04-07,Mobile Money,1779.22,Paid,TX887002605
PAY0007514,O007514,2025-02-16,Virement,282.51,Refunded,TX380456598
PAY0007515,O007515,2025-08-12,Carte bancaire,292.15,Paid,TX240274501
PAY0007516,O007516,2025-09-22,Carte bancaire,48.1,Paid,TX724796258
PAY0007517,O007517,2026-03-03,Mobile Money,276.63,Paid,TX333942634
PAY0007518,O007518,2026-03-10,Mobile Money,749.58,Pending,TX369720870
PAY0007519,O007519,2026-03-17,Virement,60.51,Paid,TX317370445
PAY0007520,O007520,2025-07-17,Mobile Money,362.61,Refunded,TX325573524
PAY0007521,O007521,2025-09-30,Mobile Money,0.0,Pending,TX416240101
PAY0007522,O007522,2025-01-18,Carte bancaire,979.57,Paid,TX558732649
PAY0007523,O007523,2026-03-27,Mobile Money,243.2,Paid,TX724128387
PAY0007524,O007524,2025-06-17,Carte bancaire,0.0,Pending,TX491325634
PAY0007525,O007525,2025-09-16,Carte bancaire,372.61,Paid,TX733816786
PAY0007526,O007526,2026-01-13,Cash,41.09,Paid,TX229308465
PAY0007527,O007527,2026-03-02,Mobile Money,95.56,Paid,TX820189210
PAY0007528,O007528,2025-02-21,Mobile Money,1969.97,Paid,TX581931946
PAY0007529,O007529,2026-03-01,Mobile Money,0.0,Pending,TX366452928
PAY0007530,O007530,2025-07-28,Mobile Money,601.2,Paid,TX474638438
PAY0007531,O007531,2025-08-18,Cash,0.0,Pending,TX423268499
PAY0007532,O007532,2025-03-16,Carte bancaire,188.82,Paid,TX233553456
PAY0007533,O007533,2026-01-31,Mobile Money,313.42,Paid,TX491453775
PAY0007534,O007534,2025-09-18,Mobile Money,41.51,Refunded,TX716184499
PAY0007535,O007535,2025-02-26,Carte bancaire,170.54,Paid,TX159462747
PAY0007536,O007536,2025-03-20,Mobile Money,0.0,Failed,TX418608988
PAY0007537,O007537,2026-02-02,Mobile Money,483.94,Paid,TX530775415
PAY0007538,O007538,2025-03-02,Carte bancaire,0.0,Failed,TX845913340
PAY0007539,O007539,2025-10-17,Carte bancaire,56.6,Paid,TX834712851
PAY0007540,O007540,2026-01-22,Mobile Money,79.37,Paid,TX208560637
PAY0007541,O007541,2026-05-18,Carte bancaire,386.07,Paid,TX376468322
PAY0007542,O007542,2025-03-28,Carte bancaire,674.05,Paid,TX201991031
PAY0007543,O007543,2025-06-16,Carte bancaire,311.3,Paid,TX532953868
PAY0007544,O007544,2025-03-29,Mobile Money,2590.6,Paid,TX205808995
PAY0007545,O007545,2026-05-02,Virement,66.1,Paid,TX640309868
PAY0007546,O007546,2025-11-21,Carte bancaire,0.0,Pending,TX447270269
PAY0007547,O007547,2026-06-24,Mobile Money,238.47,Paid,TX220982399
PAY0007548,O007548,2025-01-26,Mobile Money,1167.73,Paid,TX123672320
PAY0007549,O007549,2026-01-26,Carte bancaire,153.62,Paid,TX426867442
PAY0007550,O007550,2025-01-22,Virement,336.78,Refunded,TX600760174
PAY0007551,O007551,2025-03-04,Carte bancaire,642.5,Paid,TX531356369
PAY0007552,O007552,2025-08-29,Mobile Money,39.41,Paid,TX408749102
PAY0007553,O007553,2025-07-21,Mobile Money,512.41,Paid,TX612599322
PAY0007554,O007554,2025-07-24,Mobile Money,289.28,Paid,TX289084478
PAY0007555,O007555,2025-02-07,Mobile Money,45.27,Paid,TX969314321
PAY0007556,O007556,2025-10-30,Carte bancaire,19.37,Paid,TX324323149
PAY0007557,O007557,2025-07-09,Carte bancaire,995.81,Paid,TX646425592
PAY0007558,O007558,2026-07-01,Mobile Money,0.0,Pending,TX468093538
PAY0007559,O007559,2026-03-13,Virement,426.06,Paid,TX865846114
PAY0007560,O007560,2025-08-27,Cash,205.74,Paid,TX474685751
PAY0007561,O007561,2026-02-25,Carte bancaire,52.22,Paid,TX984589097
PAY0007562,O007562,2025-11-13,Carte bancaire,760.86,Paid,TX756242600
PAY0007563,O007563,2025-10-02,Mobile Money,182.87,Paid,TX430749595
PAY0007564,O007564,2026-05-22,Virement,146.65,Paid,TX793853270
PAY0007565,O007565,2025-11-20,Mobile Money,274.75,Paid,TX792594848
PAY0007566,O007566,2025-09-24,Carte bancaire,38.57,Paid,TX251097910
PAY0007567,O007567,2025-11-10,Carte bancaire,51.24,Refunded,TX953824279
PAY0007568,O007568,2026-03-08,Mobile Money,953.51,Paid,TX583123382
PAY0007569,O007569,2026-02-11,Mobile Money,87.24,Paid,TX424666411
PAY0007570,O007570,2025-10-28,Carte bancaire,0.0,Pending,TX552049319
PAY0007571,O007571,2025-04-09,Mobile Money,1695.59,Refunded,TX385847074
PAY0007572,O007572,2025-12-16,Mobile Money,377.13,Paid,TX599874027
PAY0007573,O007573,2025-08-24,Cash,0.0,Failed,TX692985312
PAY0007574,O007574,2026-05-28,Carte bancaire,18.48,Paid,TX279259913
PAY0007575,O007575,2026-05-13,Carte bancaire,78.54,Paid,TX960875659
PAY0007576,O007576,2025-01-05,Mobile Money,732.04,Paid,TX788591731
PAY0007577,O007577,2026-07-05,Mobile Money,142.2,Paid,TX285363205
PAY0007578,O007578,2026-05-09,Mobile Money,24.43,Paid,TX544547021
PAY0007579,O007579,2026-05-17,Mobile Money,299.69,Paid,TX566589795
PAY0007580,O007580,2025-10-01,Mobile Money,304.23,Paid,TX443061831
PAY0007581,O007581,2025-06-01,Cash,117.07,Paid,TX326546954
PAY0007582,O007582,2025-11-30,Mobile Money,248.59,Paid,TX274975519
PAY0007583,O007583,2026-04-30,Mobile Money,316.4,Paid,TX379067780
PAY0007584,O007584,2025-09-05,Virement,0.0,Pending,TX724405124
PAY0007585,O007585,2026-06-27,Virement,0.0,Failed,TX954422726
PAY0007586,O007586,2025-05-23,Cash,127.3,Paid,TX958897765
PAY0007587,O007587,2026-04-16,Mobile Money,670.15,Paid,TX570527107
PAY0007588,O007588,2025-02-10,Mobile Money,19.34,Paid,TX864345501
PAY0007589,O007589,2026-04-08,Carte bancaire,28.5,Paid,TX482823954
PAY0007590,O007590,2026-06-03,Virement,187.58,Paid,TX825298735
PAY0007591,O007591,2026-01-20,Mobile Money,171.11,Paid,TX881131883
PAY0007592,O007592,2025-12-12,Cash,36.12,Paid,TX475117075
PAY0007593,O007593,2025-08-17,Virement,525.52,Paid,TX951178833
PAY0007594,O007594,2026-04-27,Mobile Money,50.95,Paid,TX671390518
PAY0007595,O007595,2025-03-13,Carte bancaire,117.5,Paid,TX648458225
PAY0007596,O007596,2025-06-10,Mobile Money,28.66,Paid,TX231710119
PAY0007597,O007597,2025-03-14,Mobile Money,251.25,Paid,TX605218714
PAY0007598,O007598,2025-06-05,Mobile Money,16.04,Paid,TX397037044
PAY0007599,O007599,2025-10-17,Mobile Money,150.07,Paid,TX421736669
PAY0007600,O007600,2025-07-05,Mobile Money,0.0,Pending,TX917961640
PAY0007601,O007601,2025-08-22,Carte bancaire,40.03,Paid,TX910065161
PAY0007602,O007602,2025-05-09,Virement,15.48,Paid,TX586835084
PAY0007603,O007603,2025-07-16,Mobile Money,887.67,Paid,TX143142019
PAY0007604,O007604,2025-09-30,Mobile Money,95.89,Paid,TX137163300
PAY0007605,O007605,2025-05-02,Carte bancaire,86.8,Paid,TX632891591
PAY0007606,O007606,2026-06-02,Mobile Money,20.54,Paid,TX108634345
PAY0007607,O007607,2026-05-10,Mobile Money,0.0,Pending,TX234493068
PAY0007608,O007608,2026-04-27,Mobile Money,0.0,Pending,TX268063938
PAY0007609,O007609,2025-01-01,Carte bancaire,127.03,Pending,TX834170956
PAY0007610,O007610,2025-09-29,Cash,46.81,Paid,TX626352419
PAY0007611,O007611,2026-03-15,Carte bancaire,47.26,Paid,TX325262424
PAY0007612,O007612,2025-07-11,Carte bancaire,94.31,Paid,TX431896634
PAY0007613,O007613,2025-05-10,Carte bancaire,178.48,Paid,TX693699452
PAY0007614,O007614,2025-12-03,Cash,90.69,Paid,TX436584985
PAY0007615,O007615,2025-01-05,Carte bancaire,434.41,Refunded,TX506223821
PAY0007616,O007616,2025-12-06,Mobile Money,0.0,Pending,TX830415678
PAY0007617,O007617,2025-09-08,Mobile Money,161.09,Paid,TX268862578
PAY0007618,O007618,2026-01-13,Mobile Money,0.0,Pending,TX166657688
PAY0007619,O007619,2026-01-12,Mobile Money,0.0,Pending,TX690215882
PAY0007620,O007620,2025-10-23,Carte bancaire,0.0,Failed,TX865212337
PAY0007621,O007621,2025-11-20,Mobile Money,25.99,Paid,TX368637657
PAY0007622,O007622,2025-01-16,Carte bancaire,46.13,Paid,TX165027789
PAY0007623,O007623,2026-06-23,Mobile Money,0.0,Failed,TX180833664
PAY0007624,O007624,2025-02-13,Virement,106.71,Paid,TX660188912
PAY0007625,O007625,2026-06-23,Mobile Money,34.3,Paid,TX214302869
PAY0007626,O007626,2026-06-20,Carte bancaire,0.0,Pending,TX406066732
PAY0007627,O007627,2026-02-01,Carte bancaire,81.09,Paid,TX163335657
PAY0007628,O007628,2026-02-16,Carte bancaire,810.04,Paid,TX450254805
PAY0007629,O007629,2025-01-21,Mobile Money,198.89,Paid,TX228289494
PAY0007630,O007630,2026-06-05,Carte bancaire,0.0,Pending,TX950165115
PAY0007631,O007631,2025-10-18,Cash,511.5,Paid,TX920491816
PAY0007632,O007632,2025-07-10,Virement,275.6,Paid,TX750906116
PAY0007633,O007633,2026-01-06,Mobile Money,0.0,Pending,TX453125793
PAY0007634,O007634,2025-10-24,Mobile Money,361.57,Paid,TX977048568
PAY0007635,O007635,2025-07-19,Virement,69.83,Paid,TX297331865
PAY0007636,O007636,2025-06-27,Mobile Money,377.02,Paid,TX417934490
PAY0007637,O007637,2025-03-07,Carte bancaire,0.0,Failed,TX739614334
PAY0007638,O007638,2026-05-18,Cash,776.19,Paid,TX341067448
PAY0007639,O007639,2026-01-01,Mobile Money,39.37,Paid,TX546835622
PAY0007640,O007640,2025-06-10,Mobile Money,0.0,Pending,TX442554919
PAY0007641,O007641,2026-02-03,Carte bancaire,25.5,Paid,TX173474576
PAY0007642,O007642,2026-01-16,Mobile Money,61.44,Paid,TX310373053
PAY0007643,O007643,2025-03-18,Carte bancaire,739.14,Paid,TX900732532
PAY0007644,O007644,2025-04-10,Mobile Money,23.67,Paid,TX621066843
PAY0007645,O007645,2025-05-09,Carte bancaire,178.21,Paid,TX973899967
PAY0007646,O007646,2025-03-01,Mobile Money,147.74,Paid,TX569459978
PAY0007647,O007647,2026-03-29,Mobile Money,214.3,Paid,TX123349443
PAY0007648,O007648,2025-03-28,Mobile Money,420.0,Paid,TX372431128
PAY0007649,O007649,2026-03-24,Mobile Money,330.0,Paid,TX146735945
PAY0007650,O007650,2025-10-22,Cash,244.47,Paid,TX185523637
PAY0007651,O007651,2025-03-09,Mobile Money,213.31,Paid,TX651697307
PAY0007652,O007652,2026-04-12,Mobile Money,505.06,Paid,TX165992616
PAY0007653,O007653,2025-04-06,Carte bancaire,76.56,Paid,TX842440040
PAY0007654,O007654,2026-07-06,Mobile Money,3599.1,Paid,TX796648510
PAY0007655,O007655,2025-01-08,Cash,53.11,Paid,TX708031796
PAY0007656,O007656,2025-12-11,Mobile Money,0.0,Pending,TX800739930
PAY0007657,O007657,2025-06-21,Carte bancaire,114.66,Paid,TX136785948
PAY0007658,O007658,2025-10-20,Mobile Money,197.48,Paid,TX362783540
PAY0007659,O007659,2026-04-10,Carte bancaire,0.0,Pending,TX119215805
PAY0007660,O007660,2026-03-09,Carte bancaire,146.72,Paid,TX223951825
PAY0007661,O007661,2025-06-08,Mobile Money,192.36,Paid,TX172212522
PAY0007662,O007662,2025-02-06,Carte bancaire,251.57,Paid,TX762329028
PAY0007663,O007663,2025-06-06,Virement,725.86,Paid,TX151344890
PAY0007664,O007664,2026-03-24,Cash,427.26,Paid,TX424031803
PAY0007665,O007665,2025-10-12,Mobile Money,0.0,Failed,TX943728979
PAY0007666,O007666,2026-02-21,Mobile Money,92.59,Paid,TX177221711
PAY0007667,O007667,2025-09-29,Carte bancaire,24.01,Paid,TX799785210
PAY0007668,O007668,2025-10-20,Mobile Money,322.93,Paid,TX976547379
PAY0007669,O007669,2025-02-05,Carte bancaire,46.74,Paid,TX891435138
PAY0007670,O007670,2025-01-16,Virement,600.43,Paid,TX640888014
PAY0007671,O007671,2026-01-21,Mobile Money,167.94,Paid,TX691820232
PAY0007672,O007672,2025-04-24,Mobile Money,25.06,Paid,TX441506381
PAY0007673,O007673,2025-07-21,Mobile Money,0.0,Failed,TX202741656
PAY0007674,O007674,2025-07-22,Carte bancaire,0.0,Pending,TX360721557
PAY0007675,O007675,2025-12-15,Carte bancaire,0.0,Pending,TX697232791
PAY0007676,O007676,2026-05-31,Cash,118.76,Paid,TX287986304
PAY0007677,O007677,2026-02-22,Mobile Money,183.09,Paid,TX389761211
PAY0007678,O007678,2025-12-18,Carte bancaire,112.99,Paid,TX991921529
PAY0007679,O007679,2026-04-05,Carte bancaire,494.0,Paid,TX120274447
PAY0007680,O007680,2025-10-07,Carte bancaire,54.85,Paid,TX820061865
PAY0007681,O007681,2025-03-21,Mobile Money,1095.44,Paid,TX383785149
PAY0007682,O007682,2025-09-26,Mobile Money,0.0,Failed,TX925828286
PAY0007683,O007683,2026-06-24,Mobile Money,63.63,Paid,TX915741925
PAY0007684,O007684,2026-03-05,Carte bancaire,160.56,Paid,TX762497659
PAY0007685,O007685,2025-07-13,Carte bancaire,1515.34,Paid,TX610028398
PAY0007686,O007686,2025-06-28,Carte bancaire,73.29,Paid,TX579336636
PAY0007687,O007687,2026-05-19,Cash,0.0,Pending,TX578432894
PAY0007688,O007688,2025-02-23,Mobile Money,0.0,Failed,TX501849544
PAY0007689,O007689,2026-05-31,Mobile Money,374.33,Paid,TX353534493
PAY0007690,O007690,2026-01-08,Mobile Money,151.86,Paid,TX742204210
PAY0007691,O007691,2026-03-21,Mobile Money,0.0,Pending,TX101668968
PAY0007692,O007692,2025-07-03,Mobile Money,823.37,Paid,TX638777109
PAY0007693,O007693,2025-12-25,Mobile Money,51.31,Paid,TX405893288
PAY0007694,O007694,2025-07-02,Cash,43.42,Paid,TX490532241
PAY0007695,O007695,2025-01-12,Mobile Money,460.27,Paid,TX309523162
PAY0007696,O007696,2025-09-07,Cash,1483.5,Paid,TX937284679
PAY0007697,O007697,2026-06-24,Mobile Money,0.0,Pending,TX928401333
PAY0007698,O007698,2025-05-16,Carte bancaire,240.38,Paid,TX438309199
PAY0007699,O007699,2025-03-30,Carte bancaire,70.27,Paid,TX989858024
PAY0007700,O007700,2026-05-21,Mobile Money,40.63,Paid,TX142585732
PAY0007701,O007701,2026-05-17,Mobile Money,581.86,Refunded,TX434721158
PAY0007702,O007702,2026-04-13,Carte bancaire,3479.06,Paid,TX577563506
PAY0007703,O007703,2026-06-20,Cash,0.0,Failed,TX406861351
PAY0007704,O007704,2026-06-28,Carte bancaire,126.48,Paid,TX554735225
PAY0007705,O007705,2026-05-23,Mobile Money,0.0,Failed,TX216123423
PAY0007706,O007706,2026-06-16,Virement,43.34,Paid,TX471495209
PAY0007707,O007707,2026-02-17,Carte bancaire,293.99,Paid,TX778646105
PAY0007708,O007708,2025-06-23,Carte bancaire,94.62,Paid,TX791506318
PAY0007709,O007709,2025-09-12,Virement,252.4,Paid,TX574250877
PAY0007710,O007710,2025-07-29,Carte bancaire,477.45,Paid,TX117700412
PAY0007711,O007711,2025-10-07,Mobile Money,37.5,Paid,TX440821302
PAY0007712,O007712,2026-01-19,Carte bancaire,0.0,Pending,TX141135273
PAY0007713,O007713,2025-05-16,Mobile Money,372.65,Paid,TX728210773
PAY0007714,O007714,2025-01-11,Mobile Money,136.5,Paid,TX567837620
PAY0007715,O007715,2025-12-01,Carte bancaire,57.81,Refunded,TX216129895
PAY0007716,O007716,2026-07-01,Cash,29.5,Paid,TX702044050
PAY0007717,O007717,2026-04-19,Carte bancaire,96.09,Refunded,TX841356219
PAY0007718,O007718,2025-01-09,Cash,0.0,Failed,TX850589554
PAY0007719,O007719,2025-11-28,Virement,94.58,Paid,TX296974607
PAY0007720,O007720,2025-10-21,Carte bancaire,61.6,Paid,TX662152194
PAY0007721,O007721,2025-08-25,Mobile Money,462.01,Paid,TX160549196
PAY0007722,O007722,2026-01-03,Carte bancaire,349.93,Paid,TX658430200
PAY0007723,O007723,2025-08-22,Cash,2380.7,Paid,TX327568602
PAY0007724,O007724,2026-05-16,Mobile Money,156.15,Paid,TX167857138
PAY0007725,O007725,2026-05-16,Mobile Money,110.09,Paid,TX806690799
PAY0007726,O007726,2025-12-22,Mobile Money,139.07,Paid,TX636327516
PAY0007727,O007727,2025-09-10,Carte bancaire,56.6,Paid,TX784802041
PAY0007728,O007728,2025-11-28,Mobile Money,245.56,Paid,TX496467317
PAY0007729,O007729,2026-05-13,Carte bancaire,211.55,Paid,TX409382530
PAY0007730,O007730,2025-06-17,Carte bancaire,42.65,Paid,TX635897482
PAY0007731,O007731,2026-04-22,Carte bancaire,0.0,Pending,TX135165007
PAY0007732,O007732,2025-11-20,Mobile Money,0.0,Pending,TX105347740
PAY0007733,O007733,2025-02-05,Carte bancaire,1143.26,Paid,TX563678657
PAY0007734,O007734,2026-02-19,Mobile Money,975.91,Paid,TX306878763
PAY0007735,O007735,2025-04-24,Carte bancaire,55.93,Paid,TX401773659
PAY0007736,O007736,2025-10-14,Mobile Money,331.63,Paid,TX500490981
PAY0007737,O007737,2026-06-05,Carte bancaire,0.0,Failed,TX325336623
PAY0007738,O007738,2026-03-04,Carte bancaire,74.89,Paid,TX815826433
PAY0007739,O007739,2026-01-21,Mobile Money,661.5,Paid,TX550545055
PAY0007740,O007740,2025-02-09,Carte bancaire,116.49,Paid,TX594899507
PAY0007741,O007741,2026-04-17,Cash,0.0,Pending,TX632678040
PAY0007742,O007742,2025-07-03,Virement,0.0,Pending,TX111631031
PAY0007743,O007743,2025-01-31,Virement,1444.11,Refunded,TX823716335
PAY0007744,O007744,2026-06-14,Carte bancaire,756.9,Paid,TX261849203
PAY0007745,O007745,2025-04-17,Mobile Money,100.34,Paid,TX438917759
PAY0007746,O007746,2025-06-27,Cash,0.0,Pending,TX600979669
PAY0007747,O007747,2025-03-23,Mobile Money,184.72,Refunded,TX835301109
PAY0007748,O007748,2025-12-08,Mobile Money,83.68,Paid,TX662291471
PAY0007749,O007749,2026-04-24,Mobile Money,222.16,Paid,TX624328737
PAY0007750,O007750,2025-10-14,Carte bancaire,903.72,Paid,TX699846807
PAY0007751,O007751,2026-04-25,Carte bancaire,186.29,Refunded,TX946682871
PAY0007752,O007752,2026-05-29,Mobile Money,254.14,Paid,TX793741059
PAY0007753,O007753,2026-04-24,Cash,1183.72,Paid,TX199079897
PAY0007754,O007754,2025-04-01,Carte bancaire,0.0,Failed,TX549546789
PAY0007755,O007755,2025-04-26,Cash,381.95,Paid,TX728915099
PAY0007756,O007756,2025-06-17,Carte bancaire,240.42,Paid,TX274509471
PAY0007757,O007757,2025-12-17,Carte bancaire,24.3,Paid,TX327169646
PAY0007758,O007758,2026-04-19,Cash,281.34,Paid,TX652783554
PAY0007759,O007759,2025-06-21,Cash,0.0,Pending,TX939537928
PAY0007760,O007760,2026-01-02,Carte bancaire,208.0,Paid,TX749222866
PAY0007761,O007761,2025-04-15,Mobile Money,685.5,Refunded,TX701551414
PAY0007762,O007762,2025-10-29,Mobile Money,0.0,Failed,TX811971126
PAY0007763,O007763,2026-03-04,Mobile Money,56.03,Paid,TX348197086
PAY0007764,O007764,2025-08-09,Mobile Money,0.0,Pending,TX936795226
PAY0007765,O007765,2025-04-01,Carte bancaire,61.21,Paid,TX979561850
PAY0007766,O007766,2025-08-14,Mobile Money,67.09,Paid,TX582781897
PAY0007767,O007767,2026-02-24,Carte bancaire,0.0,Failed,TX811189941
PAY0007768,O007768,2026-05-30,Virement,133.61,Refunded,TX894131446
PAY0007769,O007769,2025-12-05,Mobile Money,0.0,Pending,TX343693753
PAY0007770,O007770,2026-01-03,Virement,204.0,Paid,TX379967111
PAY0007771,O007771,2025-08-21,Virement,498.85,Paid,TX776251849
PAY0007772,O007772,2026-05-25,Carte bancaire,2206.9,Paid,TX890428138
PAY0007773,O007773,2026-04-24,Virement,1640.82,Paid,TX759121764
PAY0007774,O007774,2026-06-17,Cash,168.89,Paid,TX110513953
PAY0007775,O007775,2026-04-21,Carte bancaire,0.0,Pending,TX144024206
PAY0007776,O007776,2025-10-31,Carte bancaire,163.88,Paid,TX210014621
PAY0007777,O007777,2026-06-13,Carte bancaire,25.97,Paid,TX570223890
PAY0007778,O007778,2025-12-05,Carte bancaire,953.41,Paid,TX897394677
PAY0007779,O007779,2025-11-29,Cash,64.26,Paid,TX656724124
PAY0007780,O007780,2025-12-30,Mobile Money,93.55,Paid,TX724107980
PAY0007781,O007781,2025-04-16,Mobile Money,0.0,Pending,TX736399237
PAY0007782,O007782,2026-04-09,Cash,169.74,Paid,TX677158713
PAY0007783,O007783,2025-07-22,Virement,53.83,Paid,TX151465347
PAY0007784,O007784,2025-12-29,Mobile Money,211.93,Paid,TX597397352
PAY0007785,O007785,2026-04-11,Carte bancaire,170.49,Paid,TX306675173
PAY0007786,O007786,2025-03-04,Mobile Money,0.0,Pending,TX249156855
PAY0007787,O007787,2025-06-18,Carte bancaire,448.44,Paid,TX756316020
PAY0007788,O007788,2026-06-03,Cash,0.0,Pending,TX882301223
PAY0007789,O007789,2025-07-19,Carte bancaire,564.69,Paid,TX468452058
PAY0007790,O007790,2025-12-31,Cash,497.17,Paid,TX669975180
PAY0007791,O007791,2025-11-08,Mobile Money,33.78,Paid,TX699533063
PAY0007792,O007792,2026-04-24,Carte bancaire,981.76,Paid,TX832088205
PAY0007793,O007793,2025-10-11,Carte bancaire,0.0,Failed,TX336530388
PAY0007794,O007794,2025-08-24,Mobile Money,41.4,Paid,TX785076364
PAY0007795,O007795,2025-01-10,Virement,156.7,Paid,TX492110633
PAY0007796,O007796,2025-09-21,Mobile Money,890.67,Refunded,TX534866058
PAY0007797,O007797,2025-11-20,Virement,178.22,Paid,TX524646462
PAY0007798,O007798,2026-01-13,Mobile Money,583.27,Paid,TX832542179
PAY0007799,O007799,2026-03-07,Cash,232.13,Paid,TX582902117
PAY0007800,O007800,2026-03-06,Virement,0.0,Pending,TX575612128
PAY0007801,O007801,2025-09-12,Virement,48.9,Paid,TX277065581
PAY0007802,O007802,2025-02-14,Carte bancaire,441.41,Paid,TX316791450
PAY0007803,O007803,2025-05-21,Mobile Money,335.0,Paid,TX528174055
PAY0007804,O007804,2025-08-15,Carte bancaire,290.0,Paid,TX134693782
PAY0007805,O007805,2026-06-22,Carte bancaire,0.0,Failed,TX516811876
PAY0007806,O007806,2026-03-02,Mobile Money,0.0,Pending,TX915804114
PAY0007807,O007807,2026-05-10,Mobile Money,64.34,Paid,TX669123032
PAY0007808,O007808,2026-07-01,Carte bancaire,390.41,Paid,TX823538923
PAY0007809,O007809,2025-03-14,Carte bancaire,111.89,Paid,TX727778660
PAY0007810,O007810,2025-01-10,Virement,0.0,Pending,TX169668106
PAY0007811,O007811,2025-11-11,Carte bancaire,0.0,Failed,TX662708070
PAY0007812,O007812,2025-05-29,Carte bancaire,193.92,Paid,TX825226641
PAY0007813,O007813,2026-04-24,Carte bancaire,67.09,Pending,TX674789539
PAY0007814,O007814,2025-09-14,Virement,0.0,Pending,TX919846397
PAY0007815,O007815,2025-01-06,Mobile Money,1771.37,Paid,TX882982692
PAY0007816,O007816,2025-05-07,Carte bancaire,199.18,Paid,TX814942033
PAY0007817,O007817,2025-07-08,Mobile Money,95.0,Paid,TX578440006
PAY0007818,O007818,2025-01-16,Mobile Money,742.0,Paid,TX252792644
PAY0007819,O007819,2025-06-23,Carte bancaire,0.0,Failed,TX736205720
PAY0007820,O007820,2025-10-26,Mobile Money,0.0,Pending,TX725606145
PAY0007821,O007821,2026-05-07,Carte bancaire,66.69,Paid,TX812930348
PAY0007822,O007822,2025-12-22,Virement,46.53,Paid,TX236783107
PAY0007823,O007823,2025-02-22,Virement,247.89,Refunded,TX312869194
PAY0007824,O007824,2025-08-18,Carte bancaire,3648.75,Paid,TX786641386
PAY0007825,O007825,2026-03-02,Mobile Money,2847.89,Paid,TX342169278
PAY0007826,O007826,2025-07-22,Mobile Money,385.01,Paid,TX886748861
PAY0007827,O007827,2025-11-09,Mobile Money,0.0,Pending,TX362595107
PAY0007828,O007828,2026-06-25,Mobile Money,0.0,Failed,TX377041288
PAY0007829,O007829,2025-03-21,Carte bancaire,117.48,Paid,TX150481754
PAY0007830,O007830,2025-09-22,Mobile Money,66.68,Paid,TX615025516
PAY0007831,O007831,2025-12-04,Mobile Money,144.65,Paid,TX553959587
PAY0007832,O007832,2026-03-17,Mobile Money,51.24,Refunded,TX796807816
PAY0007833,O007833,2026-04-08,Mobile Money,45.58,Paid,TX166391055
PAY0007834,O007834,2025-06-10,Mobile Money,0.0,Failed,TX204237603
PAY0007835,O007835,2025-09-13,Mobile Money,558.77,Paid,TX983289503
PAY0007836,O007836,2026-04-03,Mobile Money,223.73,Refunded,TX997746153
PAY0007837,O007837,2026-04-09,Mobile Money,143.5,Paid,TX563001659
PAY0007838,O007838,2026-04-01,Carte bancaire,0.0,Pending,TX359515003
PAY0007839,O007839,2026-01-02,Mobile Money,87.3,Paid,TX376765345
PAY0007840,O007840,2025-05-30,Mobile Money,229.08,Paid,TX238770741
PAY0007841,O007841,2025-07-24,Carte bancaire,196.87,Paid,TX799642418
PAY0007842,O007842,2025-12-27,Carte bancaire,399.91,Paid,TX366154553
PAY0007843,O007843,2025-05-24,Carte bancaire,239.75,Paid,TX714731319
PAY0007844,O007844,2026-01-13,Mobile Money,306.56,Paid,TX385724918
PAY0007845,O007845,2025-10-10,Cash,0.0,Failed,TX648764918
PAY0007846,O007846,2025-09-03,Mobile Money,406.77,Paid,TX436103823
PAY0007847,O007847,2025-07-18,Cash,0.0,Pending,TX239774009
PAY0007848,O007848,2026-03-03,Carte bancaire,75.43,Paid,TX741813625
PAY0007849,O007849,2025-09-14,Mobile Money,56.66,Paid,TX583226684
PAY0007850,O007850,2025-06-19,Mobile Money,199.52,Paid,TX325552436
PAY0007851,O007851,2025-08-02,Mobile Money,81.51,Paid,TX318218390
PAY0007852,O007852,2025-09-23,Carte bancaire,34.59,Paid,TX205553204
PAY0007853,O007853,2025-12-07,Cash,45.15,Paid,TX544858417
PAY0007854,O007854,2026-06-28,Virement,58.72,Paid,TX918790162
PAY0007855,O007855,2025-07-08,Cash,1897.57,Paid,TX288103104
PAY0007856,O007856,2025-04-12,Mobile Money,0.0,Pending,TX271313617
PAY0007857,O007857,2026-06-24,Mobile Money,95.05,Paid,TX557874440
PAY0007858,O007858,2025-03-22,Carte bancaire,210.72,Pending,TX831004396
PAY0007859,O007859,2026-05-11,Mobile Money,719.79,Paid,TX693911819
PAY0007860,O007860,2025-03-23,Mobile Money,0.0,Failed,TX273969579
PAY0007861,O007861,2025-07-23,Mobile Money,307.14,Paid,TX771924691
PAY0007862,O007862,2026-07-02,Mobile Money,679.04,Paid,TX123318647
PAY0007863,O007863,2025-04-02,Virement,0.0,Pending,TX632607080
PAY0007864,O007864,2025-03-30,Mobile Money,163.42,Paid,TX757511887
PAY0007865,O007865,2025-12-02,Mobile Money,128.76,Paid,TX629510636
PAY0007866,O007866,2025-04-19,Mobile Money,74.73,Paid,TX818136545
PAY0007867,O007867,2025-01-16,Carte bancaire,0.0,Pending,TX351675668
PAY0007868,O007868,2026-01-16,Mobile Money,130.04,Paid,TX274772690
PAY0007869,O007869,2026-06-10,Carte bancaire,835.6,Paid,TX284271181
PAY0007870,O007870,2026-02-22,Carte bancaire,52.85,Paid,TX865590050
PAY0007871,O007871,2026-06-17,Mobile Money,101.92,Paid,TX382689580
PAY0007872,O007872,2025-10-19,Virement,41.52,Paid,TX629031892
PAY0007873,O007873,2025-12-06,Mobile Money,168.88,Paid,TX529633883
PAY0007874,O007874,2026-06-27,Carte bancaire,124.96,Paid,TX874075765
PAY0007875,O007875,2025-10-04,Carte bancaire,74.11,Paid,TX604138630
PAY0007876,O007876,2025-01-23,Mobile Money,42.97,Pending,TX144319864
PAY0007877,O007877,2025-05-15,Carte bancaire,106.36,Refunded,TX797860774
PAY0007878,O007878,2025-12-07,Mobile Money,0.0,Pending,TX658932719
PAY0007879,O007879,2026-04-19,Carte bancaire,62.48,Paid,TX206021698
PAY0007880,O007880,2025-12-03,Carte bancaire,0.0,Pending,TX137993116
PAY0007881,O007881,2025-08-14,Mobile Money,2584.46,Paid,TX883377386
PAY0007882,O007882,2025-06-30,Carte bancaire,598.5,Paid,TX479793299
PAY0007883,O007883,2026-01-12,Mobile Money,53.85,Refunded,TX527270139
PAY0007884,O007884,2026-05-08,Mobile Money,272.34,Paid,TX673977125
PAY0007885,O007885,2025-06-05,Mobile Money,31.95,Refunded,TX160322817
PAY0007886,O007886,2025-10-30,Mobile Money,234.09,Paid,TX665814724
PAY0007887,O007887,2025-08-23,Mobile Money,1235.76,Paid,TX775863981
PAY0007888,O007888,2025-05-19,Mobile Money,0.0,Pending,TX756036143
PAY0007889,O007889,2025-08-14,Virement,0.0,Pending,TX229553844
PAY0007890,O007890,2025-02-18,Virement,0.0,Failed,TX481948101
PAY0007891,O007891,2025-10-18,Cash,152.86,Paid,TX565238398
PAY0007892,O007892,2025-03-04,Cash,72.73,Paid,TX909854200
PAY0007893,O007893,2025-09-21,Carte bancaire,83.88,Paid,TX589816869
PAY0007894,O007894,2026-05-09,Carte bancaire,215.92,Paid,TX686398088
PAY0007895,O007895,2025-03-22,Mobile Money,669.58,Paid,TX844564720
PAY0007896,O007896,2025-05-22,Virement,0.0,Failed,TX881015077
PAY0007897,O007897,2026-02-02,Mobile Money,0.0,Failed,TX272515705
PAY0007898,O007898,2026-05-14,Carte bancaire,396.43,Paid,TX195997588
PAY0007899,O007899,2026-06-12,Virement,0.0,Pending,TX209475029
PAY0007900,O007900,2025-03-10,Cash,650.54,Paid,TX610017898
PAY0007901,O007901,2025-05-13,Mobile Money,50.85,Paid,TX757954753
PAY0007902,O007902,2026-06-26,Mobile Money,0.0,Pending,TX956442593
PAY0007903,O007903,2025-10-06,Carte bancaire,185.31,Refunded,TX385859792
PAY0007904,O007904,2026-04-05,Virement,38.36,Paid,TX831791948
PAY0007905,O007905,2025-01-09,Carte bancaire,121.02,Paid,TX583449338
PAY0007906,O007906,2025-03-09,Mobile Money,776.14,Paid,TX693287076
PAY0007907,O007907,2025-04-22,Virement,64.25,Paid,TX590615800
PAY0007908,O007908,2025-02-17,Mobile Money,29.04,Paid,TX153412247
PAY0007909,O007909,2026-05-08,Virement,46.42,Paid,TX125158064
PAY0007910,O007910,2026-03-21,Virement,0.0,Failed,TX165912844
PAY0007911,O007911,2025-08-03,Cash,109.12,Paid,TX500417387
PAY0007912,O007912,2025-02-15,Virement,180.95,Paid,TX860071315
PAY0007913,O007913,2025-02-28,Virement,221.05,Paid,TX438499820
PAY0007914,O007914,2025-05-28,Carte bancaire,236.58,Paid,TX102550420
PAY0007915,O007915,2026-02-05,Carte bancaire,0.0,Pending,TX205586470
PAY0007916,O007916,2026-03-19,Carte bancaire,0.0,Pending,TX319093429
PAY0007917,O007917,2025-10-24,Carte bancaire,85.68,Paid,TX533436389
PAY0007918,O007918,2026-05-16,Mobile Money,262.75,Paid,TX988805318
PAY0007919,O007919,2026-05-28,Mobile Money,176.31,Paid,TX260376924
PAY0007920,O007920,2026-02-25,Mobile Money,104.01,Refunded,TX643000552
PAY0007921,O007921,2025-02-17,Carte bancaire,0.0,Pending,TX687084252
PAY0007922,O007922,2026-05-07,Mobile Money,125.3,Paid,TX824051629
PAY0007923,O007923,2026-05-14,Mobile Money,193.36,Paid,TX235381098
PAY0007924,O007924,2025-11-07,Virement,117.51,Paid,TX237430802
PAY0007925,O007925,2025-11-29,Virement,234.91,Paid,TX653130785
PAY0007926,O007926,2026-03-05,Mobile Money,741.95,Paid,TX187423640
PAY0007927,O007927,2025-11-24,Virement,1047.27,Paid,TX103108739
PAY0007928,O007928,2025-07-10,Mobile Money,881.6,Paid,TX775825812
PAY0007929,O007929,2026-01-21,Carte bancaire,147.1,Paid,TX268707772
PAY0007930,O007930,2026-03-10,Virement,0.0,Pending,TX572915953
PAY0007931,O007931,2025-03-22,Mobile Money,185.31,Paid,TX358249639
PAY0007932,O007932,2026-01-12,Cash,1049.69,Paid,TX343017814
PAY0007933,O007933,2025-04-05,Carte bancaire,18.35,Paid,TX342410644
PAY0007934,O007934,2025-11-13,Cash,26.53,Paid,TX193819517
PAY0007935,O007935,2025-03-05,Mobile Money,289.21,Paid,TX297286374
PAY0007936,O007936,2026-06-29,Mobile Money,737.58,Paid,TX302502755
PAY0007937,O007937,2026-01-02,Carte bancaire,153.46,Paid,TX514203408
PAY0007938,O007938,2025-09-15,Carte bancaire,62.19,Paid,TX669287949
PAY0007939,O007939,2025-10-08,Virement,16.75,Paid,TX509188774
PAY0007940,O007940,2025-12-06,Mobile Money,56.0,Paid,TX454772203
PAY0007941,O007941,2025-03-11,Mobile Money,0.0,Pending,TX182047349
PAY0007942,O007942,2025-10-09,Carte bancaire,31.84,Paid,TX853458319
PAY0007943,O007943,2026-01-28,Carte bancaire,71.57,Paid,TX242886475
PAY0007944,O007944,2025-05-26,Mobile Money,0.0,Pending,TX135169749
PAY0007945,O007945,2025-09-22,Carte bancaire,170.59,Paid,TX667791209
PAY0007946,O007946,2025-07-01,Carte bancaire,644.65,Paid,TX103458330
PAY0007947,O007947,2025-03-31,Carte bancaire,25.37,Paid,TX576927915
PAY0007948,O007948,2026-06-25,Mobile Money,799.37,Paid,TX104434430
PAY0007949,O007949,2025-11-25,Mobile Money,54.71,Paid,TX143483311
PAY0007950,O007950,2025-08-03,Carte bancaire,22.08,Paid,TX653280802
PAY0007951,O007951,2025-07-06,Mobile Money,84.45,Paid,TX502866598
PAY0007952,O007952,2026-01-08,Virement,655.36,Paid,TX174789276
PAY0007953,O007953,2025-03-02,Mobile Money,72.9,Paid,TX614507053
PAY0007954,O007954,2025-11-09,Virement,0.0,Pending,TX597089222
PAY0007955,O007955,2025-05-10,Mobile Money,242.88,Paid,TX954198058
PAY0007956,O007956,2026-05-05,Carte bancaire,64.5,Paid,TX465887334
PAY0007957,O007957,2026-03-07,Mobile Money,0.0,Pending,TX149818633
PAY0007958,O007958,2026-02-23,Carte bancaire,66.5,Paid,TX331716267
PAY0007959,O007959,2025-03-25,Carte bancaire,86.81,Paid,TX826498465
PAY0007960,O007960,2025-02-17,Carte bancaire,118.97,Paid,TX141187648
PAY0007961,O007961,2025-09-09,Mobile Money,94.77,Paid,TX746980357
PAY0007962,O007962,2025-07-15,Cash,362.0,Paid,TX702916754
PAY0007963,O007963,2026-02-03,Mobile Money,0.0,Pending,TX855536024
PAY0007964,O007964,2026-01-27,Carte bancaire,2229.79,Paid,TX561648562
PAY0007965,O007965,2025-08-10,Carte bancaire,30.69,Paid,TX947945710
PAY0007966,O007966,2025-04-01,Virement,0.0,Pending,TX464940674
PAY0007967,O007967,2025-06-27,Virement,241.56,Refunded,TX856506862
PAY0007968,O007968,2025-10-07,Mobile Money,39.29,Paid,TX788024673
PAY0007969,O007969,2025-05-19,Cash,0.0,Failed,TX623791903
PAY0007970,O007970,2025-06-24,Mobile Money,377.12,Paid,TX151930067
PAY0007971,O007971,2025-05-16,Carte bancaire,0.0,Pending,TX814131470
PAY0007972,O007972,2025-02-06,Mobile Money,0.0,Pending,TX729447129
PAY0007973,O007973,2025-11-27,Mobile Money,0.0,Failed,TX960475861
PAY0007974,O007974,2026-07-05,Virement,272.59,Paid,TX689075285
PAY0007975,O007975,2026-06-08,Cash,48.95,Paid,TX362606059
PAY0007976,O007976,2026-05-26,Mobile Money,0.0,Failed,TX865280248
PAY0007977,O007977,2026-01-01,Mobile Money,283.55,Paid,TX203159895
PAY0007978,O007978,2026-02-14,Virement,134.87,Paid,TX794280344
PAY0007979,O007979,2025-02-08,Carte bancaire,118.5,Paid,TX292952633
PAY0007980,O007980,2025-04-23,Virement,0.0,Pending,TX960753661
PAY0007981,O007981,2026-01-24,Mobile Money,294.59,Paid,TX642543010
PAY0007982,O007982,2026-06-27,Mobile Money,48.16,Paid,TX886469783
PAY0007983,O007983,2026-05-14,Carte bancaire,38.92,Paid,TX890356785
PAY0007984,O007984,2025-12-13,Carte bancaire,0.0,Pending,TX556403978
PAY0007985,O007985,2025-03-02,Virement,177.3,Paid,TX347438480
PAY0007986,O007986,2026-06-15,Mobile Money,119.7,Paid,TX544355419
PAY0007987,O007987,2025-06-27,Mobile Money,128.26,Paid,TX688989741
PAY0007988,O007988,2025-01-25,Mobile Money,0.0,Pending,TX430070161
PAY0007989,O007989,2026-02-26,Carte bancaire,185.1,Paid,TX468237096
PAY0007990,O007990,2025-04-08,Mobile Money,180.11,Paid,TX278636056
PAY0007991,O007991,2025-06-16,Mobile Money,267.43,Paid,TX979705229
PAY0007992,O007992,2026-01-08,Virement,67.03,Paid,TX894466221
PAY0007993,O007993,2026-06-18,Virement,36.87,Paid,TX383487489
PAY0007994,O007994,2026-05-13,Virement,155.75,Paid,TX460050093
PAY0007995,O007995,2025-04-03,Mobile Money,1069.45,Paid,TX592849587
PAY0007996,O007996,2025-04-08,Mobile Money,45.5,Paid,TX992569729
PAY0007997,O007997,2026-03-20,Carte bancaire,52.39,Paid,TX799918770
PAY0007998,O007998,2025-06-25,Mobile Money,258.44,Pending,TX899239687
PAY0007999,O007999,2025-02-13,Cash,40.4,Paid,TX706080901
PAY0008000,O008000,2025-11-19,Cash,280.42,Paid,TX808423789
PAY0008001,O008001,2025-12-30,Carte bancaire,37.2,Paid,TX576942138
PAY0008002,O008002,2026-07-02,Cash,0.0,Pending,TX471616695
PAY0008003,O008003,2025-09-28,Cash,3032.65,Paid,TX794987069
PAY0008004,O008004,2026-03-15,Carte bancaire,199.65,Paid,TX158270730
PAY0008005,O008005,2025-10-24,Mobile Money,0.0,Failed,TX788161672
PAY0008006,O008006,2026-05-24,Mobile Money,0.0,Pending,TX645105324
PAY0008007,O008007,2025-09-25,Mobile Money,472.9,Paid,TX582393702
PAY0008008,O008008,2026-01-08,Virement,154.09,Paid,TX247292353
PAY0008009,O008009,2026-06-16,Carte bancaire,544.89,Paid,TX741606006
PAY0008010,O008010,2026-04-30,Virement,0.0,Pending,TX409232245
PAY0008011,O008011,2025-08-09,Carte bancaire,67.59,Paid,TX853262354
PAY0008012,O008012,2025-10-09,Virement,0.0,Pending,TX340795938
PAY0008013,O008013,2025-11-23,Mobile Money,108.6,Paid,TX337382214
PAY0008014,O008014,2025-03-14,Carte bancaire,0.0,Failed,TX788532358
PAY0008015,O008015,2025-05-09,Mobile Money,71.37,Paid,TX222032037
PAY0008016,O008016,2026-01-26,Carte bancaire,474.56,Pending,TX816750989
PAY0008017,O008017,2025-02-13,Carte bancaire,0.0,Pending,TX249325733
PAY0008018,O008018,2025-11-30,Mobile Money,28.4,Paid,TX409490585
PAY0008019,O008019,2025-09-24,Carte bancaire,14.71,Paid,TX739854760
PAY0008020,O008020,2025-09-27,Mobile Money,583.68,Paid,TX393443505
PAY0008021,O008021,2026-04-11,Virement,36.14,Paid,TX765067771
PAY0008022,O008022,2025-06-03,Carte bancaire,30.87,Paid,TX173437930
PAY0008023,O008023,2026-03-13,Mobile Money,254.55,Paid,TX515855616
PAY0008024,O008024,2026-03-10,Carte bancaire,123.17,Paid,TX553222536
PAY0008025,O008025,2026-07-02,Mobile Money,1697.39,Paid,TX407509662
PAY0008026,O008026,2026-03-27,Carte bancaire,654.23,Paid,TX257006683
PAY0008027,O008027,2025-10-06,Mobile Money,1445.62,Refunded,TX509128132
PAY0008028,O008028,2025-07-19,Cash,85.19,Refunded,TX841713047
PAY0008029,O008029,2026-03-07,Virement,479.12,Paid,TX506988832
PAY0008030,O008030,2026-05-27,Virement,44.85,Paid,TX498294748
PAY0008031,O008031,2025-06-07,Carte bancaire,74.14,Paid,TX719746479
PAY0008032,O008032,2025-07-24,Mobile Money,147.56,Paid,TX838929088
PAY0008033,O008033,2025-10-02,Carte bancaire,79.5,Paid,TX874696070
PAY0008034,O008034,2025-03-03,Carte bancaire,113.93,Paid,TX664043626
PAY0008035,O008035,2025-06-25,Carte bancaire,78.11,Paid,TX954905126
PAY0008036,O008036,2025-04-02,Carte bancaire,2761.19,Paid,TX195882001
PAY0008037,O008037,2026-03-02,Carte bancaire,0.0,Pending,TX446441806
PAY0008038,O008038,2025-09-29,Carte bancaire,141.16,Paid,TX515829490
PAY0008039,O008039,2025-11-28,Carte bancaire,314.52,Paid,TX321950243
PAY0008040,O008040,2025-02-16,Mobile Money,143.69,Paid,TX887268903
PAY0008041,O008041,2025-11-12,Carte bancaire,97.61,Paid,TX252046205
PAY0008042,O008042,2026-01-29,Carte bancaire,176.35,Paid,TX957522453
PAY0008043,O008043,2026-01-15,Carte bancaire,159.37,Paid,TX639308238
PAY0008044,O008044,2026-03-12,Mobile Money,74.1,Paid,TX812642342
PAY0008045,O008045,2025-03-06,Cash,2362.72,Paid,TX288842483
PAY0008046,O008046,2025-10-29,Virement,1284.96,Paid,TX251388158
PAY0008047,O008047,2025-09-25,Mobile Money,119.88,Pending,TX253508879
PAY0008048,O008048,2026-05-08,Virement,139.5,Paid,TX615546177
PAY0008049,O008049,2026-01-15,Virement,226.5,Paid,TX704420359
PAY0008050,O008050,2026-06-11,Virement,109.43,Paid,TX123293202
PAY0008051,O008051,2025-01-17,Cash,90.32,Paid,TX218397063
PAY0008052,O008052,2025-09-03,Carte bancaire,199.22,Paid,TX787461452
PAY0008053,O008053,2026-01-24,Mobile Money,696.1,Paid,TX585046151
PAY0008054,O008054,2025-02-20,Mobile Money,35.98,Paid,TX231951200
PAY0008055,O008055,2025-12-26,Mobile Money,110.65,Paid,TX689688385
PAY0008056,O008056,2025-05-11,Mobile Money,361.05,Paid,TX348861499
PAY0008057,O008057,2025-02-10,Mobile Money,501.64,Paid,TX922291792
PAY0008058,O008058,2025-12-28,Mobile Money,87.5,Paid,TX475829700
PAY0008059,O008059,2025-08-26,Carte bancaire,0.0,Pending,TX911890607
PAY0008060,O008060,2025-08-14,Mobile Money,73.09,Refunded,TX594415791
PAY0008061,O008061,2025-07-01,Mobile Money,0.0,Pending,TX538829445
PAY0008062,O008062,2026-01-12,Carte bancaire,78.44,Paid,TX808847196
PAY0008063,O008063,2025-12-10,Carte bancaire,245.27,Paid,TX100560556
PAY0008064,O008064,2026-01-03,Carte bancaire,0.0,Pending,TX751313968
PAY0008065,O008065,2026-03-12,Mobile Money,208.62,Paid,TX899183853
PAY0008066,O008066,2025-12-02,Virement,243.37,Paid,TX608972928
PAY0008067,O008067,2025-02-14,Mobile Money,0.0,Pending,TX360926275
PAY0008068,O008068,2025-04-01,Mobile Money,337.02,Paid,TX957442087
PAY0008069,O008069,2026-06-29,Mobile Money,588.35,Paid,TX855899947
PAY0008070,O008070,2025-06-06,Virement,227.62,Paid,TX837304709
PAY0008071,O008071,2025-08-24,Mobile Money,209.25,Paid,TX820060282
PAY0008072,O008072,2025-07-30,Cash,837.18,Refunded,TX528744066
PAY0008073,O008073,2026-06-28,Mobile Money,2884.17,Paid,TX337755475
PAY0008074,O008074,2026-03-30,Mobile Money,23.92,Paid,TX180760159
PAY0008075,O008075,2025-09-25,Carte bancaire,0.0,Failed,TX387245718
PAY0008076,O008076,2026-01-11,Mobile Money,656.35,Paid,TX945936610
PAY0008077,O008077,2025-10-30,Virement,201.69,Paid,TX923816892
PAY0008078,O008078,2025-12-21,Carte bancaire,699.81,Paid,TX364562252
PAY0008079,O008079,2026-06-09,Carte bancaire,89.83,Paid,TX155079186
PAY0008080,O008080,2026-01-07,Virement,39.01,Paid,TX191314175
PAY0008081,O008081,2025-03-03,Mobile Money,43.93,Paid,TX849472239
PAY0008082,O008082,2025-10-06,Mobile Money,188.81,Paid,TX697293858
PAY0008083,O008083,2026-03-28,Mobile Money,84.36,Paid,TX774597359
PAY0008084,O008084,2025-01-24,Virement,0.0,Pending,TX480002552
PAY0008085,O008085,2025-07-17,Virement,709.99,Paid,TX124330322
PAY0008086,O008086,2025-04-22,Mobile Money,77.68,Paid,TX316783800
PAY0008087,O008087,2026-02-01,Mobile Money,528.79,Paid,TX753156183
PAY0008088,O008088,2025-03-22,Virement,38.2,Paid,TX695399635
PAY0008089,O008089,2025-12-10,Virement,1126.7,Paid,TX928247003
PAY0008090,O008090,2025-02-07,Mobile Money,3408.75,Paid,TX522165718
PAY0008091,O008091,2026-05-26,Mobile Money,583.87,Paid,TX238494690
PAY0008092,O008092,2025-06-28,Mobile Money,892.34,Paid,TX173928441
PAY0008093,O008093,2025-08-14,Mobile Money,567.65,Paid,TX186060758
PAY0008094,O008094,2026-03-12,Mobile Money,114.85,Paid,TX595328252
PAY0008095,O008095,2025-07-29,Carte bancaire,0.0,Pending,TX718645177
PAY0008096,O008096,2025-03-05,Mobile Money,145.01,Paid,TX338682698
PAY0008097,O008097,2026-05-13,Virement,45.3,Paid,TX936404316
PAY0008098,O008098,2025-03-04,Mobile Money,25.17,Paid,TX418365647
PAY0008099,O008099,2025-10-01,Carte bancaire,78.4,Paid,TX981734098
PAY0008100,O008100,2025-03-12,Mobile Money,358.2,Refunded,TX502951688
PAY0008101,O008101,2026-01-18,Mobile Money,0.0,Pending,TX270346096
PAY0008102,O008102,2025-06-01,Mobile Money,254.94,Paid,TX692035208
PAY0008103,O008103,2026-05-27,Carte bancaire,1031.21,Paid,TX628374322
PAY0008104,O008104,2025-04-21,Carte bancaire,78.9,Paid,TX990136461
PAY0008105,O008105,2026-01-03,Carte bancaire,92.29,Paid,TX855621170
PAY0008106,O008106,2025-01-10,Mobile Money,0.0,Pending,TX921750124
PAY0008107,O008107,2025-03-07,Carte bancaire,0.0,Pending,TX253074128
PAY0008108,O008108,2025-06-03,Cash,141.79,Paid,TX148067250
PAY0008109,O008109,2026-05-01,Mobile Money,1766.85,Refunded,TX417648837
PAY0008110,O008110,2026-07-04,Mobile Money,16.8,Paid,TX956930943
PAY0008111,O008111,2025-12-04,Carte bancaire,0.0,Pending,TX464261056
PAY0008112,O008112,2025-07-08,Virement,0.0,Failed,TX162078892
PAY0008113,O008113,2025-06-22,Virement,48.06,Refunded,TX193766334
PAY0008114,O008114,2025-04-30,Carte bancaire,147.95,Paid,TX345268096
PAY0008115,O008115,2025-07-10,Mobile Money,49.23,Paid,TX498127001
PAY0008116,O008116,2025-10-03,Virement,0.0,Failed,TX921587982
PAY0008117,O008117,2026-01-12,Mobile Money,26.43,Paid,TX224288726
PAY0008118,O008118,2025-05-06,Mobile Money,46.63,Paid,TX772044610
PAY0008119,O008119,2025-01-20,Mobile Money,0.0,Pending,TX702723849
PAY0008120,O008120,2025-11-07,Cash,126.52,Paid,TX434452227
PAY0008121,O008121,2025-05-16,Carte bancaire,0.0,Pending,TX469287945
PAY0008122,O008122,2025-08-08,Mobile Money,98.69,Paid,TX501510594
PAY0008123,O008123,2026-01-30,Mobile Money,0.0,Pending,TX340893575
PAY0008124,O008124,2026-05-07,Virement,229.88,Paid,TX680709910
PAY0008125,O008125,2025-10-23,Carte bancaire,193.3,Paid,TX689086114
PAY0008126,O008126,2026-05-27,Mobile Money,244.89,Paid,TX124466051
PAY0008127,O008127,2025-06-01,Cash,393.71,Paid,TX283251013
PAY0008128,O008128,2026-01-28,Carte bancaire,109.44,Paid,TX585097380
PAY0008129,O008129,2026-06-23,Carte bancaire,149.69,Paid,TX454603592
PAY0008130,O008130,2025-04-29,Carte bancaire,0.0,Pending,TX518301827
PAY0008131,O008131,2026-02-09,Carte bancaire,498.07,Paid,TX938380008
PAY0008132,O008132,2025-09-17,Mobile Money,93.13,Paid,TX122992987
PAY0008133,O008133,2026-04-30,Mobile Money,141.38,Paid,TX695033871
PAY0008134,O008134,2025-06-21,Carte bancaire,47.68,Refunded,TX565733821
PAY0008135,O008135,2026-06-13,Carte bancaire,813.97,Paid,TX446745404
PAY0008136,O008136,2026-03-18,Virement,73.71,Paid,TX689704478
PAY0008137,O008137,2026-01-23,Cash,0.0,Pending,TX172270515
PAY0008138,O008138,2025-01-20,Carte bancaire,1073.84,Paid,TX374593484
PAY0008139,O008139,2025-02-17,Carte bancaire,84.71,Paid,TX254524192
PAY0008140,O008140,2025-12-30,Carte bancaire,626.32,Paid,TX427776955
PAY0008141,O008141,2025-09-22,Mobile Money,110.54,Paid,TX255447898
PAY0008142,O008142,2025-07-01,Mobile Money,70.88,Paid,TX536218798
PAY0008143,O008143,2026-04-07,Carte bancaire,670.92,Paid,TX296993184
PAY0008144,O008144,2025-09-24,Carte bancaire,78.42,Paid,TX195516394
PAY0008145,O008145,2025-09-10,Virement,0.0,Pending,TX670316021
PAY0008146,O008146,2025-06-28,Mobile Money,22.83,Paid,TX836999914
PAY0008147,O008147,2026-06-22,Carte bancaire,39.5,Paid,TX444454541
PAY0008148,O008148,2025-07-23,Virement,0.0,Pending,TX986237069
PAY0008149,O008149,2025-05-26,Carte bancaire,0.0,Pending,TX618023594
PAY0008150,O008150,2026-01-09,Mobile Money,372.94,Paid,TX622718564
PAY0008151,O008151,2025-01-21,Carte bancaire,669.62,Paid,TX769563007
PAY0008152,O008152,2025-11-25,Virement,24.36,Paid,TX561795576
PAY0008153,O008153,2025-11-09,Mobile Money,167.35,Paid,TX657458574
PAY0008154,O008154,2025-05-15,Carte bancaire,647.95,Paid,TX243789280
PAY0008155,O008155,2026-03-02,Carte bancaire,0.0,Pending,TX386003717
PAY0008156,O008156,2025-01-25,Mobile Money,0.0,Failed,TX920093828
PAY0008157,O008157,2026-06-25,Mobile Money,352.68,Paid,TX542300403
PAY0008158,O008158,2026-04-15,Mobile Money,56.53,Paid,TX747277794
PAY0008159,O008159,2025-04-07,Carte bancaire,484.02,Paid,TX372430827
PAY0008160,O008160,2025-10-01,Carte bancaire,159.06,Paid,TX790240833
PAY0008161,O008161,2025-04-20,Mobile Money,243.09,Paid,TX760367791
PAY0008162,O008162,2025-12-07,Mobile Money,181.68,Refunded,TX216195059
PAY0008163,O008163,2025-07-16,Carte bancaire,97.4,Paid,TX446609580
PAY0008164,O008164,2025-09-28,Mobile Money,953.39,Paid,TX871671707
PAY0008165,O008165,2026-06-13,Carte bancaire,258.7,Paid,TX378610555
PAY0008166,O008166,2025-12-07,Carte bancaire,213.21,Paid,TX125162338
PAY0008167,O008167,2026-04-23,Mobile Money,446.77,Paid,TX513461848
PAY0008168,O008168,2025-12-14,Cash,25.37,Paid,TX716033858
PAY0008169,O008169,2025-09-19,Carte bancaire,385.5,Paid,TX154941910
PAY0008170,O008170,2025-01-09,Cash,680.29,Paid,TX127477374
PAY0008171,O008171,2025-02-19,Mobile Money,96.2,Paid,TX689795805
PAY0008172,O008172,2025-10-23,Cash,785.35,Paid,TX262658369
PAY0008173,O008173,2025-10-07,Carte bancaire,0.0,Failed,TX374746417
PAY0008174,O008174,2025-10-06,Cash,16.24,Refunded,TX309740330
PAY0008175,O008175,2026-04-11,Carte bancaire,0.0,Pending,TX184782831
PAY0008176,O008176,2025-02-24,Cash,301.36,Paid,TX687719713
PAY0008177,O008177,2025-12-29,Mobile Money,48.06,Paid,TX792975594
PAY0008178,O008178,2026-02-13,Carte bancaire,54.34,Paid,TX724249570
PAY0008179,O008179,2025-12-20,Mobile Money,610.36,Paid,TX714642425
PAY0008180,O008180,2025-05-10,Carte bancaire,435.84,Paid,TX909379689
PAY0008181,O008181,2025-08-13,Mobile Money,0.0,Failed,TX853986344
PAY0008182,O008182,2025-01-30,Virement,0.0,Pending,TX979065878
PAY0008183,O008183,2025-04-12,Carte bancaire,172.7,Paid,TX571347649
PAY0008184,O008184,2026-03-20,Carte bancaire,73.21,Paid,TX762771154
PAY0008185,O008185,2025-12-06,Cash,0.0,Pending,TX959871080
PAY0008186,O008186,2026-04-24,Virement,141.18,Paid,TX821217208
PAY0008187,O008187,2026-01-15,Cash,115.73,Paid,TX872055525
PAY0008188,O008188,2025-05-15,Mobile Money,66.61,Paid,TX891337495
PAY0008189,O008189,2026-03-24,Virement,40.23,Paid,TX742141275
PAY0008190,O008190,2026-01-15,Mobile Money,553.96,Paid,TX758787693
PAY0008191,O008191,2025-04-18,Virement,1608.25,Refunded,TX274131303
PAY0008192,O008192,2025-01-04,Carte bancaire,0.0,Pending,TX793201667
PAY0008193,O008193,2026-02-24,Carte bancaire,87.69,Paid,TX389394689
PAY0008194,O008194,2026-02-02,Mobile Money,97.93,Paid,TX835190226
PAY0008195,O008195,2025-02-19,Mobile Money,124.79,Paid,TX135162952
PAY0008196,O008196,2025-09-16,Carte bancaire,0.0,Pending,TX826843967
PAY0008197,O008197,2026-05-17,Mobile Money,626.5,Paid,TX140657011
PAY0008198,O008198,2026-03-15,Carte bancaire,41.7,Refunded,TX492257983
PAY0008199,O008199,2026-03-28,Mobile Money,316.01,Paid,TX756745289
PAY0008200,O008200,2025-08-07,Mobile Money,447.31,Paid,TX841215709
PAY0008201,O008201,2025-03-09,Mobile Money,832.8,Paid,TX732876395
PAY0008202,O008202,2025-07-16,Mobile Money,90.41,Refunded,TX866935208
PAY0008203,O008203,2026-01-16,Mobile Money,0.0,Failed,TX741566241
PAY0008204,O008204,2026-04-08,Virement,236.39,Paid,TX366075537
PAY0008205,O008205,2025-12-23,Mobile Money,31.0,Paid,TX528630500
PAY0008206,O008206,2025-01-24,Mobile Money,614.17,Paid,TX477744719
PAY0008207,O008207,2025-11-24,Mobile Money,0.0,Pending,TX221534108
PAY0008208,O008208,2025-04-17,Virement,218.26,Paid,TX782693530
PAY0008209,O008209,2025-12-03,Mobile Money,78.14,Paid,TX445450383
PAY0008210,O008210,2025-08-16,Virement,497.92,Paid,TX297697354
PAY0008211,O008211,2025-10-22,Carte bancaire,31.49,Paid,TX277550939
PAY0008212,O008212,2025-11-24,Mobile Money,301.25,Paid,TX785748529
PAY0008213,O008213,2025-12-20,Cash,117.5,Paid,TX145141933
PAY0008214,O008214,2025-01-07,Carte bancaire,283.22,Paid,TX424655696
PAY0008215,O008215,2026-06-17,Virement,0.0,Failed,TX546743666
PAY0008216,O008216,2025-11-15,Mobile Money,0.0,Failed,TX411003879
PAY0008217,O008217,2025-10-08,Carte bancaire,333.81,Paid,TX636284321
PAY0008218,O008218,2025-07-28,Carte bancaire,345.84,Paid,TX775792188
PAY0008219,O008219,2025-02-27,Mobile Money,1850.58,Paid,TX765609215
PAY0008220,O008220,2025-12-12,Virement,30.02,Paid,TX985672421
PAY0008221,O008221,2025-07-23,Virement,186.5,Refunded,TX921817193
PAY0008222,O008222,2026-05-14,Carte bancaire,52.61,Paid,TX347268650
PAY0008223,O008223,2025-12-29,Virement,131.99,Paid,TX707994682
PAY0008224,O008224,2025-09-03,Mobile Money,44.25,Paid,TX936939857
PAY0008225,O008225,2025-01-21,Carte bancaire,504.86,Paid,TX132078234
PAY0008226,O008226,2025-11-04,Mobile Money,22.15,Paid,TX392017184
PAY0008227,O008227,2026-04-12,Cash,171.31,Pending,TX181634611
PAY0008228,O008228,2025-09-14,Carte bancaire,83.36,Paid,TX548396452
PAY0008229,O008229,2025-12-24,Virement,28.07,Paid,TX645309686
PAY0008230,O008230,2025-03-09,Mobile Money,1216.64,Paid,TX756088244
PAY0008231,O008231,2025-08-15,Mobile Money,0.0,Pending,TX118698711
PAY0008232,O008232,2026-03-11,Virement,0.0,Pending,TX839148817
PAY0008233,O008233,2025-08-22,Mobile Money,0.0,Pending,TX376357802
PAY0008234,O008234,2026-05-01,Mobile Money,47.16,Paid,TX539351011
PAY0008235,O008235,2025-08-15,Carte bancaire,359.86,Paid,TX198877986
PAY0008236,O008236,2026-03-25,Mobile Money,0.0,Failed,TX702385713
PAY0008237,O008237,2025-12-22,Carte bancaire,140.96,Paid,TX357566657
PAY0008238,O008238,2026-06-06,Virement,75.22,Paid,TX606080434
PAY0008239,O008239,2025-10-22,Carte bancaire,408.64,Refunded,TX525279598
PAY0008240,O008240,2025-09-16,Carte bancaire,321.95,Paid,TX687492482
PAY0008241,O008241,2025-07-16,Mobile Money,181.96,Paid,TX842835973
PAY0008242,O008242,2025-12-27,Mobile Money,2526.65,Paid,TX564303652
PAY0008243,O008243,2026-06-22,Mobile Money,355.99,Paid,TX573905910
PAY0008244,O008244,2025-04-07,Virement,376.64,Paid,TX452511728
PAY0008245,O008245,2026-05-29,Mobile Money,370.86,Paid,TX871723572
PAY0008246,O008246,2026-06-23,Virement,118.61,Paid,TX295181003
PAY0008247,O008247,2026-02-28,Mobile Money,0.0,Pending,TX900786513
PAY0008248,O008248,2025-11-18,Cash,289.43,Paid,TX495559231
PAY0008249,O008249,2026-04-18,Mobile Money,725.27,Pending,TX264244000
PAY0008250,O008250,2025-05-27,Virement,361.06,Paid,TX990670388
PAY0008251,O008251,2025-12-17,Virement,506.97,Paid,TX125210149
PAY0008252,O008252,2026-03-21,Mobile Money,0.0,Pending,TX655115830
PAY0008253,O008253,2026-03-19,Cash,0.0,Pending,TX345769692
PAY0008254,O008254,2025-11-20,Mobile Money,118.56,Paid,TX909651351
PAY0008255,O008255,2025-08-04,Mobile Money,107.6,Paid,TX388248491
PAY0008256,O008256,2026-06-05,Cash,77.18,Paid,TX284024227
PAY0008257,O008257,2026-01-07,Mobile Money,444.48,Paid,TX399942972
PAY0008258,O008258,2026-02-26,Mobile Money,45.31,Paid,TX819795183
PAY0008259,O008259,2025-12-08,Mobile Money,188.95,Paid,TX424193618
PAY0008260,O008260,2026-04-30,Cash,16.33,Paid,TX620663857
PAY0008261,O008261,2025-09-22,Virement,157.71,Refunded,TX353101700
PAY0008262,O008262,2025-10-28,Mobile Money,0.0,Pending,TX574247627
PAY0008263,O008263,2026-03-21,Mobile Money,175.84,Paid,TX698809641
PAY0008264,O008264,2025-10-14,Carte bancaire,61.73,Paid,TX798912059
PAY0008265,O008265,2025-05-15,Virement,191.77,Paid,TX520435593
PAY0008266,O008266,2026-02-24,Mobile Money,273.24,Paid,TX420609553
PAY0008267,O008267,2025-07-29,Mobile Money,374.93,Paid,TX919298501
PAY0008268,O008268,2025-02-28,Carte bancaire,51.18,Pending,TX382569181
PAY0008269,O008269,2025-07-28,Mobile Money,0.0,Pending,TX898988631
PAY0008270,O008270,2025-02-01,Carte bancaire,37.66,Paid,TX266604958
PAY0008271,O008271,2026-04-28,Carte bancaire,385.94,Paid,TX629161366
PAY0008272,O008272,2026-06-28,Carte bancaire,324.61,Paid,TX603972565
PAY0008273,O008273,2025-05-31,Carte bancaire,0.0,Failed,TX373524131
PAY0008274,O008274,2026-05-20,Virement,44.63,Refunded,TX564462011
PAY0008275,O008275,2026-01-29,Carte bancaire,490.87,Paid,TX497741196
PAY0008276,O008276,2026-06-12,Virement,307.18,Paid,TX844648633
PAY0008277,O008277,2025-04-02,Carte bancaire,1068.47,Paid,TX105838954
PAY0008278,O008278,2025-02-05,Mobile Money,182.35,Paid,TX821370903
PAY0008279,O008279,2026-05-20,Carte bancaire,0.0,Failed,TX169489971
PAY0008280,O008280,2025-05-31,Mobile Money,243.25,Paid,TX579107097
PAY0008281,O008281,2025-11-23,Mobile Money,198.61,Refunded,TX103630117
PAY0008282,O008282,2026-05-11,Carte bancaire,16.3,Refunded,TX343724141
PAY0008283,O008283,2025-07-08,Cash,572.4,Paid,TX793556724
PAY0008284,O008284,2025-02-22,Carte bancaire,298.25,Paid,TX102203564
PAY0008285,O008285,2026-03-10,Carte bancaire,705.12,Paid,TX185783468
PAY0008286,O008286,2025-09-08,Carte bancaire,1099.5,Paid,TX765637520
PAY0008287,O008287,2025-01-14,Carte bancaire,0.0,Failed,TX326884668
PAY0008288,O008288,2025-07-07,Mobile Money,0.0,Failed,TX585814707
PAY0008289,O008289,2025-10-20,Mobile Money,44.28,Paid,TX328173469
PAY0008290,O008290,2026-04-29,Mobile Money,0.0,Pending,TX109782378
PAY0008291,O008291,2025-05-08,Virement,994.02,Paid,TX470043243
PAY0008292,O008292,2025-10-15,Mobile Money,633.47,Paid,TX268596049
PAY0008293,O008293,2025-04-11,Carte bancaire,450.3,Paid,TX820210566
PAY0008294,O008294,2025-06-13,Carte bancaire,47.04,Paid,TX524647568
PAY0008295,O008295,2025-05-29,Mobile Money,0.0,Failed,TX553696957
PAY0008296,O008296,2025-10-18,Mobile Money,246.25,Paid,TX782807445
PAY0008297,O008297,2026-01-03,Cash,222.52,Paid,TX926085340
PAY0008298,O008298,2025-03-04,Mobile Money,0.0,Pending,TX845632480
PAY0008299,O008299,2025-02-13,Mobile Money,1896.38,Paid,TX428559857
PAY0008300,O008300,2026-02-08,Mobile Money,351.55,Paid,TX828102510
PAY0008301,O008301,2025-06-14,Mobile Money,425.19,Paid,TX932072063
PAY0008302,O008302,2025-12-08,Carte bancaire,17.52,Paid,TX352989815
PAY0008303,O008303,2025-02-16,Virement,0.0,Pending,TX825895771
PAY0008304,O008304,2025-11-26,Mobile Money,0.0,Failed,TX177727625
PAY0008305,O008305,2026-05-18,Mobile Money,23.21,Paid,TX872459154
PAY0008306,O008306,2025-08-30,Carte bancaire,98.69,Pending,TX776573630
PAY0008307,O008307,2025-11-15,Mobile Money,1162.81,Paid,TX760541231
PAY0008308,O008308,2025-06-11,Mobile Money,45.1,Paid,TX465909211
PAY0008309,O008309,2025-06-08,Carte bancaire,0.0,Pending,TX957953076
PAY0008310,O008310,2025-02-09,Carte bancaire,346.67,Paid,TX655467524
PAY0008311,O008311,2025-09-20,Cash,18.12,Paid,TX726500825
PAY0008312,O008312,2026-06-05,Carte bancaire,486.26,Paid,TX962228874
PAY0008313,O008313,2025-03-07,Mobile Money,56.03,Refunded,TX781436267
PAY0008314,O008314,2025-08-21,Carte bancaire,562.76,Refunded,TX536052626
PAY0008315,O008315,2026-04-04,Mobile Money,86.62,Paid,TX876582427
PAY0008316,O008316,2025-09-29,Mobile Money,1791.04,Refunded,TX768569525
PAY0008317,O008317,2026-02-25,Mobile Money,17.21,Paid,TX681212396
PAY0008318,O008318,2025-07-27,Mobile Money,1070.32,Paid,TX773308511
PAY0008319,O008319,2025-12-01,Carte bancaire,0.0,Failed,TX720704692
PAY0008320,O008320,2026-06-27,Mobile Money,93.63,Paid,TX776404567
PAY0008321,O008321,2025-11-26,Virement,160.42,Paid,TX139715530
PAY0008322,O008322,2026-03-14,Mobile Money,0.0,Pending,TX637133002
PAY0008323,O008323,2026-01-17,Carte bancaire,830.91,Paid,TX237774769
PAY0008324,O008324,2025-02-25,Carte bancaire,894.34,Paid,TX688676293
PAY0008325,O008325,2025-03-31,Cash,43.58,Paid,TX305513793
PAY0008326,O008326,2025-12-02,Carte bancaire,143.52,Paid,TX775568815
PAY0008327,O008327,2025-07-12,Virement,78.8,Paid,TX212157448
PAY0008328,O008328,2025-09-27,Mobile Money,227.45,Paid,TX395270378
PAY0008329,O008329,2025-09-26,Mobile Money,1270.2,Paid,TX337256693
PAY0008330,O008330,2026-03-14,Mobile Money,0.0,Pending,TX782558839
PAY0008331,O008331,2026-06-29,Carte bancaire,60.0,Paid,TX718725321
PAY0008332,O008332,2026-07-04,Mobile Money,88.11,Paid,TX872698076
PAY0008333,O008333,2025-02-16,Mobile Money,0.0,Pending,TX479725602
PAY0008334,O008334,2026-02-14,Mobile Money,63.35,Paid,TX984206095
PAY0008335,O008335,2026-02-02,Carte bancaire,792.84,Paid,TX784617198
PAY0008336,O008336,2026-04-23,Mobile Money,645.67,Paid,TX392096183
PAY0008337,O008337,2025-08-26,Virement,315.82,Paid,TX182617257
PAY0008338,O008338,2025-10-03,Carte bancaire,337.18,Paid,TX665770026
PAY0008339,O008339,2025-09-07,Cash,502.02,Paid,TX909154893
PAY0008340,O008340,2025-07-27,Cash,99.67,Paid,TX616698413
PAY0008341,O008341,2025-05-16,Mobile Money,1126.7,Paid,TX947499558
PAY0008342,O008342,2025-12-21,Mobile Money,186.01,Paid,TX148712010
PAY0008343,O008343,2025-01-14,Mobile Money,77.71,Paid,TX269474587
PAY0008344,O008344,2026-02-17,Virement,52.8,Paid,TX279022140
PAY0008345,O008345,2026-04-08,Mobile Money,0.0,Pending,TX315249048
PAY0008346,O008346,2025-05-07,Mobile Money,1691.44,Paid,TX806875839
PAY0008347,O008347,2025-04-30,Mobile Money,2336.84,Paid,TX564434589
PAY0008348,O008348,2025-10-04,Carte bancaire,647.32,Paid,TX904807720
PAY0008349,O008349,2026-04-10,Mobile Money,160.08,Paid,TX304570355
PAY0008350,O008350,2025-03-05,Carte bancaire,192.74,Paid,TX120209904
PAY0008351,O008351,2025-08-26,Carte bancaire,283.24,Paid,TX197151504
PAY0008352,O008352,2025-05-03,Cash,1544.35,Paid,TX708153913
PAY0008353,O008353,2026-04-16,Cash,0.0,Pending,TX957987703
PAY0008354,O008354,2026-05-02,Virement,2380.3,Paid,TX927625168
PAY0008355,O008355,2025-02-16,Mobile Money,29.77,Paid,TX934517882
PAY0008356,O008356,2025-03-22,Mobile Money,32.35,Paid,TX608797841
PAY0008357,O008357,2025-03-28,Mobile Money,465.59,Paid,TX251313328
PAY0008358,O008358,2026-03-22,Carte bancaire,302.84,Paid,TX516417817
PAY0008359,O008359,2026-05-12,Mobile Money,68.64,Paid,TX241014112
PAY0008360,O008360,2025-07-25,Mobile Money,217.4,Paid,TX700631667
PAY0008361,O008361,2025-03-30,Mobile Money,470.24,Paid,TX466173961
PAY0008362,O008362,2026-01-01,Mobile Money,133.42,Paid,TX317401786
PAY0008363,O008363,2026-05-04,Mobile Money,808.09,Paid,TX590426389
PAY0008364,O008364,2026-05-16,Mobile Money,49.12,Paid,TX712856540
PAY0008365,O008365,2025-09-03,Mobile Money,1467.4,Paid,TX189932611
PAY0008366,O008366,2026-03-08,Cash,18.29,Paid,TX733231279
PAY0008367,O008367,2026-06-09,Carte bancaire,0.0,Pending,TX563308578
PAY0008368,O008368,2026-03-31,Mobile Money,67.04,Paid,TX896723645
PAY0008369,O008369,2025-09-22,Virement,82.5,Paid,TX672425514
PAY0008370,O008370,2025-05-28,Carte bancaire,38.85,Paid,TX297648107
PAY0008371,O008371,2025-07-24,Mobile Money,34.84,Paid,TX246242952
PAY0008372,O008372,2025-07-18,Virement,0.0,Failed,TX935485267
PAY0008373,O008373,2026-06-27,Mobile Money,591.86,Paid,TX489841595
PAY0008374,O008374,2026-02-08,Virement,75.89,Paid,TX224716929
PAY0008375,O008375,2026-04-20,Mobile Money,495.33,Refunded,TX193865791
PAY0008376,O008376,2026-03-04,Mobile Money,202.04,Paid,TX243242053
PAY0008377,O008377,2025-09-20,Carte bancaire,2660.06,Paid,TX846489285
PAY0008378,O008378,2026-03-09,Virement,315.0,Paid,TX568525217
PAY0008379,O008379,2025-12-18,Carte bancaire,447.55,Paid,TX303644727
PAY0008380,O008380,2026-02-12,Cash,0.0,Pending,TX113356612
PAY0008381,O008381,2025-06-18,Mobile Money,0.0,Pending,TX377642424
PAY0008382,O008382,2025-05-09,Cash,103.12,Paid,TX895378846
PAY0008383,O008383,2025-04-10,Mobile Money,1202.25,Refunded,TX568012326
PAY0008384,O008384,2025-06-09,Mobile Money,0.0,Pending,TX676185827
PAY0008385,O008385,2026-06-24,Carte bancaire,73.57,Paid,TX100907488
PAY0008386,O008386,2026-06-01,Mobile Money,0.0,Pending,TX362991744
PAY0008387,O008387,2025-03-26,Mobile Money,0.0,Pending,TX523106078
PAY0008388,O008388,2025-11-04,Carte bancaire,253.92,Paid,TX890635394
PAY0008389,O008389,2026-06-01,Mobile Money,0.0,Pending,TX498455524
PAY0008390,O008390,2026-02-19,Cash,119.69,Refunded,TX326528347
PAY0008391,O008391,2025-12-06,Cash,189.9,Paid,TX702972655
PAY0008392,O008392,2025-11-26,Cash,1935.59,Paid,TX746475575
PAY0008393,O008393,2025-06-28,Carte bancaire,936.46,Paid,TX310778539
PAY0008394,O008394,2026-05-25,Mobile Money,225.47,Refunded,TX497048109
PAY0008395,O008395,2025-02-17,Cash,0.0,Pending,TX107478495
PAY0008396,O008396,2026-04-26,Mobile Money,0.0,Failed,TX528482711
PAY0008397,O008397,2026-04-23,Mobile Money,48.06,Paid,TX678240640
PAY0008398,O008398,2025-05-27,Carte bancaire,469.59,Paid,TX556339888
PAY0008399,O008399,2025-10-08,Carte bancaire,80.07,Paid,TX713391466
PAY0008400,O008400,2026-05-03,Mobile Money,210.73,Paid,TX382514153
PAY0008401,O008401,2025-09-21,Mobile Money,427.5,Paid,TX883136764
PAY0008402,O008402,2025-06-14,Mobile Money,430.73,Paid,TX807729799
PAY0008403,O008403,2025-02-11,Mobile Money,31.22,Paid,TX357198169
PAY0008404,O008404,2025-08-30,Mobile Money,86.07,Paid,TX249374953
PAY0008405,O008405,2025-06-04,Cash,123.67,Paid,TX847669583
PAY0008406,O008406,2026-04-13,Virement,113.82,Paid,TX616053607
PAY0008407,O008407,2026-04-17,Mobile Money,741.5,Paid,TX263878174
PAY0008408,O008408,2025-06-28,Mobile Money,601.59,Paid,TX581114554
PAY0008409,O008409,2025-04-30,Cash,16.46,Paid,TX765843236
PAY0008410,O008410,2025-06-13,Carte bancaire,62.91,Paid,TX258176518
PAY0008411,O008411,2025-08-11,Carte bancaire,78.52,Paid,TX590469305
PAY0008412,O008412,2026-01-03,Cash,381.67,Paid,TX114600409
PAY0008413,O008413,2025-03-28,Cash,663.94,Paid,TX534225754
PAY0008414,O008414,2026-07-06,Mobile Money,358.96,Paid,TX989124007
PAY0008415,O008415,2026-01-22,Carte bancaire,550.4,Paid,TX803735627
PAY0008416,O008416,2025-03-14,Carte bancaire,0.0,Pending,TX595019471
PAY0008417,O008417,2025-06-23,Virement,491.53,Paid,TX477729377
PAY0008418,O008418,2026-01-24,Carte bancaire,17.91,Paid,TX852711879
PAY0008419,O008419,2025-10-08,Carte bancaire,0.0,Pending,TX588808814
PAY0008420,O008420,2025-10-16,Mobile Money,68.51,Paid,TX119750425
PAY0008421,O008421,2025-01-23,Mobile Money,0.0,Pending,TX449099164
PAY0008422,O008422,2025-08-17,Carte bancaire,153.76,Refunded,TX736179126
PAY0008423,O008423,2025-12-05,Mobile Money,153.0,Paid,TX192887741
PAY0008424,O008424,2026-02-16,Virement,0.0,Pending,TX561425714
PAY0008425,O008425,2025-09-02,Carte bancaire,113.0,Paid,TX745934820
PAY0008426,O008426,2025-11-04,Virement,66.45,Paid,TX325565430
PAY0008427,O008427,2025-05-04,Virement,97.65,Paid,TX131140019
PAY0008428,O008428,2026-03-16,Carte bancaire,462.78,Paid,TX147372578
PAY0008429,O008429,2026-01-19,Carte bancaire,1101.94,Paid,TX559160460
PAY0008430,O008430,2026-02-15,Virement,31.9,Paid,TX292766079
PAY0008431,O008431,2026-01-05,Mobile Money,0.0,Failed,TX356241861
PAY0008432,O008432,2026-06-26,Carte bancaire,322.72,Refunded,TX740498290
PAY0008433,O008433,2026-04-30,Cash,0.0,Pending,TX653214717
PAY0008434,O008434,2026-03-22,Mobile Money,0.0,Pending,TX192888993
PAY0008435,O008435,2025-07-05,Carte bancaire,0.0,Pending,TX209615678
PAY0008436,O008436,2025-02-09,Mobile Money,31.6,Paid,TX397486917
PAY0008437,O008437,2025-01-05,Mobile Money,287.51,Paid,TX274336309
PAY0008438,O008438,2026-03-08,Virement,252.17,Paid,TX512995523
PAY0008439,O008439,2026-05-08,Mobile Money,0.0,Pending,TX215103835
PAY0008440,O008440,2025-12-27,Mobile Money,74.37,Paid,TX689379892
PAY0008441,O008441,2026-02-04,Mobile Money,93.5,Paid,TX167759309
PAY0008442,O008442,2025-02-19,Virement,171.53,Paid,TX767332207
PAY0008443,O008443,2025-11-10,Mobile Money,37.3,Paid,TX831219234
PAY0008444,O008444,2025-12-01,Carte bancaire,266.2,Paid,TX279357958
PAY0008445,O008445,2025-03-28,Carte bancaire,140.49,Paid,TX727781925
PAY0008446,O008446,2026-02-18,Carte bancaire,0.0,Pending,TX732207012
PAY0008447,O008447,2025-07-07,Cash,599.17,Paid,TX456919226
PAY0008448,O008448,2025-04-20,Virement,0.0,Pending,TX624649778
PAY0008449,O008449,2026-01-17,Mobile Money,0.0,Failed,TX454887220
PAY0008450,O008450,2025-08-31,Virement,246.3,Paid,TX711444174
PAY0008451,O008451,2025-10-24,Carte bancaire,0.0,Pending,TX207232221
PAY0008452,O008452,2025-10-28,Cash,0.0,Pending,TX721206505
PAY0008453,O008453,2025-12-09,Cash,76.06,Paid,TX256574029
PAY0008454,O008454,2025-08-17,Mobile Money,321.85,Paid,TX684790425
PAY0008455,O008455,2026-03-26,Mobile Money,98.4,Paid,TX891331338
PAY0008456,O008456,2026-04-29,Carte bancaire,40.51,Refunded,TX604899593
PAY0008457,O008457,2025-09-25,Mobile Money,134.96,Paid,TX456399316
PAY0008458,O008458,2025-04-03,Mobile Money,1563.84,Paid,TX973572493
PAY0008459,O008459,2025-06-04,Cash,140.85,Paid,TX698462415
PAY0008460,O008460,2026-02-28,Carte bancaire,1821.27,Refunded,TX801382874
PAY0008461,O008461,2025-05-25,Mobile Money,0.0,Pending,TX562840638
PAY0008462,O008462,2026-03-07,Mobile Money,71.35,Paid,TX855844152
PAY0008463,O008463,2025-12-31,Virement,43.5,Paid,TX958523352
PAY0008464,O008464,2025-09-03,Cash,235.09,Refunded,TX183154439
PAY0008465,O008465,2025-03-13,Cash,460.08,Paid,TX505112407
PAY0008466,O008466,2025-10-23,Mobile Money,497.85,Paid,TX443426610
PAY0008467,O008467,2026-01-19,Mobile Money,370.41,Paid,TX482711987
PAY0008468,O008468,2025-03-30,Cash,47.25,Paid,TX567593048
PAY0008469,O008469,2026-04-01,Cash,66.87,Paid,TX795401567
PAY0008470,O008470,2025-04-18,Mobile Money,0.0,Pending,TX135396811
PAY0008471,O008471,2025-08-16,Mobile Money,104.7,Paid,TX789291454
PAY0008472,O008472,2025-10-22,Carte bancaire,175.13,Paid,TX365323995
PAY0008473,O008473,2026-02-12,Mobile Money,116.79,Paid,TX166080690
PAY0008474,O008474,2025-05-06,Carte bancaire,232.9,Paid,TX186549334
PAY0008475,O008475,2025-07-06,Mobile Money,0.0,Pending,TX442052950
PAY0008476,O008476,2026-03-20,Virement,31.64,Paid,TX279604426
PAY0008477,O008477,2025-06-30,Mobile Money,423.48,Paid,TX938047382
PAY0008478,O008478,2025-12-06,Mobile Money,0.0,Pending,TX723900043
PAY0008479,O008479,2025-08-10,Mobile Money,628.0,Paid,TX300557693
PAY0008480,O008480,2025-02-01,Mobile Money,146.6,Paid,TX437129109
PAY0008481,O008481,2025-10-13,Carte bancaire,0.0,Failed,TX370857142
PAY0008482,O008482,2025-07-18,Mobile Money,0.0,Failed,TX444812409
PAY0008483,O008483,2025-05-30,Mobile Money,0.0,Failed,TX510462256
PAY0008484,O008484,2026-04-16,Virement,180.34,Paid,TX722418652
PAY0008485,O008485,2026-03-02,Carte bancaire,25.93,Paid,TX109925135
PAY0008486,O008486,2025-06-03,Carte bancaire,72.27,Refunded,TX606273995
PAY0008487,O008487,2025-10-15,Mobile Money,669.19,Paid,TX414170720
PAY0008488,O008488,2026-01-31,Cash,0.0,Pending,TX960360355
PAY0008489,O008489,2025-02-03,Cash,62.99,Paid,TX650153157
PAY0008490,O008490,2025-02-23,Mobile Money,207.68,Paid,TX473392634
PAY0008491,O008491,2025-10-25,Virement,0.0,Pending,TX448210298
PAY0008492,O008492,2026-05-27,Virement,396.79,Paid,TX207398570
PAY0008493,O008493,2026-05-24,Cash,247.39,Paid,TX817512958
PAY0008494,O008494,2025-09-06,Virement,195.37,Paid,TX382274112
PAY0008495,O008495,2026-01-25,Mobile Money,288.53,Paid,TX701549885
PAY0008496,O008496,2025-09-27,Mobile Money,66.85,Paid,TX836366733
PAY0008497,O008497,2026-05-13,Cash,122.28,Paid,TX810355535
PAY0008498,O008498,2025-11-09,Mobile Money,102.63,Paid,TX818361774
PAY0008499,O008499,2026-05-07,Carte bancaire,197.25,Paid,TX662693497
PAY0008500,O008500,2025-07-22,Mobile Money,1509.48,Refunded,TX734340381
PAY0008501,O008501,2026-05-29,Mobile Money,591.09,Paid,TX295445708
PAY0008502,O008502,2026-02-04,Mobile Money,842.77,Paid,TX557511400
PAY0008503,O008503,2026-02-27,Mobile Money,0.0,Failed,TX383575785
PAY0008504,O008504,2025-01-12,Mobile Money,1349.95,Paid,TX163407762
PAY0008505,O008505,2026-03-18,Carte bancaire,0.0,Pending,TX501832935
PAY0008506,O008506,2025-04-02,Virement,0.0,Failed,TX298021692
PAY0008507,O008507,2026-06-01,Carte bancaire,56.08,Paid,TX436716745
PAY0008508,O008508,2025-04-15,Virement,208.74,Paid,TX659466117
PAY0008509,O008509,2026-04-01,Mobile Money,0.0,Pending,TX746691661
PAY0008510,O008510,2025-12-15,Virement,1148.79,Paid,TX210629419
PAY0008511,O008511,2025-08-05,Mobile Money,25.44,Paid,TX455167524
PAY0008512,O008512,2026-05-07,Mobile Money,63.12,Paid,TX205654287
PAY0008513,O008513,2025-08-03,Mobile Money,504.17,Paid,TX479744773
PAY0008514,O008514,2025-02-04,Cash,765.22,Paid,TX823822326
PAY0008515,O008515,2025-02-14,Mobile Money,53.78,Paid,TX489673592
PAY0008516,O008516,2026-04-15,Mobile Money,28.88,Paid,TX949404453
PAY0008517,O008517,2025-08-01,Mobile Money,0.0,Pending,TX145589434
PAY0008518,O008518,2026-03-27,Mobile Money,23.88,Paid,TX506874423
PAY0008519,O008519,2025-01-14,Mobile Money,95.01,Paid,TX341955235
PAY0008520,O008520,2025-02-14,Mobile Money,477.05,Paid,TX113358239
PAY0008521,O008521,2026-06-30,Carte bancaire,0.0,Pending,TX229251754
PAY0008522,O008522,2025-03-22,Carte bancaire,603.51,Paid,TX801099334
PAY0008523,O008523,2026-01-15,Carte bancaire,572.45,Paid,TX814710065
PAY0008524,O008524,2025-07-11,Virement,95.32,Paid,TX967081162
PAY0008525,O008525,2025-10-04,Cash,39.8,Paid,TX747307766
PAY0008526,O008526,2025-03-06,Mobile Money,118.05,Paid,TX892519632
PAY0008527,O008527,2025-05-31,Mobile Money,83.1,Paid,TX106566229
PAY0008528,O008528,2026-02-20,Cash,343.14,Paid,TX709161687
PAY0008529,O008529,2025-10-23,Carte bancaire,369.42,Paid,TX524562153
PAY0008530,O008530,2025-10-07,Mobile Money,302.02,Paid,TX464974431
PAY0008531,O008531,2026-06-06,Mobile Money,181.42,Paid,TX884546263
PAY0008532,O008532,2025-08-14,Virement,0.0,Failed,TX157416397
PAY0008533,O008533,2026-03-21,Virement,118.08,Paid,TX829962322
PAY0008534,O008534,2026-02-04,Mobile Money,0.0,Pending,TX397328833
PAY0008535,O008535,2025-09-12,Mobile Money,108.26,Paid,TX657527215
PAY0008536,O008536,2025-06-14,Carte bancaire,131.76,Paid,TX892197586
PAY0008537,O008537,2025-07-18,Mobile Money,105.2,Paid,TX209962969
PAY0008538,O008538,2026-04-26,Virement,0.0,Pending,TX561763051
PAY0008539,O008539,2025-06-17,Mobile Money,23.5,Paid,TX317279316
PAY0008540,O008540,2025-12-27,Carte bancaire,370.84,Paid,TX878681069
PAY0008541,O008541,2025-03-12,Virement,0.0,Failed,TX895459955
PAY0008542,O008542,2025-07-13,Cash,41.4,Refunded,TX387657853
PAY0008543,O008543,2026-05-31,Carte bancaire,43.93,Paid,TX494643807
PAY0008544,O008544,2025-10-24,Carte bancaire,0.0,Failed,TX331268679
PAY0008545,O008545,2026-03-28,Carte bancaire,239.62,Paid,TX911161358
PAY0008546,O008546,2025-05-23,Virement,0.0,Failed,TX928913273
PAY0008547,O008547,2026-02-22,Mobile Money,0.0,Pending,TX415620336
PAY0008548,O008548,2026-06-28,Carte bancaire,1103.3,Paid,TX365736137
PAY0008549,O008549,2026-05-24,Virement,314.31,Paid,TX591244373
PAY0008550,O008550,2025-08-28,Cash,2270.98,Paid,TX315008378
PAY0008551,O008551,2026-01-09,Mobile Money,0.0,Failed,TX272713188
PAY0008552,O008552,2026-05-09,Cash,730.1,Paid,TX314540554
PAY0008553,O008553,2026-03-25,Carte bancaire,416.89,Paid,TX825116624
PAY0008554,O008554,2026-06-24,Mobile Money,92.13,Paid,TX436985480
PAY0008555,O008555,2025-01-21,Cash,69.97,Paid,TX488027137
PAY0008556,O008556,2025-10-21,Mobile Money,142.65,Refunded,TX549833912
PAY0008557,O008557,2026-03-11,Virement,195.22,Paid,TX755175314
PAY0008558,O008558,2026-02-05,Carte bancaire,0.0,Failed,TX945047154
PAY0008559,O008559,2025-03-28,Carte bancaire,411.95,Paid,TX578413182
PAY0008560,O008560,2025-11-12,Virement,526.35,Refunded,TX843866353
PAY0008561,O008561,2025-04-02,Cash,101.31,Paid,TX384454174
PAY0008562,O008562,2025-02-20,Virement,507.54,Paid,TX850676689
PAY0008563,O008563,2025-03-04,Carte bancaire,43.41,Paid,TX665021834
PAY0008564,O008564,2026-06-08,Carte bancaire,0.0,Pending,TX572721622
PAY0008565,O008565,2025-06-01,Virement,49.84,Paid,TX776266341
PAY0008566,O008566,2025-09-10,Mobile Money,0.0,Pending,TX605653456
PAY0008567,O008567,2025-05-23,Mobile Money,0.0,Pending,TX278488745
PAY0008568,O008568,2026-05-05,Virement,41.5,Paid,TX536622409
PAY0008569,O008569,2026-05-04,Carte bancaire,56.01,Paid,TX766572780
PAY0008570,O008570,2025-12-28,Mobile Money,213.59,Paid,TX231103601
PAY0008571,O008571,2026-03-31,Virement,509.31,Paid,TX978774778
PAY0008572,O008572,2025-03-01,Carte bancaire,2633.48,Paid,TX793542551
PAY0008573,O008573,2026-07-02,Virement,73.81,Paid,TX924562444
PAY0008574,O008574,2025-08-20,Mobile Money,39.61,Refunded,TX108988925
PAY0008575,O008575,2025-08-10,Virement,82.05,Paid,TX518587503
PAY0008576,O008576,2025-04-21,Mobile Money,82.5,Paid,TX996025260
PAY0008577,O008577,2026-04-29,Mobile Money,152.94,Paid,TX460474344
PAY0008578,O008578,2025-04-04,Mobile Money,104.76,Paid,TX533791556
PAY0008579,O008579,2026-04-18,Carte bancaire,152.18,Paid,TX729935495
PAY0008580,O008580,2026-01-30,Mobile Money,172.49,Paid,TX400309315
PAY0008581,O008581,2026-03-02,Carte bancaire,776.08,Paid,TX919410542
PAY0008582,O008582,2025-01-18,Carte bancaire,0.0,Failed,TX831113559
PAY0008583,O008583,2026-02-12,Carte bancaire,99.58,Paid,TX386471093
PAY0008584,O008584,2026-06-17,Mobile Money,31.6,Paid,TX231005665
PAY0008585,O008585,2025-08-05,Mobile Money,1008.52,Paid,TX817888213
PAY0008586,O008586,2025-09-08,Carte bancaire,1396.51,Paid,TX518457379
PAY0008587,O008587,2025-03-07,Carte bancaire,0.0,Pending,TX456524404
PAY0008588,O008588,2025-09-30,Mobile Money,360.67,Paid,TX694670451
PAY0008589,O008589,2026-01-07,Carte bancaire,0.0,Pending,TX587012343
PAY0008590,O008590,2025-06-14,Mobile Money,296.17,Paid,TX844869552
PAY0008591,O008591,2026-02-11,Mobile Money,1135.82,Paid,TX800249603
PAY0008592,O008592,2025-02-19,Virement,0.0,Pending,TX948116258
PAY0008593,O008593,2026-01-09,Mobile Money,113.51,Paid,TX891150172
PAY0008594,O008594,2025-11-22,Mobile Money,126.47,Paid,TX588642739
PAY0008595,O008595,2025-05-06,Mobile Money,19.07,Paid,TX667982680
PAY0008596,O008596,2025-07-08,Carte bancaire,73.03,Refunded,TX555207646
PAY0008597,O008597,2025-05-12,Cash,408.9,Paid,TX481716199
PAY0008598,O008598,2025-12-10,Carte bancaire,559.52,Paid,TX277015700
PAY0008599,O008599,2025-12-19,Virement,346.17,Paid,TX853520508
PAY0008600,O008600,2025-11-02,Carte bancaire,296.15,Paid,TX410916022
PAY0008601,O008601,2025-04-21,Mobile Money,238.59,Paid,TX488346241
PAY0008602,O008602,2025-05-01,Carte bancaire,1919.1,Refunded,TX706926529
PAY0008603,O008603,2026-03-21,Mobile Money,0.0,Pending,TX680767343
PAY0008604,O008604,2025-09-12,Mobile Money,82.72,Refunded,TX383612890
PAY0008605,O008605,2025-08-30,Mobile Money,28.62,Paid,TX456333467
PAY0008606,O008606,2025-06-21,Mobile Money,192.07,Paid,TX861757807
PAY0008607,O008607,2026-05-29,Mobile Money,58.36,Paid,TX995751279
PAY0008608,O008608,2025-05-12,Mobile Money,48.2,Paid,TX817906762
PAY0008609,O008609,2026-03-02,Virement,1217.32,Paid,TX339993391
PAY0008610,O008610,2026-03-01,Virement,0.0,Pending,TX534632601
PAY0008611,O008611,2025-05-16,Mobile Money,39.95,Paid,TX131782574
PAY0008612,O008612,2025-01-10,Virement,460.73,Paid,TX345953528
PAY0008613,O008613,2025-05-19,Mobile Money,162.26,Paid,TX423492699
PAY0008614,O008614,2025-05-31,Mobile Money,75.46,Paid,TX558756180
PAY0008615,O008615,2026-02-17,Virement,1267.54,Refunded,TX110758278
PAY0008616,O008616,2025-10-23,Mobile Money,291.5,Paid,TX901886251
PAY0008617,O008617,2025-08-27,Mobile Money,93.26,Refunded,TX706795616
PAY0008618,O008618,2025-09-21,Mobile Money,559.88,Paid,TX936030725
PAY0008619,O008619,2026-06-08,Carte bancaire,164.49,Paid,TX866364756
PAY0008620,O008620,2026-06-02,Carte bancaire,84.33,Paid,TX783688112
PAY0008621,O008621,2025-01-19,Carte bancaire,648.52,Paid,TX315552138
PAY0008622,O008622,2026-04-10,Mobile Money,686.06,Paid,TX753218903
PAY0008623,O008623,2025-07-18,Mobile Money,0.0,Pending,TX264682219
PAY0008624,O008624,2026-02-17,Mobile Money,173.56,Paid,TX988927024
PAY0008625,O008625,2026-06-26,Virement,158.46,Paid,TX402486658
PAY0008626,O008626,2025-10-09,Virement,0.0,Pending,TX326451634
PAY0008627,O008627,2025-12-10,Mobile Money,88.17,Paid,TX969603206
PAY0008628,O008628,2025-08-27,Mobile Money,231.87,Paid,TX182059661
PAY0008629,O008629,2025-02-12,Mobile Money,41.74,Paid,TX960929981
PAY0008630,O008630,2025-01-24,Virement,172.14,Refunded,TX719992334
PAY0008631,O008631,2025-07-18,Cash,158.89,Paid,TX708867706
PAY0008632,O008632,2026-03-28,Mobile Money,226.14,Paid,TX996807526
PAY0008633,O008633,2025-07-11,Carte bancaire,16.03,Paid,TX304966561
PAY0008634,O008634,2025-08-28,Mobile Money,284.0,Paid,TX413316627
PAY0008635,O008635,2025-10-19,Mobile Money,0.0,Failed,TX943347941
PAY0008636,O008636,2025-06-26,Carte bancaire,245.81,Paid,TX538911307
PAY0008637,O008637,2025-09-28,Carte bancaire,89.5,Paid,TX259958089
PAY0008638,O008638,2025-11-29,Carte bancaire,664.05,Refunded,TX717897949
PAY0008639,O008639,2026-04-16,Mobile Money,74.72,Paid,TX154557777
PAY0008640,O008640,2026-02-21,Carte bancaire,0.0,Pending,TX116054973
PAY0008641,O008641,2026-03-26,Mobile Money,187.02,Paid,TX482174707
PAY0008642,O008642,2025-10-16,Carte bancaire,0.0,Pending,TX996782624
PAY0008643,O008643,2026-01-18,Mobile Money,0.0,Failed,TX536871263
PAY0008644,O008644,2025-03-25,Mobile Money,73.8,Paid,TX466583013
PAY0008645,O008645,2025-03-24,Carte bancaire,217.36,Paid,TX271994369
PAY0008646,O008646,2026-05-21,Cash,2374.26,Paid,TX697272347
PAY0008647,O008647,2025-12-01,Mobile Money,16.44,Paid,TX689185421
PAY0008648,O008648,2025-03-05,Carte bancaire,751.13,Paid,TX783789402
PAY0008649,O008649,2025-08-15,Carte bancaire,108.78,Paid,TX599162856
PAY0008650,O008650,2026-06-19,Carte bancaire,782.48,Paid,TX334102533
PAY0008651,O008651,2025-01-12,Mobile Money,93.64,Paid,TX744950226
PAY0008652,O008652,2025-09-01,Carte bancaire,0.0,Failed,TX293384324
PAY0008653,O008653,2026-04-08,Mobile Money,38.35,Paid,TX916995012
PAY0008654,O008654,2026-06-03,Mobile Money,1881.38,Paid,TX891099996
PAY0008655,O008655,2025-07-24,Mobile Money,875.87,Paid,TX550296419
PAY0008656,O008656,2026-05-17,Carte bancaire,235.95,Refunded,TX750397862
PAY0008657,O008657,2026-01-28,Mobile Money,766.81,Paid,TX531090122
PAY0008658,O008658,2025-08-12,Cash,27.49,Paid,TX366764802
PAY0008659,O008659,2026-03-06,Virement,198.1,Paid,TX278152694
PAY0008660,O008660,2026-03-17,Mobile Money,275.31,Paid,TX484106514
PAY0008661,O008661,2025-05-31,Mobile Money,144.6,Refunded,TX293692957
PAY0008662,O008662,2025-02-23,Mobile Money,210.73,Paid,TX159217188
PAY0008663,O008663,2026-03-04,Carte bancaire,93.65,Paid,TX779920435
PAY0008664,O008664,2025-02-15,Carte bancaire,53.75,Paid,TX605439897
PAY0008665,O008665,2026-03-07,Mobile Money,133.97,Paid,TX757194446
PAY0008666,O008666,2025-07-18,Mobile Money,914.1,Paid,TX347502005
PAY0008667,O008667,2026-01-21,Mobile Money,239.8,Paid,TX147364286
PAY0008668,O008668,2025-12-03,Mobile Money,287.93,Paid,TX395476417
PAY0008669,O008669,2025-01-25,Mobile Money,383.23,Paid,TX156967473
PAY0008670,O008670,2025-01-10,Virement,75.79,Paid,TX620680789
PAY0008671,O008671,2025-12-15,Cash,739.89,Paid,TX632207195
PAY0008672,O008672,2025-10-11,Virement,121.93,Paid,TX261230325
PAY0008673,O008673,2025-01-24,Mobile Money,127.6,Paid,TX734783296
PAY0008674,O008674,2026-06-22,Cash,2446.23,Paid,TX280664758
PAY0008675,O008675,2025-05-14,Carte bancaire,0.0,Pending,TX376285398
PAY0008676,O008676,2026-04-20,Mobile Money,0.0,Failed,TX768740399
PAY0008677,O008677,2025-03-07,Virement,173.26,Paid,TX252474051
PAY0008678,O008678,2025-05-10,Mobile Money,1957.09,Pending,TX641022286
PAY0008679,O008679,2025-10-18,Mobile Money,901.5,Paid,TX590859820
PAY0008680,O008680,2025-10-18,Virement,540.15,Paid,TX381352745
PAY0008681,O008681,2025-11-29,Mobile Money,73.7,Paid,TX271814502
PAY0008682,O008682,2025-04-08,Carte bancaire,398.76,Paid,TX701117722
PAY0008683,O008683,2025-05-29,Carte bancaire,0.0,Pending,TX930944019
PAY0008684,O008684,2025-05-25,Cash,282.98,Paid,TX455574825
PAY0008685,O008685,2025-09-03,Mobile Money,662.81,Refunded,TX309079367
PAY0008686,O008686,2026-05-22,Mobile Money,0.0,Failed,TX223159759
PAY0008687,O008687,2025-09-11,Carte bancaire,66.14,Refunded,TX563756571
PAY0008688,O008688,2026-07-04,Carte bancaire,0.0,Pending,TX626650516
PAY0008689,O008689,2025-05-22,Carte bancaire,52.8,Refunded,TX727593955
PAY0008690,O008690,2025-05-15,Virement,586.8,Paid,TX939290845
PAY0008691,O008691,2025-02-27,Carte bancaire,428.49,Paid,TX322545639
PAY0008692,O008692,2025-05-01,Virement,0.0,Failed,TX554310651
PAY0008693,O008693,2025-06-23,Mobile Money,688.25,Refunded,TX764425455
PAY0008694,O008694,2025-08-03,Virement,230.47,Paid,TX668763188
PAY0008695,O008695,2026-01-29,Cash,1402.01,Paid,TX180658465
PAY0008696,O008696,2025-09-04,Mobile Money,0.0,Pending,TX535111350
PAY0008697,O008697,2026-01-14,Mobile Money,0.0,Pending,TX191522978
PAY0008698,O008698,2025-02-22,Carte bancaire,42.45,Paid,TX201330947
PAY0008699,O008699,2026-06-07,Carte bancaire,0.0,Pending,TX977384771
PAY0008700,O008700,2025-03-22,Carte bancaire,0.0,Pending,TX763528205
PAY0008701,O008701,2025-01-23,Virement,179.39,Refunded,TX730183334
PAY0008702,O008702,2025-08-25,Mobile Money,0.0,Pending,TX497316126
PAY0008703,O008703,2025-12-25,Cash,38.92,Paid,TX627983101
PAY0008704,O008704,2025-05-11,Virement,1108.22,Paid,TX554638168
PAY0008705,O008705,2025-04-01,Mobile Money,61.94,Paid,TX539448957
PAY0008706,O008706,2026-04-13,Mobile Money,1288.83,Paid,TX342440861
PAY0008707,O008707,2026-04-01,Carte bancaire,3417.48,Paid,TX559537740
PAY0008708,O008708,2026-02-16,Mobile Money,250.57,Paid,TX899327461
PAY0008709,O008709,2025-05-03,Carte bancaire,109.81,Paid,TX311612064
PAY0008710,O008710,2025-10-23,Carte bancaire,124.88,Paid,TX189026946
PAY0008711,O008711,2026-01-14,Cash,552.27,Paid,TX914725374
PAY0008712,O008712,2025-08-26,Mobile Money,0.0,Failed,TX217412352
PAY0008713,O008713,2025-04-11,Carte bancaire,0.0,Pending,TX148424795
PAY0008714,O008714,2026-04-01,Cash,31.04,Paid,TX826317401
PAY0008715,O008715,2026-06-03,Carte bancaire,487.77,Pending,TX532298631
PAY0008716,O008716,2025-04-04,Mobile Money,370.33,Refunded,TX976899728
PAY0008717,O008717,2026-01-21,Mobile Money,319.01,Paid,TX793512131
PAY0008718,O008718,2026-05-06,Mobile Money,216.43,Paid,TX314420977
PAY0008719,O008719,2025-10-25,Mobile Money,83.36,Paid,TX822834929
PAY0008720,O008720,2025-01-28,Mobile Money,0.0,Pending,TX280039151
PAY0008721,O008721,2026-01-18,Carte bancaire,68.63,Paid,TX646171366
PAY0008722,O008722,2026-05-23,Carte bancaire,570.38,Paid,TX997217023
PAY0008723,O008723,2025-05-25,Mobile Money,0.0,Failed,TX550291377
PAY0008724,O008724,2025-03-22,Mobile Money,79.2,Paid,TX154532993
PAY0008725,O008725,2025-05-19,Carte bancaire,1056.62,Paid,TX221908348
PAY0008726,O008726,2026-03-24,Carte bancaire,0.0,Pending,TX111686169
PAY0008727,O008727,2025-11-02,Virement,71.29,Paid,TX605478836
PAY0008728,O008728,2025-01-14,Mobile Money,47.54,Paid,TX297958252
PAY0008729,O008729,2025-11-21,Mobile Money,645.35,Refunded,TX452913521
PAY0008730,O008730,2026-03-27,Carte bancaire,190.6,Paid,TX973562555
PAY0008731,O008731,2025-04-12,Cash,197.64,Paid,TX324686636
PAY0008732,O008732,2025-11-18,Carte bancaire,623.61,Paid,TX721501175
PAY0008733,O008733,2025-05-10,Mobile Money,24.97,Paid,TX753113794
PAY0008734,O008734,2025-01-11,Mobile Money,113.38,Paid,TX342990571
PAY0008735,O008735,2025-08-08,Carte bancaire,1307.7,Paid,TX563930206
PAY0008736,O008736,2026-03-04,Cash,27.16,Paid,TX695037400
PAY0008737,O008737,2026-01-06,Carte bancaire,51.33,Paid,TX496346249
PAY0008738,O008738,2025-02-27,Mobile Money,2042.76,Paid,TX796774839
PAY0008739,O008739,2025-04-12,Mobile Money,298.81,Refunded,TX426695402
PAY0008740,O008740,2025-10-27,Mobile Money,0.0,Pending,TX120090087
PAY0008741,O008741,2025-06-29,Carte bancaire,351.87,Paid,TX284737446
PAY0008742,O008742,2025-07-02,Mobile Money,25.13,Paid,TX806326592
PAY0008743,O008743,2025-08-27,Mobile Money,183.35,Paid,TX555124299
PAY0008744,O008744,2026-02-23,Mobile Money,53.87,Paid,TX270065781
PAY0008745,O008745,2025-11-15,Virement,26.28,Paid,TX627131984
PAY0008746,O008746,2026-04-15,Mobile Money,294.57,Paid,TX713232092
PAY0008747,O008747,2025-02-25,Mobile Money,0.0,Failed,TX917244729
PAY0008748,O008748,2025-09-14,Mobile Money,45.39,Paid,TX661888982
PAY0008749,O008749,2025-10-30,Carte bancaire,3774.45,Paid,TX580791052
PAY0008750,O008750,2026-02-23,Mobile Money,48.65,Paid,TX891437436
PAY0008751,O008751,2025-10-14,Virement,1652.8,Paid,TX797237432
PAY0008752,O008752,2026-05-22,Carte bancaire,490.08,Paid,TX509783165
PAY0008753,O008753,2026-04-08,Mobile Money,84.5,Paid,TX614506853
PAY0008754,O008754,2026-01-16,Virement,17.84,Paid,TX342079951
PAY0008755,O008755,2025-08-06,Mobile Money,0.0,Failed,TX788715801
PAY0008756,O008756,2025-06-26,Carte bancaire,111.01,Paid,TX931945939
PAY0008757,O008757,2025-10-22,Carte bancaire,16.04,Paid,TX850927728
PAY0008758,O008758,2025-09-12,Mobile Money,0.0,Failed,TX411885710
PAY0008759,O008759,2025-01-20,Mobile Money,0.0,Failed,TX124739679
PAY0008760,O008760,2025-05-11,Carte bancaire,0.0,Failed,TX745200036
PAY0008761,O008761,2026-04-07,Mobile Money,120.47,Paid,TX480629373
PAY0008762,O008762,2025-09-11,Carte bancaire,284.11,Paid,TX772109247
PAY0008763,O008763,2026-06-06,Carte bancaire,531.08,Paid,TX784236677
PAY0008764,O008764,2025-05-18,Virement,500.7,Paid,TX378211416
PAY0008765,O008765,2026-06-18,Mobile Money,171.89,Paid,TX296802044
PAY0008766,O008766,2026-03-19,Mobile Money,277.75,Paid,TX963620634
PAY0008767,O008767,2025-07-20,Carte bancaire,39.37,Paid,TX738801772
PAY0008768,O008768,2025-12-02,Carte bancaire,0.0,Pending,TX291304476
PAY0008769,O008769,2026-06-29,Mobile Money,0.0,Pending,TX633198143
PAY0008770,O008770,2025-12-18,Mobile Money,122.32,Paid,TX369724349
PAY0008771,O008771,2026-05-26,Virement,72.75,Paid,TX996119677
PAY0008772,O008772,2025-03-06,Mobile Money,62.1,Paid,TX972909298
PAY0008773,O008773,2025-04-01,Carte bancaire,721.57,Paid,TX651460130
PAY0008774,O008774,2025-01-01,Virement,555.91,Refunded,TX904111119
PAY0008775,O008775,2025-06-30,Mobile Money,316.94,Paid,TX735952132
PAY0008776,O008776,2026-03-10,Mobile Money,40.54,Paid,TX416707103
PAY0008777,O008777,2026-06-13,Carte bancaire,1106.64,Paid,TX557644593
PAY0008778,O008778,2025-10-28,Virement,0.0,Failed,TX843571196
PAY0008779,O008779,2025-08-20,Virement,511.71,Paid,TX429731128
PAY0008780,O008780,2026-05-30,Mobile Money,26.75,Refunded,TX282399273
PAY0008781,O008781,2025-11-19,Mobile Money,228.69,Paid,TX746315371
PAY0008782,O008782,2025-10-25,Mobile Money,51.97,Paid,TX956590890
PAY0008783,O008783,2025-02-17,Mobile Money,0.0,Pending,TX328872295
PAY0008784,O008784,2025-04-28,Mobile Money,0.0,Pending,TX444744630
PAY0008785,O008785,2026-01-21,Virement,0.0,Pending,TX671839865
PAY0008786,O008786,2026-01-18,Mobile Money,116.41,Paid,TX347415326
PAY0008787,O008787,2025-10-01,Mobile Money,55.53,Paid,TX667682858
PAY0008788,O008788,2026-01-22,Mobile Money,0.0,Pending,TX440248535
PAY0008789,O008789,2026-01-15,Cash,101.59,Paid,TX885902034
PAY0008790,O008790,2025-02-06,Mobile Money,526.6,Refunded,TX520997875
PAY0008791,O008791,2026-04-06,Carte bancaire,0.0,Pending,TX469800765
PAY0008792,O008792,2026-01-20,Virement,2471.87,Paid,TX729421772
PAY0008793,O008793,2025-05-04,Carte bancaire,70.45,Paid,TX940728453
PAY0008794,O008794,2025-04-28,Mobile Money,47.78,Paid,TX532209124
PAY0008795,O008795,2026-06-11,Carte bancaire,77.26,Paid,TX456446987
PAY0008796,O008796,2025-05-24,Mobile Money,169.3,Paid,TX357773535
PAY0008797,O008797,2025-01-22,Mobile Money,630.39,Paid,TX925220356
PAY0008798,O008798,2025-01-18,Virement,19.68,Paid,TX907959286
PAY0008799,O008799,2025-05-08,Carte bancaire,0.0,Failed,TX380076198
PAY0008800,O008800,2025-12-11,Carte bancaire,1020.95,Paid,TX111938063
PAY0008801,O008801,2025-09-12,Carte bancaire,147.98,Paid,TX265758963
PAY0008802,O008802,2026-02-09,Carte bancaire,0.0,Failed,TX110678967
PAY0008803,O008803,2025-05-08,Cash,140.53,Refunded,TX206721060
PAY0008804,O008804,2025-05-11,Virement,20.79,Paid,TX632461207
PAY0008805,O008805,2025-08-10,Carte bancaire,82.13,Paid,TX305159056
PAY0008806,O008806,2026-03-14,Mobile Money,0.0,Pending,TX795208966
PAY0008807,O008807,2025-10-07,Carte bancaire,135.95,Paid,TX470564732
PAY0008808,O008808,2026-02-24,Mobile Money,583.62,Paid,TX184250512
PAY0008809,O008809,2025-02-22,Carte bancaire,193.91,Paid,TX495412587
PAY0008810,O008810,2025-08-15,Carte bancaire,74.73,Paid,TX876695102
PAY0008811,O008811,2025-08-30,Mobile Money,0.0,Failed,TX460858035
PAY0008812,O008812,2025-02-11,Virement,145.18,Refunded,TX759532649
PAY0008813,O008813,2025-06-25,Mobile Money,94.23,Paid,TX364414114
PAY0008814,O008814,2025-06-06,Virement,776.25,Paid,TX923639998
PAY0008815,O008815,2025-09-09,Mobile Money,0.0,Failed,TX189392533
PAY0008816,O008816,2025-04-04,Virement,155.05,Paid,TX389344333
PAY0008817,O008817,2025-05-31,Carte bancaire,0.0,Pending,TX418979916
PAY0008818,O008818,2026-06-14,Mobile Money,38.4,Paid,TX107321204
PAY0008819,O008819,2025-03-20,Mobile Money,112.0,Paid,TX183597360
PAY0008820,O008820,2026-03-25,Virement,63.29,Paid,TX196603997
PAY0008821,O008821,2025-10-26,Mobile Money,55.5,Paid,TX861552753
PAY0008822,O008822,2025-02-14,Mobile Money,0.0,Pending,TX664785655
PAY0008823,O008823,2025-08-12,Virement,818.73,Refunded,TX816186707
PAY0008824,O008824,2025-10-13,Carte bancaire,218.98,Paid,TX596664382
PAY0008825,O008825,2025-06-04,Virement,139.13,Paid,TX186797723
PAY0008826,O008826,2025-05-27,Cash,0.0,Failed,TX521972902
PAY0008827,O008827,2026-01-27,Mobile Money,873.46,Paid,TX707401949
PAY0008828,O008828,2025-01-22,Virement,155.33,Paid,TX109221666
PAY0008829,O008829,2026-05-26,Mobile Money,671.54,Paid,TX134922451
PAY0008830,O008830,2025-06-26,Cash,0.0,Pending,TX776705758
PAY0008831,O008831,2025-07-30,Carte bancaire,0.0,Pending,TX509487991
PAY0008832,O008832,2025-03-13,Cash,0.0,Pending,TX380653773
PAY0008833,O008833,2026-04-29,Carte bancaire,93.5,Paid,TX279431869
PAY0008834,O008834,2025-05-07,Carte bancaire,421.35,Paid,TX804569698
PAY0008835,O008835,2026-03-21,Cash,145.94,Paid,TX299484149
PAY0008836,O008836,2025-06-30,Mobile Money,36.66,Paid,TX686273209
PAY0008837,O008837,2025-01-22,Mobile Money,758.79,Paid,TX812362633
PAY0008838,O008838,2025-08-14,Virement,318.08,Paid,TX732148650
PAY0008839,O008839,2025-10-18,Cash,0.0,Pending,TX914026412
PAY0008840,O008840,2025-09-18,Carte bancaire,0.0,Pending,TX807216624
PAY0008841,O008841,2026-06-29,Mobile Money,688.83,Paid,TX965408379
PAY0008842,O008842,2025-10-16,Mobile Money,3505.38,Paid,TX780612805
PAY0008843,O008843,2026-03-03,Carte bancaire,247.87,Paid,TX822507325
PAY0008844,O008844,2025-07-22,Virement,1194.9,Paid,TX771261870
PAY0008845,O008845,2025-03-22,Mobile Money,76.5,Paid,TX409786780
PAY0008846,O008846,2025-10-04,Mobile Money,58.28,Paid,TX617357346
PAY0008847,O008847,2025-11-07,Mobile Money,0.0,Failed,TX585361253
PAY0008848,O008848,2025-08-19,Mobile Money,902.05,Paid,TX141518558
PAY0008849,O008849,2026-02-26,Carte bancaire,500.38,Paid,TX478751694
PAY0008850,O008850,2026-06-15,Mobile Money,46.5,Paid,TX116819163
PAY0008851,O008851,2025-02-14,Carte bancaire,89.52,Paid,TX809477606
PAY0008852,O008852,2025-02-07,Mobile Money,125.65,Paid,TX248591180
PAY0008853,O008853,2025-06-03,Virement,1109.11,Paid,TX302877689
PAY0008854,O008854,2025-11-20,Carte bancaire,49.8,Paid,TX432426852
PAY0008855,O008855,2025-01-27,Carte bancaire,374.93,Paid,TX272867024
PAY0008856,O008856,2025-04-17,Virement,2120.0,Paid,TX190270923
PAY0008857,O008857,2025-08-16,Mobile Money,252.96,Paid,TX597891151
PAY0008858,O008858,2025-07-26,Cash,114.43,Paid,TX536151289
PAY0008859,O008859,2026-04-11,Mobile Money,69.89,Paid,TX949046757
PAY0008860,O008860,2025-10-27,Mobile Money,104.64,Paid,TX804055189
PAY0008861,O008861,2026-04-24,Mobile Money,37.8,Paid,TX874714215
PAY0008862,O008862,2026-02-21,Cash,0.0,Failed,TX920242973
PAY0008863,O008863,2025-08-19,Carte bancaire,99.62,Paid,TX301342245
PAY0008864,O008864,2026-06-23,Mobile Money,732.53,Paid,TX294327429
PAY0008865,O008865,2026-04-12,Mobile Money,106.0,Paid,TX567357753
PAY0008866,O008866,2025-10-02,Cash,157.79,Paid,TX173391042
PAY0008867,O008867,2026-04-15,Mobile Money,0.0,Failed,TX164327292
PAY0008868,O008868,2025-05-23,Mobile Money,418.7,Paid,TX330991449
PAY0008869,O008869,2025-04-27,Mobile Money,17.0,Paid,TX220926693
PAY0008870,O008870,2026-03-11,Mobile Money,528.93,Paid,TX576749011
PAY0008871,O008871,2026-03-09,Virement,170.56,Paid,TX969526473
PAY0008872,O008872,2025-05-02,Carte bancaire,587.82,Paid,TX873508487
PAY0008873,O008873,2026-02-22,Mobile Money,306.52,Paid,TX172258900
PAY0008874,O008874,2025-10-07,Virement,53.79,Paid,TX171044554
PAY0008875,O008875,2025-11-06,Virement,177.33,Paid,TX410587663
PAY0008876,O008876,2026-04-10,Cash,894.19,Paid,TX280783179
PAY0008877,O008877,2025-03-29,Mobile Money,556.89,Paid,TX831911943
PAY0008878,O008878,2025-08-12,Mobile Money,76.01,Paid,TX924086222
PAY0008879,O008879,2025-06-11,Virement,0.0,Failed,TX728758751
PAY0008880,O008880,2025-11-04,Mobile Money,701.81,Paid,TX816419272
PAY0008881,O008881,2025-03-28,Mobile Money,215.44,Paid,TX159530017
PAY0008882,O008882,2025-03-10,Cash,595.34,Paid,TX387666477
PAY0008883,O008883,2026-01-17,Mobile Money,2298.98,Paid,TX416580664
PAY0008884,O008884,2025-02-02,Carte bancaire,94.92,Paid,TX472396856
PAY0008885,O008885,2025-08-21,Cash,0.0,Failed,TX100100267
PAY0008886,O008886,2026-06-26,Carte bancaire,2914.42,Paid,TX846068565
PAY0008887,O008887,2026-07-03,Virement,0.0,Pending,TX342469746
PAY0008888,O008888,2025-04-13,Virement,624.54,Paid,TX864179499
PAY0008889,O008889,2026-05-26,Virement,192.65,Paid,TX876020725
PAY0008890,O008890,2025-07-07,Carte bancaire,584.73,Paid,TX674618727
PAY0008891,O008891,2025-04-22,Mobile Money,988.5,Paid,TX722061405
PAY0008892,O008892,2025-10-05,Mobile Money,1040.67,Paid,TX750609691
PAY0008893,O008893,2025-09-25,Virement,180.94,Paid,TX467592057
PAY0008894,O008894,2025-07-28,Mobile Money,626.86,Paid,TX595966496
PAY0008895,O008895,2025-08-27,Mobile Money,0.0,Pending,TX612722948
PAY0008896,O008896,2025-02-25,Carte bancaire,1048.22,Paid,TX947995439
PAY0008897,O008897,2025-05-27,Mobile Money,21.45,Paid,TX432094404
PAY0008898,O008898,2025-04-20,Virement,0.0,Failed,TX544618638
PAY0008899,O008899,2026-05-29,Cash,191.33,Paid,TX482824487
PAY0008900,O008900,2025-09-29,Mobile Money,0.0,Failed,TX732948160
PAY0008901,O008901,2025-10-28,Mobile Money,224.95,Paid,TX850307554
PAY0008902,O008902,2025-09-02,Virement,121.1,Paid,TX116136379
PAY0008903,O008903,2026-05-03,Mobile Money,116.21,Paid,TX301300068
PAY0008904,O008904,2026-03-15,Mobile Money,55.86,Paid,TX340659782
PAY0008905,O008905,2026-01-15,Mobile Money,143.57,Paid,TX106110677
PAY0008906,O008906,2025-06-24,Mobile Money,0.0,Failed,TX999830838
PAY0008907,O008907,2025-06-23,Carte bancaire,170.39,Paid,TX888537486
PAY0008908,O008908,2026-06-01,Mobile Money,519.35,Paid,TX312563436
PAY0008909,O008909,2026-05-26,Carte bancaire,40.24,Paid,TX699951008
PAY0008910,O008910,2025-06-07,Carte bancaire,169.6,Paid,TX394444293
PAY0008911,O008911,2025-07-05,Mobile Money,57.22,Paid,TX803280091
PAY0008912,O008912,2025-07-01,Mobile Money,284.9,Paid,TX375143973
PAY0008913,O008913,2026-03-10,Mobile Money,146.84,Paid,TX390666410
PAY0008914,O008914,2026-06-05,Virement,174.88,Paid,TX637475797
PAY0008915,O008915,2026-05-04,Mobile Money,520.36,Paid,TX216397199
PAY0008916,O008916,2026-04-06,Virement,74.45,Paid,TX503148131
PAY0008917,O008917,2025-07-10,Virement,224.24,Paid,TX388303551
PAY0008918,O008918,2025-06-25,Carte bancaire,1844.46,Paid,TX899557036
PAY0008919,O008919,2026-05-07,Cash,231.24,Paid,TX725858002
PAY0008920,O008920,2025-08-08,Mobile Money,79.65,Paid,TX745221881
PAY0008921,O008921,2025-04-29,Mobile Money,1613.32,Paid,TX172864489
PAY0008922,O008922,2026-04-10,Mobile Money,79.8,Refunded,TX342535432
PAY0008923,O008923,2025-09-23,Carte bancaire,949.46,Paid,TX751749976
PAY0008924,O008924,2025-02-17,Mobile Money,812.08,Paid,TX198835734
PAY0008925,O008925,2026-05-09,Cash,58.9,Paid,TX606485723
PAY0008926,O008926,2025-06-11,Virement,0.0,Pending,TX879425864
PAY0008927,O008927,2025-06-22,Carte bancaire,221.5,Paid,TX591295223
PAY0008928,O008928,2025-10-20,Carte bancaire,1498.0,Paid,TX853615308
PAY0008929,O008929,2025-05-30,Mobile Money,106.25,Paid,TX171582665
PAY0008930,O008930,2026-04-01,Mobile Money,164.33,Paid,TX983493256
PAY0008931,O008931,2026-01-16,Mobile Money,280.58,Paid,TX816310403
PAY0008932,O008932,2025-11-06,Carte bancaire,255.55,Paid,TX248544225
PAY0008933,O008933,2025-04-23,Mobile Money,0.0,Pending,TX335101533
PAY0008934,O008934,2025-09-29,Virement,2029.9,Paid,TX507839853
PAY0008935,O008935,2025-06-01,Cash,90.1,Paid,TX986251774
PAY0008936,O008936,2026-06-13,Mobile Money,99.05,Paid,TX283562225
PAY0008937,O008937,2026-03-11,Carte bancaire,235.33,Paid,TX864310875
PAY0008938,O008938,2025-03-09,Mobile Money,236.33,Paid,TX614191079
PAY0008939,O008939,2025-10-19,Carte bancaire,1276.92,Paid,TX129149806
PAY0008940,O008940,2026-03-05,Virement,0.0,Failed,TX348021235
PAY0008941,O008941,2025-10-15,Carte bancaire,40.47,Paid,TX134050655
PAY0008942,O008942,2025-03-11,Carte bancaire,137.66,Paid,TX763159316
PAY0008943,O008943,2025-03-19,Mobile Money,1043.48,Paid,TX657516421
PAY0008944,O008944,2026-02-07,Mobile Money,80.72,Paid,TX580417897
PAY0008945,O008945,2025-10-17,Virement,84.1,Paid,TX396740151
PAY0008946,O008946,2025-10-29,Cash,878.33,Paid,TX723881091
PAY0008947,O008947,2025-05-30,Carte bancaire,95.69,Paid,TX525943541
PAY0008948,O008948,2025-05-27,Mobile Money,47.73,Paid,TX208100517
PAY0008949,O008949,2025-08-16,Carte bancaire,459.98,Paid,TX717857206
PAY0008950,O008950,2025-10-29,Carte bancaire,96.4,Paid,TX301404205
PAY0008951,O008951,2025-09-18,Carte bancaire,12.0,Paid,TX707471041
PAY0008952,O008952,2026-04-27,Mobile Money,318.59,Paid,TX965426676
PAY0008953,O008953,2025-04-16,Virement,530.36,Paid,TX146112721
PAY0008954,O008954,2025-09-17,Cash,151.98,Paid,TX510316272
PAY0008955,O008955,2025-05-13,Cash,159.15,Paid,TX121534139
PAY0008956,O008956,2025-01-06,Cash,57.79,Paid,TX314939761
PAY0008957,O008957,2025-08-19,Mobile Money,52.93,Paid,TX220491907
PAY0008958,O008958,2025-02-02,Mobile Money,0.0,Pending,TX497422020
PAY0008959,O008959,2025-07-27,Virement,0.0,Pending,TX293910780
PAY0008960,O008960,2025-12-14,Carte bancaire,30.75,Refunded,TX900824498
PAY0008961,O008961,2025-07-29,Cash,818.85,Refunded,TX728035572
PAY0008962,O008962,2026-01-10,Mobile Money,95.01,Paid,TX883629740
PAY0008963,O008963,2025-06-13,Mobile Money,364.16,Paid,TX657603539
PAY0008964,O008964,2025-08-10,Carte bancaire,1121.89,Paid,TX400963067
PAY0008965,O008965,2026-04-26,Mobile Money,57.38,Paid,TX540595599
PAY0008966,O008966,2025-05-14,Mobile Money,286.9,Paid,TX919957466
PAY0008967,O008967,2025-10-04,Carte bancaire,1185.2,Paid,TX183948541
PAY0008968,O008968,2026-01-28,Virement,381.57,Paid,TX121860988
PAY0008969,O008969,2025-07-20,Mobile Money,119.98,Paid,TX563139706
PAY0008970,O008970,2025-06-19,Mobile Money,0.0,Pending,TX202597458
PAY0008971,O008971,2026-01-20,Virement,41.52,Paid,TX490050025
PAY0008972,O008972,2025-02-14,Carte bancaire,93.5,Paid,TX153688231
PAY0008973,O008973,2025-05-30,Carte bancaire,741.3,Paid,TX353263844
PAY0008974,O008974,2025-08-13,Carte bancaire,1052.39,Paid,TX225646205
PAY0008975,O008975,2025-05-03,Mobile Money,0.0,Pending,TX974761914
PAY0008976,O008976,2025-10-24,Mobile Money,53.73,Paid,TX144012798
PAY0008977,O008977,2025-12-07,Virement,135.96,Paid,TX759408361
PAY0008978,O008978,2026-06-14,Mobile Money,36.77,Paid,TX378978640
PAY0008979,O008979,2025-11-29,Cash,111.68,Paid,TX321321986
PAY0008980,O008980,2025-11-22,Cash,108.4,Paid,TX617544872
PAY0008981,O008981,2026-02-02,Mobile Money,300.51,Refunded,TX825868535
PAY0008982,O008982,2025-04-27,Mobile Money,143.46,Paid,TX290389152
PAY0008983,O008983,2025-09-19,Virement,0.0,Pending,TX463649893
PAY0008984,O008984,2026-04-04,Virement,40.82,Paid,TX841633291
PAY0008985,O008985,2025-04-11,Mobile Money,239.95,Paid,TX181247149
PAY0008986,O008986,2025-06-09,Carte bancaire,25.76,Paid,TX270145187
PAY0008987,O008987,2025-05-05,Mobile Money,0.0,Pending,TX409958176
PAY0008988,O008988,2026-06-12,Mobile Money,89.4,Paid,TX214431473
PAY0008989,O008989,2025-07-18,Mobile Money,0.0,Pending,TX664731101
PAY0008990,O008990,2025-06-29,Mobile Money,0.0,Pending,TX897833680
PAY0008991,O008991,2026-03-27,Mobile Money,39.84,Paid,TX739476351
PAY0008992,O008992,2026-05-18,Carte bancaire,143.39,Paid,TX816937821
PAY0008993,O008993,2025-01-04,Mobile Money,117.54,Paid,TX770784392
PAY0008994,O008994,2026-04-28,Mobile Money,35.09,Paid,TX650392372
PAY0008995,O008995,2026-01-26,Carte bancaire,1224.8,Paid,TX843064495
PAY0008996,O008996,2026-04-23,Virement,0.0,Pending,TX239242531
PAY0008997,O008997,2025-02-21,Carte bancaire,78.39,Pending,TX753314903
PAY0008998,O008998,2025-01-22,Carte bancaire,183.23,Paid,TX885147286
PAY0008999,O008999,2025-07-08,Mobile Money,54.23,Paid,TX264173455
PAY0009000,O009000,2026-04-11,Virement,45.26,Paid,TX550776557
PAY0009001,O009001,2025-10-01,Mobile Money,612.72,Paid,TX140664664
PAY0009002,O009002,2026-02-01,Mobile Money,41.66,Paid,TX505153443
PAY0009003,O009003,2025-05-19,Mobile Money,1196.63,Paid,TX926382724
PAY0009004,O009004,2025-07-07,Mobile Money,50.05,Paid,TX777774207
PAY0009005,O009005,2026-05-01,Carte bancaire,93.02,Paid,TX287886630
PAY0009006,O009006,2025-09-26,Cash,0.0,Pending,TX418738961
PAY0009007,O009007,2026-03-07,Carte bancaire,203.76,Paid,TX877953502
PAY0009008,O009008,2025-12-21,Mobile Money,520.0,Paid,TX333020544
PAY0009009,O009009,2025-04-07,Virement,1851.62,Paid,TX949568466
PAY0009010,O009010,2026-06-05,Mobile Money,29.06,Paid,TX365613572
PAY0009011,O009011,2026-06-04,Carte bancaire,1044.6,Paid,TX738484862
PAY0009012,O009012,2026-03-04,Mobile Money,184.3,Paid,TX355947957
PAY0009013,O009013,2025-09-15,Carte bancaire,67.91,Paid,TX503030826
PAY0009014,O009014,2025-08-27,Mobile Money,0.0,Pending,TX803622653
PAY0009015,O009015,2025-06-13,Cash,43.7,Paid,TX660180191
PAY0009016,O009016,2025-12-21,Mobile Money,0.0,Pending,TX932230963
PAY0009017,O009017,2025-06-19,Carte bancaire,984.95,Paid,TX258316487
PAY0009018,O009018,2025-04-13,Mobile Money,533.83,Paid,TX374386274
PAY0009019,O009019,2025-02-07,Carte bancaire,50.92,Paid,TX645875581
PAY0009020,O009020,2025-08-21,Virement,91.1,Refunded,TX804768585
PAY0009021,O009021,2026-03-26,Carte bancaire,113.61,Paid,TX925457451
PAY0009022,O009022,2026-03-11,Mobile Money,996.86,Paid,TX807793650
PAY0009023,O009023,2026-04-11,Carte bancaire,159.78,Paid,TX108063246
PAY0009024,O009024,2025-11-30,Virement,333.81,Paid,TX470155257
PAY0009025,O009025,2026-04-25,Mobile Money,660.54,Paid,TX929029366
PAY0009026,O009026,2026-03-10,Mobile Money,49.14,Paid,TX502825917
PAY0009027,O009027,2026-03-20,Carte bancaire,189.19,Paid,TX719902216
PAY0009028,O009028,2025-10-09,Mobile Money,414.24,Paid,TX636905384
PAY0009029,O009029,2025-02-20,Mobile Money,222.0,Paid,TX739214027
PAY0009030,O009030,2025-07-31,Carte bancaire,787.48,Refunded,TX173188664
PAY0009031,O009031,2026-04-13,Carte bancaire,38.25,Paid,TX817852885
PAY0009032,O009032,2026-02-14,Mobile Money,335.57,Paid,TX799147649
PAY0009033,O009033,2025-01-11,Mobile Money,138.3,Paid,TX586317025
PAY0009034,O009034,2025-02-25,Mobile Money,170.87,Paid,TX140624625
PAY0009035,O009035,2025-12-29,Mobile Money,1170.7,Paid,TX203946660
PAY0009036,O009036,2026-06-23,Cash,375.4,Paid,TX613676601
PAY0009037,O009037,2026-02-05,Mobile Money,767.02,Paid,TX557395504
PAY0009038,O009038,2026-06-05,Mobile Money,0.0,Pending,TX507176109
PAY0009039,O009039,2025-02-09,Virement,437.08,Pending,TX569030375
PAY0009040,O009040,2026-04-30,Carte bancaire,62.7,Paid,TX438141401
PAY0009041,O009041,2025-03-15,Virement,100.7,Paid,TX272341655
PAY0009042,O009042,2026-05-03,Carte bancaire,209.42,Paid,TX639961227
PAY0009043,O009043,2026-06-20,Virement,69.71,Refunded,TX554540816
PAY0009044,O009044,2025-10-09,Mobile Money,111.01,Paid,TX420642859
PAY0009045,O009045,2025-10-19,Carte bancaire,21.3,Paid,TX353979094
PAY0009046,O009046,2025-10-01,Mobile Money,23.1,Paid,TX598023353
PAY0009047,O009047,2025-11-02,Mobile Money,27.42,Paid,TX514979951
PAY0009048,O009048,2026-03-30,Mobile Money,3213.46,Paid,TX183814990
PAY0009049,O009049,2025-06-08,Carte bancaire,136.23,Paid,TX660950327
PAY0009050,O009050,2025-06-07,Carte bancaire,149.5,Paid,TX670825830
PAY0009051,O009051,2026-06-18,Mobile Money,1691.31,Paid,TX907617847
PAY0009052,O009052,2026-04-12,Mobile Money,0.0,Pending,TX703509343
PAY0009053,O009053,2025-10-25,Carte bancaire,29.09,Paid,TX593028313
PAY0009054,O009054,2025-04-24,Carte bancaire,356.94,Paid,TX133165856
PAY0009055,O009055,2026-06-08,Carte bancaire,352.02,Paid,TX368019092
PAY0009056,O009056,2026-04-29,Carte bancaire,46.9,Paid,TX715105554
PAY0009057,O009057,2025-07-01,Carte bancaire,245.83,Paid,TX452722724
PAY0009058,O009058,2025-10-28,Mobile Money,1113.25,Paid,TX114051427
PAY0009059,O009059,2025-08-19,Carte bancaire,303.33,Paid,TX443777634
PAY0009060,O009060,2026-04-11,Mobile Money,81.25,Paid,TX969015701
PAY0009061,O009061,2026-01-16,Carte bancaire,770.23,Paid,TX222230695
PAY0009062,O009062,2025-10-02,Mobile Money,108.97,Paid,TX487546990
PAY0009063,O009063,2026-06-15,Carte bancaire,41.53,Paid,TX245738293
PAY0009064,O009064,2025-12-04,Carte bancaire,23.28,Paid,TX411133320
PAY0009065,O009065,2025-09-23,Mobile Money,1048.16,Paid,TX400188805
PAY0009066,O009066,2026-05-27,Cash,0.0,Failed,TX375611332
PAY0009067,O009067,2025-09-06,Mobile Money,501.73,Paid,TX671960070
PAY0009068,O009068,2025-08-20,Mobile Money,0.0,Failed,TX271259187
PAY0009069,O009069,2025-08-04,Carte bancaire,898.1,Paid,TX624903270
PAY0009070,O009070,2025-05-03,Virement,198.22,Paid,TX915285315
PAY0009071,O009071,2025-06-05,Mobile Money,42.91,Paid,TX399312997
PAY0009072,O009072,2025-02-19,Mobile Money,401.46,Paid,TX355352761
PAY0009073,O009073,2026-02-08,Carte bancaire,104.79,Paid,TX786092315
PAY0009074,O009074,2025-11-20,Mobile Money,82.29,Paid,TX424572155
PAY0009075,O009075,2026-05-30,Carte bancaire,30.2,Paid,TX418869804
PAY0009076,O009076,2025-12-05,Virement,0.0,Pending,TX589379971
PAY0009077,O009077,2025-02-16,Mobile Money,893.57,Paid,TX162840919
PAY0009078,O009078,2025-12-09,Mobile Money,474.82,Paid,TX521374321
PAY0009079,O009079,2025-04-11,Carte bancaire,59.04,Paid,TX234731510
PAY0009080,O009080,2025-01-24,Carte bancaire,0.0,Pending,TX965780381
PAY0009081,O009081,2025-12-30,Carte bancaire,123.21,Paid,TX126162702
PAY0009082,O009082,2025-01-16,Virement,71.94,Paid,TX966566946
PAY0009083,O009083,2025-08-17,Virement,371.52,Paid,TX798838365
PAY0009084,O009084,2026-05-06,Mobile Money,284.83,Paid,TX462023020
PAY0009085,O009085,2025-05-25,Virement,88.06,Paid,TX973821317
PAY0009086,O009086,2026-01-21,Carte bancaire,454.6,Paid,TX122786889
PAY0009087,O009087,2025-07-26,Virement,0.0,Failed,TX451786968
PAY0009088,O009088,2025-03-04,Carte bancaire,1188.24,Paid,TX109507740
PAY0009089,O009089,2025-04-21,Virement,411.9,Paid,TX580857673
PAY0009090,O009090,2025-02-11,Virement,160.48,Paid,TX401725422
PAY0009091,O009091,2025-03-28,Mobile Money,0.0,Pending,TX543914278
PAY0009092,O009092,2025-04-01,Carte bancaire,496.07,Paid,TX331980309
PAY0009093,O009093,2026-05-03,Carte bancaire,283.22,Paid,TX919825569
PAY0009094,O009094,2026-03-23,Carte bancaire,0.0,Pending,TX698720208
PAY0009095,O009095,2025-07-17,Mobile Money,48.63,Paid,TX570413996
PAY0009096,O009096,2026-02-03,Mobile Money,0.0,Pending,TX666337242
PAY0009097,O009097,2025-04-23,Mobile Money,394.06,Paid,TX116579426
PAY0009098,O009098,2025-12-17,Carte bancaire,403.62,Paid,TX182325036
PAY0009099,O009099,2025-04-22,Carte bancaire,323.18,Paid,TX566716681
PAY0009100,O009100,2025-12-19,Carte bancaire,165.28,Paid,TX252522734
PAY0009101,O009101,2025-07-17,Mobile Money,0.0,Pending,TX232997315
PAY0009102,O009102,2026-04-16,Virement,2386.6,Paid,TX622775571
PAY0009103,O009103,2026-04-04,Carte bancaire,1273.91,Paid,TX721475250
PAY0009104,O009104,2025-07-05,Virement,21.21,Paid,TX371642802
PAY0009105,O009105,2025-01-26,Virement,0.0,Pending,TX682055106
PAY0009106,O009106,2025-06-29,Virement,72.15,Paid,TX330163196
PAY0009107,O009107,2025-06-06,Carte bancaire,1225.48,Paid,TX815665608
PAY0009108,O009108,2025-08-22,Mobile Money,115.34,Paid,TX859528754
PAY0009109,O009109,2025-11-14,Carte bancaire,0.0,Failed,TX534211265
PAY0009110,O009110,2026-06-30,Mobile Money,2623.94,Paid,TX384822930
PAY0009111,O009111,2025-02-05,Cash,0.0,Failed,TX887595240
PAY0009112,O009112,2025-11-03,Carte bancaire,0.0,Failed,TX744492483
PAY0009113,O009113,2025-04-08,Carte bancaire,0.0,Pending,TX162573583
PAY0009114,O009114,2025-10-29,Carte bancaire,89.78,Paid,TX484730067
PAY0009115,O009115,2025-12-19,Carte bancaire,71.44,Paid,TX355081281
PAY0009116,O009116,2026-03-23,Carte bancaire,1253.41,Paid,TX274741552
PAY0009117,O009117,2025-11-06,Mobile Money,932.75,Refunded,TX745696853
PAY0009118,O009118,2025-04-12,Mobile Money,1454.49,Paid,TX674692790
PAY0009119,O009119,2026-05-20,Cash,1811.8,Paid,TX459749986
PAY0009120,O009120,2025-08-11,Virement,161.73,Paid,TX595156156
PAY0009121,O009121,2025-09-24,Mobile Money,252.54,Paid,TX302209140
PAY0009122,O009122,2025-12-22,Mobile Money,3544.83,Paid,TX519723729
PAY0009123,O009123,2025-05-29,Carte bancaire,81.33,Refunded,TX315785708
PAY0009124,O009124,2026-06-28,Cash,280.21,Paid,TX909193271
PAY0009125,O009125,2025-01-25,Cash,219.4,Paid,TX525378855
PAY0009126,O009126,2025-03-30,Mobile Money,20.39,Paid,TX251006322
PAY0009127,O009127,2026-06-29,Mobile Money,109.63,Paid,TX328727602
PAY0009128,O009128,2025-09-05,Mobile Money,282.21,Paid,TX524970602
PAY0009129,O009129,2026-05-09,Mobile Money,239.5,Paid,TX235361135
PAY0009130,O009130,2026-05-15,Mobile Money,2375.45,Paid,TX155508600
PAY0009131,O009131,2026-07-01,Carte bancaire,485.15,Paid,TX178391816
PAY0009132,O009132,2026-02-04,Virement,386.01,Paid,TX846422511
PAY0009133,O009133,2026-01-11,Mobile Money,582.48,Refunded,TX226795318
PAY0009134,O009134,2025-12-07,Mobile Money,0.0,Pending,TX330446643
PAY0009135,O009135,2026-01-12,Carte bancaire,0.0,Pending,TX184367893
PAY0009136,O009136,2025-05-23,Carte bancaire,1122.66,Paid,TX969899792
PAY0009137,O009137,2026-03-23,Mobile Money,173.45,Paid,TX952147841
PAY0009138,O009138,2025-04-15,Mobile Money,69.21,Paid,TX647677525
PAY0009139,O009139,2025-09-21,Carte bancaire,0.0,Failed,TX639539220
PAY0009140,O009140,2025-07-28,Mobile Money,94.24,Paid,TX355537388
PAY0009141,O009141,2026-02-22,Carte bancaire,212.88,Paid,TX303149525
PAY0009142,O009142,2025-05-23,Cash,43.42,Paid,TX884364207
PAY0009143,O009143,2025-04-25,Mobile Money,157.87,Paid,TX996458038
PAY0009144,O009144,2026-03-20,Carte bancaire,30.4,Paid,TX384078547
PAY0009145,O009145,2025-09-25,Virement,78.65,Paid,TX612233025
PAY0009146,O009146,2026-01-31,Carte bancaire,114.28,Paid,TX781927203
PAY0009147,O009147,2026-04-28,Mobile Money,81.05,Paid,TX295192886
PAY0009148,O009148,2026-04-06,Mobile Money,0.0,Pending,TX620692359
PAY0009149,O009149,2025-08-12,Virement,262.21,Refunded,TX663300821
PAY0009150,O009150,2025-04-05,Mobile Money,0.0,Failed,TX646120451
PAY0009151,O009151,2026-06-12,Virement,675.75,Paid,TX173269856
PAY0009152,O009152,2025-06-19,Virement,316.0,Paid,TX758547705
PAY0009153,O009153,2026-03-01,Virement,0.0,Pending,TX843323501
PAY0009154,O009154,2026-03-01,Virement,14.53,Paid,TX326763894
PAY0009155,O009155,2025-09-03,Cash,207.09,Paid,TX880766825
PAY0009156,O009156,2025-03-31,Cash,49.85,Paid,TX880571297
PAY0009157,O009157,2025-09-18,Carte bancaire,44.14,Paid,TX851817078
PAY0009158,O009158,2025-03-21,Mobile Money,258.95,Paid,TX512177848
PAY0009159,O009159,2025-07-14,Mobile Money,206.97,Paid,TX925201111
PAY0009160,O009160,2025-08-01,Mobile Money,78.94,Paid,TX797167025
PAY0009161,O009161,2025-10-13,Mobile Money,61.23,Paid,TX569028975
PAY0009162,O009162,2025-04-16,Virement,0.0,Failed,TX891155023
PAY0009163,O009163,2026-04-12,Virement,2083.37,Paid,TX693027412
PAY0009164,O009164,2025-02-15,Mobile Money,186.1,Refunded,TX322847564
PAY0009165,O009165,2026-06-29,Virement,82.84,Refunded,TX963245056
PAY0009166,O009166,2025-06-24,Carte bancaire,249.75,Paid,TX250828723
PAY0009167,O009167,2025-09-26,Carte bancaire,0.0,Pending,TX151147198
PAY0009168,O009168,2026-04-27,Virement,296.64,Paid,TX993122994
PAY0009169,O009169,2025-12-28,Virement,0.0,Failed,TX813315821
PAY0009170,O009170,2025-01-31,Virement,227.04,Paid,TX862489606
PAY0009171,O009171,2025-12-01,Carte bancaire,76.24,Paid,TX204530622
PAY0009172,O009172,2025-11-11,Mobile Money,26.11,Paid,TX202447364
PAY0009173,O009173,2026-05-31,Mobile Money,202.18,Paid,TX917855154
PAY0009174,O009174,2025-11-07,Carte bancaire,54.21,Refunded,TX828686217
PAY0009175,O009175,2026-07-01,Cash,36.57,Paid,TX925295702
PAY0009176,O009176,2025-10-20,Carte bancaire,0.0,Pending,TX517945738
PAY0009177,O009177,2025-04-16,Virement,0.0,Pending,TX322037001
PAY0009178,O009178,2025-10-07,Mobile Money,0.0,Pending,TX464641222
PAY0009179,O009179,2026-05-19,Mobile Money,198.98,Paid,TX558681843
PAY0009180,O009180,2025-01-10,Carte bancaire,19.25,Paid,TX115714572
PAY0009181,O009181,2025-08-07,Virement,68.66,Paid,TX140861516
PAY0009182,O009182,2025-01-30,Carte bancaire,1233.95,Paid,TX763220155
PAY0009183,O009183,2026-04-09,Mobile Money,251.53,Paid,TX301656440
PAY0009184,O009184,2025-10-10,Virement,1107.39,Paid,TX229667595
PAY0009185,O009185,2026-01-28,Mobile Money,0.0,Pending,TX650309292
PAY0009186,O009186,2026-06-16,Carte bancaire,191.12,Paid,TX341377852
PAY0009187,O009187,2026-04-03,Carte bancaire,948.81,Refunded,TX857268053
PAY0009188,O009188,2025-08-12,Cash,0.0,Failed,TX691165001
PAY0009189,O009189,2026-05-31,Mobile Money,0.0,Pending,TX245999913
PAY0009190,O009190,2025-09-19,Carte bancaire,89.18,Paid,TX207015019
PAY0009191,O009191,2026-06-23,Mobile Money,64.6,Paid,TX695909112
PAY0009192,O009192,2026-06-26,Mobile Money,788.95,Paid,TX625403117
PAY0009193,O009193,2025-05-06,Mobile Money,184.88,Paid,TX471681686
PAY0009194,O009194,2026-03-03,Mobile Money,481.65,Paid,TX314040862
PAY0009195,O009195,2026-01-20,Virement,53.49,Refunded,TX696540309
PAY0009196,O009196,2026-03-02,Carte bancaire,189.82,Refunded,TX405199992
PAY0009197,O009197,2025-04-05,Virement,361.04,Paid,TX995701354
PAY0009198,O009198,2025-10-06,Virement,397.56,Paid,TX217678857
PAY0009199,O009199,2025-03-28,Mobile Money,409.3,Paid,TX444317661
PAY0009200,O009200,2026-05-09,Mobile Money,21.67,Paid,TX994595363
PAY0009201,O009201,2026-04-24,Mobile Money,0.0,Failed,TX314581045
PAY0009202,O009202,2025-11-15,Mobile Money,499.08,Paid,TX183014692
PAY0009203,O009203,2025-03-13,Mobile Money,0.0,Pending,TX406166428
PAY0009204,O009204,2025-12-26,Mobile Money,323.6,Refunded,TX609532513
PAY0009205,O009205,2025-08-29,Mobile Money,0.0,Pending,TX976852945
PAY0009206,O009206,2026-03-11,Mobile Money,94.18,Paid,TX184473035
PAY0009207,O009207,2025-02-26,Mobile Money,286.81,Pending,TX905027416
PAY0009208,O009208,2025-08-15,Mobile Money,129.6,Paid,TX253488197
PAY0009209,O009209,2025-07-22,Carte bancaire,105.58,Paid,TX757911210
PAY0009210,O009210,2026-06-10,Mobile Money,807.49,Refunded,TX161253100
PAY0009211,O009211,2025-06-17,Mobile Money,47.13,Refunded,TX672582641
PAY0009212,O009212,2026-06-29,Virement,238.32,Paid,TX397813797
PAY0009213,O009213,2026-05-21,Virement,56.5,Paid,TX153236253
PAY0009214,O009214,2025-11-20,Mobile Money,97.75,Paid,TX805811685
PAY0009215,O009215,2025-04-07,Carte bancaire,38.12,Paid,TX542600362
PAY0009216,O009216,2025-05-03,Mobile Money,0.0,Pending,TX623950792
PAY0009217,O009217,2025-01-10,Carte bancaire,83.88,Paid,TX675426689
PAY0009218,O009218,2026-03-03,Mobile Money,356.83,Paid,TX593718759
PAY0009219,O009219,2026-02-03,Carte bancaire,221.25,Paid,TX316002311
PAY0009220,O009220,2025-06-30,Carte bancaire,0.0,Pending,TX574052143
PAY0009221,O009221,2026-02-06,Mobile Money,36.86,Paid,TX110544281
PAY0009222,O009222,2025-11-17,Virement,0.0,Failed,TX930709718
PAY0009223,O009223,2026-03-25,Mobile Money,24.08,Paid,TX683576981
PAY0009224,O009224,2025-02-21,Mobile Money,229.63,Paid,TX445658553
PAY0009225,O009225,2025-04-21,Virement,316.67,Paid,TX489238211
PAY0009226,O009226,2026-03-21,Mobile Money,0.0,Pending,TX754036611
PAY0009227,O009227,2025-07-26,Mobile Money,73.67,Paid,TX282863311
PAY0009228,O009228,2026-06-14,Mobile Money,292.48,Paid,TX427511932
PAY0009229,O009229,2026-05-02,Virement,79.17,Paid,TX200406829
PAY0009230,O009230,2025-02-21,Cash,0.0,Failed,TX526713146
PAY0009231,O009231,2025-08-13,Carte bancaire,173.75,Paid,TX322078418
PAY0009232,O009232,2026-02-08,Virement,15.21,Paid,TX991648828
PAY0009233,O009233,2025-03-19,Carte bancaire,1217.05,Refunded,TX596425679
PAY0009234,O009234,2026-04-20,Mobile Money,82.56,Paid,TX341371151
PAY0009235,O009235,2025-02-25,Carte bancaire,46.69,Paid,TX839786918
PAY0009236,O009236,2025-03-05,Carte bancaire,0.0,Failed,TX764857935
PAY0009237,O009237,2025-10-27,Mobile Money,40.22,Paid,TX669500966
PAY0009238,O009238,2025-05-19,Mobile Money,51.84,Paid,TX486303379
PAY0009239,O009239,2025-12-18,Mobile Money,58.81,Paid,TX176096940
PAY0009240,O009240,2025-08-05,Mobile Money,0.0,Failed,TX600228317
PAY0009241,O009241,2025-05-31,Carte bancaire,252.93,Paid,TX748611264
PAY0009242,O009242,2026-04-04,Carte bancaire,675.16,Refunded,TX759995792
PAY0009243,O009243,2025-03-31,Mobile Money,0.0,Failed,TX353802030
PAY0009244,O009244,2025-10-01,Mobile Money,0.0,Pending,TX598171321
PAY0009245,O009245,2025-04-06,Carte bancaire,34.94,Paid,TX222358326
PAY0009246,O009246,2025-03-18,Mobile Money,0.0,Failed,TX917943549
PAY0009247,O009247,2025-04-26,Mobile Money,134.15,Paid,TX621273814
PAY0009248,O009248,2025-05-22,Carte bancaire,254.78,Paid,TX619651800
PAY0009249,O009249,2025-08-14,Carte bancaire,198.54,Paid,TX344905491
PAY0009250,O009250,2025-09-16,Carte bancaire,0.0,Pending,TX941896156
PAY0009251,O009251,2025-03-21,Mobile Money,184.6,Paid,TX175964670
PAY0009252,O009252,2025-01-26,Cash,57.77,Paid,TX995397647
PAY0009253,O009253,2025-02-25,Virement,72.86,Paid,TX891530832
PAY0009254,O009254,2025-12-13,Virement,549.26,Paid,TX983261327
PAY0009255,O009255,2026-06-20,Mobile Money,1105.11,Paid,TX471055934
PAY0009256,O009256,2025-01-17,Mobile Money,304.4,Paid,TX545787835
PAY0009257,O009257,2025-01-24,Carte bancaire,1789.4,Paid,TX849467648
PAY0009258,O009258,2026-03-07,Mobile Money,88.16,Paid,TX171053249
PAY0009259,O009259,2026-02-04,Mobile Money,516.52,Paid,TX106075197
PAY0009260,O009260,2026-02-09,Carte bancaire,0.0,Failed,TX733961541
PAY0009261,O009261,2025-04-09,Cash,0.0,Pending,TX481335945
PAY0009262,O009262,2026-04-24,Carte bancaire,71.99,Paid,TX174806194
PAY0009263,O009263,2025-12-08,Mobile Money,0.0,Pending,TX517510290
PAY0009264,O009264,2025-04-01,Mobile Money,974.9,Paid,TX280316995
PAY0009265,O009265,2025-03-09,Mobile Money,4069.83,Paid,TX233662665
PAY0009266,O009266,2025-11-30,Mobile Money,184.6,Refunded,TX148281691
PAY0009267,O009267,2026-03-07,Mobile Money,104.14,Paid,TX758280644
PAY0009268,O009268,2026-03-07,Mobile Money,119.22,Paid,TX963847482
PAY0009269,O009269,2025-11-19,Mobile Money,0.0,Pending,TX543560179
PAY0009270,O009270,2025-10-13,Mobile Money,0.0,Failed,TX327112856
PAY0009271,O009271,2026-01-19,Cash,0.0,Pending,TX222183933
PAY0009272,O009272,2025-03-15,Carte bancaire,208.76,Paid,TX278592844
PAY0009273,O009273,2025-07-21,Virement,0.0,Pending,TX973044263
PAY0009274,O009274,2025-02-27,Carte bancaire,176.06,Paid,TX525734200
PAY0009275,O009275,2026-04-09,Carte bancaire,601.0,Paid,TX701634540
PAY0009276,O009276,2025-11-29,Carte bancaire,0.0,Failed,TX312823140
PAY0009277,O009277,2026-03-02,Carte bancaire,0.0,Pending,TX171500268
PAY0009278,O009278,2025-10-04,Mobile Money,38.01,Paid,TX835895187
PAY0009279,O009279,2026-05-26,Carte bancaire,0.0,Failed,TX289169604
PAY0009280,O009280,2026-05-29,Mobile Money,26.13,Paid,TX828510546
PAY0009281,O009281,2025-12-05,Virement,119.48,Paid,TX835295682
PAY0009282,O009282,2026-04-06,Mobile Money,43.49,Paid,TX674997845
PAY0009283,O009283,2025-12-30,Mobile Money,41.99,Paid,TX811805329
PAY0009284,O009284,2026-02-03,Carte bancaire,27.11,Paid,TX304725363
PAY0009285,O009285,2025-05-18,Mobile Money,84.82,Paid,TX228856076
PAY0009286,O009286,2026-06-27,Cash,385.84,Paid,TX912452796
PAY0009287,O009287,2025-04-15,Carte bancaire,38.21,Paid,TX371448190
PAY0009288,O009288,2026-01-16,Carte bancaire,0.0,Failed,TX489435690
PAY0009289,O009289,2025-12-01,Mobile Money,655.55,Paid,TX278235925
PAY0009290,O009290,2025-02-23,Carte bancaire,163.9,Paid,TX722947337
PAY0009291,O009291,2026-03-05,Mobile Money,43.37,Paid,TX180759524
PAY0009292,O009292,2025-02-12,Mobile Money,0.0,Pending,TX422197585
PAY0009293,O009293,2025-10-08,Carte bancaire,1222.88,Paid,TX225226074
PAY0009294,O009294,2026-03-27,Mobile Money,387.53,Paid,TX332189549
PAY0009295,O009295,2025-03-13,Carte bancaire,135.35,Paid,TX852163131
PAY0009296,O009296,2025-07-18,Carte bancaire,183.97,Paid,TX371789721
PAY0009297,O009297,2025-10-08,Cash,45.74,Paid,TX647150416
PAY0009298,O009298,2026-05-22,Carte bancaire,170.41,Paid,TX516641019
PAY0009299,O009299,2025-08-02,Mobile Money,160.22,Paid,TX743371697
PAY0009300,O009300,2025-03-06,Virement,46.69,Refunded,TX119695640
PAY0009301,O009301,2025-03-14,Carte bancaire,0.0,Pending,TX227137327
PAY0009302,O009302,2025-04-22,Mobile Money,0.0,Failed,TX609307954
PAY0009303,O009303,2026-04-21,Mobile Money,91.47,Paid,TX729184739
PAY0009304,O009304,2026-03-01,Mobile Money,412.22,Paid,TX225385013
PAY0009305,O009305,2025-08-21,Mobile Money,15.09,Paid,TX601734027
PAY0009306,O009306,2026-04-14,Virement,70.08,Paid,TX714772977
PAY0009307,O009307,2026-05-22,Virement,72.83,Paid,TX506455058
PAY0009308,O009308,2026-04-25,Mobile Money,61.36,Paid,TX776746889
PAY0009309,O009309,2025-01-06,Mobile Money,851.38,Paid,TX127404678
PAY0009310,O009310,2025-02-27,Mobile Money,87.28,Paid,TX560527756
PAY0009311,O009311,2026-02-02,Carte bancaire,608.9,Paid,TX647370709
PAY0009312,O009312,2025-08-01,Mobile Money,148.16,Paid,TX344225155
PAY0009313,O009313,2025-03-29,Mobile Money,0.0,Failed,TX734883401
PAY0009314,O009314,2025-12-21,Carte bancaire,427.87,Paid,TX469275364
PAY0009315,O009315,2025-07-18,Carte bancaire,0.0,Failed,TX643716829
PAY0009316,O009316,2026-05-22,Mobile Money,195.9,Paid,TX890868524
PAY0009317,O009317,2025-11-16,Carte bancaire,33.63,Paid,TX355147594
PAY0009318,O009318,2025-05-11,Mobile Money,315.79,Paid,TX662781013
PAY0009319,O009319,2026-06-01,Carte bancaire,255.73,Paid,TX283679363
PAY0009320,O009320,2025-11-28,Carte bancaire,849.5,Paid,TX201270557
PAY0009321,O009321,2025-06-16,Mobile Money,547.13,Paid,TX661452676
PAY0009322,O009322,2025-03-22,Virement,86.43,Paid,TX135129609
PAY0009323,O009323,2025-11-05,Virement,0.0,Pending,TX754435402
PAY0009324,O009324,2026-02-14,Virement,66.17,Paid,TX885308871
PAY0009325,O009325,2026-04-04,Mobile Money,323.65,Paid,TX649533686
PAY0009326,O009326,2025-03-12,Cash,93.74,Paid,TX819814954
PAY0009327,O009327,2025-08-25,Carte bancaire,184.79,Paid,TX193414403
PAY0009328,O009328,2026-07-02,Mobile Money,1730.57,Paid,TX969315926
PAY0009329,O009329,2026-01-01,Carte bancaire,0.0,Pending,TX455043809
PAY0009330,O009330,2025-02-20,Virement,558.2,Paid,TX541719754
PAY0009331,O009331,2026-05-19,Virement,508.07,Paid,TX124076317
PAY0009332,O009332,2026-01-13,Mobile Money,0.0,Pending,TX923607089
PAY0009333,O009333,2025-09-11,Mobile Money,105.04,Paid,TX324221043
PAY0009334,O009334,2026-03-03,Mobile Money,2035.74,Paid,TX637984239
PAY0009335,O009335,2025-12-24,Cash,0.0,Failed,TX280375192
PAY0009336,O009336,2025-05-23,Cash,224.35,Paid,TX936653277
PAY0009337,O009337,2026-03-16,Mobile Money,1523.17,Paid,TX841524334
PAY0009338,O009338,2025-05-22,Mobile Money,259.42,Paid,TX472016204
PAY0009339,O009339,2025-05-09,Carte bancaire,740.66,Refunded,TX442132888
PAY0009340,O009340,2025-11-27,Mobile Money,496.34,Paid,TX223389074
PAY0009341,O009341,2025-01-14,Mobile Money,14.15,Paid,TX161720063
PAY0009342,O009342,2025-12-14,Carte bancaire,37.89,Refunded,TX464156404
PAY0009343,O009343,2025-11-01,Mobile Money,615.77,Paid,TX578632827
PAY0009344,O009344,2026-02-01,Virement,53.23,Paid,TX699963613
PAY0009345,O009345,2025-04-01,Cash,51.85,Paid,TX734748591
PAY0009346,O009346,2025-11-18,Mobile Money,348.91,Paid,TX327768755
PAY0009347,O009347,2025-09-01,Carte bancaire,337.44,Paid,TX813970295
PAY0009348,O009348,2025-04-07,Carte bancaire,106.47,Paid,TX631146899
PAY0009349,O009349,2025-09-08,Carte bancaire,502.27,Paid,TX921225654
PAY0009350,O009350,2026-05-23,Cash,319.22,Paid,TX660630885
PAY0009351,O009351,2026-03-28,Mobile Money,141.19,Paid,TX742694372
PAY0009352,O009352,2025-04-03,Cash,0.0,Pending,TX799072181
PAY0009353,O009353,2026-04-14,Carte bancaire,0.0,Failed,TX429233013
PAY0009354,O009354,2025-11-09,Mobile Money,0.0,Failed,TX339459206
PAY0009355,O009355,2025-01-26,Carte bancaire,167.04,Paid,TX936343914
PAY0009356,O009356,2026-05-22,Carte bancaire,91.62,Paid,TX588675356
PAY0009357,O009357,2025-10-20,Mobile Money,29.16,Refunded,TX560023269
PAY0009358,O009358,2026-05-17,Virement,0.0,Pending,TX703302808
PAY0009359,O009359,2025-02-24,Mobile Money,0.0,Failed,TX283820293
PAY0009360,O009360,2025-04-06,Mobile Money,238.43,Paid,TX308924154
PAY0009361,O009361,2026-05-13,Carte bancaire,236.49,Paid,TX890466915
PAY0009362,O009362,2025-05-15,Virement,463.68,Paid,TX429378454
PAY0009363,O009363,2025-10-31,Carte bancaire,1258.27,Paid,TX366818196
PAY0009364,O009364,2025-11-26,Carte bancaire,936.87,Paid,TX803883676
PAY0009365,O009365,2026-06-05,Carte bancaire,37.5,Paid,TX900794474
PAY0009366,O009366,2025-07-04,Carte bancaire,807.37,Paid,TX617056338
PAY0009367,O009367,2026-02-21,Mobile Money,85.81,Paid,TX571081215
PAY0009368,O009368,2026-02-09,Mobile Money,48.52,Paid,TX825803411
PAY0009369,O009369,2026-01-24,Mobile Money,258.02,Paid,TX987033024
PAY0009370,O009370,2025-10-17,Virement,87.9,Paid,TX991917087
PAY0009371,O009371,2025-02-08,Mobile Money,0.0,Pending,TX167318266
PAY0009372,O009372,2025-05-30,Virement,27.15,Paid,TX966373276
PAY0009373,O009373,2025-11-05,Carte bancaire,0.0,Failed,TX175176061
PAY0009374,O009374,2025-08-17,Mobile Money,1229.42,Paid,TX385979279
PAY0009375,O009375,2025-04-14,Mobile Money,615.55,Paid,TX696064969
PAY0009376,O009376,2026-01-18,Mobile Money,145.9,Paid,TX295813657
PAY0009377,O009377,2025-09-10,Carte bancaire,181.5,Paid,TX849638745
PAY0009378,O009378,2026-03-11,Mobile Money,672.22,Paid,TX469277944
PAY0009379,O009379,2025-10-31,Mobile Money,65.89,Paid,TX457423229
PAY0009380,O009380,2025-07-25,Virement,0.0,Pending,TX320613723
PAY0009381,O009381,2025-03-01,Carte bancaire,36.55,Paid,TX444511813
PAY0009382,O009382,2025-02-27,Mobile Money,0.0,Failed,TX654209502
PAY0009383,O009383,2025-10-09,Mobile Money,117.21,Paid,TX519884621
PAY0009384,O009384,2025-07-17,Mobile Money,135.53,Paid,TX362990610
PAY0009385,O009385,2026-01-31,Mobile Money,104.57,Paid,TX928782528
PAY0009386,O009386,2025-12-12,Mobile Money,731.31,Paid,TX779885014
PAY0009387,O009387,2025-06-05,Virement,152.06,Paid,TX467644461
PAY0009388,O009388,2026-02-22,Carte bancaire,147.55,Paid,TX394263218
PAY0009389,O009389,2025-11-10,Virement,0.0,Failed,TX104051319
PAY0009390,O009390,2026-05-01,Carte bancaire,0.0,Failed,TX335946559
PAY0009391,O009391,2026-06-08,Mobile Money,62.13,Paid,TX555076408
PAY0009392,O009392,2026-06-13,Carte bancaire,68.98,Paid,TX674129752
PAY0009393,O009393,2025-03-13,Mobile Money,437.81,Paid,TX312775861
PAY0009394,O009394,2025-10-20,Mobile Money,190.7,Paid,TX787675411
PAY0009395,O009395,2025-01-20,Mobile Money,74.97,Paid,TX684683882
PAY0009396,O009396,2026-05-02,Virement,0.0,Failed,TX576294571
PAY0009397,O009397,2026-01-25,Carte bancaire,828.59,Refunded,TX713965279
PAY0009398,O009398,2025-05-25,Virement,76.53,Paid,TX323532411
PAY0009399,O009399,2025-11-29,Carte bancaire,0.0,Failed,TX654059858
PAY0009400,O009400,2025-11-05,Mobile Money,842.98,Refunded,TX471375644
PAY0009401,O009401,2025-10-28,Carte bancaire,73.51,Paid,TX320469159
PAY0009402,O009402,2025-10-25,Mobile Money,2951.26,Paid,TX747280661
PAY0009403,O009403,2026-06-24,Mobile Money,293.63,Paid,TX459743773
PAY0009404,O009404,2026-03-02,Mobile Money,28.2,Paid,TX708009386
PAY0009405,O009405,2025-08-09,Mobile Money,0.0,Pending,TX502094982
PAY0009406,O009406,2026-02-28,Carte bancaire,4726.65,Refunded,TX918613425
PAY0009407,O009407,2025-03-21,Carte bancaire,103.25,Paid,TX804223030
PAY0009408,O009408,2025-06-08,Carte bancaire,254.44,Paid,TX687459645
PAY0009409,O009409,2025-03-06,Cash,0.0,Pending,TX511994916
PAY0009410,O009410,2026-05-04,Mobile Money,0.0,Pending,TX722775613
PAY0009411,O009411,2025-01-15,Carte bancaire,114.95,Paid,TX101225924
PAY0009412,O009412,2026-05-04,Mobile Money,64.59,Paid,TX980148794
PAY0009413,O009413,2026-04-03,Mobile Money,171.4,Paid,TX640735436
PAY0009414,O009414,2026-06-07,Virement,145.61,Paid,TX159833340
PAY0009415,O009415,2026-02-27,Carte bancaire,235.13,Paid,TX606162358
PAY0009416,O009416,2025-09-12,Carte bancaire,37.41,Paid,TX970776635
PAY0009417,O009417,2026-03-24,Mobile Money,287.86,Paid,TX968794413
PAY0009418,O009418,2026-06-27,Virement,65.2,Paid,TX620429076
PAY0009419,O009419,2026-05-07,Carte bancaire,147.44,Paid,TX678768011
PAY0009420,O009420,2026-03-10,Mobile Money,145.15,Paid,TX191296495
PAY0009421,O009421,2026-02-26,Mobile Money,0.0,Failed,TX686336517
PAY0009422,O009422,2025-12-26,Carte bancaire,58.88,Paid,TX450950217
PAY0009423,O009423,2026-05-07,Mobile Money,82.17,Paid,TX738440792
PAY0009424,O009424,2025-08-26,Mobile Money,1187.0,Paid,TX464645713
PAY0009425,O009425,2025-10-02,Mobile Money,0.0,Pending,TX258410630
PAY0009426,O009426,2026-04-09,Mobile Money,56.07,Paid,TX695106403
PAY0009427,O009427,2025-05-26,Mobile Money,236.1,Paid,TX325709289
PAY0009428,O009428,2026-02-25,Carte bancaire,65.9,Refunded,TX409289976
PAY0009429,O009429,2025-03-06,Carte bancaire,83.83,Paid,TX446219946
PAY0009430,O009430,2025-11-20,Mobile Money,62.36,Paid,TX746972986
PAY0009431,O009431,2025-01-23,Cash,44.08,Paid,TX766686332
PAY0009432,O009432,2026-07-02,Mobile Money,170.35,Paid,TX701918711
PAY0009433,O009433,2026-04-08,Carte bancaire,78.52,Paid,TX674306579
PAY0009434,O009434,2025-05-19,Carte bancaire,0.0,Pending,TX953370389
PAY0009435,O009435,2025-03-27,Carte bancaire,0.0,Failed,TX206579616
PAY0009436,O009436,2025-12-19,Mobile Money,2620.93,Paid,TX407659016
PAY0009437,O009437,2026-05-11,Carte bancaire,0.0,Pending,TX581002052
PAY0009438,O009438,2025-06-26,Carte bancaire,0.0,Pending,TX972883844
PAY0009439,O009439,2026-06-14,Mobile Money,0.0,Failed,TX133501462
PAY0009440,O009440,2025-09-12,Mobile Money,607.44,Paid,TX896127330
PAY0009441,O009441,2025-09-01,Mobile Money,191.55,Paid,TX811852691
PAY0009442,O009442,2025-07-05,Mobile Money,110.6,Paid,TX780622508
PAY0009443,O009443,2025-06-02,Mobile Money,244.14,Refunded,TX293225898
PAY0009444,O009444,2025-07-04,Mobile Money,81.4,Paid,TX936123978
PAY0009445,O009445,2025-04-07,Carte bancaire,763.68,Paid,TX922409917
PAY0009446,O009446,2025-07-26,Carte bancaire,388.71,Paid,TX970688839
PAY0009447,O009447,2025-06-12,Virement,848.66,Paid,TX445065338
PAY0009448,O009448,2025-02-02,Carte bancaire,525.47,Paid,TX554318407
PAY0009449,O009449,2025-07-19,Mobile Money,0.0,Failed,TX558403124
PAY0009450,O009450,2025-01-24,Mobile Money,1454.7,Paid,TX407696866
PAY0009451,O009451,2025-04-14,Carte bancaire,637.22,Paid,TX622547304
PAY0009452,O009452,2026-02-02,Mobile Money,286.97,Paid,TX278705188
PAY0009453,O009453,2025-01-18,Carte bancaire,194.31,Paid,TX283120002
PAY0009454,O009454,2025-06-20,Carte bancaire,0.0,Failed,TX906072684
PAY0009455,O009455,2026-01-11,Carte bancaire,774.08,Paid,TX532262109
PAY0009456,O009456,2025-01-12,Mobile Money,549.71,Paid,TX582250449
PAY0009457,O009457,2026-02-11,Mobile Money,95.37,Refunded,TX516885817
PAY0009458,O009458,2025-02-15,Carte bancaire,291.33,Paid,TX398900864
PAY0009459,O009459,2025-02-01,Mobile Money,160.82,Paid,TX969643053
PAY0009460,O009460,2025-04-18,Mobile Money,447.83,Paid,TX760199393
PAY0009461,O009461,2026-04-19,Mobile Money,1464.96,Refunded,TX579760635
PAY0009462,O009462,2025-01-28,Carte bancaire,1583.84,Paid,TX398817067
PAY0009463,O009463,2025-02-24,Cash,18.26,Refunded,TX454623025
PAY0009464,O009464,2026-06-04,Carte bancaire,369.61,Refunded,TX311482011
PAY0009465,O009465,2025-12-01,Mobile Money,238.43,Pending,TX515035712
PAY0009466,O009466,2025-11-08,Carte bancaire,89.36,Paid,TX467740837
PAY0009467,O009467,2025-01-25,Mobile Money,1225.33,Paid,TX779328041
PAY0009468,O009468,2025-08-05,Mobile Money,37.18,Refunded,TX809705179
PAY0009469,O009469,2025-11-16,Cash,201.16,Paid,TX355423843
PAY0009470,O009470,2025-10-21,Cash,620.33,Paid,TX653053147
PAY0009471,O009471,2025-10-16,Carte bancaire,1513.09,Paid,TX699377739
PAY0009472,O009472,2025-03-06,Mobile Money,635.23,Paid,TX666278546
PAY0009473,O009473,2026-06-27,Mobile Money,219.8,Paid,TX888825881
PAY0009474,O009474,2026-01-20,Mobile Money,15.75,Refunded,TX696113909
PAY0009475,O009475,2025-05-14,Carte bancaire,86.18,Paid,TX878719672
PAY0009476,O009476,2026-06-20,Mobile Money,28.23,Paid,TX571426181
PAY0009477,O009477,2025-06-17,Mobile Money,741.32,Paid,TX680609916
PAY0009478,O009478,2025-03-16,Cash,158.95,Paid,TX431278611
PAY0009479,O009479,2026-05-07,Cash,374.47,Paid,TX309967754
PAY0009480,O009480,2025-03-27,Mobile Money,135.56,Paid,TX897286746
PAY0009481,O009481,2025-02-04,Carte bancaire,580.49,Paid,TX320234948
PAY0009482,O009482,2025-12-11,Virement,2926.59,Refunded,TX931799735
PAY0009483,O009483,2025-05-28,Cash,690.48,Refunded,TX320682934
PAY0009484,O009484,2025-03-25,Carte bancaire,27.7,Paid,TX554131503
PAY0009485,O009485,2025-02-26,Mobile Money,50.8,Paid,TX447591840
PAY0009486,O009486,2025-03-13,Carte bancaire,167.84,Paid,TX342983548
PAY0009487,O009487,2026-06-13,Carte bancaire,68.74,Paid,TX594178639
PAY0009488,O009488,2026-01-07,Mobile Money,144.31,Paid,TX570922978
PAY0009489,O009489,2026-04-09,Virement,0.0,Pending,TX727580068
PAY0009490,O009490,2025-12-08,Carte bancaire,70.88,Paid,TX885464661
PAY0009491,O009491,2025-10-26,Cash,0.0,Pending,TX730302501
PAY0009492,O009492,2025-05-02,Mobile Money,87.55,Paid,TX329688549
PAY0009493,O009493,2026-06-15,Virement,149.99,Refunded,TX245168051
PAY0009494,O009494,2026-03-29,Carte bancaire,231.89,Paid,TX525439581
PAY0009495,O009495,2025-10-21,Mobile Money,112.76,Paid,TX513913574
PAY0009496,O009496,2025-03-02,Virement,140.7,Paid,TX396255170
PAY0009497,O009497,2026-02-25,Virement,168.0,Paid,TX814877725
PAY0009498,O009498,2025-07-02,Carte bancaire,29.38,Paid,TX816820111
PAY0009499,O009499,2025-04-28,Cash,222.99,Paid,TX228180639
PAY0009500,O009500,2026-02-11,Virement,2015.68,Refunded,TX848895856
PAY0009501,O009501,2026-04-05,Carte bancaire,0.0,Pending,TX299111190
PAY0009502,O009502,2025-12-07,Mobile Money,0.0,Pending,TX729986183
PAY0009503,O009503,2025-02-10,Carte bancaire,73.45,Paid,TX124287697
PAY0009504,O009504,2025-11-26,Mobile Money,165.21,Refunded,TX529443215
PAY0009505,O009505,2026-05-21,Carte bancaire,30.96,Paid,TX417701864
PAY0009506,O009506,2026-01-15,Mobile Money,403.51,Paid,TX125415434
PAY0009507,O009507,2025-05-27,Virement,2084.19,Paid,TX653705785
PAY0009508,O009508,2025-12-23,Virement,833.43,Paid,TX201618367
PAY0009509,O009509,2025-05-21,Virement,140.96,Paid,TX148399477
PAY0009510,O009510,2026-04-25,Virement,3024.7,Paid,TX217162411
PAY0009511,O009511,2026-04-11,Mobile Money,163.12,Paid,TX393848039
PAY0009512,O009512,2025-11-11,Carte bancaire,1958.06,Paid,TX689134212
PAY0009513,O009513,2025-03-17,Virement,22.93,Paid,TX832966370
PAY0009514,O009514,2025-08-12,Carte bancaire,0.0,Failed,TX747111453
PAY0009515,O009515,2025-03-11,Carte bancaire,155.06,Paid,TX356509088
PAY0009516,O009516,2026-02-25,Mobile Money,559.24,Refunded,TX216343432
PAY0009517,O009517,2026-01-12,Carte bancaire,338.52,Paid,TX626433720
PAY0009518,O009518,2025-05-25,Mobile Money,255.63,Paid,TX956260860
PAY0009519,O009519,2026-04-19,Mobile Money,193.49,Paid,TX431306122
PAY0009520,O009520,2026-02-22,Mobile Money,0.0,Failed,TX824975242
PAY0009521,O009521,2026-05-30,Carte bancaire,87.66,Paid,TX218979209
PAY0009522,O009522,2025-06-06,Mobile Money,141.21,Paid,TX276794613
PAY0009523,O009523,2025-04-06,Carte bancaire,148.69,Paid,TX977871691
PAY0009524,O009524,2025-09-22,Cash,0.0,Pending,TX205878934
PAY0009525,O009525,2025-05-26,Mobile Money,0.0,Pending,TX817364481
PAY0009526,O009526,2026-02-14,Carte bancaire,224.52,Paid,TX970725469
PAY0009527,O009527,2025-08-23,Cash,112.81,Paid,TX307797674
PAY0009528,O009528,2025-12-13,Cash,78.68,Paid,TX159896943
PAY0009529,O009529,2025-04-07,Carte bancaire,3005.95,Paid,TX436326558
PAY0009530,O009530,2025-02-18,Virement,107.62,Refunded,TX136089862
PAY0009531,O009531,2026-05-30,Mobile Money,647.84,Paid,TX175554189
PAY0009532,O009532,2025-09-04,Virement,214.56,Refunded,TX799358490
PAY0009533,O009533,2025-03-19,Cash,173.06,Paid,TX147587944
PAY0009534,O009534,2026-03-24,Mobile Money,76.54,Paid,TX234690585
PAY0009535,O009535,2025-03-15,Mobile Money,36.17,Paid,TX562069901
PAY0009536,O009536,2026-07-04,Mobile Money,98.4,Paid,TX563800540
PAY0009537,O009537,2025-08-03,Mobile Money,53.71,Paid,TX646255669
PAY0009538,O009538,2025-09-15,Mobile Money,139.32,Paid,TX499810248
PAY0009539,O009539,2025-05-25,Carte bancaire,2118.44,Paid,TX977341176
PAY0009540,O009540,2025-02-19,Carte bancaire,1780.04,Paid,TX904280946
PAY0009541,O009541,2025-08-14,Virement,19.0,Paid,TX530052638
PAY0009542,O009542,2025-07-24,Virement,214.12,Paid,TX982763740
PAY0009543,O009543,2025-09-07,Mobile Money,25.8,Paid,TX982199691
PAY0009544,O009544,2025-09-28,Virement,328.69,Paid,TX705652408
PAY0009545,O009545,2025-12-12,Carte bancaire,52.46,Paid,TX554435678
PAY0009546,O009546,2025-02-14,Carte bancaire,0.0,Failed,TX556456368
PAY0009547,O009547,2025-07-19,Carte bancaire,165.62,Paid,TX524648495
PAY0009548,O009548,2026-04-19,Virement,571.86,Paid,TX148470956
PAY0009549,O009549,2026-06-10,Mobile Money,524.97,Paid,TX493756160
PAY0009550,O009550,2025-10-24,Virement,24.25,Paid,TX349233165
PAY0009551,O009551,2025-07-24,Mobile Money,222.0,Paid,TX872924687
PAY0009552,O009552,2025-08-21,Carte bancaire,343.97,Paid,TX255077559
PAY0009553,O009553,2026-03-05,Cash,0.0,Pending,TX195545708
PAY0009554,O009554,2025-08-06,Carte bancaire,24.46,Paid,TX844973388
PAY0009555,O009555,2026-06-03,Virement,159.05,Paid,TX467108878
PAY0009556,O009556,2025-01-20,Virement,0.0,Failed,TX729904082
PAY0009557,O009557,2025-12-01,Carte bancaire,228.13,Paid,TX692030473
PAY0009558,O009558,2025-10-14,Mobile Money,498.23,Paid,TX268601487
PAY0009559,O009559,2025-09-08,Mobile Money,30.18,Paid,TX264451607
PAY0009560,O009560,2025-09-19,Cash,40.77,Paid,TX668057084
PAY0009561,O009561,2025-04-02,Carte bancaire,363.0,Paid,TX212575046
PAY0009562,O009562,2025-07-10,Carte bancaire,686.44,Paid,TX800648869
PAY0009563,O009563,2025-07-16,Mobile Money,0.0,Failed,TX502002027
PAY0009564,O009564,2025-12-29,Mobile Money,289.23,Paid,TX310952793
PAY0009565,O009565,2025-11-25,Carte bancaire,261.14,Paid,TX220004224
PAY0009566,O009566,2025-08-16,Mobile Money,44.98,Paid,TX171005289
PAY0009567,O009567,2025-10-12,Mobile Money,0.0,Failed,TX584411983
PAY0009568,O009568,2025-11-12,Virement,1312.55,Paid,TX257451347
PAY0009569,O009569,2025-01-29,Mobile Money,75.2,Paid,TX185168038
PAY0009570,O009570,2026-05-05,Carte bancaire,0.0,Failed,TX216402718
PAY0009571,O009571,2026-05-08,Mobile Money,1394.94,Paid,TX110350151
PAY0009572,O009572,2025-07-22,Carte bancaire,0.0,Failed,TX830062807
PAY0009573,O009573,2026-02-25,Carte bancaire,741.13,Paid,TX574456706
PAY0009574,O009574,2025-08-08,Mobile Money,342.2,Paid,TX443659614
PAY0009575,O009575,2025-02-11,Carte bancaire,0.0,Pending,TX352800072
PAY0009576,O009576,2026-04-23,Carte bancaire,47.63,Paid,TX841455430
PAY0009577,O009577,2025-05-30,Virement,25.14,Paid,TX147896123
PAY0009578,O009578,2025-07-18,Mobile Money,0.0,Failed,TX536661472
PAY0009579,O009579,2025-11-15,Virement,0.0,Pending,TX489556425
PAY0009580,O009580,2025-09-02,Carte bancaire,96.56,Paid,TX408313921
PAY0009581,O009581,2025-05-29,Mobile Money,0.0,Failed,TX581691592
PAY0009582,O009582,2026-03-19,Mobile Money,285.14,Paid,TX519090457
PAY0009583,O009583,2025-07-19,Cash,0.0,Failed,TX333309503
PAY0009584,O009584,2025-11-23,Mobile Money,70.59,Paid,TX623025211
PAY0009585,O009585,2026-01-03,Virement,36.09,Paid,TX460569557
PAY0009586,O009586,2026-05-31,Cash,57.46,Paid,TX537238219
PAY0009587,O009587,2025-09-22,Virement,498.04,Paid,TX991031357
PAY0009588,O009588,2025-09-16,Mobile Money,830.1,Paid,TX598131358
PAY0009589,O009589,2026-05-18,Mobile Money,160.68,Paid,TX390386065
PAY0009590,O009590,2025-09-24,Mobile Money,188.76,Paid,TX977700602
PAY0009591,O009591,2025-06-16,Mobile Money,516.49,Paid,TX817021455
PAY0009592,O009592,2025-01-27,Carte bancaire,266.11,Paid,TX931799749
PAY0009593,O009593,2025-06-29,Carte bancaire,318.37,Paid,TX766278744
PAY0009594,O009594,2025-04-20,Carte bancaire,220.39,Paid,TX184557681
PAY0009595,O009595,2025-06-18,Virement,315.39,Paid,TX589285641
PAY0009596,O009596,2025-10-25,Mobile Money,291.5,Paid,TX483434444
PAY0009597,O009597,2025-10-18,Mobile Money,81.2,Paid,TX616333449
PAY0009598,O009598,2025-04-13,Carte bancaire,0.0,Pending,TX630621356
PAY0009599,O009599,2025-09-15,Virement,521.02,Paid,TX685199096
PAY0009600,O009600,2025-09-08,Virement,62.11,Paid,TX924909312
PAY0009601,O009601,2025-01-28,Cash,464.8,Paid,TX422728334
PAY0009602,O009602,2025-06-06,Virement,82.12,Paid,TX432133326
PAY0009603,O009603,2026-02-05,Cash,0.0,Failed,TX714706197
PAY0009604,O009604,2025-01-13,Cash,141.19,Paid,TX157279201
PAY0009605,O009605,2025-06-16,Carte bancaire,0.0,Pending,TX868358882
PAY0009606,O009606,2025-09-22,Carte bancaire,19.56,Paid,TX390087332
PAY0009607,O009607,2025-04-05,Mobile Money,23.5,Paid,TX585101977
PAY0009608,O009608,2025-12-23,Virement,0.0,Failed,TX254142191
PAY0009609,O009609,2026-01-29,Carte bancaire,232.77,Paid,TX131480414
PAY0009610,O009610,2025-07-08,Virement,0.0,Pending,TX360588862
PAY0009611,O009611,2025-05-08,Mobile Money,150.52,Paid,TX506486049
PAY0009612,O009612,2026-03-02,Mobile Money,297.09,Paid,TX527998362
PAY0009613,O009613,2025-05-02,Mobile Money,130.36,Paid,TX676244356
PAY0009614,O009614,2025-03-24,Cash,101.19,Paid,TX998851234
PAY0009615,O009615,2025-01-19,Virement,130.87,Paid,TX200623940
PAY0009616,O009616,2025-02-21,Virement,94.78,Paid,TX241069452
PAY0009617,O009617,2026-04-25,Mobile Money,1189.33,Paid,TX257305793
PAY0009618,O009618,2026-06-01,Mobile Money,168.78,Paid,TX607172373
PAY0009619,O009619,2025-10-27,Cash,121.52,Paid,TX758672974
PAY0009620,O009620,2026-05-23,Mobile Money,22.86,Paid,TX753397732
PAY0009621,O009621,2026-01-26,Mobile Money,25.78,Refunded,TX243010994
PAY0009622,O009622,2025-08-11,Virement,98.06,Paid,TX467427629
PAY0009623,O009623,2026-01-30,Mobile Money,587.06,Paid,TX492019726
PAY0009624,O009624,2025-08-19,Mobile Money,193.97,Paid,TX145641592
PAY0009625,O009625,2026-06-13,Carte bancaire,0.0,Failed,TX312927859
PAY0009626,O009626,2026-04-13,Carte bancaire,0.0,Failed,TX815053766
PAY0009627,O009627,2026-04-09,Virement,252.15,Paid,TX867994985
PAY0009628,O009628,2025-10-20,Cash,278.52,Paid,TX985654936
PAY0009629,O009629,2025-10-16,Mobile Money,28.85,Paid,TX801135514
PAY0009630,O009630,2025-03-09,Mobile Money,590.94,Paid,TX312788416
PAY0009631,O009631,2025-12-25,Carte bancaire,92.73,Paid,TX768918610
PAY0009632,O009632,2025-03-05,Mobile Money,110.24,Paid,TX472329314
PAY0009633,O009633,2025-10-26,Virement,544.77,Paid,TX842066594
PAY0009634,O009634,2025-03-13,Mobile Money,171.51,Paid,TX832706072
PAY0009635,O009635,2025-09-21,Mobile Money,182.92,Paid,TX927095328
PAY0009636,O009636,2026-03-08,Mobile Money,19.89,Paid,TX983050347
PAY0009637,O009637,2025-06-20,Mobile Money,0.0,Failed,TX231377109
PAY0009638,O009638,2025-11-30,Mobile Money,2734.94,Paid,TX151647153
PAY0009639,O009639,2025-05-23,Carte bancaire,0.0,Failed,TX748787419
PAY0009640,O009640,2025-06-14,Virement,0.0,Failed,TX661738053
PAY0009641,O009641,2025-04-11,Virement,138.05,Paid,TX852126526
PAY0009642,O009642,2025-04-02,Mobile Money,192.42,Paid,TX912802701
PAY0009643,O009643,2025-07-27,Mobile Money,0.0,Pending,TX917552943
PAY0009644,O009644,2025-03-13,Carte bancaire,809.31,Paid,TX854911081
PAY0009645,O009645,2026-05-04,Mobile Money,654.06,Paid,TX785761274
PAY0009646,O009646,2026-02-13,Carte bancaire,109.8,Paid,TX743126993
PAY0009647,O009647,2025-05-02,Carte bancaire,0.0,Pending,TX667042993
PAY0009648,O009648,2026-05-02,Virement,157.89,Paid,TX684463425
PAY0009649,O009649,2025-07-21,Mobile Money,521.07,Paid,TX616639964
PAY0009650,O009650,2025-10-19,Mobile Money,87.43,Paid,TX303531009
PAY0009651,O009651,2026-01-22,Mobile Money,321.42,Paid,TX250854591
PAY0009652,O009652,2026-03-01,Carte bancaire,611.5,Paid,TX970097791
PAY0009653,O009653,2025-01-09,Mobile Money,109.31,Paid,TX884461614
PAY0009654,O009654,2025-06-09,Mobile Money,28.5,Paid,TX906135482
PAY0009655,O009655,2025-07-06,Mobile Money,188.53,Paid,TX407579835
PAY0009656,O009656,2025-11-17,Mobile Money,72.21,Paid,TX485265334
PAY0009657,O009657,2026-04-27,Cash,198.71,Refunded,TX912617990
PAY0009658,O009658,2025-08-29,Virement,0.0,Pending,TX232365041
PAY0009659,O009659,2025-09-15,Carte bancaire,175.64,Paid,TX854918069
PAY0009660,O009660,2025-02-18,Virement,114.66,Paid,TX357576299
PAY0009661,O009661,2025-10-18,Mobile Money,0.0,Pending,TX163684449
PAY0009662,O009662,2025-09-27,Virement,246.14,Paid,TX360250182
PAY0009663,O009663,2025-12-16,Carte bancaire,0.0,Pending,TX500550813
PAY0009664,O009664,2026-04-13,Mobile Money,2264.22,Paid,TX536201232
PAY0009665,O009665,2025-11-11,Carte bancaire,16.39,Paid,TX451307994
PAY0009666,O009666,2025-02-01,Carte bancaire,234.1,Paid,TX740502053
PAY0009667,O009667,2026-03-27,Carte bancaire,137.87,Paid,TX134811968
PAY0009668,O009668,2025-09-23,Cash,110.02,Paid,TX954427454
PAY0009669,O009669,2025-09-25,Mobile Money,80.0,Refunded,TX725145221
PAY0009670,O009670,2026-04-28,Cash,989.7,Paid,TX850492971
PAY0009671,O009671,2025-11-24,Virement,536.47,Paid,TX370252599
PAY0009672,O009672,2026-03-09,Mobile Money,162.35,Refunded,TX613489967
PAY0009673,O009673,2026-05-01,Virement,22.58,Refunded,TX828001869
PAY0009674,O009674,2025-10-02,Mobile Money,148.89,Paid,TX765958284
PAY0009675,O009675,2026-06-26,Carte bancaire,489.33,Paid,TX810657239
PAY0009676,O009676,2025-04-05,Mobile Money,259.66,Paid,TX629193016
PAY0009677,O009677,2026-04-25,Mobile Money,1468.9,Paid,TX257760864
PAY0009678,O009678,2026-04-13,Mobile Money,108.07,Paid,TX489991050
PAY0009679,O009679,2025-02-25,Mobile Money,182.28,Paid,TX853830843
PAY0009680,O009680,2025-03-28,Virement,687.91,Paid,TX754695055
PAY0009681,O009681,2025-01-24,Virement,265.38,Paid,TX722565626
PAY0009682,O009682,2025-06-04,Mobile Money,0.0,Failed,TX648669783
PAY0009683,O009683,2026-07-01,Mobile Money,144.0,Paid,TX274403312
PAY0009684,O009684,2025-03-12,Cash,240.01,Paid,TX659954070
PAY0009685,O009685,2025-01-21,Mobile Money,47.47,Paid,TX428721203
PAY0009686,O009686,2025-09-09,Cash,85.2,Paid,TX786472180
PAY0009687,O009687,2025-07-16,Carte bancaire,228.04,Paid,TX997854694
PAY0009688,O009688,2025-12-12,Carte bancaire,688.84,Paid,TX849276592
PAY0009689,O009689,2025-11-29,Mobile Money,287.1,Paid,TX491302088
PAY0009690,O009690,2026-04-03,Mobile Money,0.0,Pending,TX368728153
PAY0009691,O009691,2025-08-17,Virement,18.17,Paid,TX279591481
PAY0009692,O009692,2025-09-10,Mobile Money,49.51,Paid,TX537716631
PAY0009693,O009693,2025-01-15,Cash,225.77,Paid,TX553403607
PAY0009694,O009694,2026-06-20,Carte bancaire,164.69,Paid,TX843442318
PAY0009695,O009695,2025-04-28,Virement,864.52,Paid,TX279421863
PAY0009696,O009696,2025-11-27,Virement,78.8,Paid,TX370556914
PAY0009697,O009697,2026-05-02,Carte bancaire,262.73,Paid,TX880896279
PAY0009698,O009698,2025-12-02,Virement,0.0,Pending,TX424567318
PAY0009699,O009699,2025-12-09,Virement,81.14,Paid,TX939501009
PAY0009700,O009700,2025-04-10,Cash,40.13,Paid,TX392550725
PAY0009701,O009701,2026-01-27,Mobile Money,48.64,Paid,TX826202655
PAY0009702,O009702,2025-04-15,Virement,85.22,Paid,TX568790790
PAY0009703,O009703,2026-01-18,Carte bancaire,100.95,Paid,TX142031876
PAY0009704,O009704,2025-11-12,Carte bancaire,0.0,Pending,TX214076304
PAY0009705,O009705,2025-09-29,Cash,1249.83,Paid,TX225337087
PAY0009706,O009706,2026-01-31,Mobile Money,0.0,Pending,TX129768988
PAY0009707,O009707,2026-01-30,Virement,161.78,Paid,TX392400731
PAY0009708,O009708,2025-04-27,Mobile Money,0.0,Pending,TX415526539
PAY0009709,O009709,2025-07-28,Carte bancaire,339.77,Refunded,TX790973144
PAY0009710,O009710,2025-09-24,Mobile Money,101.99,Paid,TX393868763
PAY0009711,O009711,2025-03-27,Mobile Money,43.2,Paid,TX535619078
PAY0009712,O009712,2025-07-18,Carte bancaire,88.44,Paid,TX401460724
PAY0009713,O009713,2025-01-24,Mobile Money,66.6,Paid,TX115900242
PAY0009714,O009714,2025-09-02,Mobile Money,90.02,Refunded,TX941175648
PAY0009715,O009715,2025-04-25,Mobile Money,210.17,Refunded,TX445525814
PAY0009716,O009716,2025-05-02,Mobile Money,173.73,Paid,TX984843620
PAY0009717,O009717,2026-03-25,Carte bancaire,393.02,Paid,TX435029330
PAY0009718,O009718,2025-03-21,Mobile Money,52.19,Paid,TX140876089
PAY0009719,O009719,2025-03-10,Mobile Money,37.47,Paid,TX552495835
PAY0009720,O009720,2025-06-27,Mobile Money,0.0,Failed,TX545986347
PAY0009721,O009721,2025-01-14,Mobile Money,0.0,Pending,TX750018009
PAY0009722,O009722,2026-04-25,Mobile Money,0.0,Pending,TX955699417
PAY0009723,O009723,2026-06-25,Mobile Money,0.0,Pending,TX608694352
PAY0009724,O009724,2026-03-19,Mobile Money,0.0,Pending,TX735351683
PAY0009725,O009725,2026-03-18,Carte bancaire,119.04,Paid,TX432030575
PAY0009726,O009726,2025-02-28,Virement,596.71,Paid,TX760795318
PAY0009727,O009727,2025-11-03,Mobile Money,145.13,Paid,TX667519065
PAY0009728,O009728,2025-02-20,Mobile Money,251.12,Paid,TX430485851
PAY0009729,O009729,2025-06-15,Virement,694.83,Paid,TX551924519
PAY0009730,O009730,2025-10-01,Cash,343.07,Paid,TX516534318
PAY0009731,O009731,2026-01-12,Carte bancaire,169.77,Paid,TX690110941
PAY0009732,O009732,2025-06-04,Mobile Money,94.2,Paid,TX700560863
PAY0009733,O009733,2025-05-25,Cash,42.34,Paid,TX573326932
PAY0009734,O009734,2026-04-01,Mobile Money,0.0,Failed,TX952279991
PAY0009735,O009735,2025-05-05,Mobile Money,1156.21,Paid,TX828830508
PAY0009736,O009736,2025-09-25,Carte bancaire,184.95,Paid,TX682582434
PAY0009737,O009737,2025-06-10,Mobile Money,671.99,Paid,TX128898945
PAY0009738,O009738,2026-04-16,Cash,77.37,Paid,TX715956749
PAY0009739,O009739,2025-10-22,Carte bancaire,3435.8,Paid,TX848025119
PAY0009740,O009740,2025-03-03,Virement,40.84,Paid,TX851803513
PAY0009741,O009741,2025-03-23,Mobile Money,0.0,Failed,TX563409686
PAY0009742,O009742,2026-06-18,Mobile Money,298.18,Paid,TX816185770
PAY0009743,O009743,2026-06-01,Cash,155.13,Paid,TX935001601
PAY0009744,O009744,2026-03-01,Carte bancaire,183.78,Paid,TX281668426
PAY0009745,O009745,2025-02-14,Virement,0.0,Pending,TX756401119
PAY0009746,O009746,2026-02-06,Mobile Money,79.16,Paid,TX984534428
PAY0009747,O009747,2026-01-02,Mobile Money,65.06,Paid,TX432841039
PAY0009748,O009748,2026-06-03,Carte bancaire,300.21,Paid,TX685739334
PAY0009749,O009749,2025-09-28,Mobile Money,11.7,Paid,TX401421813
PAY0009750,O009750,2025-09-19,Cash,227.89,Paid,TX297521111
PAY0009751,O009751,2025-12-13,Mobile Money,1189.8,Paid,TX613567454
PAY0009752,O009752,2025-03-23,Mobile Money,303.04,Paid,TX866897080
PAY0009753,O009753,2026-02-17,Virement,0.0,Pending,TX797937690
PAY0009754,O009754,2025-10-03,Mobile Money,42.2,Paid,TX295292617
PAY0009755,O009755,2025-04-17,Mobile Money,48.06,Paid,TX675376693
PAY0009756,O009756,2026-03-24,Mobile Money,49.72,Paid,TX952915590
PAY0009757,O009757,2025-05-28,Carte bancaire,1823.15,Paid,TX333516595
PAY0009758,O009758,2026-04-19,Mobile Money,0.0,Pending,TX503316308
PAY0009759,O009759,2025-06-01,Carte bancaire,225.9,Paid,TX110135321
PAY0009760,O009760,2025-09-27,Cash,69.5,Paid,TX799699253
PAY0009761,O009761,2025-08-29,Mobile Money,149.34,Paid,TX307956690
PAY0009762,O009762,2026-02-06,Mobile Money,131.02,Paid,TX228742652
PAY0009763,O009763,2025-04-14,Mobile Money,181.42,Paid,TX765705562
PAY0009764,O009764,2025-05-18,Carte bancaire,0.0,Pending,TX100905431
PAY0009765,O009765,2025-04-19,Carte bancaire,25.78,Paid,TX234886519
PAY0009766,O009766,2025-05-09,Cash,171.55,Paid,TX347696927
PAY0009767,O009767,2025-09-10,Cash,121.75,Paid,TX316392055
PAY0009768,O009768,2025-11-22,Mobile Money,0.0,Failed,TX101395816
PAY0009769,O009769,2026-04-23,Mobile Money,39.35,Paid,TX898618449
PAY0009770,O009770,2025-08-21,Mobile Money,69.13,Paid,TX937471688
PAY0009771,O009771,2025-08-13,Carte bancaire,0.0,Pending,TX575100359
PAY0009772,O009772,2025-03-30,Mobile Money,0.0,Pending,TX894997253
PAY0009773,O009773,2025-02-27,Virement,147.96,Paid,TX282954704
PAY0009774,O009774,2026-02-23,Carte bancaire,291.03,Paid,TX214251377
PAY0009775,O009775,2025-12-13,Mobile Money,520.32,Paid,TX633897433
PAY0009776,O009776,2025-10-23,Virement,111.49,Paid,TX842676830
PAY0009777,O009777,2025-09-03,Mobile Money,69.31,Paid,TX794956607
PAY0009778,O009778,2025-10-16,Cash,19.59,Paid,TX805648555
PAY0009779,O009779,2026-04-13,Virement,0.0,Pending,TX369394459
PAY0009780,O009780,2025-04-16,Carte bancaire,0.0,Pending,TX578691460
PAY0009781,O009781,2025-10-02,Mobile Money,216.83,Paid,TX697249989
PAY0009782,O009782,2025-05-13,Carte bancaire,129.23,Paid,TX153796767
PAY0009783,O009783,2025-02-27,Carte bancaire,377.95,Paid,TX659957581
PAY0009784,O009784,2026-01-17,Virement,69.74,Refunded,TX145072230
PAY0009785,O009785,2026-01-25,Virement,268.08,Paid,TX247184067
PAY0009786,O009786,2026-04-13,Cash,0.0,Failed,TX104337943
PAY0009787,O009787,2025-01-15,Carte bancaire,2449.82,Refunded,TX638573561
PAY0009788,O009788,2025-04-11,Carte bancaire,109.32,Paid,TX618839257
PAY0009789,O009789,2025-11-15,Mobile Money,1063.5,Paid,TX508159236
PAY0009790,O009790,2026-03-22,Carte bancaire,101.36,Refunded,TX549838169
PAY0009791,O009791,2026-06-03,Mobile Money,295.04,Paid,TX201349011
PAY0009792,O009792,2026-03-09,Mobile Money,881.68,Paid,TX853375852
PAY0009793,O009793,2026-05-12,Mobile Money,469.5,Paid,TX196120727
PAY0009794,O009794,2026-03-23,Carte bancaire,99.69,Paid,TX369393168
PAY0009795,O009795,2025-06-25,Mobile Money,214.53,Paid,TX464826239
PAY0009796,O009796,2025-11-17,Mobile Money,0.0,Pending,TX877482969
PAY0009797,O009797,2025-12-19,Mobile Money,0.0,Pending,TX498611128
PAY0009798,O009798,2025-07-16,Carte bancaire,123.94,Paid,TX287085518
PAY0009799,O009799,2026-05-05,Mobile Money,85.99,Paid,TX549313788
PAY0009800,O009800,2026-02-27,Carte bancaire,59.3,Paid,TX809715731
PAY0009801,O009801,2025-10-15,Virement,0.0,Pending,TX780353277
PAY0009802,O009802,2025-09-21,Carte bancaire,186.17,Paid,TX291751626
PAY0009803,O009803,2026-03-15,Mobile Money,163.98,Paid,TX725476907
PAY0009804,O009804,2025-05-04,Carte bancaire,95.15,Paid,TX914041442
PAY0009805,O009805,2025-05-04,Cash,0.0,Pending,TX960593501
PAY0009806,O009806,2025-08-10,Carte bancaire,43.8,Paid,TX633519770
PAY0009807,O009807,2025-03-15,Mobile Money,0.0,Pending,TX445092871
PAY0009808,O009808,2025-09-10,Virement,62.58,Paid,TX452863378
PAY0009809,O009809,2025-08-29,Carte bancaire,985.52,Paid,TX994899016
PAY0009810,O009810,2025-10-07,Cash,0.0,Pending,TX573487933
PAY0009811,O009811,2025-09-14,Mobile Money,345.44,Paid,TX987707585
PAY0009812,O009812,2026-05-10,Cash,0.0,Failed,TX934760231
PAY0009813,O009813,2025-06-01,Carte bancaire,490.65,Paid,TX838504052
PAY0009814,O009814,2025-08-15,Carte bancaire,24.79,Paid,TX793845094
PAY0009815,O009815,2026-02-11,Virement,198.83,Paid,TX931130494
PAY0009816,O009816,2025-06-06,Mobile Money,0.0,Failed,TX160954672
PAY0009817,O009817,2025-12-26,Mobile Money,53.63,Paid,TX747203077
PAY0009818,O009818,2026-06-12,Mobile Money,142.47,Paid,TX506804088
PAY0009819,O009819,2025-07-25,Carte bancaire,1049.07,Paid,TX105919913
PAY0009820,O009820,2025-05-17,Carte bancaire,2110.77,Pending,TX194596694
PAY0009821,O009821,2025-04-15,Cash,759.25,Paid,TX413619980
PAY0009822,O009822,2025-01-09,Mobile Money,138.61,Paid,TX635294677
PAY0009823,O009823,2025-06-08,Carte bancaire,62.82,Paid,TX478768628
PAY0009824,O009824,2026-04-13,Mobile Money,162.78,Refunded,TX441540084
PAY0009825,O009825,2025-05-21,Virement,80.07,Paid,TX669584812
PAY0009826,O009826,2026-06-10,Mobile Money,0.0,Pending,TX168956450
PAY0009827,O009827,2026-06-07,Mobile Money,1077.74,Paid,TX470783454
PAY0009828,O009828,2026-01-13,Mobile Money,989.6,Paid,TX615037792
PAY0009829,O009829,2026-06-26,Cash,87.92,Refunded,TX265333741
PAY0009830,O009830,2025-08-13,Carte bancaire,649.5,Paid,TX732359187
PAY0009831,O009831,2026-06-12,Carte bancaire,0.0,Pending,TX538201544
PAY0009832,O009832,2025-10-27,Mobile Money,253.26,Paid,TX267831131
PAY0009833,O009833,2025-02-18,Mobile Money,199.5,Paid,TX324027359
PAY0009834,O009834,2026-04-03,Cash,80.58,Paid,TX844560113
PAY0009835,O009835,2026-06-06,Carte bancaire,28.77,Paid,TX197490525
PAY0009836,O009836,2026-05-04,Mobile Money,23.2,Paid,TX463938571
PAY0009837,O009837,2025-08-20,Virement,56.53,Paid,TX662952419
PAY0009838,O009838,2025-02-26,Mobile Money,0.0,Pending,TX926626083
PAY0009839,O009839,2025-11-18,Carte bancaire,0.0,Failed,TX462628819
PAY0009840,O009840,2026-04-21,Mobile Money,91.21,Paid,TX432305151
PAY0009841,O009841,2026-04-06,Virement,76.26,Paid,TX413114957
PAY0009842,O009842,2025-12-08,Cash,244.05,Paid,TX330458582
PAY0009843,O009843,2026-03-07,Mobile Money,0.0,Failed,TX970567369
PAY0009844,O009844,2025-01-18,Virement,287.07,Paid,TX683847953
PAY0009845,O009845,2025-12-10,Cash,97.11,Paid,TX579060483
PAY0009846,O009846,2025-03-04,Virement,45.06,Paid,TX569259199
PAY0009847,O009847,2026-02-17,Virement,0.0,Pending,TX989089349
PAY0009848,O009848,2025-01-28,Carte bancaire,196.63,Refunded,TX807865392
PAY0009849,O009849,2025-11-23,Mobile Money,0.0,Failed,TX186333374
PAY0009850,O009850,2026-06-07,Mobile Money,284.94,Paid,TX359657532
PAY0009851,O009851,2025-03-05,Mobile Money,121.17,Paid,TX194323471
PAY0009852,O009852,2025-08-25,Mobile Money,538.47,Paid,TX785361162
PAY0009853,O009853,2025-01-23,Carte bancaire,240.5,Paid,TX133160133
PAY0009854,O009854,2026-01-30,Mobile Money,193.66,Paid,TX880613027
PAY0009855,O009855,2026-05-24,Carte bancaire,169.7,Paid,TX134913251
PAY0009856,O009856,2025-01-01,Carte bancaire,254.94,Refunded,TX765750133
PAY0009857,O009857,2025-10-30,Mobile Money,606.52,Paid,TX406220876
PAY0009858,O009858,2026-03-13,Mobile Money,200.58,Paid,TX742633177
PAY0009859,O009859,2025-01-15,Carte bancaire,152.11,Paid,TX137340015
PAY0009860,O009860,2025-09-23,Cash,193.56,Paid,TX442395568
PAY0009861,O009861,2025-03-12,Carte bancaire,60.68,Paid,TX339234359
PAY0009862,O009862,2026-05-22,Cash,229.08,Paid,TX218064122
PAY0009863,O009863,2025-10-08,Cash,413.56,Paid,TX935699816
PAY0009864,O009864,2025-10-13,Carte bancaire,40.5,Paid,TX303382031
PAY0009865,O009865,2026-07-01,Carte bancaire,938.31,Paid,TX116793274
PAY0009866,O009866,2026-03-11,Carte bancaire,161.99,Paid,TX358718557
PAY0009867,O009867,2025-06-24,Mobile Money,52.71,Paid,TX308396823
PAY0009868,O009868,2025-12-15,Mobile Money,66.41,Paid,TX711371152
PAY0009869,O009869,2025-06-13,Mobile Money,200.03,Paid,TX690112032
PAY0009870,O009870,2025-10-15,Mobile Money,103.34,Paid,TX899973351
PAY0009871,O009871,2026-03-25,Mobile Money,19.96,Paid,TX874676109
PAY0009872,O009872,2026-06-04,Mobile Money,0.0,Pending,TX743895350
PAY0009873,O009873,2026-06-07,Virement,1086.77,Paid,TX820077608
PAY0009874,O009874,2025-10-01,Mobile Money,16.79,Paid,TX323577517
PAY0009875,O009875,2026-05-07,Carte bancaire,165.58,Paid,TX634267568
PAY0009876,O009876,2026-05-09,Mobile Money,0.0,Pending,TX476670333
PAY0009877,O009877,2025-10-27,Mobile Money,110.7,Refunded,TX873122327
PAY0009878,O009878,2025-01-24,Mobile Money,195.24,Paid,TX615248883
PAY0009879,O009879,2025-03-08,Carte bancaire,254.24,Paid,TX759515561
PAY0009880,O009880,2025-12-27,Mobile Money,139.14,Paid,TX397625354
PAY0009881,O009881,2026-04-03,Cash,53.88,Paid,TX518228799
PAY0009882,O009882,2026-05-18,Carte bancaire,327.48,Paid,TX457561708
PAY0009883,O009883,2025-05-14,Carte bancaire,1166.85,Paid,TX720626721
PAY0009884,O009884,2026-05-12,Mobile Money,509.51,Refunded,TX643031142
PAY0009885,O009885,2026-03-31,Virement,190.61,Paid,TX292707562
PAY0009886,O009886,2025-09-23,Mobile Money,81.3,Paid,TX951478428
PAY0009887,O009887,2025-07-24,Virement,0.0,Pending,TX416041755
PAY0009888,O009888,2025-09-18,Mobile Money,44.13,Paid,TX402499125
PAY0009889,O009889,2026-01-10,Virement,139.87,Paid,TX735565279
PAY0009890,O009890,2026-03-21,Cash,42.47,Paid,TX707312913
PAY0009891,O009891,2025-04-08,Mobile Money,0.0,Pending,TX622354683
PAY0009892,O009892,2025-07-07,Mobile Money,19.32,Paid,TX738593427
PAY0009893,O009893,2025-03-09,Virement,182.57,Paid,TX658422832
PAY0009894,O009894,2026-05-31,Carte bancaire,0.0,Pending,TX508414344
PAY0009895,O009895,2025-08-14,Mobile Money,110.36,Paid,TX203511116
PAY0009896,O009896,2025-05-21,Carte bancaire,92.34,Paid,TX337448735
PAY0009897,O009897,2025-04-26,Cash,1162.94,Paid,TX300191974
PAY0009898,O009898,2025-02-14,Cash,919.23,Paid,TX531487885
PAY0009899,O009899,2025-09-17,Mobile Money,73.1,Refunded,TX431086557
PAY0009900,O009900,2026-02-28,Carte bancaire,0.0,Pending,TX411880074
PAY0009901,O009901,2025-06-28,Carte bancaire,42.69,Paid,TX406764128
PAY0009902,O009902,2025-08-11,Mobile Money,0.0,Pending,TX613075115
PAY0009903,O009903,2025-12-18,Mobile Money,0.0,Pending,TX987368395
PAY0009904,O009904,2025-07-17,Mobile Money,626.48,Paid,TX771556340
PAY0009905,O009905,2026-02-13,Mobile Money,0.0,Failed,TX188911085
PAY0009906,O009906,2025-06-26,Carte bancaire,294.87,Refunded,TX770656956
PAY0009907,O009907,2025-09-02,Mobile Money,0.0,Failed,TX739071884
PAY0009908,O009908,2026-06-26,Carte bancaire,711.95,Paid,TX370277643
PAY0009909,O009909,2026-04-08,Virement,217.07,Paid,TX852707324
PAY0009910,O009910,2025-11-10,Mobile Money,41.5,Paid,TX207783895
PAY0009911,O009911,2025-08-05,Mobile Money,71.5,Paid,TX231227163
PAY0009912,O009912,2026-06-29,Mobile Money,101.23,Paid,TX627197902
PAY0009913,O009913,2025-09-13,Carte bancaire,119.25,Paid,TX808137323
PAY0009914,O009914,2025-07-08,Mobile Money,50.66,Paid,TX354773177
PAY0009915,O009915,2025-11-25,Carte bancaire,50.0,Paid,TX880494171
PAY0009916,O009916,2025-08-19,Carte bancaire,14.46,Refunded,TX617299685
PAY0009917,O009917,2026-05-04,Carte bancaire,40.8,Paid,TX237545992
PAY0009918,O009918,2025-05-01,Mobile Money,937.36,Paid,TX186212183
PAY0009919,O009919,2025-01-29,Cash,57.7,Paid,TX623707737
PAY0009920,O009920,2025-08-28,Mobile Money,1059.69,Paid,TX710852672
PAY0009921,O009921,2026-06-08,Carte bancaire,649.15,Paid,TX333955843
PAY0009922,O009922,2025-02-04,Carte bancaire,209.17,Paid,TX319235908
PAY0009923,O009923,2026-03-19,Cash,284.0,Paid,TX749358816
PAY0009924,O009924,2025-01-03,Carte bancaire,167.65,Paid,TX914203892
PAY0009925,O009925,2025-11-06,Carte bancaire,59.24,Refunded,TX652953838
PAY0009926,O009926,2025-09-06,Carte bancaire,89.57,Paid,TX153832625
PAY0009927,O009927,2025-03-30,Carte bancaire,1313.52,Paid,TX231169627
PAY0009928,O009928,2026-02-15,Carte bancaire,252.54,Paid,TX798384853
PAY0009929,O009929,2025-04-09,Carte bancaire,72.39,Paid,TX716546171
PAY0009930,O009930,2025-08-29,Carte bancaire,84.09,Paid,TX961604657
PAY0009931,O009931,2025-11-06,Virement,805.62,Paid,TX252199050
PAY0009932,O009932,2025-10-14,Carte bancaire,372.74,Paid,TX906765221
PAY0009933,O009933,2025-01-22,Mobile Money,44.94,Paid,TX371667618
PAY0009934,O009934,2025-09-06,Carte bancaire,2194.62,Refunded,TX867109271
PAY0009935,O009935,2025-12-25,Carte bancaire,165.25,Paid,TX163380053
PAY0009936,O009936,2025-10-16,Carte bancaire,61.26,Paid,TX346282108
PAY0009937,O009937,2026-02-07,Carte bancaire,0.0,Pending,TX880799696
PAY0009938,O009938,2026-03-04,Mobile Money,326.39,Paid,TX713171608
PAY0009939,O009939,2025-04-13,Mobile Money,0.0,Pending,TX978856041
PAY0009940,O009940,2026-03-18,Carte bancaire,893.6,Paid,TX856638264
PAY0009941,O009941,2026-05-06,Mobile Money,0.0,Pending,TX280391078
PAY0009942,O009942,2026-04-05,Mobile Money,236.31,Paid,TX544887267
PAY0009943,O009943,2026-04-12,Cash,653.9,Refunded,TX424553486
PAY0009944,O009944,2025-05-01,Mobile Money,516.16,Paid,TX805174016
PAY0009945,O009945,2025-12-28,Mobile Money,177.21,Refunded,TX564948774
PAY0009946,O009946,2025-09-10,Mobile Money,312.03,Paid,TX454061872
PAY0009947,O009947,2026-06-28,Mobile Money,502.73,Paid,TX713552823
PAY0009948,O009948,2026-04-05,Mobile Money,796.25,Pending,TX415545251
PAY0009949,O009949,2025-04-03,Mobile Money,0.0,Pending,TX187233296
PAY0009950,O009950,2026-06-05,Mobile Money,109.45,Paid,TX502373264
PAY0009951,O009951,2026-01-19,Cash,41.02,Paid,TX274955442
PAY0009952,O009952,2025-10-27,Carte bancaire,257.19,Paid,TX812292901
PAY0009953,O009953,2025-09-04,Mobile Money,1086.35,Paid,TX235799832
PAY0009954,O009954,2025-09-30,Cash,253.81,Paid,TX709256872
PAY0009955,O009955,2026-02-27,Virement,128.67,Paid,TX373447173
PAY0009956,O009956,2026-02-23,Mobile Money,166.57,Paid,TX666162428
PAY0009957,O009957,2025-10-30,Mobile Money,60.27,Paid,TX323960417
PAY0009958,O009958,2026-06-29,Mobile Money,291.98,Paid,TX469460709
PAY0009959,O009959,2025-05-12,Carte bancaire,2121.4,Paid,TX348950975
PAY0009960,O009960,2025-08-22,Carte bancaire,504.56,Paid,TX692588573
PAY0009961,O009961,2025-11-26,Virement,925.29,Paid,TX226661955
PAY0009962,O009962,2025-04-02,Carte bancaire,1049.84,Paid,TX954407765
PAY0009963,O009963,2025-10-03,Mobile Money,77.4,Paid,TX697594146
PAY0009964,O009964,2026-04-04,Mobile Money,41.01,Paid,TX646377568
PAY0009965,O009965,2026-01-10,Carte bancaire,156.51,Paid,TX643696068
PAY0009966,O009966,2026-01-26,Mobile Money,500.09,Paid,TX693158866
PAY0009967,O009967,2025-04-02,Mobile Money,235.39,Paid,TX796730022
PAY0009968,O009968,2025-03-24,Mobile Money,288.5,Paid,TX159074078
PAY0009969,O009969,2025-08-31,Virement,72.41,Paid,TX928345871
PAY0009970,O009970,2025-06-30,Carte bancaire,0.0,Failed,TX471997106
PAY0009971,O009971,2025-01-07,Mobile Money,49.58,Paid,TX467335246
PAY0009972,O009972,2025-10-31,Mobile Money,36.42,Paid,TX943056004
PAY0009973,O009973,2026-02-19,Carte bancaire,38.86,Paid,TX214778368
PAY0009974,O009974,2026-02-08,Carte bancaire,34.21,Refunded,TX826224731
PAY0009975,O009975,2025-02-27,Carte bancaire,0.0,Pending,TX907795569
PAY0009976,O009976,2026-03-05,Carte bancaire,0.0,Failed,TX651419786
PAY0009977,O009977,2025-08-01,Carte bancaire,73.49,Paid,TX506826783
PAY0009978,O009978,2025-03-28,Mobile Money,144.44,Paid,TX374330323
PAY0009979,O009979,2025-09-18,Carte bancaire,167.37,Paid,TX261523670
PAY0009980,O009980,2025-04-30,Mobile Money,201.62,Paid,TX462479183
PAY0009981,O009981,2026-01-08,Virement,343.66,Paid,TX900474198
PAY0009982,O009982,2026-02-16,Virement,201.96,Paid,TX201224884
PAY0009983,O009983,2026-02-06,Mobile Money,184.69,Refunded,TX957606191
PAY0009984,O009984,2025-03-06,Mobile Money,781.92,Refunded,TX691986189
PAY0009985,O009985,2025-07-11,Virement,205.87,Paid,TX217532619
PAY0009986,O009986,2025-09-30,Carte bancaire,705.87,Refunded,TX676010708
PAY0009987,O009987,2026-06-27,Mobile Money,0.0,Pending,TX640914833
PAY0009988,O009988,2025-10-27,Mobile Money,474.93,Paid,TX207199584
PAY0009989,O009989,2025-12-28,Mobile Money,122.96,Paid,TX956812461
PAY0009990,O009990,2025-07-07,Mobile Money,74.46,Paid,TX884574805
PAY0009991,O009991,2025-06-15,Cash,53.88,Paid,TX304268903
PAY0009992,O009992,2026-03-15,Carte bancaire,215.63,Paid,TX506131998
PAY0009993,O009993,2026-04-04,Carte bancaire,185.43,Paid,TX475308851
PAY0009994,O009994,2025-01-31,Cash,47.55,Paid,TX556941111
PAY0009995,O009995,2025-10-27,Mobile Money,0.0,Failed,TX839424280
PAY0009996,O009996,2026-03-04,Virement,572.44,Paid,TX829827205
PAY0009997,O009997,2025-03-28,Virement,546.53,Paid,TX847128971
PAY0009998,O009998,2025-12-24,Mobile Money,132.37,Paid,TX305839859
PAY0009999,O009999,2025-09-18,Cash,190.53,Paid,TX906805782
PAY0010000,O010000,2025-10-05,Carte bancaire,45.09,Paid,TX380401728
PAY0010001,O010001,2025-11-25,Mobile Money,83.27,Paid,TX904852029
PAY0010002,O010002,2026-04-27,Mobile Money,827.12,Paid,TX740150407
PAY0010003,O010003,2025-02-21,Mobile Money,143.37,Paid,TX452302116
PAY0010004,O010004,2025-04-23,Virement,77.77,Paid,TX606750391
PAY0010005,O010005,2025-07-13,Mobile Money,427.1,Paid,TX224443954
PAY0010006,O010006,2026-03-17,Mobile Money,285.32,Paid,TX960259119
PAY0010007,O010007,2025-11-25,Carte bancaire,0.0,Pending,TX539256551
PAY0010008,O010008,2025-04-16,Carte bancaire,2450.21,Paid,TX115308859
PAY0010009,O010009,2025-01-14,Mobile Money,249.92,Refunded,TX386423554
PAY0010010,O010010,2026-06-28,Mobile Money,392.92,Paid,TX650256899
PAY0010011,O010011,2025-03-18,Carte bancaire,52.68,Paid,TX889719910
PAY0010012,O010012,2025-01-22,Mobile Money,169.61,Paid,TX999092459
PAY0010013,O010013,2025-08-14,Carte bancaire,0.0,Pending,TX425016967
PAY0010014,O010014,2025-11-04,Mobile Money,82.29,Paid,TX984041079
PAY0010015,O010015,2025-05-24,Mobile Money,48.38,Refunded,TX708800572
PAY0010016,O010016,2025-04-05,Cash,18.72,Paid,TX195989238
PAY0010017,O010017,2025-02-19,Mobile Money,90.33,Paid,TX844624811
PAY0010018,O010018,2025-08-13,Mobile Money,79.52,Paid,TX461371596
PAY0010019,O010019,2026-06-07,Mobile Money,0.0,Failed,TX921774993
PAY0010020,O010020,2025-03-24,Mobile Money,538.6,Paid,TX561056830
PAY0010021,O010021,2025-11-12,Mobile Money,279.95,Paid,TX352880627
PAY0010022,O010022,2025-04-21,Cash,202.4,Paid,TX697961625
PAY0010023,O010023,2026-01-05,Mobile Money,542.37,Paid,TX902114811
PAY0010024,O010024,2025-02-04,Carte bancaire,930.32,Paid,TX713903999
PAY0010025,O010025,2025-04-24,Mobile Money,56.3,Refunded,TX149218923
PAY0010026,O010026,2025-01-06,Mobile Money,0.0,Failed,TX646021852
PAY0010027,O010027,2025-12-24,Carte bancaire,110.88,Paid,TX519508920
PAY0010028,O010028,2026-02-01,Carte bancaire,0.0,Pending,TX463551286
PAY0010029,O010029,2025-04-07,Mobile Money,498.53,Paid,TX321856521
PAY0010030,O010030,2025-09-07,Mobile Money,39.17,Paid,TX310671306
PAY0010031,O010031,2025-06-10,Mobile Money,0.0,Pending,TX544425213
PAY0010032,O010032,2025-01-28,Virement,22.1,Paid,TX356280360
PAY0010033,O010033,2025-01-21,Carte bancaire,120.16,Paid,TX104310796
PAY0010034,O010034,2026-06-01,Virement,60.54,Paid,TX989210150
PAY0010035,O010035,2025-12-22,Mobile Money,138.84,Paid,TX656473646
PAY0010036,O010036,2025-12-31,Carte bancaire,64.13,Paid,TX960188331
PAY0010037,O010037,2025-06-11,Carte bancaire,0.0,Pending,TX900099150
PAY0010038,O010038,2025-05-27,Virement,131.21,Paid,TX893230491
PAY0010039,O010039,2026-03-13,Carte bancaire,41.83,Paid,TX443296403
PAY0010040,O010040,2025-08-31,Mobile Money,0.0,Failed,TX192678716
PAY0010041,O010041,2025-02-26,Mobile Money,445.68,Paid,TX172618689
PAY0010042,O010042,2025-09-28,Virement,287.78,Paid,TX960781108
PAY0010043,O010043,2025-10-16,Virement,169.52,Refunded,TX662606227
PAY0010044,O010044,2025-11-13,Cash,443.0,Paid,TX708379473
PAY0010045,O010045,2025-10-22,Carte bancaire,77.05,Refunded,TX919800122
PAY0010046,O010046,2026-04-17,Mobile Money,1172.23,Paid,TX545846828
PAY0010047,O010047,2025-05-16,Mobile Money,1452.44,Paid,TX687835538
PAY0010048,O010048,2025-11-21,Mobile Money,0.0,Pending,TX549520131
PAY0010049,O010049,2026-05-06,Mobile Money,88.73,Paid,TX720657567
PAY0010050,O010050,2026-06-24,Carte bancaire,0.0,Failed,TX409177217
PAY0010051,O010051,2026-06-17,Mobile Money,582.61,Paid,TX898971878
PAY0010052,O010052,2026-02-05,Mobile Money,372.71,Paid,TX635365012
PAY0010053,O010053,2025-02-28,Mobile Money,0.0,Pending,TX760540595
PAY0010054,O010054,2026-06-28,Cash,129.5,Paid,TX860969364
PAY0010055,O010055,2025-01-18,Virement,1169.43,Paid,TX353491122
PAY0010056,O010056,2025-10-31,Mobile Money,31.75,Paid,TX813872358
PAY0010057,O010057,2025-09-04,Virement,51.76,Paid,TX129334361
PAY0010058,O010058,2026-01-09,Cash,149.3,Paid,TX281892776
PAY0010059,O010059,2026-03-06,Virement,329.24,Paid,TX277378427
PAY0010060,O010060,2026-02-11,Mobile Money,248.52,Paid,TX508567102
PAY0010061,O010061,2025-05-09,Mobile Money,39.65,Paid,TX354064658
PAY0010062,O010062,2026-02-18,Virement,342.22,Paid,TX313697449
PAY0010063,O010063,2026-02-22,Mobile Money,0.0,Pending,TX544346238
PAY0010064,O010064,2025-01-15,Mobile Money,86.85,Paid,TX287991456
PAY0010065,O010065,2025-12-19,Mobile Money,0.0,Pending,TX904182128
PAY0010066,O010066,2025-03-14,Mobile Money,1141.79,Paid,TX695763222
PAY0010067,O010067,2025-11-05,Mobile Money,0.0,Pending,TX248792550
PAY0010068,O010068,2025-05-08,Mobile Money,20.18,Paid,TX779830058
PAY0010069,O010069,2025-07-17,Mobile Money,83.87,Paid,TX546418213
PAY0010070,O010070,2025-05-29,Carte bancaire,0.0,Failed,TX508461997
PAY0010071,O010071,2026-04-20,Cash,0.0,Pending,TX310158326
PAY0010072,O010072,2026-05-16,Mobile Money,27.53,Paid,TX592004424
PAY0010073,O010073,2026-03-17,Carte bancaire,0.0,Pending,TX560786001
PAY0010074,O010074,2026-01-31,Mobile Money,184.27,Paid,TX885349220
PAY0010075,O010075,2025-07-22,Carte bancaire,643.78,Paid,TX281034534
PAY0010076,O010076,2025-03-21,Mobile Money,1027.86,Paid,TX294415261
PAY0010077,O010077,2025-11-10,Virement,65.47,Paid,TX125867569
PAY0010078,O010078,2025-08-23,Mobile Money,65.55,Paid,TX687853413
PAY0010079,O010079,2025-06-08,Mobile Money,0.0,Pending,TX302859401
PAY0010080,O010080,2025-05-17,Carte bancaire,1072.7,Paid,TX465455025
PAY0010081,O010081,2025-03-31,Carte bancaire,0.0,Failed,TX606780835
PAY0010082,O010082,2026-04-01,Carte bancaire,1045.95,Paid,TX952937697
PAY0010083,O010083,2025-06-30,Mobile Money,945.02,Pending,TX943317089
PAY0010084,O010084,2026-05-21,Carte bancaire,290.24,Pending,TX839118948
PAY0010085,O010085,2026-01-07,Cash,0.0,Pending,TX332831970
PAY0010086,O010086,2025-04-01,Carte bancaire,0.0,Pending,TX665026146
PAY0010087,O010087,2025-02-07,Mobile Money,692.68,Refunded,TX280374472
PAY0010088,O010088,2025-08-18,Cash,160.97,Paid,TX110403765
PAY0010089,O010089,2025-02-17,Carte bancaire,30.97,Paid,TX592710860
PAY0010090,O010090,2026-06-08,Carte bancaire,39.75,Paid,TX810587594
PAY0010091,O010091,2026-05-17,Mobile Money,43.84,Paid,TX854763414
PAY0010092,O010092,2025-12-28,Mobile Money,195.39,Paid,TX464368855
PAY0010093,O010093,2025-06-12,Carte bancaire,389.21,Paid,TX358870645
PAY0010094,O010094,2026-04-21,Carte bancaire,0.0,Pending,TX360676156
PAY0010095,O010095,2025-12-21,Mobile Money,88.28,Paid,TX663674647
PAY0010096,O010096,2025-07-16,Carte bancaire,81.79,Paid,TX473247963
PAY0010097,O010097,2026-05-02,Mobile Money,168.76,Paid,TX471554422
PAY0010098,O010098,2025-04-27,Virement,882.39,Paid,TX234602275
PAY0010099,O010099,2025-11-12,Mobile Money,130.06,Refunded,TX473705135
PAY0010100,O010100,2026-01-16,Cash,0.0,Pending,TX873581456
PAY0010101,O010101,2026-05-13,Carte bancaire,72.39,Paid,TX377785476
PAY0010102,O010102,2025-03-21,Virement,0.0,Pending,TX825175661
PAY0010103,O010103,2025-06-11,Mobile Money,0.0,Pending,TX198561918
PAY0010104,O010104,2026-04-06,Mobile Money,668.29,Paid,TX422628390
PAY0010105,O010105,2025-10-03,Virement,173.06,Paid,TX403042226
PAY0010106,O010106,2026-02-20,Virement,46.67,Paid,TX807557108
PAY0010107,O010107,2026-03-04,Carte bancaire,46.88,Paid,TX466732856
PAY0010108,O010108,2025-06-17,Mobile Money,0.0,Pending,TX877202661
PAY0010109,O010109,2025-07-02,Carte bancaire,0.0,Pending,TX185845792
PAY0010110,O010110,2025-10-05,Carte bancaire,120.23,Paid,TX837174938
PAY0010111,O010111,2025-01-20,Virement,225.32,Paid,TX158223071
PAY0010112,O010112,2026-03-17,Carte bancaire,207.79,Paid,TX984283519
PAY0010113,O010113,2025-03-08,Virement,144.74,Paid,TX229200761
PAY0010114,O010114,2026-05-31,Carte bancaire,189.26,Paid,TX681284482
PAY0010115,O010115,2026-03-05,Virement,0.0,Pending,TX335120881
PAY0010116,O010116,2025-07-12,Virement,24.19,Paid,TX619256128
PAY0010117,O010117,2025-02-12,Mobile Money,225.83,Paid,TX734550152
PAY0010118,O010118,2026-03-09,Virement,172.2,Paid,TX693603033
PAY0010119,O010119,2025-09-03,Carte bancaire,84.39,Paid,TX267232545
PAY0010120,O010120,2025-04-21,Carte bancaire,623.1,Paid,TX431709471
PAY0010121,O010121,2025-08-24,Mobile Money,202.39,Paid,TX487814169
PAY0010122,O010122,2026-05-13,Virement,121.25,Paid,TX109302143
PAY0010123,O010123,2026-01-15,Mobile Money,115.22,Paid,TX266268707
PAY0010124,O010124,2026-01-15,Mobile Money,32.78,Paid,TX980472493
PAY0010125,O010125,2025-10-11,Mobile Money,88.57,Paid,TX345974425
PAY0010126,O010126,2025-03-26,Virement,0.0,Pending,TX781162172
PAY0010127,O010127,2026-06-09,Mobile Money,339.01,Paid,TX407779147
PAY0010128,O010128,2026-02-11,Carte bancaire,901.0,Paid,TX125469729
PAY0010129,O010129,2025-10-12,Cash,65.07,Paid,TX684024615
PAY0010130,O010130,2026-02-05,Carte bancaire,428.5,Paid,TX297197743
PAY0010131,O010131,2025-07-19,Virement,107.91,Paid,TX514439702
PAY0010132,O010132,2026-02-15,Mobile Money,445.34,Paid,TX559774467
PAY0010133,O010133,2026-06-17,Mobile Money,1010.08,Paid,TX744372646
PAY0010134,O010134,2025-07-09,Mobile Money,0.0,Pending,TX417775958
PAY0010135,O010135,2025-01-05,Virement,111.44,Paid,TX612941255
PAY0010136,O010136,2026-02-11,Carte bancaire,193.22,Refunded,TX499007813
PAY0010137,O010137,2026-04-15,Mobile Money,339.82,Paid,TX173411923
PAY0010138,O010138,2026-03-31,Cash,0.0,Failed,TX765237236
PAY0010139,O010139,2026-06-19,Carte bancaire,1081.91,Paid,TX504106478
PAY0010140,O010140,2025-07-11,Virement,2082.22,Paid,TX442123443
PAY0010141,O010141,2026-05-22,Mobile Money,160.13,Paid,TX124607361
PAY0010142,O010142,2025-04-27,Virement,155.34,Paid,TX163264159
PAY0010143,O010143,2025-11-20,Carte bancaire,100.1,Paid,TX616410155
PAY0010144,O010144,2026-05-04,Mobile Money,478.6,Paid,TX820457445
PAY0010145,O010145,2026-05-18,Mobile Money,475.69,Paid,TX387296956
PAY0010146,O010146,2025-12-09,Carte bancaire,120.4,Paid,TX476248232
PAY0010147,O010147,2025-10-31,Carte bancaire,350.36,Paid,TX205326968
PAY0010148,O010148,2025-09-13,Mobile Money,48.35,Paid,TX585637047
PAY0010149,O010149,2026-04-24,Mobile Money,154.01,Refunded,TX147611955
PAY0010150,O010150,2026-05-02,Mobile Money,122.33,Paid,TX677226091
PAY0010151,O010151,2025-05-15,Mobile Money,48.44,Refunded,TX895151056
PAY0010152,O010152,2025-03-19,Cash,231.2,Paid,TX808953125
PAY0010153,O010153,2026-03-26,Virement,319.66,Paid,TX664162201
PAY0010154,O010154,2026-03-21,Mobile Money,24.25,Paid,TX486257306
PAY0010155,O010155,2025-02-26,Virement,115.42,Paid,TX604863922
PAY0010156,O010156,2025-09-26,Carte bancaire,22.61,Paid,TX484536211
PAY0010157,O010157,2025-10-09,Mobile Money,524.25,Paid,TX338858583
PAY0010158,O010158,2025-01-27,Virement,0.0,Pending,TX590828803
PAY0010159,O010159,2025-12-30,Mobile Money,1194.37,Paid,TX246039440
PAY0010160,O010160,2026-06-18,Mobile Money,631.31,Paid,TX712558638
PAY0010161,O010161,2025-04-29,Virement,163.0,Paid,TX934258232
PAY0010162,O010162,2026-03-04,Virement,41.4,Paid,TX463451354
PAY0010163,O010163,2025-02-15,Mobile Money,191.08,Refunded,TX111961397
PAY0010164,O010164,2025-04-28,Carte bancaire,233.68,Paid,TX444264677
PAY0010165,O010165,2025-11-07,Virement,309.51,Paid,TX746423850
PAY0010166,O010166,2026-05-26,Virement,21.41,Refunded,TX934128469
PAY0010167,O010167,2026-05-02,Mobile Money,250.16,Refunded,TX449311794
PAY0010168,O010168,2026-06-01,Mobile Money,14.38,Paid,TX708182929
PAY0010169,O010169,2026-06-29,Mobile Money,576.5,Paid,TX490946251
PAY0010170,O010170,2026-03-17,Mobile Money,78.55,Paid,TX220094691
PAY0010171,O010171,2025-07-19,Virement,218.73,Paid,TX709310389
PAY0010172,O010172,2025-03-11,Mobile Money,18.38,Paid,TX786428493
PAY0010173,O010173,2026-03-30,Cash,91.5,Paid,TX294093604
PAY0010174,O010174,2025-04-17,Mobile Money,0.0,Pending,TX284172189
PAY0010175,O010175,2025-10-14,Mobile Money,630.68,Paid,TX641958229
PAY0010176,O010176,2026-02-19,Mobile Money,163.69,Paid,TX210613265
PAY0010177,O010177,2025-01-20,Carte bancaire,725.33,Paid,TX698964011
PAY0010178,O010178,2026-05-19,Mobile Money,77.43,Paid,TX950294481
PAY0010179,O010179,2025-06-19,Cash,336.43,Paid,TX821443645
PAY0010180,O010180,2025-04-28,Mobile Money,76.25,Paid,TX173537742
PAY0010181,O010181,2025-07-24,Virement,112.0,Paid,TX542598814
PAY0010182,O010182,2025-09-10,Mobile Money,415.39,Paid,TX113337282
PAY0010183,O010183,2025-09-11,Carte bancaire,294.82,Paid,TX356106055
PAY0010184,O010184,2025-03-29,Carte bancaire,276.2,Paid,TX764353472
PAY0010185,O010185,2025-04-15,Virement,450.99,Paid,TX605691355
PAY0010186,O010186,2025-09-21,Carte bancaire,58.74,Paid,TX955645461
PAY0010187,O010187,2025-05-05,Mobile Money,548.47,Paid,TX744414702
PAY0010188,O010188,2025-12-23,Mobile Money,217.38,Paid,TX350561226
PAY0010189,O010189,2026-05-08,Mobile Money,169.67,Paid,TX382293231
PAY0010190,O010190,2025-01-15,Carte bancaire,0.0,Pending,TX336199274
PAY0010191,O010191,2025-01-21,Virement,74.92,Paid,TX193243016
PAY0010192,O010192,2025-12-20,Mobile Money,165.11,Paid,TX863925117
PAY0010193,O010193,2025-01-16,Mobile Money,64.55,Paid,TX176813423
PAY0010194,O010194,2025-12-18,Mobile Money,0.0,Pending,TX483984858
PAY0010195,O010195,2025-09-29,Carte bancaire,288.6,Paid,TX531372423
PAY0010196,O010196,2025-09-11,Mobile Money,169.15,Refunded,TX571388400
PAY0010197,O010197,2025-11-29,Carte bancaire,2185.73,Paid,TX136047952
PAY0010198,O010198,2026-05-08,Carte bancaire,153.23,Paid,TX663481771
PAY0010199,O010199,2025-03-11,Carte bancaire,36.58,Paid,TX752402364
PAY0010200,O010200,2025-03-17,Carte bancaire,92.63,Paid,TX834638307
PAY0010201,O010201,2026-01-20,Mobile Money,501.75,Paid,TX370355820
PAY0010202,O010202,2025-01-30,Cash,54.21,Paid,TX787750325
PAY0010203,O010203,2025-08-26,Carte bancaire,142.67,Paid,TX772323952
PAY0010204,O010204,2025-10-03,Virement,826.33,Paid,TX271032904
PAY0010205,O010205,2025-08-04,Carte bancaire,472.73,Paid,TX494419441
PAY0010206,O010206,2025-10-21,Carte bancaire,0.0,Pending,TX417738262
PAY0010207,O010207,2025-03-04,Virement,47.64,Paid,TX566744477
PAY0010208,O010208,2025-05-27,Cash,36.05,Paid,TX286519286
PAY0010209,O010209,2025-01-04,Mobile Money,0.0,Pending,TX171774065
PAY0010210,O010210,2026-06-13,Carte bancaire,0.0,Failed,TX787174305
PAY0010211,O010211,2026-04-01,Mobile Money,2449.28,Paid,TX684948627
PAY0010212,O010212,2025-05-23,Mobile Money,0.0,Pending,TX556758807
PAY0010213,O010213,2025-01-22,Virement,249.0,Paid,TX710392414
PAY0010214,O010214,2025-05-31,Cash,3029.15,Paid,TX296976709
PAY0010215,O010215,2026-06-12,Carte bancaire,72.18,Paid,TX206585358
PAY0010216,O010216,2026-03-23,Mobile Money,1193.74,Paid,TX149809721
PAY0010217,O010217,2025-12-30,Virement,69.74,Paid,TX127856850
PAY0010218,O010218,2026-05-21,Cash,0.0,Failed,TX463497248
PAY0010219,O010219,2025-04-07,Cash,196.62,Refunded,TX978906171
PAY0010220,O010220,2025-10-24,Virement,241.02,Paid,TX148084216
PAY0010221,O010221,2026-03-14,Carte bancaire,43.79,Paid,TX555868785
PAY0010222,O010222,2025-01-15,Mobile Money,319.77,Paid,TX749374846
PAY0010223,O010223,2025-08-29,Mobile Money,1185.0,Paid,TX838807072
PAY0010224,O010224,2025-07-18,Mobile Money,546.2,Paid,TX369612528
PAY0010225,O010225,2025-04-10,Mobile Money,391.47,Paid,TX691655667
PAY0010226,O010226,2025-05-05,Mobile Money,197.74,Paid,TX877798547
PAY0010227,O010227,2026-06-19,Carte bancaire,886.2,Paid,TX910658417
PAY0010228,O010228,2025-10-12,Virement,0.0,Pending,TX637637886
PAY0010229,O010229,2025-02-17,Virement,0.0,Pending,TX935866374
PAY0010230,O010230,2026-01-14,Mobile Money,174.51,Paid,TX407577916
PAY0010231,O010231,2025-11-20,Mobile Money,114.41,Paid,TX745999773
PAY0010232,O010232,2025-08-05,Cash,0.0,Pending,TX928680212
PAY0010233,O010233,2025-08-07,Cash,135.66,Paid,TX103423262
PAY0010234,O010234,2025-10-23,Cash,97.28,Paid,TX930885510
PAY0010235,O010235,2026-05-24,Cash,0.0,Failed,TX167181024
PAY0010236,O010236,2026-02-24,Mobile Money,0.0,Pending,TX454924563
PAY0010237,O010237,2025-08-09,Virement,88.62,Paid,TX220659454
PAY0010238,O010238,2025-05-15,Mobile Money,895.67,Paid,TX520810301
PAY0010239,O010239,2025-03-02,Mobile Money,0.0,Pending,TX877946609
PAY0010240,O010240,2025-04-22,Carte bancaire,99.87,Paid,TX294091709
PAY0010241,O010241,2025-03-21,Virement,84.06,Paid,TX913092518
PAY0010242,O010242,2026-03-20,Mobile Money,480.37,Paid,TX347695389
PAY0010243,O010243,2025-11-12,Mobile Money,230.09,Paid,TX345910569
PAY0010244,O010244,2025-01-24,Cash,167.1,Paid,TX169686813
PAY0010245,O010245,2026-05-23,Mobile Money,0.0,Pending,TX464386264
PAY0010246,O010246,2025-03-25,Virement,506.16,Paid,TX531743108
PAY0010247,O010247,2025-12-24,Virement,27.4,Paid,TX169348605
PAY0010248,O010248,2025-01-09,Mobile Money,56.4,Paid,TX753018497
PAY0010249,O010249,2025-11-19,Mobile Money,149.53,Paid,TX616997669
PAY0010250,O010250,2025-11-05,Mobile Money,105.99,Paid,TX428597114
PAY0010251,O010251,2026-05-17,Carte bancaire,0.0,Pending,TX349691934
PAY0010252,O010252,2025-11-27,Carte bancaire,124.37,Paid,TX798135547
PAY0010253,O010253,2025-09-29,Mobile Money,0.0,Pending,TX508537029
PAY0010254,O010254,2025-10-21,Carte bancaire,219.53,Paid,TX482662198
PAY0010255,O010255,2025-12-14,Mobile Money,30.7,Paid,TX528618621
PAY0010256,O010256,2025-08-18,Carte bancaire,226.74,Paid,TX785000485
PAY0010257,O010257,2026-01-29,Carte bancaire,74.53,Paid,TX124112611
PAY0010258,O010258,2025-10-18,Virement,174.37,Paid,TX251379298
PAY0010259,O010259,2026-06-16,Carte bancaire,79.53,Paid,TX885444390
PAY0010260,O010260,2025-04-21,Carte bancaire,1672.54,Paid,TX448225777
PAY0010261,O010261,2026-02-05,Mobile Money,0.0,Pending,TX758049640
PAY0010262,O010262,2026-04-01,Carte bancaire,51.53,Paid,TX992186989
PAY0010263,O010263,2026-01-31,Mobile Money,580.85,Paid,TX118776974
PAY0010264,O010264,2026-06-22,Carte bancaire,561.58,Paid,TX810930220
PAY0010265,O010265,2025-08-28,Mobile Money,0.0,Pending,TX768680576
PAY0010266,O010266,2025-10-28,Cash,74.08,Paid,TX526835448
PAY0010267,O010267,2025-03-30,Mobile Money,72.8,Refunded,TX540672607
PAY0010268,O010268,2025-07-29,Cash,436.0,Paid,TX542177962
PAY0010269,O010269,2025-03-29,Mobile Money,566.49,Paid,TX518060945
PAY0010270,O010270,2026-03-13,Carte bancaire,68.71,Paid,TX998648650
PAY0010271,O010271,2026-03-09,Mobile Money,34.8,Paid,TX150321107
PAY0010272,O010272,2025-04-20,Cash,78.47,Paid,TX733706849
PAY0010273,O010273,2026-03-16,Carte bancaire,679.64,Paid,TX388141433
PAY0010274,O010274,2025-06-27,Mobile Money,0.0,Pending,TX178918616
PAY0010275,O010275,2026-02-04,Mobile Money,235.89,Paid,TX709669156
PAY0010276,O010276,2026-05-31,Carte bancaire,310.43,Paid,TX498319042
PAY0010277,O010277,2026-04-01,Virement,193.31,Paid,TX869892963
PAY0010278,O010278,2025-04-14,Virement,101.31,Paid,TX301123956
PAY0010279,O010279,2025-04-12,Carte bancaire,0.0,Pending,TX279224369
PAY0010280,O010280,2025-03-06,Cash,486.67,Paid,TX871816007
PAY0010281,O010281,2026-04-09,Carte bancaire,22.56,Paid,TX511843616
PAY0010282,O010282,2025-10-27,Mobile Money,150.0,Refunded,TX666095132
PAY0010283,O010283,2025-03-31,Mobile Money,59.46,Refunded,TX128775669
PAY0010284,O010284,2025-11-20,Carte bancaire,553.42,Paid,TX137474518
PAY0010285,O010285,2025-10-20,Virement,111.09,Paid,TX494616442
PAY0010286,O010286,2025-11-24,Carte bancaire,1375.34,Paid,TX458324122
PAY0010287,O010287,2025-12-14,Mobile Money,283.94,Paid,TX857493898
PAY0010288,O010288,2025-04-03,Carte bancaire,75.15,Refunded,TX281083455
PAY0010289,O010289,2025-08-01,Mobile Money,301.44,Paid,TX261811839
PAY0010290,O010290,2026-02-02,Cash,521.74,Paid,TX321099152
PAY0010291,O010291,2026-05-17,Mobile Money,0.0,Failed,TX579898854
PAY0010292,O010292,2025-05-16,Cash,151.8,Paid,TX966787374
PAY0010293,O010293,2025-11-13,Mobile Money,433.87,Refunded,TX758761560
PAY0010294,O010294,2026-06-04,Carte bancaire,0.0,Pending,TX842167386
PAY0010295,O010295,2025-11-29,Carte bancaire,191.99,Paid,TX150162025
PAY0010296,O010296,2025-05-07,Virement,44.03,Refunded,TX325957933
PAY0010297,O010297,2025-11-19,Carte bancaire,760.1,Paid,TX763043420
PAY0010298,O010298,2025-01-14,Carte bancaire,319.53,Paid,TX800085316
PAY0010299,O010299,2025-09-30,Mobile Money,0.0,Failed,TX498992512
PAY0010300,O010300,2025-11-10,Mobile Money,130.67,Paid,TX844946963
PAY0010301,O010301,2025-02-04,Carte bancaire,20.85,Paid,TX730376898
PAY0010302,O010302,2025-04-22,Mobile Money,36.58,Paid,TX793319600
PAY0010303,O010303,2026-06-29,Carte bancaire,87.31,Refunded,TX243424426
PAY0010304,O010304,2025-12-12,Virement,92.8,Paid,TX364744679
PAY0010305,O010305,2025-09-11,Mobile Money,360.61,Paid,TX566735791
PAY0010306,O010306,2025-05-07,Mobile Money,727.5,Paid,TX674121012
PAY0010307,O010307,2025-03-11,Carte bancaire,54.85,Refunded,TX729971153
PAY0010308,O010308,2025-08-26,Mobile Money,1166.61,Paid,TX573957339
PAY0010309,O010309,2025-10-26,Mobile Money,233.35,Refunded,TX404446417
PAY0010310,O010310,2025-04-11,Mobile Money,480.94,Refunded,TX172409129
PAY0010311,O010311,2026-03-17,Mobile Money,52.5,Paid,TX436045709
PAY0010312,O010312,2025-08-27,Mobile Money,76.88,Paid,TX625266105
PAY0010313,O010313,2025-02-01,Mobile Money,229.92,Paid,TX858292028
PAY0010314,O010314,2025-03-18,Mobile Money,174.67,Paid,TX109677336
PAY0010315,O010315,2026-04-21,Cash,133.59,Paid,TX557306671
PAY0010316,O010316,2025-07-09,Carte bancaire,81.89,Paid,TX614122248
PAY0010317,O010317,2025-07-26,Mobile Money,497.78,Paid,TX314357249
PAY0010318,O010318,2025-04-24,Carte bancaire,45.5,Paid,TX225918460
PAY0010319,O010319,2026-03-23,Carte bancaire,183.87,Paid,TX528340575
PAY0010320,O010320,2026-03-25,Carte bancaire,100.14,Paid,TX707927754
PAY0010321,O010321,2025-05-14,Carte bancaire,488.22,Paid,TX236526494
PAY0010322,O010322,2026-02-04,Virement,72.66,Paid,TX126730854
PAY0010323,O010323,2025-09-07,Virement,440.85,Paid,TX558001507
PAY0010324,O010324,2025-04-03,Mobile Money,0.0,Pending,TX784118166
PAY0010325,O010325,2026-03-13,Carte bancaire,587.62,Paid,TX710249172
PAY0010326,O010326,2025-02-16,Carte bancaire,158.9,Paid,TX649366919
PAY0010327,O010327,2026-04-29,Mobile Money,0.0,Pending,TX538725498
PAY0010328,O010328,2025-01-19,Cash,0.0,Pending,TX407499664
PAY0010329,O010329,2025-06-29,Cash,95.51,Paid,TX174144232
PAY0010330,O010330,2025-05-06,Carte bancaire,0.0,Failed,TX905581996
PAY0010331,O010331,2025-05-12,Mobile Money,78.4,Refunded,TX479257807
PAY0010332,O010332,2025-09-25,Mobile Money,0.0,Pending,TX717194323
PAY0010333,O010333,2026-02-18,Mobile Money,54.27,Refunded,TX476863918
PAY0010334,O010334,2025-08-10,Carte bancaire,381.53,Paid,TX762503270
PAY0010335,O010335,2025-10-14,Mobile Money,48.92,Refunded,TX248449035
PAY0010336,O010336,2026-06-21,Carte bancaire,168.53,Paid,TX215628877
PAY0010337,O010337,2025-09-30,Cash,492.42,Paid,TX661712841
PAY0010338,O010338,2026-03-11,Mobile Money,739.8,Paid,TX968683986
PAY0010339,O010339,2025-07-30,Cash,82.84,Paid,TX886171456
PAY0010340,O010340,2025-02-14,Carte bancaire,17.27,Paid,TX999265331
PAY0010341,O010341,2025-05-23,Mobile Money,208.78,Paid,TX916440913
PAY0010342,O010342,2025-03-30,Mobile Money,19.72,Paid,TX322701989
PAY0010343,O010343,2026-05-14,Mobile Money,1154.05,Paid,TX887462085
PAY0010344,O010344,2025-01-16,Carte bancaire,26.61,Paid,TX577519397
PAY0010345,O010345,2026-03-29,Carte bancaire,102.38,Paid,TX145013160
PAY0010346,O010346,2025-03-21,Virement,107.27,Refunded,TX101515975
PAY0010347,O010347,2025-03-24,Mobile Money,267.57,Paid,TX694584853
PAY0010348,O010348,2025-10-22,Carte bancaire,65.99,Paid,TX916619434
PAY0010349,O010349,2025-02-18,Carte bancaire,60.03,Paid,TX589389608
PAY0010350,O010350,2025-02-12,Mobile Money,122.29,Paid,TX793236065
PAY0010351,O010351,2026-03-05,Mobile Money,2949.73,Paid,TX695634039
PAY0010352,O010352,2025-02-04,Carte bancaire,31.53,Paid,TX313933375
PAY0010353,O010353,2025-11-25,Cash,331.5,Paid,TX385661318
PAY0010354,O010354,2025-03-10,Virement,152.85,Paid,TX316877168
PAY0010355,O010355,2025-02-16,Cash,2444.0,Paid,TX411453194
PAY0010356,O010356,2026-01-05,Mobile Money,43.32,Paid,TX446752403
PAY0010357,O010357,2025-08-06,Carte bancaire,0.0,Pending,TX679988159
PAY0010358,O010358,2025-01-15,Mobile Money,735.37,Paid,TX637788335
PAY0010359,O010359,2026-01-12,Mobile Money,30.77,Paid,TX646486947
PAY0010360,O010360,2026-06-17,Mobile Money,0.0,Failed,TX833536712
PAY0010361,O010361,2025-11-07,Carte bancaire,1233.01,Paid,TX237195984
PAY0010362,O010362,2025-08-01,Virement,66.5,Paid,TX990032041
PAY0010363,O010363,2026-04-12,Carte bancaire,0.0,Failed,TX477409448
PAY0010364,O010364,2025-07-05,Carte bancaire,18.73,Paid,TX449683582
PAY0010365,O010365,2025-12-04,Mobile Money,274.31,Paid,TX506776087
PAY0010366,O010366,2025-09-18,Carte bancaire,0.0,Failed,TX556971838
PAY0010367,O010367,2026-02-03,Mobile Money,134.87,Paid,TX645067090
PAY0010368,O010368,2025-10-15,Mobile Money,25.5,Paid,TX216638084
PAY0010369,O010369,2025-09-23,Carte bancaire,145.22,Paid,TX535418089
PAY0010370,O010370,2025-08-20,Cash,113.89,Refunded,TX960818712
PAY0010371,O010371,2025-06-14,Cash,120.32,Paid,TX899351754
PAY0010372,O010372,2025-09-26,Virement,1080.35,Paid,TX479179087
PAY0010373,O010373,2025-02-04,Mobile Money,71.3,Paid,TX630071540
PAY0010374,O010374,2025-07-08,Carte bancaire,72.3,Paid,TX871302517
PAY0010375,O010375,2025-02-12,Cash,1403.79,Paid,TX877718214
PAY0010376,O010376,2025-06-30,Mobile Money,42.3,Refunded,TX309382770
PAY0010377,O010377,2025-07-16,Mobile Money,22.4,Paid,TX858063754
PAY0010378,O010378,2025-01-18,Mobile Money,684.67,Paid,TX750990839
PAY0010379,O010379,2025-06-13,Virement,539.55,Refunded,TX589708249
PAY0010380,O010380,2026-01-05,Carte bancaire,210.58,Paid,TX737224170
PAY0010381,O010381,2026-06-17,Cash,324.61,Paid,TX951659778
PAY0010382,O010382,2025-12-09,Mobile Money,38.05,Paid,TX852115090
PAY0010383,O010383,2026-01-27,Mobile Money,0.0,Failed,TX992943879
PAY0010384,O010384,2026-01-02,Carte bancaire,321.71,Refunded,TX738365395
PAY0010385,O010385,2026-06-04,Mobile Money,344.65,Paid,TX370831399
PAY0010386,O010386,2026-06-02,Cash,184.71,Paid,TX782644263
PAY0010387,O010387,2025-03-08,Carte bancaire,96.62,Paid,TX808394727
PAY0010388,O010388,2025-09-19,Carte bancaire,0.0,Pending,TX543193049
PAY0010389,O010389,2026-05-17,Mobile Money,988.45,Paid,TX302182141
PAY0010390,O010390,2026-04-29,Virement,107.77,Paid,TX164176214
PAY0010391,O010391,2025-10-21,Cash,2872.05,Paid,TX166398925
PAY0010392,O010392,2025-09-02,Virement,0.0,Failed,TX615461802
PAY0010393,O010393,2025-02-05,Carte bancaire,247.26,Paid,TX903982154
PAY0010394,O010394,2025-09-22,Carte bancaire,131.97,Paid,TX942874343
PAY0010395,O010395,2025-10-07,Carte bancaire,1211.64,Refunded,TX748896410
PAY0010396,O010396,2025-12-15,Mobile Money,0.0,Pending,TX708138266
PAY0010397,O010397,2025-10-17,Virement,375.25,Paid,TX533284767
PAY0010398,O010398,2025-05-02,Mobile Money,197.05,Paid,TX495311933
PAY0010399,O010399,2026-06-19,Mobile Money,78.44,Paid,TX913409102
PAY0010400,O010400,2025-05-04,Cash,793.58,Paid,TX504556633
PAY0010401,O010401,2025-07-29,Carte bancaire,44.62,Refunded,TX182682354
PAY0010402,O010402,2025-10-11,Carte bancaire,94.65,Paid,TX968812157
PAY0010403,O010403,2025-06-13,Mobile Money,263.02,Paid,TX328888966
PAY0010404,O010404,2025-02-09,Virement,0.0,Pending,TX401244983
PAY0010405,O010405,2025-12-02,Carte bancaire,222.08,Paid,TX464629866
PAY0010406,O010406,2025-05-11,Carte bancaire,3631.61,Paid,TX696563676
PAY0010407,O010407,2026-04-29,Mobile Money,219.02,Paid,TX437130040
PAY0010408,O010408,2026-03-14,Mobile Money,45.76,Paid,TX711044421
PAY0010409,O010409,2025-08-23,Mobile Money,0.0,Pending,TX949312578
PAY0010410,O010410,2025-09-12,Mobile Money,45.37,Paid,TX310498595
PAY0010411,O010411,2026-06-05,Carte bancaire,108.14,Paid,TX915628838
PAY0010412,O010412,2025-01-18,Virement,848.89,Paid,TX165832314
PAY0010413,O010413,2025-07-28,Mobile Money,141.72,Paid,TX398012608
PAY0010414,O010414,2025-02-03,Mobile Money,54.88,Pending,TX752782736
PAY0010415,O010415,2025-03-19,Virement,1649.64,Paid,TX851111908
PAY0010416,O010416,2026-05-22,Virement,0.0,Pending,TX233082141
PAY0010417,O010417,2025-02-25,Carte bancaire,1145.84,Paid,TX307455482
PAY0010418,O010418,2026-06-11,Carte bancaire,0.0,Pending,TX736043796
PAY0010419,O010419,2026-03-07,Mobile Money,147.4,Refunded,TX801823871
PAY0010420,O010420,2025-12-22,Carte bancaire,25.62,Paid,TX817274604
PAY0010421,O010421,2026-02-13,Virement,56.01,Paid,TX581309479
PAY0010422,O010422,2025-04-14,Carte bancaire,0.0,Pending,TX100942370
PAY0010423,O010423,2025-03-06,Virement,858.65,Paid,TX404175972
PAY0010424,O010424,2025-07-23,Carte bancaire,237.77,Paid,TX309307169
PAY0010425,O010425,2026-02-27,Mobile Money,138.3,Paid,TX878526070
PAY0010426,O010426,2025-06-18,Mobile Money,0.0,Pending,TX369212125
PAY0010427,O010427,2025-04-07,Mobile Money,495.37,Paid,TX313976375
PAY0010428,O010428,2026-03-08,Cash,52.61,Paid,TX780276329
PAY0010429,O010429,2025-12-15,Cash,493.48,Paid,TX366504019
PAY0010430,O010430,2025-10-24,Mobile Money,153.02,Paid,TX484142679
PAY0010431,O010431,2025-08-15,Mobile Money,283.63,Paid,TX594154221
PAY0010432,O010432,2026-03-05,Cash,32.14,Paid,TX220898264
PAY0010433,O010433,2026-02-10,Carte bancaire,0.0,Pending,TX788210274
PAY0010434,O010434,2025-07-21,Virement,575.05,Refunded,TX481104389
PAY0010435,O010435,2025-03-16,Mobile Money,934.04,Refunded,TX236375821
PAY0010436,O010436,2026-04-26,Mobile Money,257.17,Refunded,TX981176737
PAY0010437,O010437,2025-03-17,Mobile Money,247.81,Paid,TX717907383
PAY0010438,O010438,2025-08-27,Carte bancaire,16.36,Paid,TX565213560
PAY0010439,O010439,2026-05-06,Cash,169.1,Paid,TX300756420
PAY0010440,O010440,2025-08-17,Virement,89.92,Paid,TX729165802
PAY0010441,O010441,2026-04-02,Mobile Money,166.12,Refunded,TX588193761
PAY0010442,O010442,2025-09-29,Mobile Money,0.0,Pending,TX154434617
PAY0010443,O010443,2026-02-13,Virement,32.18,Paid,TX597634977
PAY0010444,O010444,2025-11-22,Carte bancaire,265.32,Paid,TX760356108
PAY0010445,O010445,2025-06-04,Carte bancaire,1491.68,Paid,TX540547654
PAY0010446,O010446,2026-05-08,Mobile Money,0.0,Pending,TX207979843
PAY0010447,O010447,2025-09-17,Carte bancaire,271.67,Paid,TX396610412
PAY0010448,O010448,2025-09-08,Mobile Money,367.69,Paid,TX277427446
PAY0010449,O010449,2025-12-28,Mobile Money,182.84,Refunded,TX893239381
PAY0010450,O010450,2026-05-25,Virement,158.21,Paid,TX711734197
PAY0010451,O010451,2026-04-25,Carte bancaire,162.11,Paid,TX126564335
PAY0010452,O010452,2025-08-08,Mobile Money,0.0,Failed,TX790436621
PAY0010453,O010453,2025-05-07,Mobile Money,97.8,Paid,TX585129210
PAY0010454,O010454,2025-06-29,Mobile Money,166.77,Paid,TX268240871
PAY0010455,O010455,2025-05-28,Mobile Money,89.62,Paid,TX298630813
PAY0010456,O010456,2025-06-12,Mobile Money,2591.0,Paid,TX125473575
PAY0010457,O010457,2025-08-25,Carte bancaire,525.02,Paid,TX581741262
PAY0010458,O010458,2025-01-16,Mobile Money,0.0,Pending,TX791629168
PAY0010459,O010459,2025-10-23,Carte bancaire,167.24,Paid,TX977663135
PAY0010460,O010460,2026-04-15,Carte bancaire,885.53,Refunded,TX994834783
PAY0010461,O010461,2025-08-25,Cash,141.74,Paid,TX429645541
PAY0010462,O010462,2025-02-17,Carte bancaire,0.0,Pending,TX125715373
PAY0010463,O010463,2025-08-03,Virement,91.74,Pending,TX436532543
PAY0010464,O010464,2025-07-05,Cash,961.0,Paid,TX935669358
PAY0010465,O010465,2025-11-22,Mobile Money,20.59,Paid,TX733439080
PAY0010466,O010466,2025-05-20,Mobile Money,113.94,Paid,TX133126143
PAY0010467,O010467,2025-06-14,Mobile Money,437.55,Paid,TX995410131
PAY0010468,O010468,2026-02-12,Carte bancaire,196.66,Paid,TX984316551
PAY0010469,O010469,2025-04-08,Mobile Money,208.07,Paid,TX951917566
PAY0010470,O010470,2026-05-31,Mobile Money,0.0,Failed,TX520284389
PAY0010471,O010471,2025-06-15,Mobile Money,195.36,Paid,TX852095750
PAY0010472,O010472,2026-03-27,Mobile Money,37.89,Paid,TX202373766
PAY0010473,O010473,2025-02-18,Mobile Money,240.38,Paid,TX183858104
PAY0010474,O010474,2025-06-25,Cash,746.44,Paid,TX636604875
PAY0010475,O010475,2025-07-26,Mobile Money,0.0,Pending,TX458035152
PAY0010476,O010476,2025-09-08,Mobile Money,763.5,Paid,TX253277233
PAY0010477,O010477,2025-02-22,Cash,0.0,Pending,TX784889260
PAY0010478,O010478,2025-05-16,Virement,84.21,Paid,TX844962101
PAY0010479,O010479,2026-04-27,Cash,181.66,Paid,TX393766367
PAY0010480,O010480,2026-05-26,Virement,0.0,Failed,TX128225343
PAY0010481,O010481,2025-08-30,Mobile Money,87.95,Pending,TX294104461
PAY0010482,O010482,2025-03-10,Mobile Money,87.59,Paid,TX794046156
PAY0010483,O010483,2025-06-03,Virement,165.76,Paid,TX808241576
PAY0010484,O010484,2026-06-07,Mobile Money,0.0,Failed,TX515351758
PAY0010485,O010485,2026-05-21,Mobile Money,0.0,Pending,TX973533164
PAY0010486,O010486,2026-03-22,Virement,48.25,Paid,TX637244359
PAY0010487,O010487,2026-04-20,Mobile Money,0.0,Failed,TX495578933
PAY0010488,O010488,2026-01-28,Mobile Money,329.9,Paid,TX504186161
PAY0010489,O010489,2025-12-08,Carte bancaire,121.2,Paid,TX986532413
PAY0010490,O010490,2026-03-01,Mobile Money,144.49,Paid,TX439790398
PAY0010491,O010491,2025-12-22,Mobile Money,580.5,Paid,TX720151435
PAY0010492,O010492,2025-07-05,Carte bancaire,45.06,Paid,TX114801492
PAY0010493,O010493,2025-12-22,Mobile Money,680.27,Paid,TX861994825
PAY0010494,O010494,2025-06-12,Cash,2901.31,Pending,TX483811655
PAY0010495,O010495,2025-12-10,Mobile Money,190.37,Refunded,TX723978513
PAY0010496,O010496,2025-07-29,Mobile Money,74.29,Paid,TX499742807
PAY0010497,O010497,2025-09-29,Virement,296.37,Paid,TX110654261
PAY0010498,O010498,2025-04-14,Mobile Money,374.94,Paid,TX711788857
PAY0010499,O010499,2026-06-11,Virement,80.16,Paid,TX547521599
PAY0010500,O010500,2026-02-17,Virement,28.21,Paid,TX149923522
PAY0010501,O010501,2025-03-04,Mobile Money,272.01,Paid,TX467239567
PAY0010502,O010502,2025-09-20,Carte bancaire,3333.6,Paid,TX543443283
PAY0010503,O010503,2025-09-10,Mobile Money,64.42,Paid,TX551036521
PAY0010504,O010504,2026-05-05,Cash,58.36,Paid,TX941392879
PAY0010505,O010505,2026-02-19,Cash,217.74,Paid,TX434520349
PAY0010506,O010506,2026-05-01,Mobile Money,348.65,Paid,TX857549125
PAY0010507,O010507,2025-09-16,Cash,0.0,Failed,TX242549037
PAY0010508,O010508,2025-03-29,Mobile Money,668.55,Paid,TX920643232
PAY0010509,O010509,2026-02-02,Carte bancaire,79.34,Paid,TX128527972
PAY0010510,O010510,2025-05-01,Mobile Money,329.7,Pending,TX421563883
PAY0010511,O010511,2025-12-16,Mobile Money,1456.03,Paid,TX455251989
PAY0010512,O010512,2025-08-17,Mobile Money,42.71,Paid,TX301382734
PAY0010513,O010513,2025-07-12,Mobile Money,0.0,Failed,TX982571481
PAY0010514,O010514,2025-03-09,Mobile Money,74.49,Paid,TX200084501
PAY0010515,O010515,2026-03-15,Carte bancaire,0.0,Pending,TX364875612
PAY0010516,O010516,2026-01-15,Cash,178.7,Paid,TX338808094
PAY0010517,O010517,2025-07-07,Virement,987.53,Paid,TX509585911
PAY0010518,O010518,2026-02-11,Mobile Money,70.6,Paid,TX927021799
PAY0010519,O010519,2026-06-28,Mobile Money,771.12,Paid,TX323420556
PAY0010520,O010520,2026-02-04,Virement,174.04,Pending,TX602899254
PAY0010521,O010521,2026-06-05,Carte bancaire,107.49,Refunded,TX721221145
PAY0010522,O010522,2025-09-15,Mobile Money,284.83,Paid,TX637177202
PAY0010523,O010523,2025-07-30,Mobile Money,0.0,Failed,TX230514299
PAY0010524,O010524,2026-04-11,Cash,0.0,Pending,TX165904950
PAY0010525,O010525,2026-01-01,Carte bancaire,2060.92,Paid,TX216817863
PAY0010526,O010526,2025-12-03,Mobile Money,197.3,Paid,TX685089055
PAY0010527,O010527,2025-12-19,Virement,759.12,Paid,TX295827031
PAY0010528,O010528,2026-07-01,Carte bancaire,389.73,Paid,TX693229737
PAY0010529,O010529,2026-01-14,Virement,0.0,Failed,TX417660203
PAY0010530,O010530,2026-03-25,Mobile Money,594.26,Paid,TX218804939
PAY0010531,O010531,2025-01-22,Cash,87.66,Paid,TX788392103
PAY0010532,O010532,2026-02-04,Virement,475.41,Refunded,TX155656739
PAY0010533,O010533,2025-06-26,Carte bancaire,1078.17,Paid,TX297166851
PAY0010534,O010534,2025-03-09,Cash,278.2,Paid,TX885366650
PAY0010535,O010535,2025-06-03,Mobile Money,23.78,Paid,TX892176713
PAY0010536,O010536,2026-04-03,Carte bancaire,29.62,Paid,TX511614698
PAY0010537,O010537,2026-03-25,Carte bancaire,347.25,Paid,TX991315480
PAY0010538,O010538,2025-06-17,Virement,0.0,Pending,TX901527139
PAY0010539,O010539,2025-04-16,Carte bancaire,981.5,Paid,TX604587696
PAY0010540,O010540,2025-08-19,Cash,286.4,Paid,TX642514796
PAY0010541,O010541,2025-07-04,Carte bancaire,123.19,Paid,TX725597982
PAY0010542,O010542,2025-09-12,Carte bancaire,0.0,Pending,TX224795681
PAY0010543,O010543,2026-03-08,Mobile Money,70.52,Paid,TX666099583
PAY0010544,O010544,2025-07-03,Virement,26.66,Paid,TX482161866
PAY0010545,O010545,2025-04-08,Carte bancaire,43.92,Refunded,TX439529213
PAY0010546,O010546,2025-03-05,Cash,69.57,Paid,TX549966066
PAY0010547,O010547,2026-01-15,Cash,74.15,Paid,TX737181744
PAY0010548,O010548,2025-04-21,Carte bancaire,40.76,Paid,TX363499597
PAY0010549,O010549,2025-05-05,Mobile Money,359.83,Paid,TX561582866
PAY0010550,O010550,2026-03-20,Carte bancaire,98.53,Paid,TX328551234
PAY0010551,O010551,2025-02-23,Carte bancaire,278.28,Refunded,TX287971124
PAY0010552,O010552,2025-12-28,Mobile Money,0.0,Failed,TX694506873
PAY0010553,O010553,2025-01-11,Mobile Money,518.59,Paid,TX571994919
PAY0010554,O010554,2026-06-05,Virement,61.87,Paid,TX775556168
PAY0010555,O010555,2026-01-31,Mobile Money,124.49,Paid,TX292063585
PAY0010556,O010556,2026-03-30,Cash,1714.95,Paid,TX633839156
PAY0010557,O010557,2026-01-02,Mobile Money,1228.53,Paid,TX338327738
PAY0010558,O010558,2025-08-10,Cash,0.0,Pending,TX549885121
PAY0010559,O010559,2026-07-02,Carte bancaire,0.0,Pending,TX200658538
PAY0010560,O010560,2026-03-09,Carte bancaire,2361.4,Paid,TX883529575
PAY0010561,O010561,2025-02-19,Carte bancaire,170.31,Paid,TX599462753
PAY0010562,O010562,2025-11-13,Carte bancaire,0.0,Pending,TX844064596
PAY0010563,O010563,2025-10-26,Carte bancaire,0.0,Failed,TX450394943
PAY0010564,O010564,2025-06-10,Mobile Money,0.0,Failed,TX473386370
PAY0010565,O010565,2025-09-11,Carte bancaire,112.32,Paid,TX733546800
PAY0010566,O010566,2026-06-23,Cash,25.8,Paid,TX843629484
PAY0010567,O010567,2025-02-18,Virement,467.38,Paid,TX342286807
PAY0010568,O010568,2026-05-25,Cash,0.0,Pending,TX767553095
PAY0010569,O010569,2026-01-19,Virement,498.09,Paid,TX550996033
PAY0010570,O010570,2025-03-06,Virement,252.16,Paid,TX660728012
PAY0010571,O010571,2025-06-21,Cash,249.04,Paid,TX366924940
PAY0010572,O010572,2026-04-08,Virement,291.64,Paid,TX629044865
PAY0010573,O010573,2026-01-21,Mobile Money,143.02,Paid,TX366942009
PAY0010574,O010574,2025-02-15,Carte bancaire,0.0,Failed,TX918722985
PAY0010575,O010575,2025-03-24,Mobile Money,0.0,Pending,TX788776057
PAY0010576,O010576,2026-05-27,Mobile Money,488.74,Paid,TX461961598
PAY0010577,O010577,2025-03-30,Carte bancaire,0.0,Failed,TX222864318
PAY0010578,O010578,2025-12-13,Cash,385.17,Paid,TX736128578
PAY0010579,O010579,2026-07-01,Mobile Money,195.31,Refunded,TX662320049
PAY0010580,O010580,2025-04-02,Virement,0.0,Pending,TX115029961
PAY0010581,O010581,2025-01-28,Carte bancaire,0.0,Pending,TX989550474
PAY0010582,O010582,2026-03-24,Virement,199.7,Paid,TX889117670
PAY0010583,O010583,2026-06-07,Carte bancaire,0.0,Pending,TX631515447
PAY0010584,O010584,2025-10-10,Carte bancaire,196.34,Paid,TX285650597
PAY0010585,O010585,2025-05-12,Mobile Money,2882.99,Paid,TX930547013
PAY0010586,O010586,2025-02-02,Mobile Money,655.99,Paid,TX380545338
PAY0010587,O010587,2026-05-17,Carte bancaire,0.0,Pending,TX309530512
PAY0010588,O010588,2026-03-14,Carte bancaire,47.64,Paid,TX157733883
PAY0010589,O010589,2026-05-07,Mobile Money,1212.73,Paid,TX711196169
PAY0010590,O010590,2026-03-11,Carte bancaire,75.3,Paid,TX382113698
PAY0010591,O010591,2025-08-30,Carte bancaire,354.46,Paid,TX924363075
PAY0010592,O010592,2025-09-23,Mobile Money,28.06,Paid,TX811770723
PAY0010593,O010593,2025-07-31,Mobile Money,77.97,Paid,TX632569979
PAY0010594,O010594,2026-02-08,Mobile Money,124.91,Paid,TX807611216
PAY0010595,O010595,2025-02-25,Virement,48.29,Paid,TX440633346
PAY0010596,O010596,2025-01-24,Virement,219.21,Paid,TX248196544
PAY0010597,O010597,2026-06-15,Mobile Money,297.22,Paid,TX979187026
PAY0010598,O010598,2025-06-26,Carte bancaire,0.0,Failed,TX191701617
PAY0010599,O010599,2025-01-22,Mobile Money,0.0,Failed,TX763124885
PAY0010600,O010600,2026-01-08,Carte bancaire,18.58,Paid,TX384894517
PAY0010601,O010601,2025-08-09,Mobile Money,0.0,Pending,TX725506095
PAY0010602,O010602,2025-05-07,Carte bancaire,367.81,Refunded,TX125038160
PAY0010603,O010603,2025-08-28,Carte bancaire,0.0,Pending,TX496516209
PAY0010604,O010604,2025-09-07,Mobile Money,246.1,Paid,TX922740484
PAY0010605,O010605,2025-12-04,Mobile Money,0.0,Failed,TX930962164
PAY0010606,O010606,2026-05-29,Carte bancaire,150.93,Paid,TX997511147
PAY0010607,O010607,2026-04-30,Mobile Money,0.0,Failed,TX447625732
PAY0010608,O010608,2026-03-31,Cash,0.0,Failed,TX888141910
PAY0010609,O010609,2025-09-27,Mobile Money,140.33,Paid,TX576774827
PAY0010610,O010610,2025-11-06,Mobile Money,2086.48,Paid,TX461865090
PAY0010611,O010611,2025-03-17,Carte bancaire,150.0,Paid,TX137548715
PAY0010612,O010612,2025-11-13,Mobile Money,306.35,Paid,TX680734657
PAY0010613,O010613,2026-01-03,Carte bancaire,190.77,Paid,TX939852797
PAY0010614,O010614,2026-05-05,Carte bancaire,126.53,Paid,TX875829634
PAY0010615,O010615,2025-01-27,Carte bancaire,66.79,Paid,TX635596009
PAY0010616,O010616,2026-04-20,Mobile Money,120.5,Paid,TX650667055
PAY0010617,O010617,2025-10-14,Virement,29.46,Paid,TX217373270
PAY0010618,O010618,2025-02-20,Mobile Money,93.59,Paid,TX769670892
PAY0010619,O010619,2026-07-04,Carte bancaire,161.92,Paid,TX942711949
PAY0010620,O010620,2025-09-14,Cash,1784.53,Paid,TX303376639
PAY0010621,O010621,2025-08-14,Mobile Money,457.43,Paid,TX194647524
PAY0010622,O010622,2025-04-18,Cash,987.84,Paid,TX313313910
PAY0010623,O010623,2025-02-14,Carte bancaire,994.03,Refunded,TX899753361
PAY0010624,O010624,2025-02-18,Mobile Money,111.47,Paid,TX640330946
PAY0010625,O010625,2025-05-30,Carte bancaire,256.88,Paid,TX252732289
PAY0010626,O010626,2025-06-14,Cash,959.51,Paid,TX928723067
PAY0010627,O010627,2025-09-13,Virement,184.38,Paid,TX520964540
PAY0010628,O010628,2025-12-03,Mobile Money,304.19,Paid,TX272808959
PAY0010629,O010629,2026-06-28,Virement,395.56,Paid,TX550245855
PAY0010630,O010630,2026-03-13,Mobile Money,497.05,Paid,TX409749941
PAY0010631,O010631,2025-09-28,Mobile Money,17.86,Paid,TX912627168
PAY0010632,O010632,2026-05-16,Mobile Money,374.38,Paid,TX138707555
PAY0010633,O010633,2025-11-06,Carte bancaire,83.28,Paid,TX570669488
PAY0010634,O010634,2025-08-22,Mobile Money,17.81,Paid,TX166239512
PAY0010635,O010635,2025-05-01,Virement,771.75,Paid,TX499561535
PAY0010636,O010636,2025-08-23,Mobile Money,62.66,Paid,TX824216052
PAY0010637,O010637,2025-01-25,Mobile Money,41.77,Refunded,TX744993290
PAY0010638,O010638,2025-03-25,Carte bancaire,42.89,Paid,TX927098880
PAY0010639,O010639,2026-06-06,Carte bancaire,37.44,Paid,TX748613149
PAY0010640,O010640,2025-04-17,Mobile Money,279.6,Refunded,TX126841336
PAY0010641,O010641,2025-11-08,Virement,0.0,Pending,TX848203488
PAY0010642,O010642,2025-03-01,Mobile Money,1067.61,Paid,TX935891387
PAY0010643,O010643,2025-11-30,Carte bancaire,555.99,Paid,TX830797730
PAY0010644,O010644,2026-06-19,Virement,20.34,Paid,TX922568085
PAY0010645,O010645,2025-09-12,Virement,29.11,Paid,TX749126637
PAY0010646,O010646,2025-03-15,Carte bancaire,1239.32,Paid,TX761676128
PAY0010647,O010647,2025-01-14,Mobile Money,269.02,Paid,TX462342300
PAY0010648,O010648,2026-02-21,Mobile Money,76.89,Paid,TX453913259
PAY0010649,O010649,2025-02-26,Carte bancaire,18.6,Paid,TX294741617
PAY0010650,O010650,2025-06-28,Cash,249.94,Paid,TX851206447
PAY0010651,O010651,2026-04-09,Mobile Money,0.0,Pending,TX498797305
PAY0010652,O010652,2025-10-24,Virement,3568.52,Paid,TX337223444
PAY0010653,O010653,2026-04-28,Virement,140.33,Paid,TX851152764
PAY0010654,O010654,2026-04-26,Cash,123.93,Refunded,TX142650376
PAY0010655,O010655,2026-01-02,Mobile Money,1228.96,Paid,TX552777148
PAY0010656,O010656,2026-05-31,Mobile Money,0.0,Pending,TX312613878
PAY0010657,O010657,2025-01-24,Mobile Money,72.49,Refunded,TX909913279
PAY0010658,O010658,2025-05-14,Carte bancaire,722.0,Paid,TX464344872
PAY0010659,O010659,2025-06-03,Virement,94.75,Paid,TX873177318
PAY0010660,O010660,2026-05-15,Cash,0.0,Failed,TX819068647
PAY0010661,O010661,2025-12-10,Mobile Money,890.82,Paid,TX923454601
PAY0010662,O010662,2025-05-21,Virement,133.41,Paid,TX147267371
PAY0010663,O010663,2025-04-26,Virement,149.25,Paid,TX722924283
PAY0010664,O010664,2026-03-21,Mobile Money,124.3,Paid,TX364200523
PAY0010665,O010665,2026-04-18,Carte bancaire,167.1,Paid,TX802571883
PAY0010666,O010666,2025-01-10,Virement,29.87,Paid,TX955065205
PAY0010667,O010667,2025-07-23,Virement,17.23,Paid,TX589783854
PAY0010668,O010668,2025-10-24,Cash,74.61,Paid,TX836522368
PAY0010669,O010669,2025-05-11,Carte bancaire,1162.99,Paid,TX858372788
PAY0010670,O010670,2026-02-03,Carte bancaire,1617.99,Paid,TX918960711
PAY0010671,O010671,2026-02-20,Virement,4726.33,Refunded,TX386860062
PAY0010672,O010672,2026-04-08,Mobile Money,540.51,Paid,TX575826075
PAY0010673,O010673,2026-03-08,Virement,361.18,Paid,TX467081429
PAY0010674,O010674,2026-04-08,Mobile Money,206.53,Paid,TX995110978
PAY0010675,O010675,2025-07-23,Carte bancaire,207.44,Paid,TX480132009
PAY0010676,O010676,2025-06-15,Carte bancaire,277.84,Pending,TX647991178
PAY0010677,O010677,2025-06-27,Mobile Money,0.0,Pending,TX237202100
PAY0010678,O010678,2026-04-13,Mobile Money,0.0,Pending,TX617343274
PAY0010679,O010679,2025-12-24,Mobile Money,54.62,Refunded,TX851216238
PAY0010680,O010680,2025-06-27,Mobile Money,27.02,Paid,TX745025228
PAY0010681,O010681,2026-02-02,Mobile Money,53.89,Paid,TX776506887
PAY0010682,O010682,2025-05-10,Mobile Money,572.26,Refunded,TX469152520
PAY0010683,O010683,2025-05-27,Virement,59.5,Paid,TX182955411
PAY0010684,O010684,2025-01-01,Mobile Money,55.5,Paid,TX173310275
PAY0010685,O010685,2026-06-17,Mobile Money,0.0,Pending,TX741238320
PAY0010686,O010686,2025-05-10,Mobile Money,163.5,Paid,TX799786723
PAY0010687,O010687,2026-02-21,Carte bancaire,51.38,Paid,TX132697211
PAY0010688,O010688,2025-03-06,Mobile Money,0.0,Failed,TX583998278
PAY0010689,O010689,2025-01-23,Mobile Money,38.36,Paid,TX175560767
PAY0010690,O010690,2026-01-07,Carte bancaire,1412.01,Refunded,TX970894815
PAY0010691,O010691,2025-02-26,Cash,264.83,Paid,TX921310369
PAY0010692,O010692,2025-03-23,Mobile Money,165.35,Paid,TX478662782
PAY0010693,O010693,2025-07-04,Mobile Money,112.97,Paid,TX136133166
PAY0010694,O010694,2025-11-20,Mobile Money,0.0,Pending,TX110485098
PAY0010695,O010695,2025-01-11,Virement,131.08,Paid,TX499698616
PAY0010696,O010696,2025-03-15,Carte bancaire,153.85,Paid,TX791811931
PAY0010697,O010697,2025-07-08,Virement,204.32,Paid,TX884751725
PAY0010698,O010698,2026-01-23,Carte bancaire,0.0,Pending,TX377999555
PAY0010699,O010699,2025-02-26,Carte bancaire,38.19,Paid,TX863733455
PAY0010700,O010700,2025-06-08,Cash,0.0,Pending,TX788940380
PAY0010701,O010701,2025-04-16,Mobile Money,71.7,Paid,TX517689061
PAY0010702,O010702,2025-06-20,Mobile Money,520.9,Paid,TX136853778
PAY0010703,O010703,2025-05-23,Cash,195.85,Paid,TX771885958
PAY0010704,O010704,2025-12-21,Mobile Money,216.16,Paid,TX643919256
PAY0010705,O010705,2025-02-10,Mobile Money,191.9,Paid,TX614592195
PAY0010706,O010706,2026-06-03,Mobile Money,133.07,Paid,TX964082258
PAY0010707,O010707,2025-05-17,Virement,127.23,Paid,TX512159160
PAY0010708,O010708,2026-06-28,Cash,496.16,Paid,TX170673571
PAY0010709,O010709,2026-02-08,Carte bancaire,293.2,Paid,TX636304352
PAY0010710,O010710,2025-07-18,Cash,37.88,Paid,TX740831481
PAY0010711,O010711,2025-06-16,Mobile Money,27.73,Paid,TX195084594
PAY0010712,O010712,2026-06-07,Carte bancaire,0.0,Failed,TX477756783
PAY0010713,O010713,2026-07-01,Carte bancaire,17.86,Paid,TX641683047
PAY0010714,O010714,2025-12-05,Mobile Money,97.61,Paid,TX708476077
PAY0010715,O010715,2025-01-26,Carte bancaire,146.52,Paid,TX433154586
PAY0010716,O010716,2026-05-16,Carte bancaire,16.64,Paid,TX394474132
PAY0010717,O010717,2025-09-19,Virement,0.0,Pending,TX132563107
PAY0010718,O010718,2025-01-18,Virement,0.0,Pending,TX527419407
PAY0010719,O010719,2026-03-19,Mobile Money,74.15,Paid,TX615582688
PAY0010720,O010720,2025-01-23,Mobile Money,0.0,Pending,TX170407084
PAY0010721,O010721,2025-07-25,Cash,355.38,Paid,TX214724636
PAY0010722,O010722,2025-02-12,Carte bancaire,137.73,Paid,TX275075999
PAY0010723,O010723,2025-09-01,Mobile Money,1855.55,Paid,TX486522517
PAY0010724,O010724,2026-03-19,Carte bancaire,18.21,Paid,TX200494219
PAY0010725,O010725,2025-03-12,Virement,133.38,Refunded,TX432520197
PAY0010726,O010726,2025-03-18,Mobile Money,69.95,Paid,TX187393430
PAY0010727,O010727,2026-06-11,Mobile Money,54.07,Paid,TX655548505
PAY0010728,O010728,2025-04-08,Carte bancaire,2213.45,Paid,TX806051745
PAY0010729,O010729,2025-03-06,Mobile Money,211.65,Paid,TX460201862
PAY0010730,O010730,2025-11-17,Cash,23.38,Paid,TX504302844
PAY0010731,O010731,2025-06-02,Mobile Money,0.0,Pending,TX679004133
PAY0010732,O010732,2026-06-09,Carte bancaire,0.0,Pending,TX926752627
PAY0010733,O010733,2025-04-01,Carte bancaire,65.55,Paid,TX831729628
PAY0010734,O010734,2025-11-11,Mobile Money,218.24,Paid,TX203239935
PAY0010735,O010735,2026-05-23,Mobile Money,176.09,Paid,TX805247363
PAY0010736,O010736,2026-02-06,Mobile Money,0.0,Pending,TX605855293
PAY0010737,O010737,2025-01-18,Carte bancaire,92.69,Paid,TX844260163
PAY0010738,O010738,2025-04-16,Mobile Money,1290.86,Paid,TX989817865
PAY0010739,O010739,2025-03-13,Cash,330.43,Paid,TX866566696
PAY0010740,O010740,2026-05-17,Virement,1317.95,Paid,TX197846483
PAY0010741,O010741,2025-04-25,Mobile Money,125.12,Paid,TX198771998
PAY0010742,O010742,2025-01-31,Mobile Money,95.16,Paid,TX636980459
PAY0010743,O010743,2025-08-02,Mobile Money,647.8,Paid,TX181223834
PAY0010744,O010744,2025-06-07,Virement,171.57,Paid,TX633212168
PAY0010745,O010745,2025-04-04,Virement,244.7,Paid,TX646929901
PAY0010746,O010746,2025-09-09,Carte bancaire,656.72,Paid,TX715078219
PAY0010747,O010747,2026-05-12,Carte bancaire,386.08,Refunded,TX524948926
PAY0010748,O010748,2025-05-04,Mobile Money,571.2,Paid,TX173846262
PAY0010749,O010749,2026-06-23,Virement,73.21,Paid,TX822724096
PAY0010750,O010750,2026-01-03,Virement,83.97,Paid,TX680077690
PAY0010751,O010751,2025-07-29,Mobile Money,53.81,Paid,TX863067339
PAY0010752,O010752,2026-01-10,Cash,73.17,Paid,TX398887938
PAY0010753,O010753,2025-07-14,Mobile Money,15.63,Paid,TX271483002
PAY0010754,O010754,2025-04-27,Mobile Money,663.25,Paid,TX767313193
PAY0010755,O010755,2025-05-10,Virement,193.55,Paid,TX512347831
PAY0010756,O010756,2025-01-09,Carte bancaire,40.16,Paid,TX741391562
PAY0010757,O010757,2025-12-25,Mobile Money,574.58,Paid,TX806081411
PAY0010758,O010758,2025-02-14,Mobile Money,79.44,Pending,TX940008498
PAY0010759,O010759,2025-04-19,Mobile Money,224.35,Paid,TX123670461
PAY0010760,O010760,2025-01-03,Mobile Money,35.74,Paid,TX312384018
PAY0010761,O010761,2025-02-08,Cash,73.54,Paid,TX288334272
PAY0010762,O010762,2026-05-15,Carte bancaire,107.67,Paid,TX800402722
PAY0010763,O010763,2025-01-15,Mobile Money,2059.18,Paid,TX506807864
PAY0010764,O010764,2025-12-09,Virement,36.52,Paid,TX624524770
PAY0010765,O010765,2025-06-29,Mobile Money,92.99,Paid,TX346294042
PAY0010766,O010766,2025-03-19,Mobile Money,202.83,Paid,TX704629806
PAY0010767,O010767,2025-06-15,Mobile Money,0.0,Pending,TX304367643
PAY0010768,O010768,2025-02-22,Mobile Money,52.2,Paid,TX478452441
PAY0010769,O010769,2025-06-23,Mobile Money,372.6,Paid,TX594396531
PAY0010770,O010770,2026-03-29,Carte bancaire,0.0,Pending,TX157316757
PAY0010771,O010771,2025-12-07,Mobile Money,0.0,Failed,TX430442491
PAY0010772,O010772,2026-03-23,Mobile Money,385.07,Refunded,TX842088913
PAY0010773,O010773,2026-01-17,Carte bancaire,23.77,Paid,TX100929642
PAY0010774,O010774,2026-05-28,Carte bancaire,438.8,Paid,TX332464643
PAY0010775,O010775,2025-03-04,Cash,0.0,Pending,TX153524848
PAY0010776,O010776,2025-03-31,Virement,71.43,Paid,TX702520900
PAY0010777,O010777,2025-08-18,Mobile Money,83.25,Paid,TX950261613
PAY0010778,O010778,2025-10-18,Mobile Money,98.45,Refunded,TX274593050
PAY0010779,O010779,2026-03-06,Carte bancaire,335.79,Paid,TX536976580
PAY0010780,O010780,2025-03-12,Carte bancaire,0.0,Pending,TX922377321
PAY0010781,O010781,2025-03-02,Virement,0.0,Pending,TX428293378
PAY0010782,O010782,2026-03-17,Virement,0.0,Pending,TX963346416
PAY0010783,O010783,2025-10-29,Carte bancaire,1333.09,Paid,TX838287379
PAY0010784,O010784,2025-08-15,Cash,53.69,Paid,TX636873812
PAY0010785,O010785,2025-05-02,Mobile Money,0.0,Pending,TX667408480
PAY0010786,O010786,2026-01-20,Carte bancaire,0.0,Pending,TX709941538
PAY0010787,O010787,2026-03-18,Carte bancaire,55.12,Paid,TX815785025
PAY0010788,O010788,2025-01-20,Carte bancaire,19.95,Paid,TX604156007
PAY0010789,O010789,2025-02-02,Mobile Money,146.78,Paid,TX193152406
PAY0010790,O010790,2026-03-06,Mobile Money,70.77,Paid,TX179257375
PAY0010791,O010791,2026-05-01,Mobile Money,1447.76,Paid,TX716582131
PAY0010792,O010792,2025-05-08,Mobile Money,49.35,Paid,TX825110197
PAY0010793,O010793,2026-01-23,Carte bancaire,0.0,Pending,TX977539758
PAY0010794,O010794,2026-04-07,Mobile Money,27.81,Paid,TX669591117
PAY0010795,O010795,2025-03-04,Virement,93.5,Paid,TX126654730
PAY0010796,O010796,2025-04-15,Carte bancaire,205.72,Paid,TX255700419
PAY0010797,O010797,2025-03-16,Carte bancaire,735.48,Paid,TX989144201
PAY0010798,O010798,2026-03-13,Mobile Money,0.0,Pending,TX204468551
PAY0010799,O010799,2026-03-01,Mobile Money,0.0,Pending,TX620466639
PAY0010800,O010800,2025-03-15,Carte bancaire,175.79,Paid,TX880727982
PAY0010801,O010801,2025-04-06,Mobile Money,0.0,Failed,TX136546241
PAY0010802,O010802,2025-12-31,Cash,535.17,Paid,TX484311775
PAY0010803,O010803,2026-05-11,Carte bancaire,182.9,Paid,TX902002112
PAY0010804,O010804,2026-03-05,Mobile Money,102.79,Paid,TX216980847
PAY0010805,O010805,2025-04-02,Carte bancaire,159.3,Paid,TX944892103
PAY0010806,O010806,2025-08-01,Virement,48.2,Paid,TX221090320
PAY0010807,O010807,2025-02-07,Cash,86.39,Paid,TX494193508
PAY0010808,O010808,2025-05-17,Cash,17.7,Paid,TX158597584
PAY0010809,O010809,2025-11-06,Virement,229.86,Paid,TX530415818
PAY0010810,O010810,2025-07-08,Mobile Money,322.15,Paid,TX547074048
PAY0010811,O010811,2025-12-01,Carte bancaire,0.0,Pending,TX774190682
PAY0010812,O010812,2025-06-15,Carte bancaire,40.38,Paid,TX186686307
PAY0010813,O010813,2025-11-09,Virement,459.69,Paid,TX980624679
PAY0010814,O010814,2025-12-17,Virement,251.81,Paid,TX729930860
PAY0010815,O010815,2025-04-19,Carte bancaire,417.07,Paid,TX318086382
PAY0010816,O010816,2025-01-29,Mobile Money,1064.74,Paid,TX338183194
PAY0010817,O010817,2025-07-08,Carte bancaire,0.0,Pending,TX911990266
PAY0010818,O010818,2025-01-23,Cash,59.35,Paid,TX517299821
PAY0010819,O010819,2025-04-02,Carte bancaire,0.0,Pending,TX633216754
PAY0010820,O010820,2025-06-09,Mobile Money,0.0,Pending,TX201569339
PAY0010821,O010821,2025-07-06,Mobile Money,148.98,Paid,TX972970352
PAY0010822,O010822,2025-06-03,Virement,729.37,Paid,TX135588874
PAY0010823,O010823,2025-01-30,Cash,53.04,Paid,TX437385676
PAY0010824,O010824,2025-04-11,Mobile Money,102.73,Paid,TX344663289
PAY0010825,O010825,2026-05-02,Virement,622.92,Paid,TX569084037
PAY0010826,O010826,2026-01-30,Mobile Money,0.0,Pending,TX630189537
PAY0010827,O010827,2025-09-01,Mobile Money,122.24,Paid,TX556579061
PAY0010828,O010828,2025-01-18,Mobile Money,41.73,Paid,TX885417406
PAY0010829,O010829,2025-07-19,Carte bancaire,86.46,Paid,TX635315155
PAY0010830,O010830,2026-05-23,Cash,169.24,Paid,TX433086753
PAY0010831,O010831,2026-03-20,Virement,264.0,Paid,TX760522261
PAY0010832,O010832,2026-02-20,Carte bancaire,43.05,Paid,TX900004667
PAY0010833,O010833,2025-05-19,Carte bancaire,550.6,Paid,TX988870958
PAY0010834,O010834,2025-08-12,Virement,342.95,Paid,TX394176093
PAY0010835,O010835,2025-01-17,Cash,0.0,Pending,TX986100296
PAY0010836,O010836,2026-04-16,Virement,0.0,Pending,TX699769569
PAY0010837,O010837,2025-03-04,Carte bancaire,78.3,Paid,TX425211130
PAY0010838,O010838,2025-12-05,Virement,197.22,Paid,TX686143556
PAY0010839,O010839,2025-06-07,Carte bancaire,45.3,Paid,TX698713363
PAY0010840,O010840,2025-11-12,Mobile Money,40.89,Paid,TX890111601
PAY0010841,O010841,2026-04-01,Cash,245.28,Paid,TX198903732
PAY0010842,O010842,2025-06-25,Carte bancaire,100.44,Paid,TX359973764
PAY0010843,O010843,2025-01-11,Carte bancaire,140.62,Paid,TX561526770
PAY0010844,O010844,2026-01-02,Mobile Money,133.64,Paid,TX706570167
PAY0010845,O010845,2025-10-22,Carte bancaire,225.68,Paid,TX508484830
PAY0010846,O010846,2025-03-21,Mobile Money,0.0,Failed,TX246430718
PAY0010847,O010847,2025-01-30,Mobile Money,333.2,Refunded,TX250292064
PAY0010848,O010848,2025-10-15,Cash,105.5,Paid,TX523813835
PAY0010849,O010849,2025-12-03,Cash,85.83,Paid,TX576295811
PAY0010850,O010850,2025-03-07,Cash,143.41,Paid,TX457389984
PAY0010851,O010851,2025-11-29,Mobile Money,43.02,Paid,TX739139246
PAY0010852,O010852,2025-09-01,Carte bancaire,1437.18,Paid,TX563162866
PAY0010853,O010853,2025-03-19,Mobile Money,0.0,Failed,TX113814107
PAY0010854,O010854,2025-12-06,Mobile Money,319.81,Refunded,TX377768373
PAY0010855,O010855,2025-12-24,Mobile Money,42.93,Paid,TX498629101
PAY0010856,O010856,2025-03-30,Carte bancaire,472.14,Paid,TX269649578
PAY0010857,O010857,2026-01-05,Mobile Money,407.11,Paid,TX825534044
PAY0010858,O010858,2025-05-03,Mobile Money,64.05,Paid,TX885984167
PAY0010859,O010859,2025-11-27,Mobile Money,83.92,Paid,TX344554679
PAY0010860,O010860,2026-03-26,Mobile Money,187.86,Paid,TX485603892
PAY0010861,O010861,2026-06-01,Virement,0.0,Pending,TX257039307
PAY0010862,O010862,2025-05-22,Mobile Money,0.0,Failed,TX674117962
PAY0010863,O010863,2025-07-05,Carte bancaire,28.45,Paid,TX329600507
PAY0010864,O010864,2025-02-23,Mobile Money,637.79,Paid,TX324382650
PAY0010865,O010865,2026-06-20,Mobile Money,132.4,Paid,TX947554913
PAY0010866,O010866,2025-07-03,Mobile Money,328.15,Paid,TX618599108
PAY0010867,O010867,2026-03-16,Cash,84.97,Paid,TX285583841
PAY0010868,O010868,2026-05-29,Virement,0.0,Failed,TX432578974
PAY0010869,O010869,2025-09-22,Virement,1970.01,Paid,TX872352816
PAY0010870,O010870,2026-01-20,Mobile Money,0.0,Pending,TX634840651
PAY0010871,O010871,2025-09-20,Carte bancaire,580.05,Paid,TX856347531
PAY0010872,O010872,2025-11-16,Virement,177.0,Refunded,TX458867043
PAY0010873,O010873,2025-05-21,Mobile Money,173.03,Paid,TX696659203
PAY0010874,O010874,2026-04-09,Mobile Money,85.08,Paid,TX706065197
PAY0010875,O010875,2025-03-09,Mobile Money,78.67,Paid,TX768025876
PAY0010876,O010876,2026-01-01,Virement,34.81,Paid,TX778421599
PAY0010877,O010877,2026-05-20,Mobile Money,116.05,Paid,TX361017177
PAY0010878,O010878,2026-03-25,Mobile Money,0.0,Pending,TX964680895
PAY0010879,O010879,2026-02-22,Carte bancaire,19.64,Paid,TX226558353
PAY0010880,O010880,2025-12-30,Mobile Money,192.0,Paid,TX745648388
PAY0010881,O010881,2026-06-04,Mobile Money,72.93,Paid,TX609256925
PAY0010882,O010882,2026-04-20,Mobile Money,81.57,Paid,TX549875388
PAY0010883,O010883,2025-06-01,Carte bancaire,195.97,Paid,TX880085060
PAY0010884,O010884,2025-12-09,Mobile Money,82.6,Paid,TX285667896
PAY0010885,O010885,2025-08-26,Carte bancaire,103.78,Paid,TX216743925
PAY0010886,O010886,2025-05-26,Carte bancaire,245.7,Paid,TX597281802
PAY0010887,O010887,2026-03-25,Carte bancaire,1610.05,Paid,TX916484494
PAY0010888,O010888,2025-01-27,Carte bancaire,0.0,Pending,TX855804798
PAY0010889,O010889,2025-03-16,Carte bancaire,639.16,Paid,TX519054181
PAY0010890,O010890,2025-03-03,Carte bancaire,0.0,Pending,TX489731383
PAY0010891,O010891,2025-04-21,Mobile Money,522.54,Paid,TX445917654
PAY0010892,O010892,2025-10-12,Virement,674.84,Paid,TX319021629
PAY0010893,O010893,2026-06-01,Carte bancaire,1862.91,Paid,TX569800313
PAY0010894,O010894,2026-06-17,Carte bancaire,242.62,Paid,TX784284218
PAY0010895,O010895,2026-05-09,Carte bancaire,34.68,Paid,TX319395903
PAY0010896,O010896,2026-02-22,Mobile Money,2664.9,Paid,TX431924621
PAY0010897,O010897,2025-09-11,Virement,80.85,Paid,TX389665673
PAY0010898,O010898,2026-03-03,Mobile Money,0.0,Failed,TX665070268
PAY0010899,O010899,2025-05-28,Carte bancaire,1207.05,Refunded,TX870216749
PAY0010900,O010900,2025-12-30,Cash,133.45,Paid,TX413591250
PAY0010901,O010901,2025-01-07,Carte bancaire,99.4,Paid,TX819704310
PAY0010902,O010902,2026-05-11,Mobile Money,126.9,Refunded,TX802010649
PAY0010903,O010903,2026-06-21,Cash,337.54,Paid,TX509509726
PAY0010904,O010904,2026-02-11,Carte bancaire,113.5,Paid,TX470239743
PAY0010905,O010905,2025-04-07,Mobile Money,23.67,Paid,TX652764090
PAY0010906,O010906,2025-05-25,Carte bancaire,843.29,Paid,TX134085894
PAY0010907,O010907,2026-02-12,Mobile Money,178.61,Paid,TX386221328
PAY0010908,O010908,2025-10-01,Mobile Money,0.0,Pending,TX810506554
PAY0010909,O010909,2025-10-28,Carte bancaire,313.12,Paid,TX582647080
PAY0010910,O010910,2025-08-11,Virement,88.88,Paid,TX615330448
PAY0010911,O010911,2026-04-04,Mobile Money,0.0,Failed,TX162662673
PAY0010912,O010912,2025-04-03,Carte bancaire,159.35,Paid,TX344135447
PAY0010913,O010913,2025-08-31,Carte bancaire,268.3,Refunded,TX238071946
PAY0010914,O010914,2025-05-05,Cash,220.02,Paid,TX495174268
PAY0010915,O010915,2026-01-16,Mobile Money,242.59,Paid,TX558986151
PAY0010916,O010916,2025-06-10,Mobile Money,61.9,Paid,TX535263845
PAY0010917,O010917,2025-06-17,Cash,0.0,Pending,TX125479602
PAY0010918,O010918,2025-04-07,Cash,0.0,Pending,TX478472439
PAY0010919,O010919,2026-04-19,Virement,548.94,Paid,TX152594652
PAY0010920,O010920,2025-04-30,Mobile Money,48.4,Paid,TX706543869
PAY0010921,O010921,2026-04-23,Cash,160.4,Refunded,TX105704410
PAY0010922,O010922,2026-05-21,Carte bancaire,141.19,Paid,TX453798714
PAY0010923,O010923,2026-06-13,Mobile Money,106.89,Refunded,TX930546028
PAY0010924,O010924,2025-07-09,Virement,25.96,Paid,TX851794201
PAY0010925,O010925,2025-12-29,Carte bancaire,252.25,Paid,TX860110161
PAY0010926,O010926,2026-03-30,Mobile Money,0.0,Pending,TX316988304
PAY0010927,O010927,2025-02-14,Virement,783.07,Paid,TX773748571
PAY0010928,O010928,2025-02-09,Virement,0.0,Pending,TX858588881
PAY0010929,O010929,2025-04-28,Virement,217.29,Paid,TX124412574
PAY0010930,O010930,2026-06-25,Mobile Money,202.36,Paid,TX354631787
PAY0010931,O010931,2025-02-19,Mobile Money,290.08,Paid,TX703178740
PAY0010932,O010932,2026-02-27,Virement,58.44,Paid,TX132930032
PAY0010933,O010933,2026-04-07,Virement,115.09,Paid,TX652821909
PAY0010934,O010934,2026-05-14,Virement,225.55,Paid,TX431872923
PAY0010935,O010935,2025-10-19,Carte bancaire,261.21,Paid,TX688023734
PAY0010936,O010936,2025-10-17,Mobile Money,237.04,Paid,TX767615020
PAY0010937,O010937,2026-02-11,Mobile Money,1276.09,Paid,TX485508143
PAY0010938,O010938,2025-12-15,Mobile Money,73.88,Paid,TX179477451
PAY0010939,O010939,2026-03-09,Carte bancaire,82.29,Paid,TX354898282
PAY0010940,O010940,2025-07-20,Carte bancaire,3561.5,Paid,TX767238643
PAY0010941,O010941,2026-05-27,Carte bancaire,165.02,Paid,TX753330244
PAY0010942,O010942,2025-08-28,Carte bancaire,141.75,Paid,TX867096134
PAY0010943,O010943,2025-05-17,Mobile Money,30.5,Pending,TX507399651
PAY0010944,O010944,2026-02-16,Virement,73.0,Paid,TX653219003
PAY0010945,O010945,2025-12-08,Mobile Money,48.22,Paid,TX811378343
PAY0010946,O010946,2025-02-01,Mobile Money,30.48,Paid,TX788493082
PAY0010947,O010947,2025-04-03,Mobile Money,0.0,Failed,TX746553093
PAY0010948,O010948,2025-01-21,Mobile Money,275.74,Paid,TX197886099
PAY0010949,O010949,2025-11-12,Cash,937.84,Paid,TX927821818
PAY0010950,O010950,2026-04-25,Virement,0.0,Pending,TX510165298
PAY0010951,O010951,2025-06-26,Carte bancaire,252.6,Paid,TX387117443
PAY0010952,O010952,2025-03-03,Mobile Money,0.0,Pending,TX208262371
PAY0010953,O010953,2026-04-14,Mobile Money,29.93,Paid,TX175507233
PAY0010954,O010954,2026-02-04,Carte bancaire,475.39,Paid,TX774132032
PAY0010955,O010955,2025-10-30,Mobile Money,0.0,Failed,TX366541731
PAY0010956,O010956,2025-04-24,Mobile Money,258.13,Paid,TX951705757
PAY0010957,O010957,2026-01-04,Virement,285.0,Paid,TX713983881
PAY0010958,O010958,2025-07-23,Carte bancaire,36.06,Paid,TX847775008
PAY0010959,O010959,2025-05-17,Cash,0.0,Pending,TX745557642
PAY0010960,O010960,2025-06-13,Carte bancaire,226.53,Paid,TX957953112
PAY0010961,O010961,2025-02-04,Carte bancaire,80.71,Pending,TX463495013
PAY0010962,O010962,2025-09-28,Carte bancaire,535.75,Refunded,TX941325872
PAY0010963,O010963,2026-02-17,Virement,52.05,Paid,TX913745214
PAY0010964,O010964,2026-04-03,Mobile Money,146.69,Paid,TX641655897
PAY0010965,O010965,2026-02-01,Mobile Money,567.75,Paid,TX172554240
PAY0010966,O010966,2026-04-26,Carte bancaire,445.62,Paid,TX794434017
PAY0010967,O010967,2026-06-16,Carte bancaire,171.55,Paid,TX158792283
PAY0010968,O010968,2025-05-04,Carte bancaire,43.5,Paid,TX978380227
PAY0010969,O010969,2025-08-29,Virement,109.5,Paid,TX330299733
PAY0010970,O010970,2025-07-09,Cash,161.66,Paid,TX561073277
PAY0010971,O010971,2026-01-13,Mobile Money,831.07,Paid,TX200375345
PAY0010972,O010972,2026-04-05,Carte bancaire,122.4,Paid,TX102025646
PAY0010973,O010973,2026-05-07,Carte bancaire,335.58,Paid,TX884979247
PAY0010974,O010974,2025-02-19,Carte bancaire,122.94,Paid,TX222808784
PAY0010975,O010975,2025-10-12,Virement,1602.82,Paid,TX745311274
PAY0010976,O010976,2025-03-06,Mobile Money,0.0,Failed,TX247340065
PAY0010977,O010977,2025-07-03,Mobile Money,0.0,Pending,TX812396069
PAY0010978,O010978,2025-09-21,Carte bancaire,28.92,Paid,TX621339061
PAY0010979,O010979,2025-12-10,Mobile Money,787.55,Paid,TX979881231
PAY0010980,O010980,2026-03-12,Mobile Money,265.7,Paid,TX392742246
PAY0010981,O010981,2026-07-04,Mobile Money,81.69,Refunded,TX630081359
PAY0010982,O010982,2025-07-08,Cash,61.43,Paid,TX323762804
PAY0010983,O010983,2025-11-07,Virement,0.0,Failed,TX368228680
PAY0010984,O010984,2025-02-08,Carte bancaire,107.87,Paid,TX913684459
PAY0010985,O010985,2025-03-07,Carte bancaire,71.31,Paid,TX384752189
PAY0010986,O010986,2026-06-17,Mobile Money,524.06,Paid,TX897909506
PAY0010987,O010987,2026-05-30,Cash,26.51,Paid,TX171922268
PAY0010988,O010988,2026-05-30,Mobile Money,112.64,Paid,TX842533375
PAY0010989,O010989,2025-05-26,Carte bancaire,261.98,Paid,TX947581665
PAY0010990,O010990,2025-12-25,Carte bancaire,0.0,Pending,TX709918730
PAY0010991,O010991,2025-05-06,Mobile Money,51.07,Paid,TX711003144
PAY0010992,O010992,2026-01-13,Carte bancaire,34.47,Paid,TX972799773
PAY0010993,O010993,2025-09-24,Carte bancaire,0.0,Pending,TX389008962
PAY0010994,O010994,2026-05-30,Carte bancaire,33.94,Paid,TX396610059
PAY0010995,O010995,2025-07-28,Carte bancaire,174.79,Paid,TX364432491
PAY0010996,O010996,2025-12-19,Mobile Money,51.53,Paid,TX599982858
PAY0010997,O010997,2026-01-01,Virement,59.33,Paid,TX150276170
PAY0010998,O010998,2026-03-10,Carte bancaire,0.0,Pending,TX371059430
PAY0010999,O010999,2025-02-02,Virement,655.81,Paid,TX642503303
PAY0011000,O011000,2025-09-15,Mobile Money,285.24,Pending,TX601061901
PAY0011001,O011001,2025-09-08,Carte bancaire,88.43,Paid,TX321637762
PAY0011002,O011002,2025-05-09,Carte bancaire,0.0,Pending,TX823015953
PAY0011003,O011003,2026-03-17,Mobile Money,44.44,Paid,TX662393706
PAY0011004,O011004,2026-04-06,Mobile Money,0.0,Pending,TX646806913
PAY0011005,O011005,2025-02-16,Carte bancaire,668.81,Paid,TX998869040
PAY0011006,O011006,2026-01-13,Virement,194.61,Paid,TX258980679
PAY0011007,O011007,2026-04-18,Mobile Money,24.08,Paid,TX949077784
PAY0011008,O011008,2025-06-11,Virement,92.81,Paid,TX812474917
PAY0011009,O011009,2025-12-13,Virement,0.0,Pending,TX484230619
PAY0011010,O011010,2025-12-09,Virement,187.31,Paid,TX629557840
PAY0011011,O011011,2025-01-14,Mobile Money,79.69,Paid,TX658253416
PAY0011012,O011012,2026-03-27,Carte bancaire,73.2,Paid,TX318141642
PAY0011013,O011013,2026-02-16,Cash,764.44,Paid,TX694720761
PAY0011014,O011014,2025-06-01,Mobile Money,11.81,Paid,TX277371316
PAY0011015,O011015,2025-06-26,Mobile Money,0.0,Pending,TX617229932
PAY0011016,O011016,2026-03-01,Carte bancaire,0.0,Pending,TX659949968
PAY0011017,O011017,2026-03-19,Mobile Money,2039.34,Paid,TX474763287
PAY0011018,O011018,2025-02-10,Carte bancaire,1408.32,Paid,TX931474167
PAY0011019,O011019,2025-07-18,Cash,151.72,Refunded,TX744268621
PAY0011020,O011020,2025-12-09,Mobile Money,0.0,Failed,TX396142756
PAY0011021,O011021,2025-03-15,Virement,19.07,Paid,TX200820332
PAY0011022,O011022,2026-07-04,Carte bancaire,0.0,Failed,TX681684061
PAY0011023,O011023,2025-04-25,Carte bancaire,0.0,Pending,TX193704924
PAY0011024,O011024,2026-04-22,Mobile Money,35.64,Paid,TX782561556
PAY0011025,O011025,2025-02-06,Carte bancaire,366.54,Paid,TX627903760
PAY0011026,O011026,2026-04-25,Virement,0.0,Pending,TX144190825
PAY0011027,O011027,2025-01-26,Mobile Money,226.24,Paid,TX419331831
PAY0011028,O011028,2026-01-11,Cash,160.71,Paid,TX487221505
PAY0011029,O011029,2025-07-18,Carte bancaire,23.5,Paid,TX290409154
PAY0011030,O011030,2025-09-10,Virement,0.0,Failed,TX228604170
PAY0011031,O011031,2025-03-04,Carte bancaire,0.0,Pending,TX874997861
PAY0011032,O011032,2026-01-08,Virement,348.35,Paid,TX904156756
PAY0011033,O011033,2025-12-09,Mobile Money,1051.75,Paid,TX369455913
PAY0011034,O011034,2025-06-26,Carte bancaire,1561.41,Paid,TX211565444
PAY0011035,O011035,2025-09-19,Mobile Money,1937.77,Refunded,TX415857786
PAY0011036,O011036,2025-10-31,Mobile Money,326.79,Paid,TX265499585
PAY0011037,O011037,2026-01-13,Mobile Money,627.17,Paid,TX164772050
PAY0011038,O011038,2025-10-24,Carte bancaire,314.87,Paid,TX660811162
PAY0011039,O011039,2025-02-02,Carte bancaire,193.12,Paid,TX958656042
PAY0011040,O011040,2025-10-29,Mobile Money,17.42,Paid,TX764256742
PAY0011041,O011041,2025-07-14,Mobile Money,996.35,Paid,TX671910110
PAY0011042,O011042,2025-08-16,Cash,192.25,Paid,TX465979037
PAY0011043,O011043,2025-07-25,Mobile Money,318.3,Paid,TX586090414
PAY0011044,O011044,2025-07-17,Mobile Money,89.23,Refunded,TX300378110
PAY0011045,O011045,2025-05-10,Virement,76.27,Paid,TX894412252
PAY0011046,O011046,2025-07-03,Mobile Money,144.1,Paid,TX899273971
PAY0011047,O011047,2026-01-28,Mobile Money,68.74,Paid,TX118203053
PAY0011048,O011048,2025-05-05,Mobile Money,397.25,Paid,TX173308899
PAY0011049,O011049,2026-02-21,Virement,987.39,Refunded,TX447672461
PAY0011050,O011050,2025-08-29,Carte bancaire,220.21,Paid,TX118627950
PAY0011051,O011051,2025-12-02,Mobile Money,146.44,Paid,TX885812095
PAY0011052,O011052,2025-03-07,Carte bancaire,37.18,Paid,TX837513815
PAY0011053,O011053,2025-04-26,Mobile Money,35.7,Paid,TX522682921
PAY0011054,O011054,2026-05-12,Mobile Money,468.65,Paid,TX930162960
PAY0011055,O011055,2026-04-02,Virement,35.58,Paid,TX218621161
PAY0011056,O011056,2025-02-09,Cash,26.37,Paid,TX697706328
PAY0011057,O011057,2026-05-11,Virement,44.14,Paid,TX135058876
PAY0011058,O011058,2026-04-07,Carte bancaire,51.65,Pending,TX836935581
PAY0011059,O011059,2025-03-21,Carte bancaire,0.0,Pending,TX935733061
PAY0011060,O011060,2025-05-16,Mobile Money,94.62,Paid,TX858087269
PAY0011061,O011061,2025-04-08,Carte bancaire,120.05,Paid,TX874794280
PAY0011062,O011062,2026-04-13,Carte bancaire,231.11,Paid,TX240608816
PAY0011063,O011063,2026-04-16,Virement,487.4,Paid,TX561853324
PAY0011064,O011064,2026-01-30,Carte bancaire,105.31,Paid,TX578237399
PAY0011065,O011065,2025-05-20,Mobile Money,209.11,Paid,TX720520372
PAY0011066,O011066,2026-05-22,Carte bancaire,171.73,Paid,TX863065195
PAY0011067,O011067,2026-04-14,Virement,162.0,Paid,TX992171798
PAY0011068,O011068,2026-04-25,Carte bancaire,142.43,Paid,TX239692218
PAY0011069,O011069,2025-07-19,Mobile Money,0.0,Failed,TX847095621
PAY0011070,O011070,2026-01-23,Mobile Money,69.47,Paid,TX757091803
PAY0011071,O011071,2026-01-09,Carte bancaire,201.79,Paid,TX918216226
PAY0011072,O011072,2025-03-29,Carte bancaire,182.3,Paid,TX582006262
PAY0011073,O011073,2025-11-16,Mobile Money,156.14,Paid,TX997890527
PAY0011074,O011074,2025-10-28,Virement,166.05,Paid,TX341600999
PAY0011075,O011075,2025-11-20,Cash,226.33,Paid,TX696061324
PAY0011076,O011076,2025-07-07,Mobile Money,199.6,Paid,TX759033453
PAY0011077,O011077,2026-01-04,Carte bancaire,115.75,Paid,TX377287094
PAY0011078,O011078,2026-05-04,Mobile Money,29.1,Paid,TX653163461
PAY0011079,O011079,2025-11-29,Mobile Money,24.05,Paid,TX471808153
PAY0011080,O011080,2026-04-24,Carte bancaire,220.35,Paid,TX136326498
PAY0011081,O011081,2026-02-27,Mobile Money,1613.27,Paid,TX895277551
PAY0011082,O011082,2025-06-24,Carte bancaire,39.47,Paid,TX835970054
PAY0011083,O011083,2026-02-10,Carte bancaire,574.72,Paid,TX941952455
PAY0011084,O011084,2026-01-06,Mobile Money,63.49,Refunded,TX354345066
PAY0011085,O011085,2026-06-03,Mobile Money,181.0,Paid,TX182012668
PAY0011086,O011086,2025-07-09,Cash,160.2,Paid,TX763251815
PAY0011087,O011087,2025-03-31,Cash,81.08,Paid,TX358448371
PAY0011088,O011088,2026-01-11,Mobile Money,474.17,Paid,TX293215090
PAY0011089,O011089,2025-12-16,Virement,249.68,Paid,TX446405461
PAY0011090,O011090,2025-12-06,Cash,166.9,Paid,TX676629802
PAY0011091,O011091,2026-02-12,Mobile Money,1404.59,Refunded,TX194342731
PAY0011092,O011092,2025-10-10,Carte bancaire,500.66,Paid,TX638733036
PAY0011093,O011093,2025-01-21,Mobile Money,0.0,Pending,TX116229189
PAY0011094,O011094,2026-04-27,Mobile Money,32.9,Paid,TX155159630
PAY0011095,O011095,2025-06-05,Mobile Money,155.16,Paid,TX410704145
PAY0011096,O011096,2025-05-19,Mobile Money,196.23,Paid,TX385953046
PAY0011097,O011097,2026-03-23,Carte bancaire,0.0,Failed,TX355388401
PAY0011098,O011098,2026-03-17,Mobile Money,634.38,Paid,TX837599612
PAY0011099,O011099,2025-10-08,Mobile Money,0.0,Pending,TX270751264
PAY0011100,O011100,2026-01-17,Virement,138.11,Paid,TX256205075
PAY0011101,O011101,2025-02-18,Carte bancaire,294.1,Paid,TX823121288
PAY0011102,O011102,2025-06-08,Virement,85.06,Paid,TX821523369
PAY0011103,O011103,2025-05-18,Mobile Money,259.99,Paid,TX410265160
PAY0011104,O011104,2025-08-22,Carte bancaire,0.0,Pending,TX797107139
PAY0011105,O011105,2025-07-17,Mobile Money,581.82,Paid,TX592127686
PAY0011106,O011106,2025-02-10,Carte bancaire,117.79,Paid,TX249731986
PAY0011107,O011107,2026-01-13,Carte bancaire,139.42,Paid,TX740265707
PAY0011108,O011108,2025-11-26,Mobile Money,27.71,Paid,TX876120865
PAY0011109,O011109,2025-07-31,Carte bancaire,0.0,Pending,TX337664119
PAY0011110,O011110,2026-05-02,Carte bancaire,200.79,Paid,TX205066095
PAY0011111,O011111,2025-07-20,Mobile Money,55.24,Paid,TX946808824
PAY0011112,O011112,2025-03-07,Mobile Money,13.5,Refunded,TX148760946
PAY0011113,O011113,2026-04-11,Mobile Money,0.0,Failed,TX944636075
PAY0011114,O011114,2025-03-14,Virement,89.33,Paid,TX827532275
PAY0011115,O011115,2025-02-11,Cash,165.18,Paid,TX914394931
PAY0011116,O011116,2025-09-19,Mobile Money,117.5,Paid,TX148248707
PAY0011117,O011117,2025-11-18,Mobile Money,286.01,Paid,TX517167878
PAY0011118,O011118,2025-06-05,Mobile Money,20.2,Paid,TX211041285
PAY0011119,O011119,2026-04-07,Carte bancaire,31.72,Paid,TX730594385
PAY0011120,O011120,2025-06-03,Mobile Money,1567.37,Paid,TX386561783
PAY0011121,O011121,2026-06-16,Cash,700.0,Refunded,TX500242797
PAY0011122,O011122,2025-12-16,Mobile Money,2181.79,Paid,TX678685593
PAY0011123,O011123,2025-04-16,Carte bancaire,0.0,Failed,TX664913602
PAY0011124,O011124,2025-08-13,Mobile Money,87.46,Paid,TX235866557
PAY0011125,O011125,2025-02-12,Mobile Money,240.48,Paid,TX511763732
PAY0011126,O011126,2026-04-09,Mobile Money,38.58,Refunded,TX293378819
PAY0011127,O011127,2025-12-24,Mobile Money,297.47,Paid,TX392020802
PAY0011128,O011128,2025-08-27,Cash,41.07,Paid,TX402306669
PAY0011129,O011129,2026-01-11,Carte bancaire,21.82,Paid,TX829463028
PAY0011130,O011130,2025-12-08,Carte bancaire,0.0,Pending,TX944743503
PAY0011131,O011131,2025-11-25,Mobile Money,64.64,Paid,TX811129721
PAY0011132,O011132,2025-08-09,Mobile Money,0.0,Failed,TX573719435
PAY0011133,O011133,2025-07-16,Cash,0.0,Pending,TX740843819
PAY0011134,O011134,2025-05-25,Mobile Money,0.0,Failed,TX374847079
PAY0011135,O011135,2026-03-11,Carte bancaire,0.0,Pending,TX398390882
PAY0011136,O011136,2025-09-20,Cash,70.66,Paid,TX888150790
PAY0011137,O011137,2025-09-14,Carte bancaire,70.39,Paid,TX359829068
PAY0011138,O011138,2026-02-01,Mobile Money,108.53,Paid,TX172376967
PAY0011139,O011139,2025-10-21,Mobile Money,300.57,Paid,TX533794511
PAY0011140,O011140,2026-06-11,Mobile Money,222.65,Paid,TX311253378
PAY0011141,O011141,2025-05-15,Mobile Money,1772.48,Paid,TX158740792
PAY0011142,O011142,2025-01-26,Carte bancaire,151.96,Paid,TX821454191
PAY0011143,O011143,2025-08-20,Cash,112.62,Paid,TX957488232
PAY0011144,O011144,2025-10-21,Virement,0.0,Pending,TX824913067
PAY0011145,O011145,2026-03-29,Mobile Money,0.0,Pending,TX939692872
PAY0011146,O011146,2025-12-18,Mobile Money,748.43,Paid,TX235517819
PAY0011147,O011147,2026-06-02,Mobile Money,746.23,Paid,TX524261139
PAY0011148,O011148,2025-02-18,Virement,265.68,Paid,TX592320407
PAY0011149,O011149,2025-10-25,Mobile Money,101.51,Paid,TX626795824
PAY0011150,O011150,2026-03-31,Carte bancaire,47.69,Paid,TX613031638
PAY0011151,O011151,2025-10-03,Cash,50.09,Paid,TX696438699
PAY0011152,O011152,2025-06-04,Cash,95.94,Paid,TX333364689
PAY0011153,O011153,2026-02-28,Mobile Money,223.72,Paid,TX321882812
PAY0011154,O011154,2026-04-28,Cash,0.0,Failed,TX604727556
PAY0011155,O011155,2025-05-22,Mobile Money,0.0,Failed,TX491719976
PAY0011156,O011156,2025-11-02,Virement,39.61,Paid,TX129730838
PAY0011157,O011157,2026-03-21,Mobile Money,2694.46,Paid,TX257309268
PAY0011158,O011158,2025-03-28,Mobile Money,171.64,Paid,TX133210491
PAY0011159,O011159,2025-01-09,Virement,89.33,Paid,TX593478043
PAY0011160,O011160,2026-02-13,Carte bancaire,652.83,Paid,TX245044716
PAY0011161,O011161,2026-02-20,Cash,235.79,Paid,TX157594661
PAY0011162,O011162,2025-03-31,Mobile Money,0.0,Pending,TX226309123
PAY0011163,O011163,2025-11-24,Mobile Money,1020.47,Paid,TX298146736
PAY0011164,O011164,2026-01-30,Carte bancaire,47.72,Paid,TX601231347
PAY0011165,O011165,2026-06-16,Virement,23.7,Paid,TX353186317
PAY0011166,O011166,2026-03-21,Mobile Money,505.4,Paid,TX799245949
PAY0011167,O011167,2025-05-05,Carte bancaire,19.54,Paid,TX619956217
PAY0011168,O011168,2025-11-12,Mobile Money,48.44,Paid,TX459285437
PAY0011169,O011169,2026-02-07,Mobile Money,115.65,Pending,TX951743553
PAY0011170,O011170,2025-06-02,Mobile Money,1010.75,Paid,TX746484817
PAY0011171,O011171,2025-03-31,Mobile Money,149.19,Paid,TX274841540
PAY0011172,O011172,2025-08-29,Mobile Money,189.22,Paid,TX327808775
PAY0011173,O011173,2026-02-03,Carte bancaire,36.17,Paid,TX369336429
PAY0011174,O011174,2025-10-18,Mobile Money,60.49,Paid,TX133580095
PAY0011175,O011175,2025-11-30,Mobile Money,23.73,Paid,TX616319155
PAY0011176,O011176,2026-01-04,Carte bancaire,451.99,Paid,TX923418339
PAY0011177,O011177,2026-06-08,Virement,522.55,Paid,TX255805602
PAY0011178,O011178,2025-12-18,Virement,168.35,Paid,TX155225853
PAY0011179,O011179,2025-03-17,Carte bancaire,211.33,Paid,TX852373219
PAY0011180,O011180,2025-08-10,Carte bancaire,15.08,Paid,TX975460364
PAY0011181,O011181,2025-04-07,Mobile Money,28.85,Paid,TX285230275
PAY0011182,O011182,2026-02-22,Carte bancaire,115.57,Paid,TX979960650
PAY0011183,O011183,2026-07-01,Virement,94.09,Paid,TX782339294
PAY0011184,O011184,2026-02-28,Mobile Money,770.96,Paid,TX940940594
PAY0011185,O011185,2025-05-19,Virement,510.13,Paid,TX760887806
PAY0011186,O011186,2026-01-21,Carte bancaire,38.05,Paid,TX831719358
PAY0011187,O011187,2025-01-13,Mobile Money,60.23,Paid,TX131959719
PAY0011188,O011188,2025-06-01,Cash,131.65,Paid,TX502780132
PAY0011189,O011189,2025-06-17,Virement,256.11,Paid,TX282080815
PAY0011190,O011190,2025-09-16,Mobile Money,113.85,Paid,TX889856685
PAY0011191,O011191,2025-06-29,Carte bancaire,529.88,Paid,TX874775524
PAY0011192,O011192,2025-08-26,Cash,215.83,Paid,TX586541001
PAY0011193,O011193,2025-01-10,Carte bancaire,0.0,Pending,TX448493597
PAY0011194,O011194,2026-03-28,Cash,265.13,Paid,TX690983251
PAY0011195,O011195,2025-08-06,Mobile Money,252.99,Paid,TX614669125
PAY0011196,O011196,2026-03-21,Cash,124.97,Paid,TX435338197
PAY0011197,O011197,2025-02-04,Carte bancaire,241.95,Paid,TX270826345
PAY0011198,O011198,2026-04-24,Mobile Money,1159.37,Paid,TX656319099
PAY0011199,O011199,2025-12-10,Mobile Money,97.84,Paid,TX489999098
PAY0011200,O011200,2025-05-09,Carte bancaire,1040.45,Paid,TX799068884
PAY0011201,O011201,2026-02-17,Mobile Money,164.3,Paid,TX622108910
PAY0011202,O011202,2026-02-18,Mobile Money,252.53,Paid,TX656998933
PAY0011203,O011203,2026-02-07,Mobile Money,0.0,Failed,TX578929290
PAY0011204,O011204,2026-04-26,Mobile Money,0.0,Pending,TX518034705
PAY0011205,O011205,2026-06-07,Mobile Money,0.0,Pending,TX675664001
PAY0011206,O011206,2025-04-02,Carte bancaire,0.0,Pending,TX124986995
PAY0011207,O011207,2025-06-08,Carte bancaire,528.15,Paid,TX305673995
PAY0011208,O011208,2025-01-26,Mobile Money,85.5,Paid,TX533744037
PAY0011209,O011209,2025-02-09,Carte bancaire,140.97,Paid,TX521199907
PAY0011210,O011210,2025-02-27,Mobile Money,0.0,Failed,TX638970982
PAY0011211,O011211,2026-01-16,Virement,197.34,Paid,TX375697740
PAY0011212,O011212,2025-12-03,Cash,45.14,Paid,TX246672453
PAY0011213,O011213,2025-01-24,Cash,51.4,Paid,TX358582714
PAY0011214,O011214,2025-08-22,Mobile Money,1046.66,Refunded,TX229244599
PAY0011215,O011215,2025-03-03,Virement,196.46,Paid,TX580957698
PAY0011216,O011216,2025-04-21,Carte bancaire,57.24,Paid,TX845398516
PAY0011217,O011217,2025-02-02,Carte bancaire,104.2,Paid,TX440057794
PAY0011218,O011218,2025-10-18,Cash,0.0,Pending,TX581628580
PAY0011219,O011219,2025-02-18,Mobile Money,212.69,Paid,TX800719331
PAY0011220,O011220,2026-03-09,Carte bancaire,623.97,Paid,TX112613497
PAY0011221,O011221,2026-05-26,Mobile Money,137.95,Paid,TX634717119
PAY0011222,O011222,2026-04-17,Mobile Money,361.28,Paid,TX190596600
PAY0011223,O011223,2026-03-28,Virement,74.5,Paid,TX951066956
PAY0011224,O011224,2026-02-16,Carte bancaire,368.07,Paid,TX648910087
PAY0011225,O011225,2026-05-16,Carte bancaire,0.0,Pending,TX351908634
PAY0011226,O011226,2026-05-05,Mobile Money,255.97,Paid,TX984723803
PAY0011227,O011227,2025-04-30,Cash,451.55,Paid,TX911120846
PAY0011228,O011228,2025-11-29,Carte bancaire,1042.36,Paid,TX577764995
PAY0011229,O011229,2025-06-17,Mobile Money,494.75,Paid,TX855791685
PAY0011230,O011230,2026-04-06,Mobile Money,217.86,Paid,TX619781458
PAY0011231,O011231,2025-01-10,Mobile Money,0.0,Failed,TX779917488
PAY0011232,O011232,2025-08-19,Virement,108.91,Paid,TX536543814
PAY0011233,O011233,2025-07-27,Mobile Money,33.29,Paid,TX674693590
PAY0011234,O011234,2026-04-15,Mobile Money,56.87,Paid,TX214128523
PAY0011235,O011235,2025-06-15,Mobile Money,194.44,Paid,TX369708468
PAY0011236,O011236,2026-05-08,Mobile Money,58.45,Paid,TX757039303
PAY0011237,O011237,2025-10-02,Carte bancaire,335.02,Paid,TX386017594
PAY0011238,O011238,2026-01-16,Cash,0.0,Failed,TX945193984
PAY0011239,O011239,2025-10-18,Cash,142.63,Paid,TX270499514
PAY0011240,O011240,2025-08-25,Cash,0.0,Pending,TX534371859
PAY0011241,O011241,2025-06-19,Carte bancaire,531.48,Paid,TX491442654
PAY0011242,O011242,2025-06-07,Cash,615.66,Paid,TX445536576
PAY0011243,O011243,2025-12-19,Mobile Money,0.0,Pending,TX808729099
PAY0011244,O011244,2025-06-30,Mobile Money,75.78,Paid,TX363798239
PAY0011245,O011245,2026-04-21,Cash,330.98,Paid,TX430527696
PAY0011246,O011246,2025-03-15,Virement,276.61,Paid,TX424071544
PAY0011247,O011247,2025-04-30,Mobile Money,45.63,Paid,TX279503975
PAY0011248,O011248,2025-01-28,Mobile Money,1085.4,Paid,TX211862229
PAY0011249,O011249,2026-04-19,Mobile Money,73.66,Paid,TX797086311
PAY0011250,O011250,2025-08-17,Mobile Money,0.0,Pending,TX282871680
PAY0011251,O011251,2025-01-21,Virement,385.89,Paid,TX840271618
PAY0011252,O011252,2025-01-24,Mobile Money,0.0,Pending,TX355129597
PAY0011253,O011253,2026-05-21,Carte bancaire,755.99,Refunded,TX462643811
PAY0011254,O011254,2026-04-28,Mobile Money,60.59,Paid,TX993515087
PAY0011255,O011255,2025-06-02,Carte bancaire,141.5,Paid,TX925269480
PAY0011256,O011256,2025-12-27,Carte bancaire,208.7,Paid,TX830038432
PAY0011257,O011257,2025-05-23,Mobile Money,59.53,Refunded,TX270953241
PAY0011258,O011258,2026-04-11,Mobile Money,892.2,Pending,TX397778640
PAY0011259,O011259,2026-01-31,Mobile Money,0.0,Failed,TX164629181
PAY0011260,O011260,2025-09-03,Carte bancaire,220.84,Paid,TX660252165
PAY0011261,O011261,2026-05-27,Mobile Money,450.09,Refunded,TX930662703
PAY0011262,O011262,2025-05-03,Carte bancaire,133.76,Paid,TX396779736
PAY0011263,O011263,2026-07-03,Mobile Money,174.74,Paid,TX288444165
PAY0011264,O011264,2025-06-10,Cash,839.1,Paid,TX589773834
PAY0011265,O011265,2026-05-05,Virement,265.86,Paid,TX202373139
PAY0011266,O011266,2026-04-15,Carte bancaire,131.64,Paid,TX777482024
PAY0011267,O011267,2025-11-05,Mobile Money,323.09,Paid,TX823109876
PAY0011268,O011268,2025-03-08,Mobile Money,211.25,Paid,TX995274396
PAY0011269,O011269,2026-02-20,Mobile Money,271.38,Paid,TX842643693
PAY0011270,O011270,2026-01-22,Mobile Money,2204.42,Paid,TX663012787
PAY0011271,O011271,2026-04-24,Mobile Money,293.66,Paid,TX139910077
PAY0011272,O011272,2025-05-05,Carte bancaire,24.3,Paid,TX993326221
PAY0011273,O011273,2025-05-16,Virement,155.0,Paid,TX858019243
PAY0011274,O011274,2025-07-13,Mobile Money,447.4,Paid,TX887253205
PAY0011275,O011275,2025-07-22,Virement,247.81,Paid,TX872878899
PAY0011276,O011276,2025-01-06,Mobile Money,0.0,Failed,TX482166504
PAY0011277,O011277,2025-03-27,Mobile Money,81.81,Paid,TX266065880
PAY0011278,O011278,2025-09-24,Mobile Money,1103.28,Paid,TX707735689
PAY0011279,O011279,2026-06-15,Mobile Money,0.0,Pending,TX457749693
PAY0011280,O011280,2025-03-16,Carte bancaire,368.05,Paid,TX455537176
PAY0011281,O011281,2025-05-13,Mobile Money,70.21,Paid,TX948979545
PAY0011282,O011282,2026-04-17,Carte bancaire,158.0,Paid,TX489284956
PAY0011283,O011283,2025-01-24,Carte bancaire,0.0,Failed,TX800549344
PAY0011284,O011284,2025-02-25,Mobile Money,266.91,Paid,TX767204422
PAY0011285,O011285,2026-05-04,Mobile Money,65.88,Refunded,TX408140150
PAY0011286,O011286,2025-05-20,Virement,52.47,Paid,TX799350195
PAY0011287,O011287,2025-06-19,Mobile Money,28.32,Paid,TX585245075
PAY0011288,O011288,2025-01-13,Carte bancaire,587.19,Paid,TX689344584
PAY0011289,O011289,2025-08-15,Carte bancaire,41.81,Paid,TX358566290
PAY0011290,O011290,2026-06-29,Virement,25.14,Paid,TX455174154
PAY0011291,O011291,2026-06-26,Mobile Money,44.34,Paid,TX631410454
PAY0011292,O011292,2025-12-18,Cash,79.14,Paid,TX448052006
PAY0011293,O011293,2026-01-08,Mobile Money,2388.01,Paid,TX837040916
PAY0011294,O011294,2025-12-22,Carte bancaire,398.07,Paid,TX797148728
PAY0011295,O011295,2026-01-20,Carte bancaire,255.25,Paid,TX963315262
PAY0011296,O011296,2025-10-15,Virement,0.0,Pending,TX697095580
PAY0011297,O011297,2025-04-24,Carte bancaire,0.0,Pending,TX944617834
PAY0011298,O011298,2026-04-23,Carte bancaire,1442.17,Paid,TX512431754
PAY0011299,O011299,2026-04-27,Cash,57.68,Paid,TX965875659
PAY0011300,O011300,2025-03-23,Mobile Money,69.06,Refunded,TX532155049
PAY0011301,O011301,2025-02-25,Carte bancaire,0.0,Pending,TX908493785
PAY0011302,O011302,2026-03-13,Carte bancaire,0.0,Pending,TX229947289
PAY0011303,O011303,2025-01-29,Mobile Money,54.36,Paid,TX550186640
PAY0011304,O011304,2026-03-23,Mobile Money,0.0,Pending,TX239367334
PAY0011305,O011305,2026-06-23,Carte bancaire,532.4,Paid,TX602437424
PAY0011306,O011306,2025-01-21,Mobile Money,38.63,Paid,TX244300684
PAY0011307,O011307,2026-03-18,Cash,73.79,Paid,TX105004418
PAY0011308,O011308,2025-03-14,Carte bancaire,0.0,Pending,TX148633462
PAY0011309,O011309,2025-06-11,Carte bancaire,336.3,Paid,TX829858527
PAY0011310,O011310,2025-10-28,Mobile Money,4066.34,Paid,TX816927376
PAY0011311,O011311,2026-01-12,Cash,238.19,Paid,TX923916550
PAY0011312,O011312,2025-02-21,Cash,1835.89,Paid,TX951748112
PAY0011313,O011313,2025-03-01,Carte bancaire,728.61,Paid,TX940497342
PAY0011314,O011314,2025-06-07,Mobile Money,37.89,Paid,TX500636386
PAY0011315,O011315,2026-01-12,Carte bancaire,82.81,Paid,TX991711997
PAY0011316,O011316,2025-08-13,Mobile Money,1151.34,Refunded,TX924147356
PAY0011317,O011317,2025-06-05,Mobile Money,41.23,Paid,TX135096074
PAY0011318,O011318,2025-04-01,Mobile Money,1016.59,Paid,TX579789746
PAY0011319,O011319,2026-06-19,Mobile Money,236.6,Refunded,TX742535674
PAY0011320,O011320,2026-01-21,Cash,238.81,Refunded,TX812417504
PAY0011321,O011321,2026-06-28,Carte bancaire,630.01,Paid,TX605742576
PAY0011322,O011322,2025-10-02,Carte bancaire,0.0,Pending,TX442468232
PAY0011323,O011323,2026-03-29,Virement,265.0,Paid,TX297119872
PAY0011324,O011324,2025-12-19,Mobile Money,631.69,Paid,TX889852635
PAY0011325,O011325,2025-10-18,Cash,17.14,Paid,TX530127157
PAY0011326,O011326,2025-09-17,Carte bancaire,199.3,Refunded,TX354119003
PAY0011327,O011327,2025-10-05,Mobile Money,286.16,Paid,TX960643184
PAY0011328,O011328,2025-08-17,Carte bancaire,26.11,Paid,TX281230217
PAY0011329,O011329,2025-12-21,Carte bancaire,0.0,Pending,TX782597367
PAY0011330,O011330,2025-09-27,Carte bancaire,0.0,Pending,TX706857885
PAY0011331,O011331,2026-06-18,Mobile Money,0.0,Failed,TX500984252
PAY0011332,O011332,2026-05-11,Carte bancaire,141.63,Paid,TX965367270
PAY0011333,O011333,2025-09-16,Mobile Money,235.15,Paid,TX374033008
PAY0011334,O011334,2025-08-07,Virement,20.23,Paid,TX114908350
PAY0011335,O011335,2026-02-20,Carte bancaire,45.26,Paid,TX452238724
PAY0011336,O011336,2025-12-21,Carte bancaire,1028.5,Paid,TX185440891
PAY0011337,O011337,2025-05-08,Carte bancaire,182.0,Paid,TX945555085
PAY0011338,O011338,2026-04-03,Cash,24.77,Paid,TX313887046
PAY0011339,O011339,2026-01-12,Mobile Money,19.29,Paid,TX867495501
PAY0011340,O011340,2025-12-11,Carte bancaire,115.89,Paid,TX213166451
PAY0011341,O011341,2026-03-08,Carte bancaire,322.24,Paid,TX725015513
PAY0011342,O011342,2025-05-07,Carte bancaire,60.43,Paid,TX315426650
PAY0011343,O011343,2026-03-16,Carte bancaire,1923.86,Refunded,TX402324342
PAY0011344,O011344,2025-03-10,Cash,83.82,Paid,TX876060568
PAY0011345,O011345,2026-03-14,Carte bancaire,246.01,Paid,TX942930609
PAY0011346,O011346,2025-11-22,Virement,85.09,Paid,TX419673382
PAY0011347,O011347,2025-11-18,Carte bancaire,267.82,Paid,TX485943162
PAY0011348,O011348,2026-02-05,Carte bancaire,698.96,Paid,TX988162624
PAY0011349,O011349,2025-06-20,Carte bancaire,28.54,Paid,TX983995552
PAY0011350,O011350,2026-02-26,Carte bancaire,180.72,Refunded,TX694448812
PAY0011351,O011351,2025-01-18,Cash,596.45,Paid,TX243783319
PAY0011352,O011352,2026-01-19,Carte bancaire,0.0,Pending,TX550880258
PAY0011353,O011353,2026-03-14,Carte bancaire,2678.73,Paid,TX981915255
PAY0011354,O011354,2025-01-02,Carte bancaire,690.82,Paid,TX477996662
PAY0011355,O011355,2026-01-17,Mobile Money,0.0,Pending,TX761232702
PAY0011356,O011356,2026-03-04,Mobile Money,0.0,Pending,TX180307812
PAY0011357,O011357,2025-10-17,Mobile Money,223.51,Paid,TX408245812
PAY0011358,O011358,2025-12-01,Carte bancaire,0.0,Failed,TX795336659
PAY0011359,O011359,2025-02-03,Virement,392.75,Paid,TX718215372
PAY0011360,O011360,2026-06-28,Mobile Money,702.33,Paid,TX133764334
PAY0011361,O011361,2026-06-17,Carte bancaire,0.0,Pending,TX936294038
PAY0011362,O011362,2026-02-25,Cash,78.65,Paid,TX360111984
PAY0011363,O011363,2025-01-12,Mobile Money,58.94,Refunded,TX850104346
PAY0011364,O011364,2025-08-25,Mobile Money,286.7,Paid,TX294170549
PAY0011365,O011365,2026-03-29,Mobile Money,338.33,Paid,TX344617151
PAY0011366,O011366,2026-01-07,Carte bancaire,935.22,Paid,TX459538436
PAY0011367,O011367,2026-05-13,Carte bancaire,549.69,Paid,TX100345081
PAY0011368,O011368,2025-12-05,Mobile Money,95.56,Refunded,TX713190664
PAY0011369,O011369,2026-01-31,Virement,247.3,Paid,TX786309640
PAY0011370,O011370,2025-07-04,Mobile Money,95.11,Paid,TX450379613
PAY0011371,O011371,2026-03-24,Mobile Money,195.64,Paid,TX822822384
PAY0011372,O011372,2025-10-22,Virement,0.0,Failed,TX540133589
PAY0011373,O011373,2026-03-17,Mobile Money,701.77,Paid,TX562551173
PAY0011374,O011374,2025-04-24,Carte bancaire,240.02,Paid,TX421450852
PAY0011375,O011375,2025-05-30,Mobile Money,929.94,Paid,TX400201074
PAY0011376,O011376,2025-02-20,Mobile Money,398.14,Paid,TX166853029
PAY0011377,O011377,2026-01-09,Mobile Money,130.39,Refunded,TX348684739
PAY0011378,O011378,2026-02-07,Virement,137.5,Paid,TX471789294
PAY0011379,O011379,2025-06-09,Mobile Money,0.0,Pending,TX367072042
PAY0011380,O011380,2025-07-30,Cash,93.62,Paid,TX585934658
PAY0011381,O011381,2025-11-13,Carte bancaire,337.5,Paid,TX605926296
PAY0011382,O011382,2026-02-22,Carte bancaire,0.0,Pending,TX559757087
PAY0011383,O011383,2025-06-18,Carte bancaire,49.13,Paid,TX163357590
PAY0011384,O011384,2025-09-25,Cash,0.0,Pending,TX326770946
PAY0011385,O011385,2025-04-14,Mobile Money,111.78,Paid,TX942475229
PAY0011386,O011386,2026-03-20,Mobile Money,64.61,Paid,TX137145181
PAY0011387,O011387,2026-04-28,Virement,240.31,Paid,TX672995069
PAY0011388,O011388,2026-02-13,Mobile Money,328.02,Paid,TX814037028
PAY0011389,O011389,2026-03-27,Carte bancaire,51.15,Paid,TX242351511
PAY0011390,O011390,2026-02-25,Virement,456.83,Paid,TX283468843
PAY0011391,O011391,2026-04-07,Cash,0.0,Failed,TX536477606
PAY0011392,O011392,2025-08-25,Virement,80.11,Paid,TX898449448
PAY0011393,O011393,2025-04-24,Mobile Money,259.39,Paid,TX981284261
PAY0011394,O011394,2026-06-13,Carte bancaire,0.0,Pending,TX249441816
PAY0011395,O011395,2025-01-02,Carte bancaire,30.63,Paid,TX912402454
PAY0011396,O011396,2025-08-12,Mobile Money,133.02,Paid,TX222518800
PAY0011397,O011397,2026-02-06,Carte bancaire,0.0,Pending,TX905870018
PAY0011398,O011398,2026-03-12,Cash,909.78,Paid,TX325834475
PAY0011399,O011399,2026-01-15,Carte bancaire,19.65,Paid,TX108604564
PAY0011400,O011400,2025-09-28,Carte bancaire,117.91,Paid,TX272325249
PAY0011401,O011401,2026-05-21,Virement,21.27,Paid,TX628461036
PAY0011402,O011402,2025-05-09,Mobile Money,72.07,Paid,TX275098463
PAY0011403,O011403,2025-03-20,Carte bancaire,0.0,Failed,TX819785005
PAY0011404,O011404,2025-12-14,Carte bancaire,571.29,Paid,TX571083808
PAY0011405,O011405,2025-06-25,Carte bancaire,1116.9,Paid,TX128617903
PAY0011406,O011406,2025-09-19,Carte bancaire,106.1,Paid,TX671318843
PAY0011407,O011407,2025-09-09,Mobile Money,1899.45,Paid,TX872867320
PAY0011408,O011408,2025-05-28,Mobile Money,88.72,Paid,TX665780535
PAY0011409,O011409,2026-07-06,Carte bancaire,493.67,Paid,TX169386314
PAY0011410,O011410,2025-07-31,Cash,141.9,Paid,TX748602922
PAY0011411,O011411,2026-01-07,Mobile Money,184.32,Paid,TX996019152
PAY0011412,O011412,2025-04-02,Carte bancaire,248.34,Paid,TX247757063
PAY0011413,O011413,2026-06-28,Carte bancaire,2234.6,Paid,TX983696658
PAY0011414,O011414,2026-06-26,Carte bancaire,67.91,Paid,TX860489109
PAY0011415,O011415,2025-02-07,Cash,58.12,Paid,TX404371045
PAY0011416,O011416,2025-12-23,Cash,482.74,Paid,TX286838444
PAY0011417,O011417,2025-11-24,Virement,66.59,Paid,TX768238857
PAY0011418,O011418,2025-04-09,Mobile Money,265.5,Paid,TX110593721
PAY0011419,O011419,2026-02-28,Mobile Money,0.0,Pending,TX971778092
PAY0011420,O011420,2026-02-26,Mobile Money,1189.75,Paid,TX218901139
PAY0011421,O011421,2026-04-11,Carte bancaire,0.0,Pending,TX717294393
PAY0011422,O011422,2025-11-26,Mobile Money,53.84,Paid,TX929192173
PAY0011423,O011423,2026-01-23,Virement,88.41,Paid,TX132201783
PAY0011424,O011424,2026-01-31,Virement,152.43,Paid,TX934775714
PAY0011425,O011425,2026-02-27,Carte bancaire,217.38,Paid,TX507740235
PAY0011426,O011426,2025-11-18,Carte bancaire,192.45,Paid,TX206256794
PAY0011427,O011427,2026-02-13,Mobile Money,0.0,Failed,TX263530258
PAY0011428,O011428,2025-02-05,Cash,265.99,Paid,TX958861117
PAY0011429,O011429,2025-12-06,Mobile Money,64.76,Paid,TX513055783
PAY0011430,O011430,2025-04-26,Mobile Money,0.0,Failed,TX307514383
PAY0011431,O011431,2025-08-13,Cash,4020.3,Paid,TX495114477
PAY0011432,O011432,2026-03-01,Virement,77.79,Paid,TX282170273
PAY0011433,O011433,2025-03-06,Mobile Money,0.0,Pending,TX535763123
PAY0011434,O011434,2026-02-20,Carte bancaire,191.96,Paid,TX331133482
PAY0011435,O011435,2025-05-24,Carte bancaire,0.0,Failed,TX915915540
PAY0011436,O011436,2026-02-22,Virement,245.33,Paid,TX722807665
PAY0011437,O011437,2026-02-28,Carte bancaire,215.37,Paid,TX361251749
PAY0011438,O011438,2025-01-13,Mobile Money,358.14,Paid,TX407705918
PAY0011439,O011439,2025-05-10,Carte bancaire,29.03,Paid,TX247354957
PAY0011440,O011440,2026-03-19,Cash,72.36,Paid,TX823419322
PAY0011441,O011441,2025-07-11,Mobile Money,43.49,Paid,TX849307377
PAY0011442,O011442,2025-08-30,Carte bancaire,828.53,Paid,TX507055229
PAY0011443,O011443,2025-01-12,Mobile Money,62.15,Paid,TX850021219
PAY0011444,O011444,2026-01-19,Mobile Money,0.0,Pending,TX495573772
PAY0011445,O011445,2025-02-23,Carte bancaire,29.71,Paid,TX611093716
PAY0011446,O011446,2025-06-03,Carte bancaire,0.0,Failed,TX468498059
PAY0011447,O011447,2025-09-20,Virement,0.0,Failed,TX303149729
PAY0011448,O011448,2026-02-26,Carte bancaire,986.58,Paid,TX346602583
PAY0011449,O011449,2025-10-03,Virement,67.96,Paid,TX971890777
PAY0011450,O011450,2026-06-26,Carte bancaire,171.05,Paid,TX372280473
PAY0011451,O011451,2025-10-14,Mobile Money,46.4,Paid,TX840812144
PAY0011452,O011452,2025-05-23,Mobile Money,0.0,Pending,TX793201034
PAY0011453,O011453,2025-04-16,Mobile Money,884.68,Paid,TX428162302
PAY0011454,O011454,2026-03-07,Carte bancaire,47.13,Pending,TX916488120
PAY0011455,O011455,2025-09-09,Carte bancaire,50.58,Paid,TX792535741
PAY0011456,O011456,2025-11-30,Mobile Money,870.14,Paid,TX113685704
PAY0011457,O011457,2025-07-24,Carte bancaire,254.79,Paid,TX798345131
PAY0011458,O011458,2025-05-30,Carte bancaire,529.01,Paid,TX503349022
PAY0011459,O011459,2025-11-28,Mobile Money,583.05,Paid,TX952278689
PAY0011460,O011460,2025-06-13,Mobile Money,106.47,Paid,TX664320158
PAY0011461,O011461,2026-07-06,Cash,346.95,Paid,TX808364706
PAY0011462,O011462,2026-02-06,Virement,589.17,Paid,TX649185750
PAY0011463,O011463,2026-03-29,Mobile Money,0.0,Failed,TX150389268
PAY0011464,O011464,2025-06-05,Carte bancaire,37.24,Paid,TX598391357
PAY0011465,O011465,2025-01-20,Mobile Money,1009.98,Paid,TX735144624
PAY0011466,O011466,2025-01-31,Cash,175.29,Paid,TX327364081
PAY0011467,O011467,2026-04-20,Carte bancaire,383.96,Paid,TX225261431
PAY0011468,O011468,2026-04-28,Carte bancaire,104.05,Paid,TX895624218
PAY0011469,O011469,2026-01-08,Mobile Money,298.34,Refunded,TX717812160
PAY0011470,O011470,2025-11-21,Mobile Money,941.66,Paid,TX367209138
PAY0011471,O011471,2025-04-26,Cash,28.41,Paid,TX246470362
PAY0011472,O011472,2026-02-23,Mobile Money,0.0,Pending,TX469042809
PAY0011473,O011473,2025-10-10,Mobile Money,1226.5,Paid,TX375751911
PAY0011474,O011474,2025-12-01,Carte bancaire,1162.5,Paid,TX371712010
PAY0011475,O011475,2025-01-17,Carte bancaire,0.0,Pending,TX375169793
PAY0011476,O011476,2025-10-11,Mobile Money,294.92,Paid,TX116950392
PAY0011477,O011477,2026-01-19,Mobile Money,2444.22,Paid,TX150596458
PAY0011478,O011478,2026-02-27,Mobile Money,385.44,Refunded,TX164111564
PAY0011479,O011479,2025-03-23,Mobile Money,28.66,Paid,TX103595726
PAY0011480,O011480,2025-01-18,Cash,0.0,Pending,TX526593890
PAY0011481,O011481,2026-04-17,Carte bancaire,578.08,Paid,TX136798625
PAY0011482,O011482,2025-06-20,Virement,0.0,Pending,TX698309717
PAY0011483,O011483,2025-09-17,Mobile Money,323.08,Paid,TX557045058
PAY0011484,O011484,2025-12-12,Virement,2457.5,Paid,TX584565304
PAY0011485,O011485,2025-09-27,Carte bancaire,164.4,Paid,TX108269206
PAY0011486,O011486,2026-06-04,Mobile Money,0.0,Failed,TX497789721
PAY0011487,O011487,2026-04-07,Carte bancaire,177.57,Paid,TX203718054
PAY0011488,O011488,2025-08-05,Mobile Money,0.0,Failed,TX954986744
PAY0011489,O011489,2025-04-16,Virement,63.18,Paid,TX163698960
PAY0011490,O011490,2026-06-20,Virement,173.98,Paid,TX407383274
PAY0011491,O011491,2026-01-24,Mobile Money,310.74,Paid,TX568927555
PAY0011492,O011492,2026-02-22,Mobile Money,52.32,Paid,TX190441853
PAY0011493,O011493,2025-09-15,Mobile Money,60.49,Paid,TX333837251
PAY0011494,O011494,2025-09-24,Mobile Money,0.0,Pending,TX765178221
PAY0011495,O011495,2025-04-11,Mobile Money,373.67,Paid,TX116808749
PAY0011496,O011496,2025-08-27,Carte bancaire,93.07,Paid,TX106378064
PAY0011497,O011497,2025-10-26,Virement,180.17,Paid,TX863519646
PAY0011498,O011498,2025-03-14,Cash,273.5,Paid,TX633149506
PAY0011499,O011499,2025-12-18,Mobile Money,87.3,Paid,TX235583301
PAY0011500,O011500,2025-12-07,Mobile Money,237.58,Paid,TX847200901
PAY0011501,O011501,2026-04-06,Carte bancaire,50.9,Paid,TX472592806
PAY0011502,O011502,2025-02-02,Mobile Money,134.99,Paid,TX559784404
PAY0011503,O011503,2025-05-04,Carte bancaire,752.06,Paid,TX177158467
PAY0011504,O011504,2025-08-24,Carte bancaire,0.0,Failed,TX390320510
PAY0011505,O011505,2026-04-29,Mobile Money,70.76,Paid,TX123482184
PAY0011506,O011506,2025-05-14,Mobile Money,376.22,Paid,TX538065130
PAY0011507,O011507,2026-06-20,Mobile Money,74.3,Paid,TX953043671
PAY0011508,O011508,2026-06-11,Mobile Money,23.9,Paid,TX949058287
PAY0011509,O011509,2025-02-21,Carte bancaire,332.94,Paid,TX286080769
PAY0011510,O011510,2025-07-21,Mobile Money,0.0,Pending,TX544905528
PAY0011511,O011511,2025-05-26,Carte bancaire,73.65,Paid,TX402703755
PAY0011512,O011512,2025-09-27,Carte bancaire,188.69,Paid,TX899029981
PAY0011513,O011513,2026-05-26,Mobile Money,185.1,Refunded,TX255383861
PAY0011514,O011514,2025-07-29,Mobile Money,911.27,Paid,TX933088016
PAY0011515,O011515,2025-12-30,Cash,24.8,Paid,TX822422472
PAY0011516,O011516,2025-03-17,Mobile Money,242.01,Refunded,TX881494761
PAY0011517,O011517,2025-11-13,Mobile Money,205.63,Paid,TX976473040
PAY0011518,O011518,2025-07-14,Carte bancaire,168.86,Paid,TX538243725
PAY0011519,O011519,2026-05-18,Mobile Money,937.34,Paid,TX422166190
PAY0011520,O011520,2026-03-04,Carte bancaire,291.51,Paid,TX421875055
PAY0011521,O011521,2025-04-28,Mobile Money,112.65,Paid,TX698659903
PAY0011522,O011522,2025-12-07,Mobile Money,175.0,Paid,TX410902605
PAY0011523,O011523,2025-07-09,Carte bancaire,0.0,Pending,TX830871907
PAY0011524,O011524,2025-09-01,Mobile Money,0.0,Failed,TX647693470
PAY0011525,O011525,2025-09-14,Mobile Money,175.87,Paid,TX415009959
PAY0011526,O011526,2026-03-30,Cash,1152.58,Paid,TX268268634
PAY0011527,O011527,2025-06-09,Mobile Money,0.0,Pending,TX209228707
PAY0011528,O011528,2025-01-03,Carte bancaire,564.42,Paid,TX570384347
PAY0011529,O011529,2025-04-20,Virement,235.96,Paid,TX293084090
PAY0011530,O011530,2026-04-01,Carte bancaire,734.23,Paid,TX227256047
PAY0011531,O011531,2025-06-16,Virement,608.73,Paid,TX195772315
PAY0011532,O011532,2025-02-02,Carte bancaire,222.66,Paid,TX877056988
PAY0011533,O011533,2025-08-10,Mobile Money,264.08,Paid,TX151400455
PAY0011534,O011534,2026-04-24,Cash,2363.57,Paid,TX526742912
PAY0011535,O011535,2026-04-26,Mobile Money,550.5,Paid,TX989761329
PAY0011536,O011536,2026-06-08,Carte bancaire,24.32,Paid,TX852033411
PAY0011537,O011537,2026-01-11,Carte bancaire,146.04,Pending,TX875021356
PAY0011538,O011538,2026-03-27,Carte bancaire,828.09,Paid,TX261955506
PAY0011539,O011539,2026-03-03,Carte bancaire,0.0,Pending,TX216509531
PAY0011540,O011540,2025-01-15,Carte bancaire,0.0,Failed,TX101023480
PAY0011541,O011541,2025-08-18,Carte bancaire,39.41,Paid,TX658665072
PAY0011542,O011542,2025-10-17,Carte bancaire,287.5,Paid,TX727243392
PAY0011543,O011543,2025-09-12,Carte bancaire,391.18,Paid,TX771740265
PAY0011544,O011544,2026-04-02,Mobile Money,131.79,Paid,TX196290632
PAY0011545,O011545,2026-06-24,Carte bancaire,84.11,Paid,TX123179556
PAY0011546,O011546,2025-10-26,Cash,0.0,Pending,TX484983621
PAY0011547,O011547,2025-02-23,Mobile Money,729.9,Paid,TX804163623
PAY0011548,O011548,2025-07-18,Mobile Money,0.0,Pending,TX410985277
PAY0011549,O011549,2025-04-20,Cash,30.0,Paid,TX295640632
PAY0011550,O011550,2025-09-16,Mobile Money,0.0,Failed,TX476595401
PAY0011551,O011551,2025-05-09,Carte bancaire,0.0,Pending,TX180065140
PAY0011552,O011552,2025-02-17,Carte bancaire,1615.09,Paid,TX879903556
PAY0011553,O011553,2025-04-09,Carte bancaire,575.79,Refunded,TX843410276
PAY0011554,O011554,2025-10-01,Mobile Money,88.6,Paid,TX478586912
PAY0011555,O011555,2025-03-23,Virement,371.64,Paid,TX767355524
PAY0011556,O011556,2025-01-19,Carte bancaire,251.71,Paid,TX811162441
PAY0011557,O011557,2025-06-03,Carte bancaire,803.57,Paid,TX807858127
PAY0011558,O011558,2025-12-20,Carte bancaire,721.27,Paid,TX597360318
PAY0011559,O011559,2025-12-12,Cash,0.0,Pending,TX552749506
PAY0011560,O011560,2025-08-04,Virement,73.5,Paid,TX763232677
PAY0011561,O011561,2026-01-03,Mobile Money,293.74,Paid,TX349967109
PAY0011562,O011562,2025-04-18,Mobile Money,1210.71,Paid,TX101873584
PAY0011563,O011563,2026-02-01,Mobile Money,26.23,Paid,TX964946474
PAY0011564,O011564,2025-01-12,Cash,639.26,Paid,TX859565876
PAY0011565,O011565,2025-03-16,Mobile Money,51.97,Paid,TX125792936
PAY0011566,O011566,2026-05-21,Virement,65.74,Paid,TX182547329
PAY0011567,O011567,2025-09-15,Carte bancaire,115.87,Paid,TX888944745
PAY0011568,O011568,2025-11-03,Virement,538.59,Paid,TX715659199
PAY0011569,O011569,2025-08-09,Carte bancaire,341.13,Paid,TX716371240
PAY0011570,O011570,2025-12-23,Mobile Money,193.04,Paid,TX814892456
PAY0011571,O011571,2026-02-14,Carte bancaire,0.0,Pending,TX917483560
PAY0011572,O011572,2026-03-06,Mobile Money,22.03,Refunded,TX579946663
PAY0011573,O011573,2025-05-20,Mobile Money,343.96,Paid,TX602314983
PAY0011574,O011574,2025-12-11,Mobile Money,3297.95,Refunded,TX918124589
PAY0011575,O011575,2026-03-10,Virement,113.88,Paid,TX414931099
PAY0011576,O011576,2025-08-19,Mobile Money,34.47,Paid,TX947796480
PAY0011577,O011577,2025-08-01,Mobile Money,157.43,Paid,TX868030849
PAY0011578,O011578,2025-12-10,Mobile Money,136.91,Paid,TX358867254
PAY0011579,O011579,2025-11-13,Mobile Money,419.89,Refunded,TX865696498
PAY0011580,O011580,2025-05-21,Mobile Money,113.84,Paid,TX492066373
PAY0011581,O011581,2026-06-12,Carte bancaire,194.4,Paid,TX597028443
PAY0011582,O011582,2025-11-04,Carte bancaire,153.68,Paid,TX290350493
PAY0011583,O011583,2025-11-07,Carte bancaire,0.0,Failed,TX832064837
PAY0011584,O011584,2025-04-25,Virement,296.44,Paid,TX197657615
PAY0011585,O011585,2026-01-09,Mobile Money,54.24,Paid,TX653021255
PAY0011586,O011586,2026-05-18,Carte bancaire,0.0,Pending,TX345246307
PAY0011587,O011587,2026-02-06,Carte bancaire,0.0,Pending,TX545755450
PAY0011588,O011588,2025-10-07,Carte bancaire,176.09,Paid,TX140996633
PAY0011589,O011589,2025-12-18,Mobile Money,42.76,Paid,TX316113571
PAY0011590,O011590,2025-05-11,Mobile Money,0.0,Failed,TX974767260
PAY0011591,O011591,2025-02-05,Mobile Money,0.0,Failed,TX226935069
PAY0011592,O011592,2025-12-17,Mobile Money,0.0,Failed,TX367238249
PAY0011593,O011593,2025-04-13,Carte bancaire,21.71,Paid,TX730336937
PAY0011594,O011594,2025-02-22,Mobile Money,649.5,Paid,TX509256452
PAY0011595,O011595,2026-03-04,Virement,0.0,Pending,TX931499438
PAY0011596,O011596,2025-08-30,Cash,1067.15,Paid,TX536268481
PAY0011597,O011597,2026-04-13,Mobile Money,513.15,Paid,TX328052147
PAY0011598,O011598,2026-04-20,Cash,0.0,Failed,TX685811610
PAY0011599,O011599,2025-03-13,Carte bancaire,121.07,Paid,TX154365099
PAY0011600,O011600,2026-02-27,Mobile Money,42.77,Paid,TX800306769
PAY0011601,O011601,2025-07-03,Cash,108.92,Paid,TX871306559
PAY0011602,O011602,2026-01-21,Mobile Money,302.88,Paid,TX352557317
PAY0011603,O011603,2025-01-28,Mobile Money,1263.77,Refunded,TX365729103
PAY0011604,O011604,2025-09-17,Mobile Money,120.98,Paid,TX393106966
PAY0011605,O011605,2025-12-13,Carte bancaire,1232.2,Paid,TX434340255
PAY0011606,O011606,2025-09-04,Mobile Money,154.71,Paid,TX581420730
PAY0011607,O011607,2025-11-03,Carte bancaire,49.72,Paid,TX346340915
PAY0011608,O011608,2025-01-07,Virement,89.65,Paid,TX803236541
PAY0011609,O011609,2025-01-06,Cash,36.43,Paid,TX905814281
PAY0011610,O011610,2025-11-29,Cash,180.7,Paid,TX738303624
PAY0011611,O011611,2025-08-19,Mobile Money,62.28,Paid,TX633891420
PAY0011612,O011612,2025-11-17,Carte bancaire,63.05,Paid,TX684660931
PAY0011613,O011613,2025-07-17,Virement,200.02,Paid,TX214084156
PAY0011614,O011614,2025-01-05,Mobile Money,532.62,Pending,TX522140456
PAY0011615,O011615,2026-01-20,Cash,0.0,Pending,TX848795719
PAY0011616,O011616,2025-03-17,Carte bancaire,190.19,Paid,TX873031816
PAY0011617,O011617,2026-03-09,Cash,0.0,Pending,TX130867026
PAY0011618,O011618,2025-01-07,Mobile Money,0.0,Pending,TX146753940
PAY0011619,O011619,2026-05-28,Mobile Money,0.0,Pending,TX591331821
PAY0011620,O011620,2025-05-23,Cash,0.0,Pending,TX182064049
PAY0011621,O011621,2026-05-07,Mobile Money,91.08,Refunded,TX715754253
PAY0011622,O011622,2025-01-04,Cash,402.06,Paid,TX565275736
PAY0011623,O011623,2025-09-08,Mobile Money,0.0,Pending,TX571779141
PAY0011624,O011624,2025-08-21,Mobile Money,144.94,Refunded,TX946874807
PAY0011625,O011625,2025-04-04,Carte bancaire,1788.92,Paid,TX677574614
PAY0011626,O011626,2025-09-21,Cash,148.0,Paid,TX981117554
PAY0011627,O011627,2025-05-02,Carte bancaire,22.06,Paid,TX826808137
PAY0011628,O011628,2025-09-01,Carte bancaire,552.97,Paid,TX639352794
PAY0011629,O011629,2025-07-25,Mobile Money,356.19,Refunded,TX135709211
PAY0011630,O011630,2025-04-23,Mobile Money,176.13,Paid,TX566492997
PAY0011631,O011631,2026-03-09,Carte bancaire,131.06,Paid,TX851826897
PAY0011632,O011632,2025-10-17,Carte bancaire,210.5,Paid,TX800401676
PAY0011633,O011633,2026-04-06,Virement,59.7,Refunded,TX894594952
PAY0011634,O011634,2026-03-27,Mobile Money,140.99,Paid,TX168445205
PAY0011635,O011635,2025-05-25,Mobile Money,207.34,Refunded,TX342406933
PAY0011636,O011636,2025-06-11,Carte bancaire,238.92,Paid,TX380762336
PAY0011637,O011637,2026-06-09,Carte bancaire,332.74,Pending,TX662170769
PAY0011638,O011638,2025-06-22,Carte bancaire,653.49,Paid,TX708263365
PAY0011639,O011639,2025-02-25,Mobile Money,0.0,Pending,TX348162230
PAY0011640,O011640,2025-10-28,Virement,616.9,Paid,TX806696528
PAY0011641,O011641,2026-06-15,Mobile Money,110.1,Paid,TX753256218
PAY0011642,O011642,2025-05-10,Carte bancaire,28.21,Paid,TX940388571
PAY0011643,O011643,2025-12-17,Mobile Money,39.33,Paid,TX993524253
PAY0011644,O011644,2025-07-06,Mobile Money,40.68,Paid,TX198524027
PAY0011645,O011645,2025-08-02,Mobile Money,154.09,Paid,TX433758993
PAY0011646,O011646,2025-09-09,Mobile Money,97.69,Paid,TX837654110
PAY0011647,O011647,2025-03-21,Mobile Money,0.0,Pending,TX750067378
PAY0011648,O011648,2025-08-03,Mobile Money,0.0,Pending,TX372053440
PAY0011649,O011649,2025-05-30,Carte bancaire,0.0,Failed,TX726727121
PAY0011650,O011650,2026-03-27,Carte bancaire,993.18,Paid,TX480583061
PAY0011651,O011651,2025-05-07,Mobile Money,36.94,Paid,TX357231177
PAY0011652,O011652,2026-04-11,Mobile Money,52.33,Paid,TX514779890
PAY0011653,O011653,2025-01-12,Carte bancaire,1734.75,Paid,TX844750282
PAY0011654,O011654,2025-08-12,Mobile Money,0.0,Failed,TX282809458
PAY0011655,O011655,2025-05-28,Mobile Money,636.07,Paid,TX332878923
PAY0011656,O011656,2025-09-04,Mobile Money,164.26,Paid,TX618501495
PAY0011657,O011657,2026-03-02,Mobile Money,820.09,Paid,TX111949567
PAY0011658,O011658,2026-06-09,Carte bancaire,107.75,Paid,TX619475322
PAY0011659,O011659,2026-02-03,Carte bancaire,2444.29,Paid,TX684066809
PAY0011660,O011660,2025-10-05,Mobile Money,312.3,Paid,TX368594086
PAY0011661,O011661,2025-10-10,Mobile Money,0.0,Pending,TX883064533
PAY0011662,O011662,2026-06-29,Mobile Money,111.69,Paid,TX767180461
PAY0011663,O011663,2026-07-01,Cash,264.84,Paid,TX463455910
PAY0011664,O011664,2026-02-23,Mobile Money,183.56,Refunded,TX242651221
PAY0011665,O011665,2025-04-02,Mobile Money,238.14,Refunded,TX784002772
PAY0011666,O011666,2025-05-27,Virement,2638.9,Paid,TX499286408
PAY0011667,O011667,2025-05-31,Mobile Money,66.42,Paid,TX480153478
PAY0011668,O011668,2025-05-06,Mobile Money,0.0,Failed,TX445845722
PAY0011669,O011669,2026-06-15,Virement,18.96,Paid,TX226540804
PAY0011670,O011670,2025-03-31,Carte bancaire,68.98,Paid,TX813218062
PAY0011671,O011671,2026-04-16,Mobile Money,0.0,Pending,TX390912182
PAY0011672,O011672,2026-03-22,Mobile Money,0.0,Pending,TX507306964
PAY0011673,O011673,2025-10-20,Virement,538.41,Paid,TX464901477
PAY0011674,O011674,2025-06-22,Mobile Money,2139.8,Paid,TX470503821
PAY0011675,O011675,2025-05-29,Carte bancaire,161.14,Paid,TX627365287
PAY0011676,O011676,2026-01-06,Mobile Money,85.38,Paid,TX262156148
PAY0011677,O011677,2026-01-06,Mobile Money,834.5,Paid,TX697863840
PAY0011678,O011678,2025-10-27,Mobile Money,63.0,Paid,TX968838244
PAY0011679,O011679,2025-11-12,Mobile Money,17.98,Paid,TX883996325
PAY0011680,O011680,2026-04-01,Carte bancaire,35.03,Paid,TX352850396
PAY0011681,O011681,2026-02-22,Carte bancaire,29.97,Paid,TX814848449
PAY0011682,O011682,2026-02-18,Mobile Money,1907.6,Paid,TX138094584
PAY0011683,O011683,2025-06-06,Mobile Money,48.08,Paid,TX472785507
PAY0011684,O011684,2025-02-07,Virement,0.0,Pending,TX938832705
PAY0011685,O011685,2025-09-13,Mobile Money,0.0,Failed,TX281251472
PAY0011686,O011686,2025-07-05,Carte bancaire,48.66,Paid,TX538203988
PAY0011687,O011687,2025-07-07,Mobile Money,30.99,Paid,TX214545839
PAY0011688,O011688,2025-10-17,Carte bancaire,98.64,Paid,TX192921569
PAY0011689,O011689,2026-05-27,Mobile Money,2009.02,Paid,TX810952738
PAY0011690,O011690,2026-03-21,Mobile Money,526.64,Paid,TX112173931
PAY0011691,O011691,2026-01-08,Carte bancaire,209.5,Paid,TX621614614
PAY0011692,O011692,2026-01-30,Mobile Money,378.09,Paid,TX817814553
PAY0011693,O011693,2025-08-19,Mobile Money,133.42,Paid,TX945975441
PAY0011694,O011694,2025-10-31,Mobile Money,62.86,Paid,TX233783759
PAY0011695,O011695,2025-08-30,Mobile Money,0.0,Pending,TX250828140
PAY0011696,O011696,2026-03-20,Virement,189.81,Refunded,TX233601157
PAY0011697,O011697,2026-06-28,Mobile Money,59.29,Paid,TX786204114
PAY0011698,O011698,2025-08-29,Mobile Money,0.0,Pending,TX275049243
PAY0011699,O011699,2026-02-01,Mobile Money,62.3,Paid,TX644053210
PAY0011700,O011700,2025-02-03,Virement,311.65,Paid,TX351639041
PAY0011701,O011701,2025-08-10,Virement,55.15,Paid,TX948211160
PAY0011702,O011702,2026-04-25,Cash,155.78,Paid,TX124702943
PAY0011703,O011703,2026-01-13,Virement,184.63,Paid,TX156796059
PAY0011704,O011704,2025-10-17,Virement,0.0,Pending,TX478017253
PAY0011705,O011705,2025-04-30,Cash,489.8,Paid,TX777316207
PAY0011706,O011706,2026-03-24,Mobile Money,193.54,Paid,TX478741794
PAY0011707,O011707,2026-06-16,Carte bancaire,38.49,Paid,TX633575560
PAY0011708,O011708,2025-08-07,Mobile Money,294.92,Paid,TX632780842
PAY0011709,O011709,2026-03-20,Virement,261.17,Paid,TX378880868
PAY0011710,O011710,2025-11-23,Mobile Money,37.55,Paid,TX501790954
PAY0011711,O011711,2025-08-06,Carte bancaire,72.38,Paid,TX417183439
PAY0011712,O011712,2025-07-04,Mobile Money,0.0,Pending,TX564327829
PAY0011713,O011713,2025-10-05,Carte bancaire,149.53,Paid,TX429207224
PAY0011714,O011714,2025-08-13,Virement,0.0,Pending,TX543514885
PAY0011715,O011715,2025-12-06,Carte bancaire,24.21,Paid,TX436280758
PAY0011716,O011716,2025-03-25,Cash,361.3,Paid,TX179129834
PAY0011717,O011717,2025-09-23,Mobile Money,0.0,Pending,TX845574857
PAY0011718,O011718,2026-02-11,Carte bancaire,0.0,Failed,TX618956866
PAY0011719,O011719,2026-04-11,Virement,240.5,Paid,TX114611483
PAY0011720,O011720,2025-06-05,Carte bancaire,197.12,Paid,TX323426230
PAY0011721,O011721,2025-11-27,Carte bancaire,742.94,Paid,TX954557926
PAY0011722,O011722,2025-06-15,Mobile Money,1042.42,Paid,TX743206668
PAY0011723,O011723,2026-03-12,Virement,0.0,Pending,TX531756143
PAY0011724,O011724,2025-07-18,Mobile Money,696.53,Paid,TX544234832
PAY0011725,O011725,2026-01-08,Mobile Money,101.34,Paid,TX140037583
PAY0011726,O011726,2025-08-25,Mobile Money,481.2,Paid,TX667071485
PAY0011727,O011727,2025-05-27,Mobile Money,360.92,Paid,TX437419674
PAY0011728,O011728,2025-11-16,Mobile Money,1448.91,Paid,TX576337773
PAY0011729,O011729,2025-12-12,Cash,1513.93,Paid,TX343080135
PAY0011730,O011730,2026-01-12,Carte bancaire,172.53,Paid,TX791236124
PAY0011731,O011731,2026-03-14,Cash,118.9,Paid,TX626619636
PAY0011732,O011732,2026-01-10,Carte bancaire,1250.62,Paid,TX942840799
PAY0011733,O011733,2026-04-12,Virement,0.0,Failed,TX137885851
PAY0011734,O011734,2025-08-22,Mobile Money,248.98,Paid,TX704999546
PAY0011735,O011735,2025-10-06,Carte bancaire,613.2,Paid,TX654425290
PAY0011736,O011736,2025-09-23,Mobile Money,248.14,Paid,TX322335282
PAY0011737,O011737,2025-11-13,Mobile Money,610.19,Paid,TX735509598
PAY0011738,O011738,2025-03-19,Mobile Money,58.96,Refunded,TX219306309
PAY0011739,O011739,2026-04-18,Carte bancaire,0.0,Pending,TX740783308
PAY0011740,O011740,2025-10-16,Carte bancaire,360.75,Paid,TX217160470
PAY0011741,O011741,2025-11-02,Mobile Money,930.21,Paid,TX208894828
PAY0011742,O011742,2026-04-29,Virement,0.0,Failed,TX609431763
PAY0011743,O011743,2025-09-12,Cash,73.4,Paid,TX456897434
PAY0011744,O011744,2025-09-11,Virement,874.51,Paid,TX667865248
PAY0011745,O011745,2025-11-08,Carte bancaire,263.83,Paid,TX952578422
PAY0011746,O011746,2026-06-01,Carte bancaire,610.48,Paid,TX961181257
PAY0011747,O011747,2025-05-23,Mobile Money,271.03,Paid,TX499910856
PAY0011748,O011748,2025-03-29,Carte bancaire,172.06,Paid,TX110632122
PAY0011749,O011749,2025-03-03,Mobile Money,126.96,Paid,TX720449705
PAY0011750,O011750,2026-02-08,Cash,734.88,Paid,TX774308508
PAY0011751,O011751,2025-01-07,Carte bancaire,0.0,Pending,TX739673342
PAY0011752,O011752,2026-01-27,Mobile Money,152.73,Paid,TX385909233
PAY0011753,O011753,2026-05-03,Mobile Money,23.0,Paid,TX335231660
PAY0011754,O011754,2026-01-13,Mobile Money,37.66,Refunded,TX949571287
PAY0011755,O011755,2025-04-08,Mobile Money,162.83,Paid,TX390077983
PAY0011756,O011756,2025-12-31,Virement,133.64,Paid,TX586526303
PAY0011757,O011757,2025-09-02,Carte bancaire,85.1,Paid,TX162596630
PAY0011758,O011758,2025-01-13,Carte bancaire,308.44,Paid,TX609752718
PAY0011759,O011759,2025-04-19,Carte bancaire,0.0,Pending,TX852152925
PAY0011760,O011760,2026-02-13,Virement,141.75,Paid,TX980297247
PAY0011761,O011761,2025-11-07,Mobile Money,477.43,Paid,TX756567601
PAY0011762,O011762,2025-10-03,Carte bancaire,201.13,Paid,TX939158658
PAY0011763,O011763,2026-03-03,Carte bancaire,0.0,Pending,TX541879892
PAY0011764,O011764,2025-10-19,Cash,133.16,Paid,TX583066064
PAY0011765,O011765,2026-06-16,Mobile Money,278.74,Paid,TX980390892
PAY0011766,O011766,2025-02-01,Mobile Money,127.38,Paid,TX624429964
PAY0011767,O011767,2025-06-09,Mobile Money,750.89,Refunded,TX614841358
PAY0011768,O011768,2025-04-17,Cash,55.7,Paid,TX138145913
PAY0011769,O011769,2025-08-16,Mobile Money,31.04,Paid,TX920828967
PAY0011770,O011770,2026-05-16,Mobile Money,29.6,Paid,TX188285989
PAY0011771,O011771,2025-08-17,Virement,4796.66,Paid,TX944498002
PAY0011772,O011772,2025-06-24,Cash,169.74,Paid,TX181287652
PAY0011773,O011773,2025-02-16,Carte bancaire,0.0,Failed,TX430368802
PAY0011774,O011774,2025-08-08,Mobile Money,1055.08,Paid,TX962462040
PAY0011775,O011775,2025-05-09,Carte bancaire,75.56,Paid,TX199159514
PAY0011776,O011776,2025-04-16,Mobile Money,170.74,Paid,TX313062696
PAY0011777,O011777,2025-03-18,Mobile Money,1964.92,Paid,TX884338748
PAY0011778,O011778,2025-12-15,Carte bancaire,22.4,Paid,TX343365713
PAY0011779,O011779,2026-01-25,Virement,0.0,Pending,TX512824798
PAY0011780,O011780,2026-02-10,Mobile Money,171.15,Paid,TX982657771
PAY0011781,O011781,2025-01-30,Carte bancaire,524.88,Paid,TX815583219
PAY0011782,O011782,2026-05-24,Mobile Money,1164.84,Paid,TX734812366
PAY0011783,O011783,2025-10-07,Mobile Money,49.49,Paid,TX486487871
PAY0011784,O011784,2025-11-09,Mobile Money,520.0,Paid,TX398312291
PAY0011785,O011785,2026-04-27,Mobile Money,0.0,Pending,TX923601127
PAY0011786,O011786,2025-06-02,Mobile Money,741.28,Paid,TX904211569
PAY0011787,O011787,2025-10-07,Mobile Money,0.0,Pending,TX279134905
PAY0011788,O011788,2025-02-11,Mobile Money,147.75,Paid,TX355594228
PAY0011789,O011789,2025-10-01,Mobile Money,57.9,Paid,TX728906436
PAY0011790,O011790,2025-05-30,Mobile Money,52.39,Paid,TX583153499
PAY0011791,O011791,2025-04-12,Mobile Money,194.09,Paid,TX781306330
PAY0011792,O011792,2025-12-05,Virement,322.16,Paid,TX289078912
PAY0011793,O011793,2025-03-16,Virement,654.68,Paid,TX400084371
PAY0011794,O011794,2026-06-22,Mobile Money,0.0,Pending,TX636983346
PAY0011795,O011795,2025-05-12,Cash,1081.67,Paid,TX412754316
PAY0011796,O011796,2025-02-14,Mobile Money,1042.78,Paid,TX774204626
PAY0011797,O011797,2025-09-02,Carte bancaire,740.68,Paid,TX848924542
PAY0011798,O011798,2025-08-04,Mobile Money,126.08,Paid,TX247384683
PAY0011799,O011799,2025-12-30,Mobile Money,29.89,Paid,TX923815566
PAY0011800,O011800,2026-01-05,Mobile Money,0.0,Failed,TX710217749
PAY0011801,O011801,2025-11-25,Mobile Money,129.92,Paid,TX837681979
PAY0011802,O011802,2025-11-11,Carte bancaire,500.99,Paid,TX929727093
PAY0011803,O011803,2026-03-03,Mobile Money,69.87,Paid,TX135468776
PAY0011804,O011804,2025-12-27,Cash,423.07,Paid,TX478219791
PAY0011805,O011805,2025-03-18,Mobile Money,251.52,Paid,TX725707243
PAY0011806,O011806,2025-09-13,Carte bancaire,73.97,Paid,TX478622911
PAY0011807,O011807,2026-01-16,Mobile Money,28.19,Paid,TX222183597
PAY0011808,O011808,2025-05-30,Cash,45.75,Paid,TX942773666
PAY0011809,O011809,2026-04-20,Mobile Money,121.54,Refunded,TX132353395
PAY0011810,O011810,2025-09-26,Mobile Money,128.83,Paid,TX664283855
PAY0011811,O011811,2025-06-28,Carte bancaire,46.19,Paid,TX420895388
PAY0011812,O011812,2025-08-01,Mobile Money,182.25,Paid,TX128531643
PAY0011813,O011813,2025-12-09,Carte bancaire,227.66,Paid,TX841318853
PAY0011814,O011814,2026-01-24,Mobile Money,2080.29,Paid,TX475338527
PAY0011815,O011815,2025-05-25,Cash,271.72,Paid,TX207354293
PAY0011816,O011816,2025-04-09,Virement,20.8,Paid,TX942447641
PAY0011817,O011817,2025-02-22,Mobile Money,110.87,Paid,TX995484227
PAY0011818,O011818,2025-10-03,Carte bancaire,2309.0,Refunded,TX888264620
PAY0011819,O011819,2026-05-25,Mobile Money,80.28,Paid,TX246436280
PAY0011820,O011820,2026-06-11,Cash,2695.64,Refunded,TX227301717
PAY0011821,O011821,2025-11-05,Mobile Money,116.83,Refunded,TX825637238
PAY0011822,O011822,2025-10-20,Mobile Money,229.44,Paid,TX224825546
PAY0011823,O011823,2025-10-04,Virement,1191.3,Paid,TX506019303
PAY0011824,O011824,2025-05-10,Mobile Money,160.18,Paid,TX816574324
PAY0011825,O011825,2025-08-17,Cash,0.0,Pending,TX119360443
PAY0011826,O011826,2026-05-30,Carte bancaire,0.0,Pending,TX366666399
PAY0011827,O011827,2025-12-08,Carte bancaire,42.19,Paid,TX277654952
PAY0011828,O011828,2025-05-18,Mobile Money,47.23,Paid,TX397662326
PAY0011829,O011829,2025-02-18,Carte bancaire,148.82,Paid,TX198581352
PAY0011830,O011830,2026-02-18,Carte bancaire,197.87,Paid,TX484645288
PAY0011831,O011831,2026-05-12,Mobile Money,93.63,Paid,TX132971672
PAY0011832,O011832,2025-03-04,Mobile Money,17.83,Paid,TX705955791
PAY0011833,O011833,2025-07-27,Carte bancaire,197.16,Paid,TX893020198
PAY0011834,O011834,2026-04-13,Mobile Money,1616.7,Paid,TX816610834
PAY0011835,O011835,2025-05-19,Carte bancaire,123.04,Paid,TX587933892
PAY0011836,O011836,2025-04-09,Mobile Money,1061.31,Paid,TX647592354
PAY0011837,O011837,2025-08-07,Cash,0.0,Pending,TX216290702
PAY0011838,O011838,2025-08-08,Carte bancaire,82.76,Paid,TX359777123
PAY0011839,O011839,2025-09-22,Mobile Money,193.35,Paid,TX424765282
PAY0011840,O011840,2026-06-15,Cash,0.0,Pending,TX499659800
PAY0011841,O011841,2026-06-20,Cash,451.61,Paid,TX305793563
PAY0011842,O011842,2025-11-16,Cash,212.54,Paid,TX872965155
PAY0011843,O011843,2025-02-13,Mobile Money,410.29,Paid,TX982357988
PAY0011844,O011844,2025-05-25,Mobile Money,188.42,Paid,TX705365369
PAY0011845,O011845,2025-04-14,Mobile Money,215.95,Paid,TX175616663
PAY0011846,O011846,2025-01-01,Virement,498.1,Paid,TX508326171
PAY0011847,O011847,2025-08-02,Carte bancaire,877.71,Paid,TX328302840
PAY0011848,O011848,2025-01-05,Mobile Money,191.19,Paid,TX868622085
PAY0011849,O011849,2025-11-13,Mobile Money,0.0,Pending,TX344513416
PAY0011850,O011850,2025-06-03,Virement,2517.92,Paid,TX117946982
PAY0011851,O011851,2026-02-02,Mobile Money,106.77,Paid,TX778184947
PAY0011852,O011852,2025-10-20,Carte bancaire,251.54,Paid,TX442710544
PAY0011853,O011853,2026-06-06,Mobile Money,1049.58,Paid,TX376034025
PAY0011854,O011854,2025-09-23,Mobile Money,111.94,Paid,TX497965712
PAY0011855,O011855,2025-03-30,Mobile Money,42.11,Paid,TX818068803
PAY0011856,O011856,2026-05-22,Mobile Money,0.0,Pending,TX154569013
PAY0011857,O011857,2025-06-20,Mobile Money,107.32,Paid,TX508879670
PAY0011858,O011858,2026-02-23,Mobile Money,1189.1,Paid,TX167914249
PAY0011859,O011859,2026-03-05,Mobile Money,381.82,Paid,TX667373584
PAY0011860,O011860,2026-05-24,Cash,0.0,Failed,TX592203246
PAY0011861,O011861,2025-12-18,Carte bancaire,42.69,Paid,TX633145145
PAY0011862,O011862,2025-10-10,Mobile Money,216.48,Paid,TX923032884
PAY0011863,O011863,2025-07-31,Mobile Money,772.37,Paid,TX916260020
PAY0011864,O011864,2025-09-05,Mobile Money,199.25,Paid,TX983502378
PAY0011865,O011865,2026-03-04,Mobile Money,29.49,Paid,TX713204702
PAY0011866,O011866,2025-11-07,Carte bancaire,373.53,Paid,TX406221692
PAY0011867,O011867,2025-01-31,Virement,111.91,Paid,TX722877499
PAY0011868,O011868,2025-07-25,Carte bancaire,0.0,Pending,TX904730125
PAY0011869,O011869,2026-05-19,Mobile Money,104.75,Pending,TX668762623
PAY0011870,O011870,2025-04-26,Mobile Money,106.09,Paid,TX418606868
PAY0011871,O011871,2025-09-18,Mobile Money,476.8,Paid,TX759307844
PAY0011872,O011872,2026-04-04,Mobile Money,70.95,Paid,TX194399537
PAY0011873,O011873,2025-06-09,Mobile Money,0.0,Pending,TX983596144
PAY0011874,O011874,2026-01-09,Mobile Money,591.23,Refunded,TX898989540
PAY0011875,O011875,2026-03-11,Mobile Money,41.96,Paid,TX486328868
PAY0011876,O011876,2025-07-01,Mobile Money,0.0,Failed,TX118336364
PAY0011877,O011877,2026-05-10,Virement,83.17,Paid,TX305415107
PAY0011878,O011878,2025-09-03,Mobile Money,722.24,Paid,TX368618024
PAY0011879,O011879,2025-06-14,Carte bancaire,0.0,Pending,TX546778499
PAY0011880,O011880,2025-05-06,Virement,107.92,Paid,TX365809288
PAY0011881,O011881,2025-05-27,Virement,0.0,Pending,TX497652671
PAY0011882,O011882,2025-11-05,Virement,119.94,Paid,TX833245368
PAY0011883,O011883,2025-05-05,Carte bancaire,367.56,Paid,TX363318504
PAY0011884,O011884,2025-07-19,Mobile Money,49.6,Paid,TX510264281
PAY0011885,O011885,2026-01-26,Mobile Money,5223.99,Paid,TX143051869
PAY0011886,O011886,2026-04-25,Mobile Money,169.53,Paid,TX699126421
PAY0011887,O011887,2026-01-12,Carte bancaire,1447.86,Paid,TX992958976
PAY0011888,O011888,2025-10-17,Mobile Money,243.63,Paid,TX624899479
PAY0011889,O011889,2026-01-19,Mobile Money,185.01,Paid,TX900644756
PAY0011890,O011890,2025-08-17,Mobile Money,108.6,Paid,TX305043510
PAY0011891,O011891,2025-06-01,Mobile Money,163.54,Paid,TX790808240
PAY0011892,O011892,2026-02-15,Virement,0.0,Pending,TX264609706
PAY0011893,O011893,2025-03-16,Carte bancaire,115.49,Paid,TX955102528
PAY0011894,O011894,2026-05-11,Mobile Money,111.31,Paid,TX894329554
PAY0011895,O011895,2025-08-25,Cash,102.46,Paid,TX940108671
PAY0011896,O011896,2026-03-28,Carte bancaire,0.0,Failed,TX339145236
PAY0011897,O011897,2025-02-27,Virement,48.93,Paid,TX243811500
PAY0011898,O011898,2025-10-02,Virement,0.0,Pending,TX778395058
PAY0011899,O011899,2025-08-24,Carte bancaire,316.54,Paid,TX871206502
PAY0011900,O011900,2025-07-15,Cash,42.83,Paid,TX255607505
PAY0011901,O011901,2025-10-11,Mobile Money,20.3,Paid,TX142504859
PAY0011902,O011902,2025-12-31,Virement,0.0,Pending,TX659557371
PAY0011903,O011903,2026-06-05,Mobile Money,618.78,Paid,TX978779778
PAY0011904,O011904,2026-03-27,Cash,365.44,Paid,TX649078032
PAY0011905,O011905,2025-05-08,Carte bancaire,120.28,Paid,TX797004866
PAY0011906,O011906,2026-06-25,Mobile Money,65.36,Paid,TX444437080
PAY0011907,O011907,2025-10-05,Carte bancaire,48.38,Paid,TX364634451
PAY0011908,O011908,2025-09-12,Mobile Money,0.0,Failed,TX655690184
PAY0011909,O011909,2025-01-10,Carte bancaire,102.62,Paid,TX950923022
PAY0011910,O011910,2026-01-03,Virement,115.77,Paid,TX802279848
PAY0011911,O011911,2026-05-02,Mobile Money,61.85,Paid,TX157794653
PAY0011912,O011912,2025-06-14,Carte bancaire,76.33,Paid,TX465381627
PAY0011913,O011913,2026-04-21,Carte bancaire,177.51,Pending,TX494280671
PAY0011914,O011914,2025-02-18,Cash,389.26,Paid,TX687605922
PAY0011915,O011915,2026-06-16,Cash,0.0,Pending,TX661711648
PAY0011916,O011916,2025-05-20,Mobile Money,143.13,Paid,TX910553381
PAY0011917,O011917,2025-09-25,Mobile Money,275.96,Paid,TX329409494
PAY0011918,O011918,2025-01-12,Mobile Money,0.0,Failed,TX268459543
PAY0011919,O011919,2026-05-11,Mobile Money,493.08,Paid,TX864198258
PAY0011920,O011920,2025-10-10,Mobile Money,65.06,Paid,TX580222073
PAY0011921,O011921,2026-06-18,Carte bancaire,742.22,Paid,TX357821718
PAY0011922,O011922,2025-07-28,Virement,517.21,Paid,TX538276349
PAY0011923,O011923,2025-02-03,Carte bancaire,22.43,Paid,TX676108945
PAY0011924,O011924,2026-01-10,Carte bancaire,321.17,Paid,TX957207593
PAY0011925,O011925,2025-04-04,Mobile Money,545.14,Paid,TX184251025
PAY0011926,O011926,2025-12-06,Mobile Money,0.0,Pending,TX938115126
PAY0011927,O011927,2025-01-23,Mobile Money,59.05,Refunded,TX950112844
PAY0011928,O011928,2025-04-02,Mobile Money,308.47,Paid,TX625260575
PAY0011929,O011929,2025-12-20,Virement,0.0,Pending,TX344791881
PAY0011930,O011930,2026-01-09,Cash,885.14,Paid,TX929081430
PAY0011931,O011931,2025-03-28,Virement,0.0,Pending,TX320647075
PAY0011932,O011932,2025-04-13,Cash,155.25,Paid,TX348223902
PAY0011933,O011933,2026-04-20,Mobile Money,166.2,Paid,TX601953553
PAY0011934,O011934,2025-01-07,Mobile Money,116.51,Paid,TX664530124
PAY0011935,O011935,2025-05-09,Mobile Money,31.81,Paid,TX458156874
PAY0011936,O011936,2026-06-19,Mobile Money,35.62,Paid,TX863613073
PAY0011937,O011937,2025-10-29,Mobile Money,3639.84,Refunded,TX508536564
PAY0011938,O011938,2025-01-15,Carte bancaire,156.51,Paid,TX313840177
PAY0011939,O011939,2026-05-08,Carte bancaire,238.85,Paid,TX714870826
PAY0011940,O011940,2025-07-10,Cash,293.5,Refunded,TX951951970
PAY0011941,O011941,2026-01-27,Mobile Money,0.0,Pending,TX687950342
PAY0011942,O011942,2025-12-20,Carte bancaire,67.46,Paid,TX362095550
PAY0011943,O011943,2025-07-23,Carte bancaire,79.12,Paid,TX277962525
PAY0011944,O011944,2025-07-24,Carte bancaire,0.0,Pending,TX185543984
PAY0011945,O011945,2025-11-01,Carte bancaire,0.0,Failed,TX105054680
PAY0011946,O011946,2025-07-31,Mobile Money,637.9,Paid,TX362057113
PAY0011947,O011947,2025-04-06,Mobile Money,542.56,Paid,TX704350872
PAY0011948,O011948,2026-02-04,Mobile Money,1417.97,Paid,TX162642860
PAY0011949,O011949,2026-01-08,Mobile Money,192.39,Paid,TX752809709
PAY0011950,O011950,2025-11-29,Mobile Money,1515.36,Refunded,TX376634602
PAY0011951,O011951,2026-02-11,Carte bancaire,989.81,Paid,TX614430455
PAY0011952,O011952,2025-10-12,Cash,2218.34,Paid,TX916053665
PAY0011953,O011953,2026-05-28,Mobile Money,752.45,Paid,TX347624578
PAY0011954,O011954,2026-05-01,Mobile Money,262.11,Paid,TX925654362
PAY0011955,O011955,2026-06-25,Mobile Money,2221.89,Paid,TX448602511
PAY0011956,O011956,2025-03-03,Mobile Money,613.76,Paid,TX425629255
PAY0011957,O011957,2025-03-01,Mobile Money,107.72,Paid,TX420971374
PAY0011958,O011958,2025-09-18,Virement,105.78,Paid,TX385560937
PAY0011959,O011959,2026-01-15,Mobile Money,0.0,Pending,TX856369100
PAY0011960,O011960,2025-05-14,Mobile Money,53.43,Paid,TX338598846
PAY0011961,O011961,2025-03-07,Cash,2061.71,Paid,TX965284914
PAY0011962,O011962,2025-01-24,Carte bancaire,211.95,Paid,TX300108670
PAY0011963,O011963,2025-11-03,Mobile Money,335.97,Refunded,TX494908366
PAY0011964,O011964,2026-06-22,Mobile Money,1709.54,Paid,TX423987818
PAY0011965,O011965,2025-09-12,Cash,23.2,Paid,TX961726334
PAY0011966,O011966,2026-02-09,Cash,660.67,Refunded,TX756255970
PAY0011967,O011967,2025-02-02,Carte bancaire,49.63,Refunded,TX373235022
PAY0011968,O011968,2025-04-30,Mobile Money,276.78,Paid,TX913075089
PAY0011969,O011969,2026-01-11,Carte bancaire,70.24,Paid,TX775048589
PAY0011970,O011970,2025-08-13,Carte bancaire,0.0,Failed,TX767362533
PAY0011971,O011971,2025-01-15,Mobile Money,722.37,Paid,TX935682809
PAY0011972,O011972,2025-05-07,Mobile Money,54.9,Paid,TX790192583
PAY0011973,O011973,2026-03-11,Mobile Money,44.34,Paid,TX551728893
PAY0011974,O011974,2026-01-14,Mobile Money,0.0,Pending,TX139663648
PAY0011975,O011975,2026-03-20,Carte bancaire,0.0,Pending,TX385761730
PAY0011976,O011976,2025-07-12,Carte bancaire,38.58,Paid,TX991689180
PAY0011977,O011977,2026-05-26,Cash,75.41,Paid,TX268333297
PAY0011978,O011978,2026-05-21,Cash,69.37,Paid,TX192370914
PAY0011979,O011979,2025-07-21,Virement,37.5,Paid,TX252175125
PAY0011980,O011980,2025-04-24,Mobile Money,30.38,Paid,TX780567370
PAY0011981,O011981,2026-06-12,Carte bancaire,174.38,Paid,TX796149358
PAY0011982,O011982,2025-07-13,Mobile Money,58.76,Refunded,TX427537693
PAY0011983,O011983,2025-09-29,Carte bancaire,2435.42,Refunded,TX821198892
PAY0011984,O011984,2026-05-30,Mobile Money,24.78,Paid,TX176719433
PAY0011985,O011985,2025-05-29,Carte bancaire,0.0,Failed,TX164109638
PAY0011986,O011986,2026-05-01,Mobile Money,0.0,Pending,TX376168888
PAY0011987,O011987,2025-04-02,Carte bancaire,395.45,Paid,TX644926828
PAY0011988,O011988,2025-06-10,Carte bancaire,333.09,Paid,TX141052716
PAY0011989,O011989,2025-08-05,Mobile Money,83.45,Refunded,TX278785628
PAY0011990,O011990,2025-09-22,Cash,127.66,Paid,TX130516145
PAY0011991,O011991,2025-05-15,Mobile Money,175.99,Paid,TX806794272
PAY0011992,O011992,2026-05-03,Mobile Money,255.04,Paid,TX368099232
PAY0011993,O011993,2026-01-03,Carte bancaire,64.46,Paid,TX539596728
PAY0011994,O011994,2026-01-07,Mobile Money,285.88,Paid,TX815224829
PAY0011995,O011995,2026-02-08,Virement,20.73,Paid,TX568081888
PAY0011996,O011996,2025-12-18,Carte bancaire,618.41,Paid,TX303479161
PAY0011997,O011997,2025-12-19,Mobile Money,121.64,Paid,TX449357358
PAY0011998,O011998,2025-12-31,Carte bancaire,203.69,Paid,TX886312950
PAY0011999,O011999,2026-02-01,Virement,67.5,Refunded,TX940459361
PAY0012000,O012000,2026-05-24,Mobile Money,161.18,Paid,TX783881743
PAY0012001,O012001,2025-04-19,Mobile Money,85.36,Refunded,TX230361658
PAY0012002,O012002,2025-10-15,Virement,212.34,Paid,TX345192691
PAY0012003,O012003,2025-04-14,Virement,561.72,Paid,TX709442127
PAY0012004,O012004,2025-04-14,Virement,0.0,Pending,TX908975423
PAY0012005,O012005,2026-06-06,Mobile Money,1001.52,Paid,TX532006055
PAY0012006,O012006,2025-09-17,Virement,263.94,Paid,TX598877934
PAY0012007,O012007,2026-01-23,Mobile Money,42.1,Paid,TX218095935
PAY0012008,O012008,2026-02-04,Carte bancaire,160.31,Paid,TX756480173
PAY0012009,O012009,2025-01-20,Mobile Money,36.85,Pending,TX396906408
PAY0012010,O012010,2025-10-01,Mobile Money,177.19,Paid,TX848597450
PAY0012011,O012011,2025-04-13,Cash,60.64,Paid,TX841625166
PAY0012012,O012012,2025-06-24,Mobile Money,188.87,Paid,TX883624721
PAY0012013,O012013,2025-04-15,Mobile Money,220.24,Paid,TX993207578
PAY0012014,O012014,2026-01-03,Carte bancaire,41.53,Paid,TX496182855
PAY0012015,O012015,2025-03-15,Virement,61.89,Paid,TX644101923
PAY0012016,O012016,2025-09-04,Mobile Money,0.0,Pending,TX616158380
PAY0012017,O012017,2025-06-19,Virement,38.65,Paid,TX229526403
PAY0012018,O012018,2026-06-14,Cash,119.74,Paid,TX469297102
PAY0012019,O012019,2026-03-08,Carte bancaire,52.19,Paid,TX568119333
PAY0012020,O012020,2025-07-13,Mobile Money,1108.36,Paid,TX587313715
PAY0012021,O012021,2025-06-11,Carte bancaire,76.73,Paid,TX986962500
PAY0012022,O012022,2026-01-31,Mobile Money,19.2,Paid,TX590573535
PAY0012023,O012023,2025-12-15,Mobile Money,112.32,Paid,TX937123086
PAY0012024,O012024,2025-11-02,Mobile Money,0.0,Failed,TX907190711
PAY0012025,O012025,2025-02-13,Mobile Money,0.0,Failed,TX548521017
PAY0012026,O012026,2025-02-14,Mobile Money,41.51,Paid,TX316334958
PAY0012027,O012027,2025-12-19,Mobile Money,0.0,Pending,TX163298937
PAY0012028,O012028,2025-09-15,Mobile Money,216.94,Paid,TX967146591
PAY0012029,O012029,2026-04-04,Virement,0.0,Pending,TX219422875
PAY0012030,O012030,2025-01-18,Mobile Money,124.21,Paid,TX918882716
PAY0012031,O012031,2025-04-16,Cash,71.32,Paid,TX726106401
PAY0012032,O012032,2026-03-10,Mobile Money,64.08,Paid,TX106270289
PAY0012033,O012033,2026-06-21,Carte bancaire,315.74,Paid,TX718344639
PAY0012034,O012034,2026-02-11,Virement,183.19,Paid,TX145547147
PAY0012035,O012035,2025-01-09,Mobile Money,107.5,Paid,TX707792815
PAY0012036,O012036,2025-01-30,Carte bancaire,194.31,Paid,TX912212816
PAY0012037,O012037,2026-04-28,Virement,93.76,Refunded,TX610066026
PAY0012038,O012038,2025-10-01,Carte bancaire,300.4,Pending,TX708593568
PAY0012039,O012039,2025-10-04,Mobile Money,35.61,Paid,TX805751858
PAY0012040,O012040,2026-06-12,Carte bancaire,253.01,Paid,TX627534758
PAY0012041,O012041,2025-05-19,Mobile Money,201.39,Paid,TX809125538
PAY0012042,O012042,2025-06-08,Mobile Money,148.4,Paid,TX457377808
PAY0012043,O012043,2026-01-15,Mobile Money,88.66,Paid,TX373041643
PAY0012044,O012044,2026-05-12,Virement,0.0,Pending,TX173049409
PAY0012045,O012045,2025-07-24,Virement,125.42,Paid,TX660697470
PAY0012046,O012046,2025-03-24,Mobile Money,88.93,Paid,TX896295389
PAY0012047,O012047,2025-02-02,Carte bancaire,364.09,Paid,TX466854758
PAY0012048,O012048,2025-01-08,Virement,70.54,Paid,TX464634153
PAY0012049,O012049,2025-07-29,Mobile Money,142.35,Paid,TX826887506
PAY0012050,O012050,2025-10-22,Cash,132.74,Paid,TX407452209
PAY0012051,O012051,2025-09-27,Mobile Money,42.72,Paid,TX873035177
PAY0012052,O012052,2025-05-12,Mobile Money,0.0,Failed,TX264837367
PAY0012053,O012053,2026-01-08,Mobile Money,554.93,Paid,TX590383483
PAY0012054,O012054,2026-04-29,Cash,97.35,Refunded,TX170326126
PAY0012055,O012055,2025-05-12,Carte bancaire,0.0,Pending,TX739535848
PAY0012056,O012056,2026-01-08,Mobile Money,0.0,Pending,TX772793258
PAY0012057,O012057,2025-10-29,Mobile Money,0.0,Failed,TX829743021
PAY0012058,O012058,2026-01-14,Mobile Money,198.5,Paid,TX351382118
PAY0012059,O012059,2025-01-11,Virement,0.0,Failed,TX315886382
PAY0012060,O012060,2026-01-07,Mobile Money,141.01,Paid,TX737580427
PAY0012061,O012061,2026-02-15,Mobile Money,73.02,Paid,TX355541563
PAY0012062,O012062,2026-01-12,Mobile Money,79.6,Paid,TX165545993
PAY0012063,O012063,2026-04-10,Carte bancaire,747.73,Paid,TX143007607
PAY0012064,O012064,2026-02-17,Mobile Money,62.7,Paid,TX446674822
PAY0012065,O012065,2026-06-27,Cash,452.1,Paid,TX939665536
PAY0012066,O012066,2026-01-07,Cash,495.56,Refunded,TX392058986
PAY0012067,O012067,2025-09-02,Carte bancaire,1884.64,Paid,TX599784992
PAY0012068,O012068,2026-04-07,Carte bancaire,997.75,Pending,TX653948702
PAY0012069,O012069,2026-01-19,Mobile Money,214.28,Paid,TX528253549
PAY0012070,O012070,2025-11-04,Mobile Money,0.0,Pending,TX766822565
PAY0012071,O012071,2025-11-15,Mobile Money,414.76,Paid,TX871525358
PAY0012072,O012072,2025-07-13,Carte bancaire,54.58,Refunded,TX426940777
PAY0012073,O012073,2025-12-06,Mobile Money,0.0,Failed,TX967692012
PAY0012074,O012074,2025-09-15,Carte bancaire,999.38,Paid,TX910560703
PAY0012075,O012075,2025-03-13,Carte bancaire,54.39,Paid,TX161915001
PAY0012076,O012076,2025-09-02,Cash,0.0,Pending,TX196468752
PAY0012077,O012077,2026-06-06,Virement,348.92,Paid,TX808660136
PAY0012078,O012078,2025-07-03,Carte bancaire,22.74,Paid,TX512451900
PAY0012079,O012079,2026-01-07,Mobile Money,170.35,Refunded,TX349991830
PAY0012080,O012080,2025-08-20,Cash,167.98,Paid,TX412488693
PAY0012081,O012081,2025-06-06,Mobile Money,549.96,Pending,TX355156354
PAY0012082,O012082,2025-07-30,Mobile Money,339.91,Paid,TX847765449
PAY0012083,O012083,2026-06-14,Carte bancaire,741.63,Paid,TX822128185
PAY0012084,O012084,2025-03-06,Cash,121.01,Paid,TX502352856
PAY0012085,O012085,2026-01-06,Mobile Money,329.85,Refunded,TX124526761
PAY0012086,O012086,2026-04-04,Cash,0.0,Failed,TX548910519
PAY0012087,O012087,2025-04-14,Mobile Money,64.77,Paid,TX942379951
PAY0012088,O012088,2026-02-22,Carte bancaire,133.93,Refunded,TX915280502
PAY0012089,O012089,2025-12-19,Carte bancaire,106.05,Paid,TX946240579
PAY0012090,O012090,2025-07-05,Carte bancaire,0.0,Failed,TX886700667
PAY0012091,O012091,2025-04-08,Cash,851.43,Paid,TX384516759
PAY0012092,O012092,2026-06-06,Mobile Money,244.7,Paid,TX841591545
PAY0012093,O012093,2025-04-21,Carte bancaire,118.12,Paid,TX259934200
PAY0012094,O012094,2026-06-09,Carte bancaire,69.61,Paid,TX483054259
PAY0012095,O012095,2025-12-24,Virement,33.99,Paid,TX196974329
PAY0012096,O012096,2026-04-16,Virement,197.17,Paid,TX427559792
PAY0012097,O012097,2025-06-12,Mobile Money,129.79,Paid,TX637030563
PAY0012098,O012098,2025-01-20,Mobile Money,39.41,Paid,TX520527469
PAY0012099,O012099,2025-12-26,Virement,571.58,Paid,TX174108519
PAY0012100,O012100,2025-07-25,Mobile Money,44.99,Paid,TX414932462
PAY0012101,O012101,2025-11-01,Mobile Money,33.43,Paid,TX398048376
PAY0012102,O012102,2025-09-11,Carte bancaire,71.28,Paid,TX182619033
PAY0012103,O012103,2025-06-29,Mobile Money,0.0,Pending,TX903013845
PAY0012104,O012104,2026-02-01,Virement,101.45,Paid,TX594765121
PAY0012105,O012105,2025-10-05,Mobile Money,157.95,Paid,TX858289037
PAY0012106,O012106,2025-12-17,Mobile Money,0.0,Failed,TX999594660
PAY0012107,O012107,2026-01-06,Carte bancaire,0.0,Pending,TX258889970
PAY0012108,O012108,2026-01-10,Mobile Money,0.0,Pending,TX711957975
PAY0012109,O012109,2025-07-05,Carte bancaire,20.31,Paid,TX940616045
PAY0012110,O012110,2026-02-25,Mobile Money,526.14,Paid,TX122295847
PAY0012111,O012111,2025-05-03,Carte bancaire,32.18,Refunded,TX545707150
PAY0012112,O012112,2026-06-07,Mobile Money,115.25,Paid,TX871369008
PAY0012113,O012113,2026-03-23,Virement,22.15,Paid,TX692887348
PAY0012114,O012114,2025-10-31,Mobile Money,0.0,Pending,TX377944316
PAY0012115,O012115,2025-04-13,Cash,0.0,Pending,TX234064450
PAY0012116,O012116,2026-05-11,Mobile Money,272.27,Paid,TX193204418
PAY0012117,O012117,2025-11-01,Mobile Money,0.0,Pending,TX939733803
PAY0012118,O012118,2026-03-25,Mobile Money,764.19,Paid,TX128498063
PAY0012119,O012119,2025-01-20,Mobile Money,81.17,Paid,TX646388902
PAY0012120,O012120,2025-07-08,Mobile Money,0.0,Failed,TX771200021
PAY0012121,O012121,2025-06-15,Mobile Money,684.03,Paid,TX749284205
PAY0012122,O012122,2026-03-23,Carte bancaire,59.97,Paid,TX416846152
PAY0012123,O012123,2025-09-12,Carte bancaire,0.0,Pending,TX187632435
PAY0012124,O012124,2025-03-10,Mobile Money,194.22,Paid,TX259186742
PAY0012125,O012125,2025-12-08,Mobile Money,0.0,Pending,TX497154186
PAY0012126,O012126,2025-03-30,Mobile Money,93.7,Paid,TX944823316
PAY0012127,O012127,2025-09-06,Carte bancaire,0.0,Pending,TX290712034
PAY0012128,O012128,2026-07-02,Mobile Money,314.06,Paid,TX547277267
PAY0012129,O012129,2025-08-29,Mobile Money,170.66,Paid,TX734418352
PAY0012130,O012130,2025-08-26,Mobile Money,0.0,Failed,TX352646221
PAY0012131,O012131,2025-01-25,Carte bancaire,1227.36,Paid,TX246646501
PAY0012132,O012132,2025-09-13,Mobile Money,108.56,Paid,TX131644714
PAY0012133,O012133,2026-06-09,Virement,224.28,Paid,TX443223532
PAY0012134,O012134,2026-06-08,Carte bancaire,47.15,Paid,TX702445411
PAY0012135,O012135,2026-06-12,Virement,712.38,Paid,TX175738940
PAY0012136,O012136,2025-07-22,Mobile Money,245.36,Paid,TX306304313
PAY0012137,O012137,2025-02-08,Mobile Money,70.96,Paid,TX695436245
PAY0012138,O012138,2025-05-12,Cash,573.32,Refunded,TX392243107
PAY0012139,O012139,2025-04-29,Carte bancaire,146.96,Paid,TX597450020
PAY0012140,O012140,2025-02-13,Mobile Money,29.16,Pending,TX667958801
PAY0012141,O012141,2026-01-26,Carte bancaire,29.73,Paid,TX736783983
PAY0012142,O012142,2025-10-17,Carte bancaire,0.0,Failed,TX719854146
PAY0012143,O012143,2026-02-03,Cash,92.27,Paid,TX832020017
PAY0012144,O012144,2025-04-20,Carte bancaire,67.07,Paid,TX195178849
PAY0012145,O012145,2026-01-21,Carte bancaire,447.53,Paid,TX723417057
PAY0012146,O012146,2025-02-08,Mobile Money,87.76,Refunded,TX282743834
PAY0012147,O012147,2026-02-03,Carte bancaire,50.15,Refunded,TX472776241
PAY0012148,O012148,2026-03-25,Mobile Money,220.2,Paid,TX810666497
PAY0012149,O012149,2025-05-22,Virement,0.0,Pending,TX823084658
PAY0012150,O012150,2025-07-03,Carte bancaire,0.0,Failed,TX639694283
PAY0012151,O012151,2025-08-27,Carte bancaire,36.39,Paid,TX615412250
PAY0012152,O012152,2025-11-14,Carte bancaire,0.0,Pending,TX122636547
PAY0012153,O012153,2025-10-21,Mobile Money,283.58,Paid,TX749201921
PAY0012154,O012154,2025-03-02,Mobile Money,2024.96,Paid,TX227810339
PAY0012155,O012155,2025-07-27,Carte bancaire,457.63,Paid,TX645546097
PAY0012156,O012156,2025-10-09,Carte bancaire,154.17,Paid,TX327878789
PAY0012157,O012157,2025-12-05,Virement,473.8,Paid,TX296603544
PAY0012158,O012158,2025-12-17,Carte bancaire,16.38,Paid,TX606484475
PAY0012159,O012159,2026-01-02,Mobile Money,88.9,Paid,TX783406447
PAY0012160,O012160,2025-09-08,Carte bancaire,328.2,Paid,TX734682261
PAY0012161,O012161,2025-10-05,Carte bancaire,69.0,Paid,TX896804103
PAY0012162,O012162,2025-07-08,Carte bancaire,181.76,Paid,TX602014514
PAY0012163,O012163,2025-05-29,Virement,81.3,Paid,TX224533235
PAY0012164,O012164,2025-06-22,Carte bancaire,0.0,Pending,TX643063118
PAY0012165,O012165,2025-09-01,Virement,98.02,Paid,TX955364828
PAY0012166,O012166,2025-03-05,Mobile Money,371.69,Paid,TX864333467
PAY0012167,O012167,2025-05-03,Virement,101.19,Paid,TX552625738
PAY0012168,O012168,2025-03-09,Mobile Money,659.83,Paid,TX758166119
PAY0012169,O012169,2025-08-12,Virement,0.0,Pending,TX951868334
PAY0012170,O012170,2025-09-29,Mobile Money,268.72,Paid,TX884746360
PAY0012171,O012171,2025-04-04,Carte bancaire,0.0,Failed,TX280837581
PAY0012172,O012172,2025-03-22,Carte bancaire,4925.52,Paid,TX833234826
PAY0012173,O012173,2025-10-18,Mobile Money,210.2,Paid,TX603684997
PAY0012174,O012174,2025-05-06,Mobile Money,144.68,Paid,TX917363062
PAY0012175,O012175,2026-04-23,Virement,0.0,Pending,TX249189890
PAY0012176,O012176,2025-04-05,Mobile Money,558.51,Paid,TX716275572
PAY0012177,O012177,2025-09-23,Mobile Money,387.5,Paid,TX284820119
PAY0012178,O012178,2026-03-18,Carte bancaire,37.29,Refunded,TX203066753
PAY0012179,O012179,2025-03-02,Carte bancaire,124.39,Paid,TX720777398
PAY0012180,O012180,2025-09-06,Mobile Money,0.0,Failed,TX362487355
PAY0012181,O012181,2025-09-20,Carte bancaire,77.52,Paid,TX116494056
PAY0012182,O012182,2025-11-01,Virement,156.52,Refunded,TX580361454
PAY0012183,O012183,2026-05-05,Mobile Money,148.89,Paid,TX373157450
PAY0012184,O012184,2025-11-17,Mobile Money,349.19,Paid,TX500975564
PAY0012185,O012185,2025-07-29,Carte bancaire,252.73,Paid,TX502268115
PAY0012186,O012186,2025-08-08,Mobile Money,40.53,Paid,TX489973602
PAY0012187,O012187,2025-12-11,Cash,288.69,Paid,TX335214283
PAY0012188,O012188,2025-06-17,Mobile Money,0.0,Pending,TX706788838
PAY0012189,O012189,2026-01-13,Carte bancaire,0.0,Failed,TX679660414
PAY0012190,O012190,2025-08-01,Carte bancaire,351.59,Paid,TX999288613
PAY0012191,O012191,2025-02-07,Carte bancaire,94.57,Paid,TX924182854
PAY0012192,O012192,2025-10-24,Virement,186.5,Paid,TX863590539
PAY0012193,O012193,2025-05-20,Carte bancaire,0.0,Pending,TX361333535
PAY0012194,O012194,2025-07-18,Cash,0.0,Failed,TX968196653
PAY0012195,O012195,2025-06-27,Carte bancaire,160.53,Paid,TX257694664
PAY0012196,O012196,2025-03-18,Cash,239.01,Paid,TX280895768
PAY0012197,O012197,2025-06-11,Mobile Money,63.62,Paid,TX573001655
PAY0012198,O012198,2026-05-17,Virement,0.0,Pending,TX591794376
PAY0012199,O012199,2025-06-25,Carte bancaire,26.95,Paid,TX402218879
PAY0012200,O012200,2026-02-09,Virement,505.83,Paid,TX887213592
PAY0012201,O012201,2025-08-13,Mobile Money,394.45,Paid,TX632280085
PAY0012202,O012202,2025-02-09,Carte bancaire,73.25,Paid,TX998107974
PAY0012203,O012203,2026-04-07,Carte bancaire,16.06,Paid,TX926423598
PAY0012204,O012204,2026-05-16,Virement,889.54,Paid,TX555955087
PAY0012205,O012205,2025-05-12,Carte bancaire,181.97,Paid,TX446801078
PAY0012206,O012206,2025-04-08,Virement,116.45,Paid,TX857388971
PAY0012207,O012207,2026-05-27,Mobile Money,39.28,Refunded,TX129987644
PAY0012208,O012208,2025-02-24,Carte bancaire,311.8,Paid,TX840729936
PAY0012209,O012209,2026-05-07,Virement,33.85,Paid,TX455280293
PAY0012210,O012210,2025-04-09,Carte bancaire,156.92,Paid,TX249323946
PAY0012211,O012211,2026-04-23,Mobile Money,39.21,Paid,TX329052614
PAY0012212,O012212,2026-05-31,Carte bancaire,0.0,Pending,TX931500657
PAY0012213,O012213,2025-05-13,Virement,122.88,Paid,TX480573462
PAY0012214,O012214,2025-05-02,Cash,1232.32,Paid,TX967620517
PAY0012215,O012215,2025-03-04,Mobile Money,111.87,Paid,TX357476841
PAY0012216,O012216,2026-03-09,Mobile Money,585.28,Paid,TX248037066
PAY0012217,O012217,2025-07-14,Mobile Money,28.44,Paid,TX613725433
PAY0012218,O012218,2025-12-22,Mobile Money,661.5,Paid,TX114796313
PAY0012219,O012219,2025-12-07,Mobile Money,782.49,Paid,TX523939726
PAY0012220,O012220,2025-10-15,Virement,495.21,Paid,TX859498782
PAY0012221,O012221,2025-05-14,Mobile Money,80.76,Paid,TX870865502
PAY0012222,O012222,2025-07-24,Mobile Money,708.98,Paid,TX445268124
PAY0012223,O012223,2025-10-04,Virement,479.69,Paid,TX463302852
PAY0012224,O012224,2025-02-24,Cash,194.55,Refunded,TX559179782
PAY0012225,O012225,2025-08-14,Carte bancaire,3637.97,Refunded,TX771674273
PAY0012226,O012226,2026-01-26,Mobile Money,87.69,Paid,TX390853458
PAY0012227,O012227,2025-08-24,Carte bancaire,2404.99,Paid,TX392081311
PAY0012228,O012228,2025-08-09,Cash,140.61,Paid,TX259305031
PAY0012229,O012229,2026-04-10,Cash,140.56,Paid,TX318710447
PAY0012230,O012230,2025-10-24,Mobile Money,138.74,Paid,TX567173583
PAY0012231,O012231,2026-02-10,Cash,748.0,Refunded,TX425531406
PAY0012232,O012232,2025-02-02,Mobile Money,0.0,Pending,TX156607378
PAY0012233,O012233,2026-05-25,Virement,121.63,Paid,TX827381117
PAY0012234,O012234,2026-03-05,Cash,465.26,Paid,TX220733289
PAY0012235,O012235,2026-04-03,Mobile Money,80.85,Paid,TX430252706
PAY0012236,O012236,2026-01-17,Mobile Money,71.84,Paid,TX493184317
PAY0012237,O012237,2025-10-25,Carte bancaire,0.0,Pending,TX146950776
PAY0012238,O012238,2025-10-20,Mobile Money,95.91,Paid,TX116730593
PAY0012239,O012239,2025-12-10,Cash,0.0,Failed,TX442951444
PAY0012240,O012240,2025-09-29,Mobile Money,98.01,Paid,TX179541907
PAY0012241,O012241,2026-02-07,Virement,0.0,Failed,TX545918961
PAY0012242,O012242,2025-07-06,Mobile Money,0.0,Failed,TX115073716
PAY0012243,O012243,2026-02-27,Cash,145.94,Paid,TX207279325
PAY0012244,O012244,2025-07-10,Carte bancaire,1430.98,Paid,TX915678568
PAY0012245,O012245,2025-09-20,Mobile Money,44.61,Paid,TX956585227
PAY0012246,O012246,2025-02-08,Mobile Money,78.43,Paid,TX803478958
PAY0012247,O012247,2026-05-12,Mobile Money,1046.23,Paid,TX831220369
PAY0012248,O012248,2026-01-15,Carte bancaire,140.3,Paid,TX149033011
PAY0012249,O012249,2025-05-19,Virement,526.88,Paid,TX148169266
PAY0012250,O012250,2025-01-28,Virement,368.09,Paid,TX543493706
PAY0012251,O012251,2026-04-15,Carte bancaire,0.0,Failed,TX207553963
PAY0012252,O012252,2025-01-03,Carte bancaire,90.95,Paid,TX104304049
PAY0012253,O012253,2025-09-24,Cash,1230.56,Paid,TX369795790
PAY0012254,O012254,2025-01-20,Carte bancaire,60.47,Paid,TX727018483
PAY0012255,O012255,2026-01-16,Virement,477.01,Paid,TX822934390
PAY0012256,O012256,2025-04-25,Mobile Money,171.35,Paid,TX666614606
PAY0012257,O012257,2025-08-23,Mobile Money,0.0,Failed,TX362639924
PAY0012258,O012258,2025-11-10,Mobile Money,3597.06,Paid,TX750012763
PAY0012259,O012259,2025-07-27,Cash,47.23,Paid,TX564038060
PAY0012260,O012260,2026-01-13,Virement,28.46,Paid,TX984127112
PAY0012261,O012261,2025-10-07,Cash,0.0,Failed,TX232218297
PAY0012262,O012262,2025-08-20,Mobile Money,81.38,Paid,TX545899647
PAY0012263,O012263,2025-06-28,Mobile Money,596.04,Paid,TX373207238
PAY0012264,O012264,2025-08-12,Mobile Money,24.02,Paid,TX529197447
PAY0012265,O012265,2025-06-29,Mobile Money,145.5,Paid,TX116361637
PAY0012266,O012266,2025-11-16,Cash,0.0,Pending,TX871784233
PAY0012267,O012267,2026-02-23,Mobile Money,0.0,Pending,TX405384830
PAY0012268,O012268,2025-11-24,Cash,67.5,Paid,TX404966619
PAY0012269,O012269,2025-01-22,Mobile Money,34.39,Paid,TX459205083
PAY0012270,O012270,2026-04-11,Mobile Money,2019.1,Paid,TX954102027
PAY0012271,O012271,2026-03-11,Mobile Money,135.37,Paid,TX696429537
PAY0012272,O012272,2026-03-28,Mobile Money,0.0,Pending,TX257763510
PAY0012273,O012273,2025-02-01,Carte bancaire,22.84,Paid,TX619672285
PAY0012274,O012274,2026-03-28,Cash,42.46,Paid,TX666167861
PAY0012275,O012275,2025-09-13,Cash,104.63,Paid,TX816625035
PAY0012276,O012276,2026-04-08,Mobile Money,0.0,Failed,TX453884319
PAY0012277,O012277,2026-03-08,Carte bancaire,526.11,Paid,TX856882279
PAY0012278,O012278,2026-05-02,Mobile Money,45.73,Paid,TX113002006
PAY0012279,O012279,2025-03-11,Mobile Money,43.58,Paid,TX992849737
PAY0012280,O012280,2025-11-01,Carte bancaire,1171.19,Paid,TX533424133
PAY0012281,O012281,2026-02-08,Mobile Money,70.74,Paid,TX289927775
PAY0012282,O012282,2025-11-25,Mobile Money,63.04,Paid,TX590075099
PAY0012283,O012283,2026-03-24,Cash,512.81,Paid,TX949297148
PAY0012284,O012284,2026-02-04,Carte bancaire,1920.39,Paid,TX896393434
PAY0012285,O012285,2025-01-24,Virement,0.0,Pending,TX264613859
PAY0012286,O012286,2025-04-23,Carte bancaire,71.39,Paid,TX134210202
PAY0012287,O012287,2025-12-15,Mobile Money,160.8,Paid,TX909623647
PAY0012288,O012288,2025-07-20,Mobile Money,203.85,Paid,TX789608287
PAY0012289,O012289,2025-07-16,Mobile Money,0.0,Failed,TX665582995
PAY0012290,O012290,2026-05-19,Cash,69.06,Refunded,TX679723882
PAY0012291,O012291,2025-02-21,Carte bancaire,126.08,Paid,TX948434742
PAY0012292,O012292,2025-10-18,Carte bancaire,138.76,Paid,TX167095743
PAY0012293,O012293,2025-06-22,Carte bancaire,184.95,Paid,TX302069963
PAY0012294,O012294,2025-02-01,Cash,0.0,Failed,TX652237173
PAY0012295,O012295,2025-07-28,Mobile Money,248.51,Paid,TX285350294
PAY0012296,O012296,2025-08-15,Virement,0.0,Failed,TX351496049
PAY0012297,O012297,2025-09-07,Mobile Money,178.06,Paid,TX194061054
PAY0012298,O012298,2025-04-03,Mobile Money,59.08,Refunded,TX102612467
PAY0012299,O012299,2026-02-05,Cash,56.76,Paid,TX113483104
PAY0012300,O012300,2025-07-15,Mobile Money,0.0,Pending,TX556057341
PAY0012301,O012301,2025-11-12,Carte bancaire,49.51,Paid,TX690954289
PAY0012302,O012302,2025-10-28,Carte bancaire,168.97,Paid,TX723469033
PAY0012303,O012303,2025-11-08,Mobile Money,32.27,Paid,TX227974287
PAY0012304,O012304,2025-10-04,Cash,175.76,Paid,TX206777671
PAY0012305,O012305,2025-06-18,Mobile Money,79.68,Paid,TX845661115
PAY0012306,O012306,2025-09-30,Mobile Money,43.68,Paid,TX693418687
PAY0012307,O012307,2025-10-18,Mobile Money,57.27,Paid,TX600530424
PAY0012308,O012308,2025-01-12,Cash,333.98,Paid,TX861527166
PAY0012309,O012309,2026-02-02,Cash,595.71,Paid,TX233369980
PAY0012310,O012310,2025-09-03,Mobile Money,884.13,Paid,TX332558393
PAY0012311,O012311,2025-06-10,Carte bancaire,104.18,Paid,TX205608849
PAY0012312,O012312,2025-01-19,Carte bancaire,52.83,Paid,TX119581362
PAY0012313,O012313,2025-06-20,Cash,333.15,Paid,TX359899343
PAY0012314,O012314,2025-08-10,Carte bancaire,0.0,Failed,TX804718889
PAY0012315,O012315,2026-04-05,Virement,225.06,Paid,TX991199733
PAY0012316,O012316,2025-12-23,Mobile Money,76.71,Paid,TX988427018
PAY0012317,O012317,2025-08-18,Carte bancaire,48.88,Paid,TX633665977
PAY0012318,O012318,2025-03-14,Virement,0.0,Failed,TX167210639
PAY0012319,O012319,2025-06-02,Mobile Money,464.42,Paid,TX410422840
PAY0012320,O012320,2026-05-18,Mobile Money,262.23,Paid,TX154801739
PAY0012321,O012321,2025-03-15,Cash,230.58,Paid,TX816324615
PAY0012322,O012322,2025-12-12,Virement,87.46,Paid,TX879415549
PAY0012323,O012323,2025-10-12,Mobile Money,40.19,Paid,TX151808580
PAY0012324,O012324,2025-05-04,Carte bancaire,0.0,Pending,TX159037948
PAY0012325,O012325,2026-04-25,Carte bancaire,0.0,Pending,TX830100902
PAY0012326,O012326,2025-08-08,Mobile Money,854.63,Paid,TX341556371
PAY0012327,O012327,2025-12-29,Mobile Money,323.46,Paid,TX887096374
PAY0012328,O012328,2025-02-25,Mobile Money,339.88,Paid,TX984701329
PAY0012329,O012329,2026-06-18,Cash,38.67,Paid,TX118454924
PAY0012330,O012330,2025-01-14,Carte bancaire,1142.7,Paid,TX605851503
PAY0012331,O012331,2025-06-23,Mobile Money,0.0,Pending,TX882860088
PAY0012332,O012332,2026-05-19,Carte bancaire,222.79,Paid,TX221417144
PAY0012333,O012333,2025-12-20,Mobile Money,20.12,Paid,TX283568810
PAY0012334,O012334,2026-01-06,Virement,3101.0,Paid,TX764797147
PAY0012335,O012335,2025-06-22,Carte bancaire,21.1,Paid,TX287911880
PAY0012336,O012336,2026-03-06,Carte bancaire,201.05,Paid,TX380604752
PAY0012337,O012337,2026-05-28,Carte bancaire,77.16,Paid,TX716145678
PAY0012338,O012338,2025-12-07,Mobile Money,37.61,Paid,TX812768726
PAY0012339,O012339,2025-05-01,Mobile Money,368.02,Paid,TX535974784
PAY0012340,O012340,2026-05-14,Mobile Money,0.0,Pending,TX596162205
PAY0012341,O012341,2025-01-04,Mobile Money,0.0,Pending,TX737684696
PAY0012342,O012342,2026-05-06,Mobile Money,146.63,Paid,TX785487272
PAY0012343,O012343,2025-01-08,Mobile Money,93.13,Paid,TX595264143
PAY0012344,O012344,2025-02-04,Carte bancaire,775.18,Paid,TX527023201
PAY0012345,O012345,2025-01-26,Mobile Money,41.62,Paid,TX896343737
PAY0012346,O012346,2025-04-18,Mobile Money,293.27,Paid,TX517418528
PAY0012347,O012347,2026-02-03,Mobile Money,0.0,Pending,TX883722653
PAY0012348,O012348,2025-08-08,Mobile Money,0.0,Pending,TX994075827
PAY0012349,O012349,2025-02-16,Mobile Money,129.69,Paid,TX300504131
PAY0012350,O012350,2025-07-07,Mobile Money,333.91,Paid,TX966048127
PAY0012351,O012351,2026-07-02,Cash,0.0,Failed,TX339216823
PAY0012352,O012352,2025-10-18,Mobile Money,1284.1,Paid,TX993502676
PAY0012353,O012353,2026-02-08,Carte bancaire,51.3,Paid,TX869000670
PAY0012354,O012354,2025-05-27,Virement,59.5,Refunded,TX981430724
PAY0012355,O012355,2025-10-13,Cash,144.24,Paid,TX915195188
PAY0012356,O012356,2026-03-15,Mobile Money,1085.18,Paid,TX456199004
PAY0012357,O012357,2026-01-06,Mobile Money,0.0,Pending,TX310305274
PAY0012358,O012358,2025-01-06,Mobile Money,148.48,Paid,TX521160663
PAY0012359,O012359,2025-12-02,Carte bancaire,119.08,Paid,TX442064345
PAY0012360,O012360,2026-03-12,Mobile Money,824.74,Paid,TX173607803
PAY0012361,O012361,2025-03-18,Mobile Money,0.0,Pending,TX668606905
PAY0012362,O012362,2025-08-05,Cash,0.0,Failed,TX480306476
PAY0012363,O012363,2025-12-21,Mobile Money,66.98,Paid,TX236253393
PAY0012364,O012364,2025-01-07,Mobile Money,0.0,Pending,TX242491412
PAY0012365,O012365,2026-01-27,Cash,1169.73,Paid,TX906848369
PAY0012366,O012366,2026-04-11,Carte bancaire,193.12,Paid,TX684443959
PAY0012367,O012367,2025-10-16,Virement,0.0,Failed,TX619803959
PAY0012368,O012368,2025-09-02,Mobile Money,0.0,Pending,TX819393542
PAY0012369,O012369,2025-02-20,Mobile Money,167.93,Paid,TX902904510
PAY0012370,O012370,2026-02-05,Mobile Money,40.98,Paid,TX861777760
PAY0012371,O012371,2026-06-05,Virement,289.98,Paid,TX114035228
PAY0012372,O012372,2026-04-29,Cash,646.65,Paid,TX593883137
PAY0012373,O012373,2025-11-01,Cash,105.11,Paid,TX113312756
PAY0012374,O012374,2025-01-21,Carte bancaire,875.21,Paid,TX932145695
PAY0012375,O012375,2025-06-08,Carte bancaire,715.28,Paid,TX983234712
PAY0012376,O012376,2025-05-26,Mobile Money,246.43,Paid,TX465009092
PAY0012377,O012377,2025-01-05,Mobile Money,670.86,Paid,TX879931990
PAY0012378,O012378,2025-03-09,Mobile Money,190.99,Paid,TX703999605
PAY0012379,O012379,2025-11-12,Carte bancaire,383.75,Paid,TX455359800
PAY0012380,O012380,2025-02-26,Cash,44.83,Paid,TX484225332
PAY0012381,O012381,2025-01-25,Carte bancaire,353.83,Refunded,TX619117294
PAY0012382,O012382,2026-06-07,Mobile Money,0.0,Pending,TX517275033
PAY0012383,O012383,2025-12-02,Mobile Money,21.66,Refunded,TX718875592
PAY0012384,O012384,2026-03-22,Carte bancaire,14.25,Paid,TX518227088
PAY0012385,O012385,2025-05-18,Mobile Money,40.8,Paid,TX453887877
PAY0012386,O012386,2025-07-20,Cash,89.65,Paid,TX646028828
PAY0012387,O012387,2025-12-02,Carte bancaire,0.0,Pending,TX497748182
PAY0012388,O012388,2026-01-12,Mobile Money,137.7,Paid,TX315743584
PAY0012389,O012389,2025-07-25,Mobile Money,765.61,Paid,TX514203682
PAY0012390,O012390,2026-05-21,Mobile Money,350.78,Paid,TX832474078
PAY0012391,O012391,2026-01-23,Mobile Money,111.09,Paid,TX358861643
PAY0012392,O012392,2025-05-05,Mobile Money,564.55,Paid,TX710318637
PAY0012393,O012393,2025-02-27,Mobile Money,981.5,Refunded,TX585481987
PAY0012394,O012394,2025-01-12,Mobile Money,0.0,Pending,TX905567855
PAY0012395,O012395,2026-04-08,Mobile Money,21.43,Paid,TX132625654
PAY0012396,O012396,2026-03-30,Mobile Money,2475.69,Paid,TX601621560
PAY0012397,O012397,2025-09-24,Mobile Money,5143.02,Paid,TX358045125
PAY0012398,O012398,2026-02-03,Mobile Money,545.03,Paid,TX177091518
PAY0012399,O012399,2026-05-04,Carte bancaire,0.0,Pending,TX368100261
PAY0012400,O012400,2025-04-02,Carte bancaire,987.63,Paid,TX764453702
PAY0012401,O012401,2026-06-23,Mobile Money,0.0,Failed,TX947285111
PAY0012402,O012402,2025-09-26,Cash,279.52,Paid,TX603596899
PAY0012403,O012403,2025-08-30,Carte bancaire,94.73,Paid,TX556932779
PAY0012404,O012404,2025-03-30,Carte bancaire,173.86,Paid,TX128788254
PAY0012405,O012405,2026-01-06,Carte bancaire,587.08,Paid,TX889709506
PAY0012406,O012406,2025-11-30,Cash,217.24,Paid,TX811016134
PAY0012407,O012407,2025-01-18,Carte bancaire,56.8,Paid,TX298905123
PAY0012408,O012408,2025-12-24,Carte bancaire,236.72,Paid,TX512774556
PAY0012409,O012409,2025-03-22,Carte bancaire,0.0,Pending,TX186024129
PAY0012410,O012410,2025-06-01,Virement,77.47,Paid,TX612651812
PAY0012411,O012411,2025-12-05,Virement,198.52,Paid,TX278631528
PAY0012412,O012412,2026-03-04,Virement,172.42,Paid,TX260805208
PAY0012413,O012413,2025-03-18,Mobile Money,89.79,Paid,TX668922164
PAY0012414,O012414,2025-09-21,Carte bancaire,3575.54,Refunded,TX284202496
PAY0012415,O012415,2025-06-09,Carte bancaire,0.0,Pending,TX756373557
PAY0012416,O012416,2026-01-23,Mobile Money,43.03,Paid,TX584694838
PAY0012417,O012417,2026-03-31,Mobile Money,268.34,Refunded,TX267207404
PAY0012418,O012418,2025-12-20,Virement,896.62,Paid,TX169053655
PAY0012419,O012419,2026-03-16,Mobile Money,273.68,Paid,TX407175086
PAY0012420,O012420,2025-09-06,Carte bancaire,911.54,Paid,TX742582329
PAY0012421,O012421,2025-11-26,Carte bancaire,50.8,Paid,TX230036879
PAY0012422,O012422,2025-06-10,Carte bancaire,39.53,Refunded,TX994759317
PAY0012423,O012423,2026-06-27,Cash,58.06,Refunded,TX901360182
PAY0012424,O012424,2025-04-25,Virement,56.43,Refunded,TX160546353
PAY0012425,O012425,2026-05-24,Carte bancaire,52.66,Paid,TX725451718
PAY0012426,O012426,2026-02-16,Mobile Money,692.87,Paid,TX614875714
PAY0012427,O012427,2026-06-26,Mobile Money,2551.7,Paid,TX163853384
PAY0012428,O012428,2025-12-20,Mobile Money,24.56,Paid,TX241703694
PAY0012429,O012429,2025-07-14,Carte bancaire,500.18,Paid,TX536529799
PAY0012430,O012430,2025-06-04,Mobile Money,359.21,Paid,TX208313591
PAY0012431,O012431,2025-04-10,Mobile Money,0.0,Failed,TX694199630
PAY0012432,O012432,2026-06-15,Mobile Money,59.18,Paid,TX745659044
PAY0012433,O012433,2025-03-01,Mobile Money,177.17,Paid,TX636998640
PAY0012434,O012434,2026-03-25,Virement,70.45,Paid,TX325013271
PAY0012435,O012435,2026-01-22,Cash,633.14,Refunded,TX819752781
PAY0012436,O012436,2025-03-11,Mobile Money,719.61,Paid,TX738099346
PAY0012437,O012437,2026-05-17,Mobile Money,1944.02,Paid,TX417638778
PAY0012438,O012438,2025-03-31,Mobile Money,220.52,Refunded,TX104390623
PAY0012439,O012439,2025-04-03,Mobile Money,1638.68,Paid,TX927740108
PAY0012440,O012440,2025-10-29,Carte bancaire,486.96,Paid,TX310031404
PAY0012441,O012441,2025-02-27,Carte bancaire,0.0,Failed,TX265426287
PAY0012442,O012442,2025-03-01,Virement,0.0,Failed,TX339214739
PAY0012443,O012443,2025-12-09,Carte bancaire,118.87,Paid,TX821594995
PAY0012444,O012444,2026-06-16,Mobile Money,191.15,Paid,TX985310976
PAY0012445,O012445,2025-02-03,Virement,179.56,Paid,TX527015175
PAY0012446,O012446,2025-12-17,Virement,98.86,Paid,TX487709471
PAY0012447,O012447,2025-11-30,Virement,766.59,Paid,TX468192818
PAY0012448,O012448,2025-02-10,Cash,98.75,Paid,TX120074590
PAY0012449,O012449,2025-03-27,Virement,247.03,Paid,TX563523895
PAY0012450,O012450,2025-09-03,Carte bancaire,153.68,Refunded,TX409315852
PAY0012451,O012451,2026-01-18,Virement,68.0,Paid,TX763790098
PAY0012452,O012452,2025-05-06,Carte bancaire,841.99,Paid,TX913052240
PAY0012453,O012453,2025-08-30,Carte bancaire,23.9,Paid,TX467971135
PAY0012454,O012454,2025-09-27,Mobile Money,260.62,Paid,TX382645537
PAY0012455,O012455,2026-01-26,Carte bancaire,377.3,Paid,TX163260851
PAY0012456,O012456,2025-05-17,Mobile Money,214.02,Paid,TX347362937
PAY0012457,O012457,2026-01-14,Carte bancaire,350.35,Paid,TX659458837
PAY0012458,O012458,2026-04-05,Mobile Money,501.81,Paid,TX685524276
PAY0012459,O012459,2025-11-16,Mobile Money,54.99,Paid,TX791158182
PAY0012460,O012460,2026-02-02,Carte bancaire,225.5,Paid,TX175780475
PAY0012461,O012461,2025-04-04,Cash,40.33,Paid,TX307544152
PAY0012462,O012462,2026-05-15,Cash,48.45,Paid,TX388157725
PAY0012463,O012463,2025-06-15,Cash,77.22,Paid,TX355195282
PAY0012464,O012464,2025-04-21,Carte bancaire,0.0,Pending,TX334151272
PAY0012465,O012465,2025-10-29,Virement,0.0,Pending,TX604371830
PAY0012466,O012466,2025-07-31,Mobile Money,898.65,Paid,TX328245777
PAY0012467,O012467,2025-09-10,Carte bancaire,197.72,Paid,TX862864612
PAY0012468,O012468,2026-03-21,Mobile Money,585.99,Paid,TX864253807
PAY0012469,O012469,2025-10-25,Mobile Money,0.0,Failed,TX650373225
PAY0012470,O012470,2025-07-26,Carte bancaire,1103.8,Paid,TX218350729
PAY0012471,O012471,2026-03-15,Mobile Money,56.92,Paid,TX634654481
PAY0012472,O012472,2025-07-31,Virement,0.0,Pending,TX887901525
PAY0012473,O012473,2026-06-10,Cash,732.25,Paid,TX561145097
PAY0012474,O012474,2026-06-26,Mobile Money,94.31,Paid,TX167744415
PAY0012475,O012475,2025-09-19,Mobile Money,263.57,Paid,TX117860530
PAY0012476,O012476,2026-03-01,Virement,0.0,Pending,TX732211485
PAY0012477,O012477,2026-01-27,Virement,327.35,Paid,TX128848319
PAY0012478,O012478,2026-04-19,Virement,0.0,Failed,TX281544148
PAY0012479,O012479,2025-09-10,Carte bancaire,141.69,Paid,TX313475800
PAY0012480,O012480,2025-08-13,Virement,942.01,Paid,TX715628379
PAY0012481,O012481,2025-06-04,Virement,188.69,Paid,TX954607875
PAY0012482,O012482,2025-11-18,Mobile Money,111.02,Paid,TX412007222
PAY0012483,O012483,2025-12-07,Cash,571.4,Paid,TX789513025
PAY0012484,O012484,2025-09-05,Virement,0.0,Pending,TX542918595
PAY0012485,O012485,2025-06-24,Carte bancaire,30.15,Paid,TX120541891
PAY0012486,O012486,2025-09-07,Mobile Money,273.87,Paid,TX600413119
PAY0012487,O012487,2025-10-06,Cash,94.47,Paid,TX551509744
PAY0012488,O012488,2025-03-14,Mobile Money,131.21,Paid,TX387115554
PAY0012489,O012489,2025-12-30,Virement,227.58,Paid,TX862766290
PAY0012490,O012490,2026-04-08,Mobile Money,133.22,Paid,TX381733188
PAY0012491,O012491,2025-06-29,Carte bancaire,18.6,Paid,TX112699908
PAY0012492,O012492,2025-08-06,Carte bancaire,442.22,Paid,TX578503999
PAY0012493,O012493,2025-02-20,Mobile Money,0.0,Pending,TX470165859
PAY0012494,O012494,2025-11-18,Mobile Money,120.07,Paid,TX451147387
PAY0012495,O012495,2025-08-25,Mobile Money,361.5,Paid,TX184298197
PAY0012496,O012496,2026-04-17,Mobile Money,25.13,Paid,TX424676310
PAY0012497,O012497,2026-05-17,Mobile Money,0.0,Failed,TX262590823
PAY0012498,O012498,2026-02-28,Carte bancaire,0.0,Failed,TX131584978
PAY0012499,O012499,2025-04-29,Carte bancaire,62.51,Paid,TX942339219
PAY0012500,O012500,2025-04-21,Carte bancaire,49.12,Paid,TX419304822
